cod_tienda,anio,pasillo,rack,venta
CONCE,2025,001,001-1-01,19464579.831932776
CONCE,2025,001,001-1-02,11559563.865546219
CONCE,2025,001,001-2-01,6181289.075630252
CONCE,2025,001,001-2-02,10062852.100840336
CONCE,2025,002,002-1-01,4191691.5966386558
CONCE,2025,002,002-1-02,315596.6386554622
CONCE,2025,002,002-2-01,12244250.420168068
CONCE,2025,002,002-2-02,13856626.050420169
CONCE,2025,003,003-1-01,10345352.94117647
CONCE,2025,003,003-1-02,13133003.361344539
CONCE,2025,003,003-2-01,5657070.588235294
CONCE,2025,003,003-2-02,4014483.193277311
CONCE,2025,004,004-1-01,7139453.781512605
CONCE,2025,004,004-1-02,4257675.630252101
CONCE,2025,004,004-2-01,5126063.865546219
CONCE,2025,004,004-2-02,8560364.705882354
CONCE,2025,005,005-1-01,4892094.957983194
CONCE,2025,005,005-1-02,7410890.756302522
CONCE,2025,005,005-2-01,9027641.176470589
CONCE,2025,005,005-2-02,10286318.487394959
CONCE,2025,006,006-1-01,3255627.731092437
CONCE,2025,006,006-1-02,3720311.7647058824
CONCE,2025,006,006-1-03,1772086.5546218487
CONCE,2025,006,006-2-01,18783789.07563025
CONCE,2025,006,006-2-02,7972652.941176471
CONCE,2025,007,007-1-01,2572100.8403361347
CONCE,2025,007,007-1-02,2108592.43697479
CONCE,2025,007,007-1-03,2253531.092436975
CONCE,2025,007,007-1-04,2231470.588235294
CONCE,2025,007,007-2-01,6321038.655462185
CONCE,2025,007,007-2-02,6290143.697478992
CONCE,2025,008,008-1-01,8679018.487394959
CONCE,2025,008,008-1-02,6234888.235294118
CONCE,2025,008,008-1-03,18034482.352941178
CONCE,2025,008,008-1-04,11008145.37815126
CONCE,2025,008,008-1-05,4552861.344537815
CONCE,2025,008,008-2-02,8440069.74789916
CONCE,2025,008,008-2-04,871307.56302521
CONCE,2025,008,008-2-05,23065469.74789916
CONCE,2025,008,008-2-06,25956380.67226891
CONCE,2025,008,008-2-07,17253531.092436977
CONCE,2025,008,008-2-08,8648216.80672269
CONCE,2025,008,008-2-09,18689209.24369748
CONCE,2025,008,008-2-10,6236643.697478992
CONCE,2025,009,009-1-01,8511994.957983194
CONCE,2025,009,009-1-02,5243678.1512605045
CONCE,2025,009,009-1-03,5943742.016806723
CONCE,2025,009,009-2-01,11971907.56302521
CONCE,2025,009,009-2-02,28775063.025210086
CONCE,2025,009,009-2-03,12064485.714285715
CONCE,2025,009,009-2-04,6536679.831932774
CONCE,2025,009,009-2-05,1890838.655462185
CONCE,2025,009,009-2-06,22952936.974789917
CONCE,2025,009,009-2-07,12642927.731092438
CONCE,2025,010,010-1-01,12521662.18487395
CONCE,2025,010,010-1-02,15945205.042016808
CONCE,2025,010,010-1-03,12750300.840336135
CONCE,2025,010,010-1-04,7933494.117647059
CONCE,2025,010,010-1-05,3635941.1764705884
CONCE,2025,010,010-2-01,24243714.285714287
CONCE,2025,010,010-2-02,5689805.882352942
CONCE,2025,010,010-2-03,10280263.025210084
CONCE,2025,011,011-1-01,1785253.7815126053
CONCE,2025,011,011-1-02,2741594.117647059
CONCE,2025,011,011-1-03,6591851.260504202
CONCE,2025,011,011-1-04,5884775.630252101
CONCE,2025,011,011-1-05,2362973.949579832
CONCE,2025,011,011-2-01,41256122.689075634
CONCE,2025,011,011-2-02,18783198.31932773
CONCE,2025,011,011-2-03,17048913.44537815
CONCE,2025,011,011-2-04,7326485.714285715
CONCE,2025,011,011-2-05,3034877.31092437
CONCE,2025,011,011-2-06,73740.33613445378
CONCE,2025,012,012-1-01,6835907.56302521
CONCE,2025,012,012-1-02,8465298.31932773
CONCE,2025,012,012-1-03,8785757.983193278
CONCE,2025,012,012-1-04,11197719.327731093
CONCE,2025,012,012-1-05,21419072.268907562
CONCE,2025,012,012-1-07,371672.26890756306
CONCE,2025,012,012-2-01,4023970.5882352944
CONCE,2025,012,012-2-02,18638215.966386557
CONCE,2025,012,012-2-03,16124218.487394959
CONCE,2025,012,012-2-04,22783800.840336137
CONCE,2025,012,012-2-05,26962100.840336137
CONCE,2025,013,013-1-01,33308553.781512607
CONCE,2025,013,013-1-02,66733462.18487395
CONCE,2025,013,013-1-03,7181722.68907563
CONCE,2025,013,013-1-04,2909889.915966387
CONCE,2025,013,013-1-05,20147896.63865546
CONCE,2025,013,013-2-01,1193746.218487395
CONCE,2025,013,013-2-02,67229417.64705883
CONCE,2025,013,013-2-03,63146807.563025214
CONCE,2025,013,013-2-04,19819552.100840338
CONCE,2025,013,013-2-05,54855384.87394958
CONCE,2025,014,014-1-01,3309981.512605042
CONCE,2025,014,014-1-02,12974545.37815126
CONCE,2025,014,014-1-03,4183673.949579832
CONCE,2025,014,014-1-04,10501352.100840336
CONCE,2025,014,014-2-01,15027793.277310925
CONCE,2025,014,014-2-02,24129651.2605042
CONCE,2025,014,014-2-03,9249557.142857144
CONCE,2025,014,014-2-04,6353386.554621849
CONCE,2025,014,014-2-05,5597109.243697479
CONCE,2025,015,015-1-01,2536167.2268907563
CONCE,2025,015,015-1-02,4106674.789915967
CONCE,2025,015,015-1-03,3015372.2689075633
CONCE,2025,015,015-1-04,178903.3613445378
CONCE,2025,015,015-2-01,2502405.042016807
CONCE,2025,015,015-2-02,2068516.8067226892
CONCE,2025,015,015-2-03,843352.9411764706
CONCE,2025,015,015-2-04,3992768.907563025
CONCE,2025,016,016-1-01,2351018.4873949583
CONCE,2025,016,016-1-02,3224000.0
CONCE,2025,016,016-1-04,169638.6554621849
CONCE,2025,016,016-2-02,8198465.546218487
CONCE,2025,016,016-2-03,12440578.99159664
CONCE,2025,016,016-2-04,3791070.5882352944
CONCE,2025,017,017-1-01,170282.35294117648
CONCE,2025,017,017-1-02,766614.2857142857
CONCE,2025,017,017-1-03,1320500.0
CONCE,2025,017,017-1-06,1006891.5966386555
CONCE,2025,017,017-1-07,15638811.764705883
CONCE,2025,017,017-1-08,94075.63025210085
CONCE,2025,017,017-1-09,1368302.5210084035
CONCE,2025,017,017-1-10,1940893.2773109244
CONCE,2025,017,017-2-01,84210.9243697479
CONCE,2025,017,017-2-02,3670670.5882352944
CONCE,2025,017,017-2-03,32039759.663865548
CONCE,2025,017,017-2-04,13218205.042016808
CONCE,2025,017,017-2-05,20727073.949579835
CONCE,2025,018,018-1-01,1036177.3109243698
CONCE,2025,018,018-1-02,629929.4117647059
CONCE,2025,018,018-1-03,271378.99159663863
CONCE,2025,018,018-1-04,121559.66386554623
CONCE,2025,018,018-1-05,1522522.6890756304
CONCE,2025,018,018-1-06,723901.680672269
CONCE,2025,018,018-1-07,258233.61344537814
CONCE,2025,018,018-1-09,491694.11764705885
CONCE,2025,018,018-2-01,144415.96638655462
CONCE,2025,018,018-2-03,772473.1092436975
CONCE,2025,018,018-2-04,2240112.605042017
CONCE,2025,018,018-2-05,1830261.344537815
CONCE,2025,018,018-2-07,465159.66386554623
CONCE,2025,018,018-2-08,2213615.9663865548
CONCE,2025,018,018-2-09,2712997.478991597
CONCE,2025,018,018-2-10,1180073.1092436975
CONCE,2025,019,019-1-01,352429.41176470584
CONCE,2025,019,019-1-02,113117.64705882354
CONCE,2025,019,019-1-03,155588.23529411765
CONCE,2025,019,019-1-05,1227487.3949579832
CONCE,2025,019,019-1-06,415029.4117647059
CONCE,2025,019,019-1-07,16159.66386554622
CONCE,2025,019,019-1-08,490431.9327731093
CONCE,2025,019,019-1-09,817424.3697478992
CONCE,2025,019,019-1-10,874978.9915966387
CONCE,2025,019,019-2-01,622845.3781512605
CONCE,2025,019,019-2-03,856383.193277311
CONCE,2025,019,019-2-04,1229081.512605042
CONCE,2025,019,019-2-06,1791426.050420168
CONCE,2025,019,019-2-07,562635.2941176471
CONCE,2025,019,019-2-08,3582887.3949579834
CONCE,2025,019,019-2-09,7441031.9327731095
CONCE,2025,020,020-1-01,8407967.226890756
CONCE,2025,020,020-1-02,11800915.966386555
CONCE,2025,020,020-1-03,21007057.142857146
CONCE,2025,020,020-1-04,26399078.151260506
CONCE,2025,020,020-1-05,7163476.470588236
CONCE,2025,020,020-2-01,2756528.5714285714
CONCE,2025,020,020-2-02,1026457.142857143
CONCE,2025,020,020-2-03,1124365.5462184874
CONCE,2025,020,020-2-04,603524.3697478992
CONCE,2025,020,020-2-05,259679.83193277312
CONCE,2025,020,020-2-06,934100.0
CONCE,2025,021,021-1-01,4099339.4957983196
CONCE,2025,021,021-1-02,3785740.3361344542
CONCE,2025,021,021-1-03,11924814.285714287
CONCE,2025,021,021-1-04,466042.0168067227
CONCE,2025,021,021-1-05,3765957.9831932774
CONCE,2025,021,021-2-01,2095731.0924369749
CONCE,2025,021,021-2-02,11142264.705882354
CONCE,2025,021,021-2-03,3561538.655462185
CONCE,2025,021,021-2-04,10237683.19327731
CONCE,2025,021,021-2-05,953757.142857143
CONCE,2025,022,022-1-01,2692824.3697478995
CONCE,2025,022,022-1-02,12243836.134453783
CONCE,2025,022,022-1-03,5448371.428571429
CONCE,2025,022,022-1-04,5289166.386554622
CONCE,2025,022,022-1-05,15570729.411764707
CONCE,2025,022,022-1-06,104463.02521008404
CONCE,2025,022,022-2-01,10801900.0
CONCE,2025,022,022-2-02,11262183.19327731
CONCE,2025,022,022-2-03,6542263.025210084
CONCE,2025,022,022-2-04,14993494.11764706
CONCE,2025,022,022-2-05,9753732.773109244
CONCE,2025,022,022-2-07,4994903.361344538
CONCE,2025,023,023-1-01,9567983.19327731
CONCE,2025,023,023-1-02,7610742.857142857
CONCE,2025,023,023-2-01,7014411.764705882
CONCE,2025,023,023-2-02,3730526.890756303
CONCE,2025,023,023-2-03,5443922.68907563
CONCE,2025,023,023-2-04,1420942.0168067229
CONCE,2025,023,023-2-05,917205.8823529412
CONCE,2025,023,023-2-06,2537256.3025210085
CONCE,2025,024,024-1-01,9355630.25210084
CONCE,2025,024,024-1-02,5143193.277310925
CONCE,2025,024,024-2-01,2157890.756302521
CONCE,2025,024,024-2-02,8262063.025210084
CONCE,2025,025,025-1-01,5483953.781512605
CONCE,2025,025,025-2-01,3623672.2689075633
CONCE,2025,025,025-2-02,8414904.201680673
CONCE,2025,026,026-1-01,5599003.361344539
CONCE,2025,026,026-1-02,2027787.3949579834
CONCE,2025,027,027-1-01,5055096.638655462
CONCE,2025,027,027-1-02,3936325.2100840337
CONCE,2025,027,027-2-01,2234119.3277310925
CONCE,2025,027,027-2-02,5143510.924369748
CONCE,2025,028,028-1-01,5593768.907563025
CONCE,2025,028,028-1-02,22437648.7394958
CONCE,2025,028,028-2-01,4805325.210084034
CONCE,2025,028,028-2-02,4926770.588235294
CONCE,2025,029,029-2-01,5043394.117647059
CONCE,2025,029,029-2-02,3361258.823529412
CONCE,2025,029,029-2-03,9626331.092436975
CONCE,2025,029,029-2-04,5742404.201680672
CONCE,2025,029,029-2-05,4268476.470588235
CONCE,2025,029,029-2-06,5703367.226890757
CONCE,2025,029,029-2-07,9857990.75630252
CONCE,2025,029,029-2-08,8297334.453781513
CONCE,2025,029,029-2-09,3955905.042016807
CONCE,2025,029,029-2-10,4225870.588235294
CONCE,2025,030,030-1-01,4592552.100840337
CONCE,2025,030,030-1-02,6423310.924369749
CONCE,2025,030,030-1-03,9273639.49579832
CONCE,2025,030,030-1-04,6355427.731092437
CONCE,2025,030,030-1-05,5472547.05882353
CONCE,2025,030,030-1-06,5543486.554621849
CONCE,2025,030,030-1-07,12838750.420168068
CONCE,2025,030,030-1-08,2919270.5882352944
CONCE,2025,030,030-1-09,11926658.823529413
CONCE,2025,030,030-1-10,6691058.823529412
CONCE,2025,030,030-1-11,27409078.99159664
CONCE,2025,030,030-1-12,38466478.99159664
CONCE,2025,030,030-1-13,42374364.705882356
CONCE,2025,031,031-1-01,5023988.235294118
CONCE,2025,031,031-1-02,13500208.403361345
CONCE,2025,031,031-1-03,4552853.781512605
CONCE,2025,031,031-1-04,8074117.647058824
CONCE,2025,031,031-1-05,2363537.8151260507
CONCE,2025,031,031-1-06,18629809.24369748
CONCE,2025,031,031-1-07,11262440.336134454
CONCE,2025,031,031-2-03,6201.680672268908
CONCE,2025,032,032-1-08,1238548.7394957982
CONCE,2025,032,032-2-01,10642142.016806724
CONCE,2025,032,032-2-02,4069766.386554622
CONCE,2025,032,032-2-03,12538616.80672269
CONCE,2025,032,032-2-04,1476180.6722689075
CONCE,2025,032,032-2-05,1579274.7899159663
CONCE,2025,032,032-2-06,7508663.865546219
CONCE,2025,032,032-2-07,7131628.571428572
CONCE,2025,032,032-2-08,1594257.1428571427
CONCE,2025,032,032-2-09,536109.243697479
CONCE,2025,035,035-2-07,48470.58823529412
CONCE,2025,036,036-2-10,239289.0756302521
CONCE,2025,036,036-2-13,7257.983193277311
CONCE,2025,037,037-1-12,9045.378151260506
CONCE,2025,038,038-1-08,48378.15126050421
CONCE,2025,038,038-2-04,163250.42016806724
CONCE,2025,039,039-2-17,68478.99159663866
CONCE,2025,039,039-2-22,142453.78151260503
CONCE,2025,040,040-1-01,135882.35294117648
CONCE,2025,050,050-1-01,20275112.605042018
CONCE,2025,050,050-1-02,3175732.7731092437
CONCE,2025,050,050-1-03,11716342.857142858
CONCE,2025,050,050-1-04,1110035.2941176472
CONCE,2025,050,050-1-06,325991.59663865546
CONCE,2025,050,050-1-19,1895463.8655462186
CONCE,2025,050,050-1-20,884368.0672268908
CONCE,2025,050,050-1-21,1975500.0
CONCE,2025,050,050-1-22,6092357.983193277
CONCE,2025,050,050-2-01,1221605.0420168068
CONCE,2025,050,050-2-02,25369836.13445378
CONCE,2025,050,050-2-03,12247891.596638655
CONCE,2025,050,050-2-04,7554949.579831933
CONCE,2025,051,051-1-01,115366257.14285715
CONCE,2025,051,051-1-02,430149427.73109245
CONCE,2025,051,051-1-03,1536434708.4033613
CONCE,2025,051,051-1-04,12943232.773109244
CONCE,2025,051,051-1-05,60833096.63865547
CONCE,2025,051,051-1-06,370799.1596638656
CONCE,2025,051,051-1-08,10669181.512605043
CONCE,2025,051,051-1-10,36364503.36134454
CONCE,2025,051,051-2-02,39126014.28571428
CONCE,2025,052,052-1-01,96687283.19327731
CONCE,2025,052,052-1-02,1161391.5966386555
CONCE,2025,052,052-1-03,8557526.890756303
CONCE,2025,053,053-1-01,60350.42016806723
CONCE,2025,053,053-1-08,7977924.3697478995
CONCE,2025,053,053-1-09,2473290.756302521
CONCE,2025,053,053-2-09,57058.82352941177
CONCE,2025,054,054-1-03,343495.79831932776
CONCE,2025,054,054-1-04,383821.00840336137
CONCE,2025,054,054-1-09,1006041.1764705882
CONCE,2025,054,054-1-10,1028586.5546218487
CONCE,2025,054,054-1-14,245865.5462184874
CONCE,2025,054,054-2-06,310394.9579831933
CONCE,2025,054,054-2-07,22599877.31092437
CONCE,2025,054,054-2-08,3939568.907563025
CONCE,2025,054,054-2-10,9756841.176470589
CONCE,2025,054,054-2-11,1526134.4537815126
CONCE,2025,055,055-1-02,319428.5714285715
CONCE,2025,055,055-2-05,1316438.655462185
CONCE,2025,055,055-2-09,565460.5042016807
CONCE,2025,055,055-2-12,12028305.88235294
CONCE,2025,055,055-2-14,1506343.6974789915
CONCE,2025,056,056-1-01,1363797.4789915967
CONCE,2025,056,056-1-02,9607075.6302521
CONCE,2025,056,056-1-05,691903.3613445378
CONCE,2025,056,056-1-09,428867.2268907563
CONCE,2025,056,056-1-14,760489.0756302521
CONCE,2025,056,056-2-02,361352.1008403361
CONCE,2025,056,056-2-03,122413.44537815127
CONCE,2025,056,056-2-04,2669038.655462185
CONCE,2025,056,056-2-05,7136368.067226891
CONCE,2025,056,056-2-06,769563.8655462185
CONCE,2025,057,057-2-01,10105117.647058824
CONCE,2025,057,057-2-07,7450.420168067227
CONCE,2025,060,060-1-01,6684121.8487394955
CONCE,2025,060,060-1-02,178117.64705882352
CONCE,2025,060,060-1-09,335451200.84033614
CONCE,2025,060,060-1-12,1328954.6218487397
CONCE,2025,060,060-2-04,44154.621848739494
CONCE,2025,060,060-2-07,1840572.268907563
CONCE,2025,060,060-2-08,4385415.12605042
CONCE,2025,060,060-2-09,107394.95798319328
CONCE,2025,060,060-2-11,4387218.487394958
CONCE,2025,061,061-2-01,2274156.3025210085
CONCE,2025,070,070-1-01,12661547.899159664
CONCE,2025,070,070-1-02,189055.46218487396
CONCE,2025,083,083-1-01,20098528.571428575
CONCE,2025,083,083-1-05,201008.40336134454
CONCE,2025,083,083-2-02,159040.3361344538
CONCE,2025,090,090-1-03,24131.09243697479
CONCE,2025,094,094-1-01,236561978.15126052
CONCE,2025,100,100-1-01,657394.1176470588
CONCE,2025,100,100-1-02,358679.8319327731
CONCE,2025,100,100-1-29,5621.848739495798
CONCE,2025,100,100-2-01,15553105.88235294
CONCE,2025,100,100-2-02,16546.21848739496
CONCE,2025,100,100-2-04,44036.97478991597
CONCE,2025,102,102-1-09,2722805.042016807
CONCE,2025,104,104-1-11,8861930.25210084
CONCE,2025,106,106-1-13,133487.3949579832
CONCE,2025,107,107-2-03,487234.4537815126
CONCE,2025,107,107-2-05,60494.117647058825
CONCE,2025,107,107-2-06,890558.8235294118
CONCE,2025,109,109-1-01,30739.49579831933
CONCE,2025,109,109-1-02,185054.6218487395
CONCE,2025,109,109-1-05,5585010.924369749
CONCE,2025,110,110-1-01,4760449.579831933
CONCE,2025,110,110-1-02,339640.33613445377
CONCE,2025,110,110-1-04,25008.40336134454
CONCE,2025,110,110-1-07,6942137.81512605
CONCE,2025,110,110-2-01,17967.226890756305
CONCE,2025,110,110-2-03,1569963.0252100842
CONCE,2025,110,110-2-05,5274740.336134454
CONCE,2025,110,110-2-06,27359.66386554622
CONCE,2025,111,111-1-01,2480937.8151260507
CONCE,2025,120,120-1-02,3988458.823529412
CONCE,2025,120,120-1-07,56359.663865546216
CONCE,2025,150,150-1-01,6295075.630252101
CONCE,2025,150,150-1-04,2012252.1008403362
CONCE,2025,150,150-2-01,116866.38655462186
CONCE,2025,150,150-2-16,2294537.8151260503
CONCE,2025,152,152-1-01,111939509.24369748
CONCE,2025,152,152-1-02,92721429.41176471
CONCE,2025,152,152-1-03,19090254.62184874
CONCE,2025,152,152-1-04,61854336.97478992
CONCE,2025,152,152-1-05,11371501.68067227
CONCE,2025,152,152-1-06,115621996.63865545
CONCE,2025,152,152-1-07,8141116.806722689
CONCE,2025,152,152-1-08,45281394.11764706
CONCE,2025,152,152-1-09,1130444.5378151261
CONCE,2025,152,152-1-10,84428299.15966387
CONCE,2025,152,152-1-11,190804715.96638656
CONCE,2025,152,152-1-12,68327105.0420168
CONCE,2025,152,152-1-13,5524038.655462185
CONCE,2025,152,152-1-14,62776713.445378155
CONCE,2025,152,152-1-15,17825584.033613447
CONCE,2025,152,152-1-16,2724911.7647058824
CONCE,2025,152,152-1-17,1919613.4453781513
CONCE,2025,180,180-1-01,18910846.218487397
CONCE,2025,203,203-1-01,111210.08403361344
CONCE,2025,203,203-1-02,49890.75630252101
CONCE,2025,203,203-2-03,4328399.159663865
CONCE,2025,203,203-2-07,95638.65546218488
CONCE,2025,207,207-1-01,898716.8067226891
CONCE,2025,209,209-1-02,4826100.840336135
CONCE,2025,209,209-2-02,7621.848739495798
CONCE,2025,211,211-1-01,568235.2941176471
CONCE,2025,211,211-1-02,83831.93277310925
CONCE,2025,500,500-1-01,365386.55462184874
CONCE,2025,510,510-1-01,55731.092436974795
CONCE,2026,001,001-1-01,29421294.957983196
CONCE,2026,001,001-1-02,10467190.756302522
CONCE,2026,001,001-2-01,7167631.092436975
CONCE,2026,001,001-2-02,4346859.663865547
CONCE,2026,002,002-1-01,2514423.529411765
CONCE,2026,002,002-1-02,2668315.12605042
CONCE,2026,002,002-2-01,14425325.210084034
CONCE,2026,002,002-2-02,11318538.655462185
CONCE,2026,003,003-1-01,10807921.008403363
CONCE,2026,003,003-1-02,10814958.823529411
CONCE,2026,003,003-2-01,5060421.8487394955
CONCE,2026,003,003-2-02,3350566.386554622
CONCE,2026,004,004-1-01,8177736.974789917
CONCE,2026,004,004-1-02,6071729.4117647065
CONCE,2026,004,004-2-01,7095009.243697479
CONCE,2026,004,004-2-02,11681375.6302521
CONCE,2026,005,005-1-01,4736063.025210084
CONCE,2026,005,005-1-02,7956889.915966387
CONCE,2026,005,005-2-01,11617046.218487395
CONCE,2026,005,005-2-02,11980278.99159664
CONCE,2026,006,006-1-01,3651705.042016807
CONCE,2026,006,006-1-02,4170353.781512605
CONCE,2026,006,006-1-03,2613021.0084033613
CONCE,2026,006,006-2-01,15575305.882352943
CONCE,2026,006,006-2-02,5977195.798319328
CONCE,2026,007,007-1-01,2465959.663865546
CONCE,2026,007,007-1-02,2030980.6722689075
CONCE,2026,007,007-1-03,2948357.9831932774
CONCE,2026,007,007-1-04,1802198.3193277312
CONCE,2026,007,007-2-01,6235600.840336135
CONCE,2026,007,007-2-02,6385925.210084034
CONCE,2026,008,008-1-01,6652794.117647059
CONCE,2026,008,008-1-02,7317362.18487395
CONCE,2026,008,008-1-03,21268149.57983193
CONCE,2026,008,008-1-04,12361927.731092438
CONCE,2026,008,008-1-05,5638193.277310925
CONCE,2026,008,008-2-02,2473438.655462185
CONCE,2026,008,008-2-04,143400.84033613445
CONCE,2026,008,008-2-05,20859863.025210086
CONCE,2026,008,008-2-06,39181737.815126054
CONCE,2026,008,008-2-07,21111740.336134456
CONCE,2026,008,008-2-08,11576053.781512605
CONCE,2026,008,008-2-09,15249941.176470589
CONCE,2026,008,008-2-10,7596263.025210084
CONCE,2026,009,009-1-01,7245147.05882353
CONCE,2026,009,009-1-02,5031050.420168067
CONCE,2026,009,009-1-03,5100963.865546219
CONCE,2026,009,009-2-01,12554960.50420168
CONCE,2026,009,009-2-02,27274826.890756305
CONCE,2026,009,009-2-03,14443270.588235294
CONCE,2026,009,009-2-04,6844886.554621849
CONCE,2026,009,009-2-05,2457853.781512605
CONCE,2026,009,009-2-06,23175605.88235294
CONCE,2026,009,009-2-07,11919371.42857143
CONCE,2026,010,010-1-01,13571310.084033614
CONCE,2026,010,010-1-02,14469278.151260504
CONCE,2026,010,010-1-03,15796234.453781513
CONCE,2026,010,010-1-04,7561517.647058824
CONCE,2026,010,010-1-05,2769001.680672269
CONCE,2026,010,010-2-01,22555738.655462187
CONCE,2026,010,010-2-02,6678779.831932774
CONCE,2026,010,010-2-03,12788250.420168068
CONCE,2026,011,011-1-01,1359315.9663865548
CONCE,2026,011,011-1-02,2903236.1344537814
CONCE,2026,011,011-1-03,5520661.344537815
CONCE,2026,011,011-1-04,7178360.504201681
CONCE,2026,011,011-1-05,2209724.3697478995
CONCE,2026,011,011-2-01,39787994.11764706
CONCE,2026,011,011-2-02,23227805.042016808
CONCE,2026,011,011-2-03,18237552.94117647
CONCE,2026,011,011-2-04,8879665.546218488
CONCE,2026,011,011-2-05,2968734.453781513
CONCE,2026,012,012-1-01,6465355.462184874
CONCE,2026,012,012-1-02,7688177.31092437
CONCE,2026,012,012-1-03,9422607.56302521
CONCE,2026,012,012-1-04,14336199.159663867
CONCE,2026,012,012-1-05,24828812.605042018
CONCE,2026,012,012-2-01,3773400.0
CONCE,2026,012,012-2-02,27208995.79831933
CONCE,2026,012,012-2-03,15244749.579831934
CONCE,2026,012,012-2-04,31607012.605042018
CONCE,2026,012,012-2-05,65558547.89915967
CONCE,2026,013,013-1-01,37973230.25210084
CONCE,2026,013,013-1-02,79313015.96638656
CONCE,2026,013,013-1-03,7314988.2352941185
CONCE,2026,013,013-1-04,4351116.806722689
CONCE,2026,013,013-1-05,25898084.033613447
CONCE,2026,013,013-2-01,3144472.2689075633
CONCE,2026,013,013-2-02,84319508.40336135
CONCE,2026,013,013-2-03,70151167.22689076
CONCE,2026,013,013-2-04,23262123.529411767
CONCE,2026,013,013-2-05,16583402.521008404
CONCE,2026,014,014-1-01,3909114.285714286
CONCE,2026,014,014-1-02,4167300.8403361347
CONCE,2026,014,014-1-03,7160693.277310925
CONCE,2026,014,014-1-04,13261852.100840338
CONCE,2026,014,014-2-01,14828958.823529413
CONCE,2026,014,014-2-02,25854865.54621849
CONCE,2026,014,014-2-03,11441590.756302522
CONCE,2026,014,014-2-04,6156603.361344538
CONCE,2026,014,014-2-05,7912080.672268908
CONCE,2026,015,015-1-01,2676720.168067227
CONCE,2026,015,015-1-02,2950392.43697479
CONCE,2026,015,015-1-03,5896386.554621849
CONCE,2026,015,015-1-04,1180057.1428571427
CONCE,2026,015,015-2-01,2716890.756302521
CONCE,2026,015,015-2-02,820158.8235294118
CONCE,2026,015,015-2-03,521975.6302521009
CONCE,2026,015,015-2-04,3765810.924369748
CONCE,2026,016,016-1-01,2100848.7394957985
CONCE,2026,016,016-1-02,3371117.6470588236
CONCE,2026,016,016-1-04,2638223.529411765
CONCE,2026,016,016-2-02,9412250.420168068
CONCE,2026,016,016-2-03,11491862.18487395
CONCE,2026,016,016-2-04,5078296.638655462
CONCE,2026,017,017-1-02,1632655.462184874
CONCE,2026,017,017-1-03,1545587.3949579832
CONCE,2026,017,017-1-04,1467494.1176470588
CONCE,2026,017,017-1-05,76176.4705882353
CONCE,2026,017,017-1-06,611097.4789915966
CONCE,2026,017,017-1-07,11181784.87394958
CONCE,2026,017,017-1-08,2856938.655462185
CONCE,2026,017,017-1-09,826977.3109243698
CONCE,2026,017,017-2-01,10041387.394957984
CONCE,2026,017,017-2-02,6272863.025210084
CONCE,2026,017,017-2-03,28803476.470588237
CONCE,2026,017,017-2-04,8761226.890756303
CONCE,2026,017,017-2-05,18683138.655462187
CONCE,2026,018,018-1-01,1511209.243697479
CONCE,2026,018,018-1-02,1827853.781512605
CONCE,2026,018,018-1-04,776360.5042016807
CONCE,2026,018,018-1-05,810237.8151260505
CONCE,2026,018,018-1-06,2549355.462184874
CONCE,2026,018,018-1-07,1372672.268907563
CONCE,2026,018,018-1-08,471209.243697479
CONCE,2026,018,018-1-09,1401934.4537815126
CONCE,2026,018,018-2-01,1930805.0420168068
CONCE,2026,018,018-2-03,2316099.159663866
CONCE,2026,018,018-2-04,976729.4117647059
CONCE,2026,018,018-2-05,2131025.2100840337
CONCE,2026,018,018-2-06,244165.5462184874
CONCE,2026,018,018-2-07,1219496.6386554623
CONCE,2026,018,018-2-08,3436674.789915967
CONCE,2026,018,018-2-09,2243874.7899159663
CONCE,2026,018,018-2-10,827168.0672268907
CONCE,2026,019,019-1-01,733835.2941176471
CONCE,2026,019,019-1-02,297118.487394958
CONCE,2026,019,019-1-03,968236.1344537816
CONCE,2026,019,019-1-04,625600.0
CONCE,2026,019,019-1-05,536905.8823529412
CONCE,2026,019,019-1-06,340326.0504201681
CONCE,2026,019,019-1-07,591157.142857143
CONCE,2026,019,019-1-08,1290262.1848739497
CONCE,2026,019,019-1-09,2002614.285714286
CONCE,2026,019,019-1-10,794360.5042016808
CONCE,2026,019,019-2-01,393798.31932773115
CONCE,2026,019,019-2-02,151611.76470588235
CONCE,2026,019,019-2-03,155603.3613445378
CONCE,2026,019,019-2-04,1596985.7142857143
CONCE,2026,019,019-2-06,1023715.1260504202
CONCE,2026,019,019-2-07,518440.3361344538
CONCE,2026,019,019-2-08,4764877.31092437
CONCE,2026,019,019-2-09,5640650.420168067
CONCE,2026,020,020-1-01,8175509.243697479
CONCE,2026,020,020-1-02,12776227.731092438
CONCE,2026,020,020-1-03,21904010.084033616
CONCE,2026,020,020-1-04,28114108.403361343
CONCE,2026,020,020-1-05,5590231.9327731095
CONCE,2026,020,020-2-01,18899.159663865546
CONCE,2026,020,020-2-02,712112.6050420168
CONCE,2026,020,020-2-04,16075.63025210084
CONCE,2026,020,020-2-05,286782.3529411765
CONCE,2026,020,020-2-06,331697.47899159667
CONCE,2026,020,020-2-07,778547.0588235294
CONCE,2026,021,021-1-01,4722673.1092436975
CONCE,2026,021,021-1-02,3088830.2521008407
CONCE,2026,021,021-1-03,10536510.924369749
CONCE,2026,021,021-1-04,1024957.9831932774
CONCE,2026,021,021-1-05,3446349.579831933
CONCE,2026,021,021-2-01,1052016.8067226892
CONCE,2026,021,021-2-02,13327067.226890756
CONCE,2026,021,021-2-03,4684959.663865547
CONCE,2026,021,021-2-04,11069398.319327733
CONCE,2026,021,021-2-05,2237361.344537815
CONCE,2026,022,022-1-01,3438338.655462185
CONCE,2026,022,022-1-02,8648951.260504203
CONCE,2026,022,022-1-03,6483569.74789916
CONCE,2026,022,022-1-04,5857084.033613445
CONCE,2026,022,022-1-05,12479057.142857144
CONCE,2026,022,022-2-01,10507632.773109244
CONCE,2026,022,022-2-02,12939372.268907564
CONCE,2026,022,022-2-03,6499919.327731092
CONCE,2026,022,022-2-04,14512946.218487395
CONCE,2026,022,022-2-05,9645580.672268908
CONCE,2026,022,022-2-07,3511027.731092437
CONCE,2026,023,023-1-01,9542397.478991598
CONCE,2026,023,023-1-02,8888053.781512605
CONCE,2026,023,023-2-01,6597015.12605042
CONCE,2026,023,023-2-02,4631144.537815127
CONCE,2026,023,023-2-03,6002204.201680672
CONCE,2026,023,023-2-04,1696509.2436974791
CONCE,2026,023,023-2-05,1072290.756302521
CONCE,2026,023,023-2-06,1754027.7310924372
CONCE,2026,024,024-1-01,10562637.81512605
CONCE,2026,024,024-1-02,3910905.042016807
CONCE,2026,024,024-2-01,2732900.8403361347
CONCE,2026,024,024-2-02,8799047.899159664
CONCE,2026,025,025-1-01,8294605.042016807
CONCE,2026,025,025-2-01,3986056.3025210085
CONCE,2026,025,025-2-02,9025093.277310925
CONCE,2026,026,026-1-01,6443022.689075631
CONCE,2026,026,026-1-02,2863894.117647059
CONCE,2026,026,026-2-01,92428.57142857143
CONCE,2026,027,027-1-01,5454084.033613446
CONCE,2026,027,027-1-02,4074590.756302521
CONCE,2026,027,027-2-01,3434771.4285714286
CONCE,2026,027,027-2-02,6235858.823529412
CONCE,2026,028,028-1-01,9554897.478991596
CONCE,2026,028,028-1-02,49569071.42857143
CONCE,2026,028,028-2-01,5409041.176470589
CONCE,2026,028,028-2-02,6142813.445378152
CONCE,2026,029,029-1-02,7218.487394957983
CONCE,2026,029,029-2-01,4598430.25210084
CONCE,2026,029,029-2-02,1032522.6890756303
CONCE,2026,029,029-2-03,5036781.512605042
CONCE,2026,029,029-2-04,8203405.882352942
CONCE,2026,029,029-2-05,7405926.8907563025
CONCE,2026,029,029-2-06,6702762.18487395
CONCE,2026,029,029-2-07,10312796.638655463
CONCE,2026,029,029-2-08,9198482.352941178
CONCE,2026,029,029-2-09,4489101.680672269
CONCE,2026,029,029-2-10,5683082.352941177
CONCE,2026,030,030-1-01,5125165.546218487
CONCE,2026,030,030-1-02,7316849.579831934
CONCE,2026,030,030-1-03,9387222.68907563
CONCE,2026,030,030-1-04,8144429.4117647065
CONCE,2026,030,030-1-05,5857512.605042017
CONCE,2026,030,030-1-06,5409080.672268908
CONCE,2026,030,030-1-07,16617094.11764706
CONCE,2026,030,030-1-08,2268673.1092436975
CONCE,2026,030,030-1-09,13430275.6302521
CONCE,2026,030,030-1-10,6482087.394957984
CONCE,2026,030,030-1-11,31478907.56302521
CONCE,2026,030,030-1-12,40702547.89915966
CONCE,2026,030,030-1-13,38463338.65546218
CONCE,2026,031,031-1-01,4773739.49579832
CONCE,2026,031,031-1-02,10604344.537815126
CONCE,2026,031,031-1-03,2485770.588235294
CONCE,2026,031,031-1-04,13586969.74789916
CONCE,2026,031,031-1-05,2769703.361344538
CONCE,2026,031,031-1-06,15379038.655462187
CONCE,2026,031,031-1-07,13259219.327731093
CONCE,2026,031,031-2-05,23352.94117647059
CONCE,2026,031,031-2-10,34941.17647058824
CONCE,2026,032,032-1-08,1601144.5378151261
CONCE,2026,032,032-2-01,6113537.81512605
CONCE,2026,032,032-2-02,3076133.613445378
CONCE,2026,032,032-2-03,11054923.529411765
CONCE,2026,032,032-2-04,2612818.4873949583
CONCE,2026,032,032-2-05,2006312.605042017
CONCE,2026,032,032-2-06,5561942.016806723
CONCE,2026,032,032-2-07,6721647.899159664
CONCE,2026,032,032-2-08,1391880.6722689075
CONCE,2026,032,032-2-09,204719.32773109243
CONCE,2026,035,035-2-07,75436.97478991597
CONCE,2026,037,037-1-12,168067.2268907563
CONCE,2026,039,039-2-22,199722.68907563025
CONCE,2026,050,050-1-01,17385155.462184876
CONCE,2026,050,050-1-02,4914241.176470589
CONCE,2026,050,050-1-03,7207667.226890757
CONCE,2026,050,050-1-04,1792173.1092436975
CONCE,2026,050,050-1-06,536527.731092437
CONCE,2026,050,050-1-19,940689.0756302521
CONCE,2026,050,050-1-20,1043843.6974789917
CONCE,2026,050,050-1-21,1875048.7394957985
CONCE,2026,050,050-1-22,3754198.319327731
CONCE,2026,050,050-2-01,4246652.941176471
CONCE,2026,050,050-2-02,53200588.23529412
CONCE,2026,050,050-2-03,10619066.386554623
CONCE,2026,050,050-2-04,14019627.731092438
CONCE,2026,051,051-1-01,167368217.6470588
CONCE,2026,051,051-1-02,469559853.7815126
CONCE,2026,051,051-1-03,1749878442.0168068
CONCE,2026,051,051-1-04,10619062.18487395
CONCE,2026,051,051-1-05,57298952.941176474
CONCE,2026,051,051-1-06,26115.12605042017
CONCE,2026,051,051-1-08,10716751.260504203
CONCE,2026,051,051-1-10,16963599.159663867
CONCE,2026,051,051-2-02,57337486.55462185
CONCE,2026,051,051-2-06,5295672.268907563
CONCE,2026,051,051-2-08,4167407.56302521
CONCE,2026,052,052-1-01,280974.7899159664
CONCE,2026,052,052-1-02,443067.22689075634
CONCE,2026,052,052-1-03,16203273.109243698
CONCE,2026,052,052-1-08,11170.588235294119
CONCE,2026,052,052-2-01,400847.0588235294
CONCE,2026,052,052-2-08,555776.4705882353
CONCE,2026,053,053-1-03,6512553.781512605
CONCE,2026,053,053-1-08,3346052.941176471
CONCE,2026,053,053-1-09,975811.7647058824
CONCE,2026,053,053-2-09,1736134.4537815128
CONCE,2026,054,054-1-06,3125344.537815126
CONCE,2026,054,054-1-08,537803.3613445378
CONCE,2026,054,054-1-09,631904.2016806724
CONCE,2026,054,054-1-10,950966.3865546219
CONCE,2026,054,054-1-11,83991.59663865546
CONCE,2026,054,054-1-12,249991.59663865546
CONCE,2026,054,054-1-13,223016.8067226891
CONCE,2026,054,054-2-06,932028.5714285715
CONCE,2026,054,054-2-07,13987162.18487395
CONCE,2026,054,054-2-08,3539116.8067226894
CONCE,2026,054,054-2-10,8266804.201680672
CONCE,2026,054,054-2-11,20612564.705882356
CONCE,2026,055,055-1-02,436747.89915966394
CONCE,2026,055,055-2-02,16160470.588235294
CONCE,2026,055,055-2-04,261266.38655462186
CONCE,2026,055,055-2-05,2951078.1512605045
CONCE,2026,055,055-2-07,12595285.714285715
CONCE,2026,055,055-2-09,27181889.915966388
CONCE,2026,055,055-2-10,1326644.5378151261
CONCE,2026,055,055-2-12,9571684.033613445
CONCE,2026,055,055-2-14,383692.4369747899
CONCE,2026,056,056-1-01,3422477.31092437
CONCE,2026,056,056-1-02,12431270.588235294
CONCE,2026,056,056-1-03,148701.6806722689
CONCE,2026,056,056-1-05,2095263.8655462186
CONCE,2026,056,056-1-06,559672.2689075631
CONCE,2026,056,056-1-07,583092.43697479
CONCE,2026,056,056-1-09,229518.48739495798
CONCE,2026,056,056-1-12,176789.0756302521
CONCE,2026,056,056-1-13,764900.8403361345
CONCE,2026,056,056-1-14,578898.3193277312
CONCE,2026,056,056-2-02,2278313.4453781517
CONCE,2026,056,056-2-03,212966.38655462186
CONCE,2026,056,056-2-04,630486.5546218487
CONCE,2026,056,056-2-05,3747626.8907563025
CONCE,2026,056,056-2-06,498668.90756302525
CONCE,2026,056,056-2-07,165835.29411764708
CONCE,2026,057,057-2-01,6046174.789915967
CONCE,2026,057,057-2-07,96994.11764705883
CONCE,2026,057,057-2-10,472294.11764705885
CONCE,2026,059,059-1-01,805588.2352941177
CONCE,2026,060,060-1-01,4314470.588235294
CONCE,2026,060,060-1-02,832008.4033613446
CONCE,2026,060,060-1-03,18882.35294117647
CONCE,2026,060,060-1-04,251215.96638655462
CONCE,2026,060,060-1-05,203310.92436974793
CONCE,2026,060,060-1-09,414874703.3613446
CONCE,2026,060,060-1-12,1395163.0252100842
CONCE,2026,060,060-1-14,15823.529411764706
CONCE,2026,060,060-1-15,7882.352941176471
CONCE,2026,060,060-1-16,28907.56302521009
CONCE,2026,060,060-2-07,1185442.0168067226
CONCE,2026,060,060-2-08,2861810.0840336136
CONCE,2026,060,060-2-09,1322164.705882353
CONCE,2026,060,060-2-11,830935.2941176471
CONCE,2026,061,061-2-01,2233737.8151260503
CONCE,2026,070,070-1-01,30726765.54621849
CONCE,2026,070,070-1-02,271404.20168067224
CONCE,2026,083,083-1-01,15980468.06722689
CONCE,2026,083,083-1-02,154984.03361344538
CONCE,2026,083,083-1-05,59235.29411764706
CONCE,2026,083,083-2-02,341946.218487395
CONCE,2026,090,090-1-02,67894.11764705883
CONCE,2026,094,094-1-01,166547151.26050422
CONCE,2026,100,100-1-01,1457963.0252100842
CONCE,2026,100,100-2-01,17319707.56302521
CONCE,2026,100,100-2-02,9025.210084033613
CONCE,2026,100,100-2-04,18260.504201680673
CONCE,2026,102,102-1-09,1951923.5294117648
CONCE,2026,104,104-1-11,2969571.4285714286
CONCE,2026,109,109-1-01,413452.9411764706
CONCE,2026,109,109-1-02,1825534.4537815126
CONCE,2026,109,109-1-05,4378114.285714285
CONCE,2026,109,109-1-10,76117.64705882354
CONCE,2026,109,109-2-08,98425.21008403362
CONCE,2026,110,110-1-01,7132491.596638656
CONCE,2026,110,110-1-07,2192249.5798319327
CONCE,2026,110,110-2-03,794027.7310924369
CONCE,2026,111,111-1-01,15410975.630252102
CONCE,2026,120,120-1-02,2263514.285714286
CONCE,2026,120,120-1-06,4283.193277310925
CONCE,2026,120,120-1-07,170213.44537815126
CONCE,2026,130,130-1-01,505108.4033613446
CONCE,2026,130,130-1-02,34575.63025210084
CONCE,2026,150,150-1-01,19928806.722689077
CONCE,2026,150,150-1-03,329160.5042016807
CONCE,2026,150,150-1-04,1745970.5882352942
CONCE,2026,150,150-1-06,211226.89075630254
CONCE,2026,150,150-2-01,1604523.5294117648
CONCE,2026,150,150-2-03,3602290.756302521
CONCE,2026,150,150-2-04,5218.487394957983
CONCE,2026,150,150-2-16,2438319.3277310925
CONCE,2026,152,152-1-01,85557868.0672269
CONCE,2026,152,152-1-02,78115107.5630252
CONCE,2026,152,152-1-03,16529708.403361345
CONCE,2026,152,152-1-04,39796678.99159664
CONCE,2026,152,152-1-05,6353406.722689076
CONCE,2026,152,152-1-06,117745603.36134455
CONCE,2026,152,152-1-07,8155073.1092436975
CONCE,2026,152,152-1-08,31953111.764705885
CONCE,2026,152,152-1-09,3499663.0252100844
CONCE,2026,152,152-1-10,65905043.697478995
CONCE,2026,152,152-1-11,317277423.5294118
CONCE,2026,152,152-1-12,61848152.941176474
CONCE,2026,152,152-1-13,4033900.0
CONCE,2026,152,152-1-14,63387519.327731095
CONCE,2026,152,152-1-15,18876353.781512607
CONCE,2026,152,152-1-16,2248226.8907563025
CONCE,2026,152,152-1-17,2510248.7394957985
CONCE,2026,180,180-1-01,15848346.218487397
CONCE,2026,180,180-2-01,1438156.3025210085
CONCE,2026,203,203-1-01,197478.99159663866
CONCE,2026,203,203-2-03,4137752.941176471
CONCE,2026,203,203-2-07,60411.76470588236
CONCE,2026,207,207-1-01,382420.16806722694
CONCE,2026,208,208-2-06,249638.6554621849
CONCE,2026,209,209-1-02,1768131.0924369749
CONCE,2026,209,209-2-02,20334.453781512606
CONCE,2026,209,209-2-04,6543.697478991597
CONCE,2026,211,211-1-01,700109.243697479
CONCE,2026,500,500-1-01,647353.781512605
HUECH,2025,001,001-1-01,37701184.03361345
HUECH,2025,001,001-1-02,23440749.579831935
HUECH,2025,001,001-1-03,786993.2773109244
HUECH,2025,001,001-1-04,4733762.18487395
HUECH,2025,001,001-1-05,3569352.100840336
HUECH,2025,001,001-1-06,7109231.092436975
HUECH,2025,001,001-1-07,28038175.630252104
HUECH,2025,001,001-1-08,25689227.731092438
HUECH,2025,001,001-1-09,36331024.3697479
HUECH,2025,001,001-1-10,82426.89075630253
HUECH,2025,001,001-1-11,893380.6722689077
HUECH,2025,001,001-1-12,406813.44537815126
HUECH,2025,001,001-1-13,2153712.605042017
HUECH,2025,001,001-1-14,63957.98319327731
HUECH,2025,001,001-2-01,4478490.756302522
HUECH,2025,001,001-2-02,5263547.899159664
HUECH,2025,001,001-2-03,8369.747899159664
HUECH,2025,002,002-1-01,9745342.016806724
HUECH,2025,002,002-1-02,553983.1932773109
HUECH,2025,002,002-2-01,63014566.38655462
HUECH,2025,002,002-2-02,10092768.907563025
HUECH,2025,002,002-2-07,25963.865546218487
HUECH,2025,003,003-1-01,5962289.915966387
HUECH,2025,003,003-1-02,4416591.596638655
HUECH,2025,003,003-1-03,82361.34453781512
HUECH,2025,003,003-1-04,721752.1008403362
HUECH,2025,003,003-1-07,279714.28571428574
HUECH,2025,003,003-2-01,28189139.49579832
HUECH,2025,003,003-2-02,20756837.81512605
HUECH,2025,003,003-2-05,825188.2352941177
HUECH,2025,004,004-1-01,4669547.05882353
HUECH,2025,004,004-1-02,31920552.100840338
HUECH,2025,004,004-2-01,14476632.773109244
HUECH,2025,004,004-2-02,21270047.899159666
HUECH,2025,005,005-1-01,18078382.352941178
HUECH,2025,005,005-1-02,955211.7647058824
HUECH,2025,005,005-2-01,20613269.74789916
HUECH,2025,005,005-2-02,30049272.268907566
HUECH,2025,005,005-2-09,139778.1512605042
HUECH,2025,006,006-1-01,13057566.386554623
HUECH,2025,006,006-1-02,16375324.3697479
HUECH,2025,006,006-2-02,19594.95798319328
HUECH,2025,007,007-1-07,119529.41176470587
HUECH,2025,007,007-1-10,201589.91596638656
HUECH,2025,007,007-1-50,1691609.2436974791
HUECH,2025,007,007-2-01,41444668.90756302
HUECH,2025,007,007-2-02,17657138.655462187
HUECH,2025,007,007-2-03,8728453.781512605
HUECH,2025,007,007-2-04,614803.3613445378
HUECH,2025,007,007-2-05,4543368.0672268905
HUECH,2025,007,007-2-06,1020960.5042016808
HUECH,2025,008,008-1-01,49518593.27731093
HUECH,2025,008,008-1-02,13669501.68067227
HUECH,2025,008,008-1-03,30276689.075630255
HUECH,2025,008,008-1-04,6193211.764705882
HUECH,2025,008,008-1-05,1218407.56302521
HUECH,2025,008,008-1-07,462141.17647058825
HUECH,2025,008,008-1-08,30114.285714285717
HUECH,2025,008,008-2-01,15626523.529411765
HUECH,2025,008,008-2-02,10693548.739495799
HUECH,2025,008,008-2-03,7776195.798319328
HUECH,2025,008,008-2-04,4540534.453781513
HUECH,2025,009,009-1-01,33292045.37815126
HUECH,2025,009,009-1-02,23855505.042016808
HUECH,2025,009,009-1-03,2649231.9327731095
HUECH,2025,009,009-1-04,1054800.0
HUECH,2025,009,009-2-01,10145870.588235294
HUECH,2025,009,009-2-02,7458631.9327731095
HUECH,2025,009,009-2-03,12492303.361344539
HUECH,2025,009,009-2-04,6031491.596638655
HUECH,2025,010,010-1-01,11620021.848739497
HUECH,2025,010,010-1-02,15296055.462184874
HUECH,2025,010,010-1-03,876426.0504201681
HUECH,2025,010,010-1-04,6421563.865546219
HUECH,2025,010,010-2-01,8448779.831932774
HUECH,2025,010,010-2-02,4556463.025210084
HUECH,2025,010,010-2-03,2331736.974789916
HUECH,2025,010,010-2-04,214281.51260504202
HUECH,2025,011,011-1-01,16388962.18487395
HUECH,2025,011,011-1-02,7167782.352941177
HUECH,2025,011,011-1-03,17366357.98319328
HUECH,2025,011,011-1-05,688615.1260504202
HUECH,2025,011,011-1-10,385420.1680672269
HUECH,2025,011,011-2-01,13407037.81512605
HUECH,2025,011,011-2-02,11401064.705882354
HUECH,2025,011,011-2-03,6820943.697478992
HUECH,2025,011,011-2-04,11270205.88235294
HUECH,2025,012,012-1-01,7748688.235294118
HUECH,2025,012,012-1-02,11898712.605042018
HUECH,2025,012,012-1-03,10739536.974789916
HUECH,2025,012,012-1-04,31712512.605042018
HUECH,2025,012,012-1-05,5392653.781512605
HUECH,2025,012,012-1-06,50336.13445378152
HUECH,2025,012,012-1-07,1093388.2352941176
HUECH,2025,012,012-2-01,1207163.8655462186
HUECH,2025,012,012-2-02,1398837.8151260505
HUECH,2025,013,013-1-01,220549182.3529412
HUECH,2025,013,013-1-02,213830044.53781512
HUECH,2025,013,013-1-03,96190815.12605043
HUECH,2025,013,013-1-04,26255345.37815126
HUECH,2025,013,013-1-05,70000829.41176471
HUECH,2025,013,013-1-06,34816869.74789916
HUECH,2025,013,013-1-07,145241344.53781512
HUECH,2025,013,013-1-08,39371762.18487395
HUECH,2025,013,013-1-09,163600674.78991598
HUECH,2025,013,013-1-10,1917917.6470588236
HUECH,2025,013,013-1-11,31131653.781512607
HUECH,2025,013,013-1-12,238915426.05042017
HUECH,2025,013,013-1-13,1553226.8907563025
HUECH,2025,013,013-2-01,31941299.159663867
HUECH,2025,013,013-2-02,2162682.352941177
HUECH,2025,013,013-2-03,3230423.529411765
HUECH,2025,013,013-2-04,2398069.74789916
HUECH,2025,014,014-1-01,10181061.344537815
HUECH,2025,014,014-1-02,19655384.87394958
HUECH,2025,014,014-1-03,2249851.260504202
HUECH,2025,014,014-1-04,2554285.7142857146
HUECH,2025,014,014-1-09,415660.5042016807
HUECH,2025,014,014-2-01,2433425.2100840337
HUECH,2025,014,014-2-02,3834689.9159663864
HUECH,2025,014,014-2-03,1177119.3277310925
HUECH,2025,014,014-2-04,3186954.6218487397
HUECH,2025,014,014-2-05,1268285.7142857143
HUECH,2025,015,015-1-01,7703188.2352941185
HUECH,2025,015,015-1-02,7340422.689075631
HUECH,2025,015,015-1-03,14460930.25210084
HUECH,2025,015,015-1-04,11611098.31932773
HUECH,2025,015,015-1-05,282411.76470588235
HUECH,2025,015,015-2-01,12243798.319327733
HUECH,2025,015,015-2-02,2012178.1512605043
HUECH,2025,015,015-2-03,6807570.588235294
HUECH,2025,015,015-2-04,2881705.042016807
HUECH,2025,015,015-2-05,3853900.0000000005
HUECH,2025,015,015-2-06,18755167.226890758
HUECH,2025,015,015-2-07,13916116.80672269
HUECH,2025,015,015-2-08,7597339.49579832
HUECH,2025,016,016-1-01,18716389.915966388
HUECH,2025,016,016-1-02,26540268.907563027
HUECH,2025,016,016-1-03,3064613.4453781513
HUECH,2025,016,016-1-04,407.56302521008405
HUECH,2025,016,016-2-01,5988299.159663866
HUECH,2025,016,016-2-02,11791870.588235294
HUECH,2025,016,016-2-03,9406326.050420169
HUECH,2025,016,016-2-04,9552010.924369749
HUECH,2025,017,017-1-01,6770993.277310925
HUECH,2025,017,017-1-02,3482844.537815126
HUECH,2025,017,017-2-01,6971437.815126051
HUECH,2025,017,017-2-02,184110.08403361344
HUECH,2025,017,017-2-03,1674310.924369748
HUECH,2025,018,018-1-01,44221954.62184874
HUECH,2025,018,018-1-02,9748866.386554623
HUECH,2025,018,018-1-03,13682302.521008404
HUECH,2025,018,018-1-04,16665833.613445379
HUECH,2025,018,018-2-01,94550433.61344539
HUECH,2025,018,018-2-02,39096745.37815126
HUECH,2025,018,018-2-03,17732064.70588235
HUECH,2025,018,018-2-04,25699.159663865546
HUECH,2025,019,019-1-01,10392757.142857144
HUECH,2025,019,019-1-02,20432810.92436975
HUECH,2025,019,019-1-03,23931178.99159664
HUECH,2025,019,019-1-04,11876583.193277312
HUECH,2025,019,019-1-07,1374212.6050420168
HUECH,2025,019,019-2-01,53928872.26890757
HUECH,2025,019,019-2-02,10306773.109243698
HUECH,2025,019,019-2-03,582793.2773109244
HUECH,2025,019,019-2-05,21007786.55462185
HUECH,2025,019,019-2-06,19486838.655462187
HUECH,2025,019,019-2-07,10661690.75630252
HUECH,2025,019,019-2-08,11394094.11764706
HUECH,2025,019,019-2-09,4454528.571428572
HUECH,2025,020,020-1-01,7129689.075630252
HUECH,2025,020,020-1-02,13673454.621848742
HUECH,2025,020,020-2-01,19616452.94117647
HUECH,2025,020,020-2-02,13709531.93277311
HUECH,2025,021,021-1-01,3554541.1764705884
HUECH,2025,021,021-1-02,4697587.394957984
HUECH,2025,021,021-1-03,19708671.42857143
HUECH,2025,021,021-1-04,44103.361344537814
HUECH,2025,021,021-2-01,33164738.655462187
HUECH,2025,021,021-2-02,43856137.815126054
HUECH,2025,021,021-2-03,47376560.50420168
HUECH,2025,021,021-2-04,5740434.453781513
HUECH,2025,022,022-1-01,17556394.957983196
HUECH,2025,022,022-1-02,63105434.453781515
HUECH,2025,022,022-1-03,20955717.647058826
HUECH,2025,022,022-1-04,7733992.436974791
HUECH,2025,022,022-2-02,11263841.176470589
HUECH,2025,022,022-2-03,3303761.344537815
HUECH,2025,022,022-2-04,3975979.8319327733
HUECH,2025,022,022-2-07,3665174.789915967
HUECH,2025,023,023-1-01,14100024.3697479
HUECH,2025,023,023-1-03,37913.445378151264
HUECH,2025,023,023-1-04,4594684.033613445
HUECH,2025,023,023-2-01,6993524.3697478995
HUECH,2025,023,023-2-02,7288978.1512605045
HUECH,2025,023,023-2-03,7865499.159663866
HUECH,2025,023,023-2-04,2017043.6974789917
HUECH,2025,023,023-2-05,10130165.546218488
HUECH,2025,023,023-2-06,2903718.4873949583
HUECH,2025,024,024-1-01,4993413.445378152
HUECH,2025,024,024-1-02,2325830.25210084
HUECH,2025,024,024-1-03,57378.15126050421
HUECH,2025,024,024-2-02,953289.0756302521
HUECH,2025,024,024-2-06,24670.58823529412
HUECH,2025,024,024-2-07,505753.781512605
HUECH,2025,025,025-1-01,11802907.56302521
HUECH,2025,025,025-1-02,3987542.016806723
HUECH,2025,025,025-1-03,2432520.168067227
HUECH,2025,025,025-1-04,1011645.3781512605
HUECH,2025,025,025-1-11,4585948.739495798
HUECH,2025,025,025-1-12,13895175.6302521
HUECH,2025,025,025-2-01,368151.2605042017
HUECH,2025,025,025-2-02,593451.2605042018
HUECH,2025,025,025-2-03,2971225.2100840337
HUECH,2025,025,025-2-04,4274208.403361345
HUECH,2025,026,026-1-01,93131.93277310925
HUECH,2025,026,026-1-02,419324.3697478992
HUECH,2025,026,026-1-03,48398.31932773109
HUECH,2025,026,026-1-05,1052020.168067227
HUECH,2025,026,026-2-02,302576.4705882353
HUECH,2025,026,026-2-04,4282615.12605042
HUECH,2025,026,026-2-05,2638760.504201681
HUECH,2025,026,026-2-06,1831624.3697478992
HUECH,2025,026,026-2-07,778173.9495798319
HUECH,2025,026,026-2-08,1984057.142857143
HUECH,2025,026,026-2-09,2800882.352941177
HUECH,2025,027,027-1-01,293188.23529411765
HUECH,2025,027,027-1-04,1331752.1008403362
HUECH,2025,027,027-2-01,5772048.739495799
HUECH,2025,027,027-2-02,1795033.6134453781
HUECH,2025,027,027-2-03,1535867.2268907563
HUECH,2025,027,027-2-04,431831.93277310923
HUECH,2025,027,027-2-05,429781.512605042
HUECH,2025,027,027-2-06,1770933.6134453781
HUECH,2025,027,027-2-07,242131.93277310926
HUECH,2025,027,027-2-08,1436811.7647058824
HUECH,2025,027,027-2-09,66596.63865546219
HUECH,2025,028,028-1-01,447556.3025210084
HUECH,2025,028,028-1-04,17304.201680672268
HUECH,2025,028,028-1-05,6043.697478991597
HUECH,2025,029,029-1-01,4053450.4201680673
HUECH,2025,029,029-1-02,5733315.12605042
HUECH,2025,029,029-1-04,12414493.277310925
HUECH,2025,029,029-1-05,14722275.6302521
HUECH,2025,029,029-1-06,541604.2016806722
HUECH,2025,029,029-1-07,16142363.025210084
HUECH,2025,029,029-1-08,10821001.68067227
HUECH,2025,032,032-1-01,3977395.798319328
HUECH,2025,032,032-2-01,673421.8487394959
HUECH,2025,032,032-2-02,537800.0
HUECH,2025,032,032-2-03,72075.63025210085
HUECH,2025,032,032-2-04,1219690.756302521
HUECH,2025,032,032-2-05,2025357.142857143
HUECH,2025,032,032-2-06,223315.1260504202
HUECH,2025,032,032-2-08,22336.134453781513
HUECH,2025,032,032-2-09,106797.47899159665
HUECH,2025,033,033-2-01,857756.3025210084
HUECH,2025,033,033-2-02,3692989.0756302522
HUECH,2025,033,033-2-03,2974.7899159663866
HUECH,2025,035,035-1-01,14127073.949579833
HUECH,2025,035,035-1-02,19580992.43697479
HUECH,2025,035,035-1-03,16466168.067226892
HUECH,2025,035,035-1-04,11507222.68907563
HUECH,2025,035,035-1-05,37302863.86554622
HUECH,2025,035,035-1-06,9365857.142857144
HUECH,2025,035,035-1-07,5318001.680672269
HUECH,2025,035,035-1-08,6889269.74789916
HUECH,2025,035,035-1-09,9678405.88235294
HUECH,2025,035,035-1-10,7719511.764705882
HUECH,2025,035,035-2-01,622386.5546218487
HUECH,2025,035,035-2-02,1048738.655462185
HUECH,2025,050,050-1-01,6798.319327731093
HUECH,2025,050,050-1-02,41042.01680672269
HUECH,2025,050,050-1-03,24504.20168067227
HUECH,2025,050,050-1-04,48000.0
HUECH,2025,050,050-1-08,940941.1764705882
HUECH,2025,050,050-1-09,1863721.0084033613
HUECH,2025,050,050-1-10,10075.63025210084
HUECH,2025,050,050-1-11,251960.50420168068
HUECH,2025,050,050-1-12,1428600.0
HUECH,2025,050,050-1-13,410057.9831932774
HUECH,2025,050,050-1-15,54552.100840336134
HUECH,2025,050,050-1-17,290496.6386554622
HUECH,2025,051,051-1-01,53446136.97478992
HUECH,2025,051,051-1-02,460703624.36974794
HUECH,2025,051,051-1-03,216374936.1344538
HUECH,2025,051,051-1-04,117529418.48739496
HUECH,2025,051,051-1-05,35849654.62184874
HUECH,2025,051,051-1-06,149516243.697479
HUECH,2025,051,051-1-07,51627778.1512605
HUECH,2025,051,051-1-08,4484686.554621849
HUECH,2025,051,051-1-09,31306647.899159666
HUECH,2025,051,051-1-10,42590670.5882353
HUECH,2025,051,051-1-11,79796989.07563025
HUECH,2025,051,051-1-12,22667425.210084036
HUECH,2025,051,051-1-13,101455684.87394959
HUECH,2025,051,051-1-14,46887638.65546219
HUECH,2025,051,051-1-15,14103849.579831934
HUECH,2025,051,051-1-16,63472556.30252101
HUECH,2025,051,051-1-17,48677214.28571429
HUECH,2025,051,051-1-18,310112800.0
HUECH,2025,051,051-1-19,43506370.5882353
HUECH,2025,051,051-1-20,77170668.06722689
HUECH,2025,051,051-1-21,4524941.176470589
HUECH,2025,051,051-1-22,17072117.647058826
HUECH,2025,051,051-1-23,13778834.453781513
HUECH,2025,051,051-1-24,18164874.789915968
HUECH,2025,051,051-1-25,64117800.0
HUECH,2025,051,051-1-26,47357078.99159664
HUECH,2025,051,051-1-27,10430378.99159664
HUECH,2025,051,051-1-29,287924.3697478992
HUECH,2025,051,051-1-30,838921.8487394959
HUECH,2025,051,051-1-31,17328834.45378151
HUECH,2025,052,052-1-01,81289.0756302521
HUECH,2025,052,052-1-02,1264430.2521008404
HUECH,2025,052,052-1-03,3876237.8151260507
HUECH,2025,052,052-1-04,517588.2352941177
HUECH,2025,052,052-1-05,160230.25210084036
HUECH,2025,052,052-1-06,3612640.336134454
HUECH,2025,053,053-1-01,700481.512605042
HUECH,2025,053,053-1-02,2108672.2689075633
HUECH,2025,053,053-1-03,397294.11764705885
HUECH,2025,053,053-1-06,17554.621848739498
HUECH,2025,054,054-1-01,28815.12605042017
HUECH,2025,054,054-1-06,1888184.87394958
HUECH,2025,060,060-1-01,8666449.579831934
HUECH,2025,067,067-1-04,1488215.12605042
HUECH,2025,069,069-1-01,32388.235294117647
HUECH,2025,069,069-2-01,1905334.4537815126
HUECH,2025,070,070-2-01,4189307.56302521
HUECH,2025,100,100-1-01,13506831.092436975
HUECH,2025,100,100-1-04,322663.86554621847
HUECH,2025,100,100-1-05,169329.41176470587
HUECH,2025,100,100-1-06,38800.0
HUECH,2025,100,100-1-09,11500.840336134455
HUECH,2025,100,100-1-14,138798.3193277311
HUECH,2025,100,100-1-22,19924.36974789916
HUECH,2025,100,100-1-23,24840.336134453784
HUECH,2025,100,100-1-25,587337.8151260505
HUECH,2025,100,100-1-27,2188417.6470588236
HUECH,2025,100,100-1-33,89361.34453781514
HUECH,2025,100,100-1-36,126907.56302521008
HUECH,2025,100,100-1-37,60490.75630252101
HUECH,2025,100,100-1-38,161331.0924369748
HUECH,2025,100,100-1-49,111841.17647058825
HUECH,2025,100,100-1-50,12830733.613445379
HUECH,2025,100,100-2-01,4912038.655462185
HUECH,2025,100,100-2-08,705605.0420168068
HUECH,2025,101,101-1-06,126869.74789915967
HUECH,2025,101,101-1-09,47053374.78991597
HUECH,2025,102,102-1-04,4107499.1596638653
HUECH,2025,102,102-1-05,14348257.983193278
HUECH,2025,102,102-1-09,47521.00840336134
HUECH,2025,102,102-1-11,4639511.764705882
HUECH,2025,102,102-2-01,8994028.571428573
HUECH,2025,102,102-2-03,6034952.941176471
HUECH,2025,102,102-2-04,33856133.61344538
HUECH,2025,102,102-2-05,13538875.630252102
HUECH,2025,102,102-2-06,45498514.28571429
HUECH,2025,102,102-2-07,19491973.1092437
HUECH,2025,102,102-2-08,38608050.42016807
HUECH,2025,103,103-1-01,5715753.781512605
HUECH,2025,103,103-1-03,1680816.8067226892
HUECH,2025,103,103-1-08,207546.21848739497
HUECH,2025,103,103-2-02,2179094.117647059
HUECH,2025,103,103-2-04,853152.1008403362
HUECH,2025,103,103-2-05,525134.4537815127
HUECH,2025,103,103-2-06,705058.8235294118
HUECH,2025,103,103-2-07,936994.1176470589
HUECH,2025,103,103-2-08,417513.4453781513
HUECH,2025,103,103-2-10,643336.1344537815
HUECH,2025,104,104-1-01,1416231.0924369749
HUECH,2025,104,104-1-02,605082.3529411765
HUECH,2025,104,104-1-03,312101.6806722689
HUECH,2025,105,105-2-01,30347026.890756305
HUECH,2025,105,105-2-02,29692461.344537817
HUECH,2025,105,105-2-03,118915526.89075631
HUECH,2025,105,105-2-04,5582783.1932773115
HUECH,2025,105,105-2-05,1881231.9327731093
HUECH,2025,105,105-2-06,692090.7563025211
HUECH,2025,105,105-2-07,11929975.630252102
HUECH,2025,105,105-2-14,2037523.5294117648
HUECH,2025,106,106-1-05,87330.25210084034
HUECH,2025,106,106-1-07,4264326.050420168
HUECH,2025,106,106-1-11,22608130.25210084
HUECH,2025,106,106-2-01,1866184.8739495801
HUECH,2025,106,106-2-04,1501949.579831933
HUECH,2025,106,106-2-07,4135418.487394958
HUECH,2025,107,107-1-06,398843.6974789916
HUECH,2025,107,107-1-07,186213.44537815126
HUECH,2025,107,107-1-10,1088652.1008403362
HUECH,2025,107,107-2-01,7038834.453781513
HUECH,2025,107,107-2-06,1034936.974789916
HUECH,2025,107,107-2-13,11990976.470588235
HUECH,2025,108,108-1-05,130248.73949579832
HUECH,2025,108,108-1-07,2443072.2689075633
HUECH,2025,108,108-1-08,3589128.571428572
HUECH,2025,108,108-1-11,502171.4285714286
HUECH,2025,108,108-2-04,446193.2773109244
HUECH,2025,108,108-2-12,14240112.605042018
HUECH,2025,108,108-2-13,436496.63865546224
HUECH,2025,108,108-2-14,1193632.7731092437
HUECH,2025,109,109-1-01,846415.1260504202
HUECH,2025,109,109-1-03,638624.3697478992
HUECH,2025,109,109-1-05,234848.73949579833
HUECH,2025,109,109-1-11,24062593.277310926
HUECH,2025,109,109-1-13,19298663.025210086
HUECH,2025,109,109-2-01,209752.9411764706
HUECH,2025,109,109-2-04,293289.07563025213
HUECH,2025,109,109-2-05,124033.61344537817
HUECH,2025,109,109-2-07,131142.85714285716
HUECH,2025,109,109-2-09,1097941.1764705882
HUECH,2025,109,109-2-10,1322472.268907563
HUECH,2025,109,109-2-11,4788963.865546218
HUECH,2025,109,109-2-12,3523270.5882352944
HUECH,2025,110,110-1-10,53223.529411764706
HUECH,2025,110,110-1-24,23933994.957983196
HUECH,2025,110,110-1-27,100377.31092436975
HUECH,2025,110,110-2-02,36386.55462184874
HUECH,2025,110,110-2-06,1287226.8907563025
HUECH,2025,110,110-2-08,7243808.403361345
HUECH,2025,110,110-2-09,10373668.067226892
HUECH,2025,110,110-2-11,10882.35294117647
HUECH,2025,111,111-1-01,13857625.210084034
HUECH,2025,111,111-1-02,16856267.226890758
HUECH,2025,130,130-1-01,6038489.915966387
HUECH,2025,130,130-1-03,8851984.87394958
HUECH,2025,130,130-1-06,713434898.3193277
HUECH,2025,130,130-1-07,8785653.781512605
HUECH,2025,130,130-2-01,319540.33613445377
HUECH,2025,130,130-2-02,2323812.605042017
HUECH,2025,130,130-2-03,31027734.453781515
HUECH,2025,130,130-2-04,102803691.59663866
HUECH,2025,150,150-1-01,7335424.3697478995
HUECH,2025,150,150-1-02,357327.731092437
HUECH,2025,150,150-1-03,1724135.2941176472
HUECH,2025,150,150-1-04,1154773.9495798321
HUECH,2025,150,150-1-05,246294.11764705883
HUECH,2025,150,150-1-06,611096.6386554622
HUECH,2025,150,150-1-08,343958.8235294118
HUECH,2025,150,150-1-09,755954.6218487395
HUECH,2025,150,150-1-10,696782.3529411765
HUECH,2025,150,150-1-11,968564.705882353
HUECH,2025,150,150-1-13,15513168.907563027
HUECH,2025,150,150-1-15,166971.42857142858
HUECH,2025,150,150-1-18,4021.8487394957983
HUECH,2025,150,150-1-19,1769199.1596638656
HUECH,2025,150,150-1-20,83043594.9579832
HUECH,2025,150,150-1-23,22176663.025210083
HUECH,2025,150,150-2-01,1016264.705882353
HUECH,2025,150,150-2-02,378384.0336134454
HUECH,2025,150,150-2-03,433727.731092437
HUECH,2025,150,150-2-04,9515392.43697479
HUECH,2025,150,150-2-10,768321.0084033614
HUECH,2025,150,150-2-17,204355.46218487396
HUECH,2025,151,151-1-01,106563.02521008404
HUECH,2025,151,151-1-02,3270691.5966386558
HUECH,2025,151,151-1-03,62316.80672268908
HUECH,2025,151,151-1-04,64500.00000000001
HUECH,2025,151,151-1-05,269548.7394957983
HUECH,2025,151,151-1-17,535285.7142857143
HUECH,2025,151,151-1-25,3076273.1092436975
HUECH,2025,151,151-2-05,83082.35294117648
HUECH,2025,151,151-2-06,30604636.134453785
HUECH,2025,151,151-2-25,7793113.445378151
HUECH,2025,199,199-1-01,65453.78151260505
HUECH,2025,200,200-1-01,4847946.218487395
HUECH,2025,200,200-1-02,5562837.81512605
HUECH,2025,200,200-1-08,10121237.81512605
HUECH,2025,200,200-1-10,2270352.9411764704
HUECH,2025,210,210-1-01,1707010.924369748
HUECH,2025,210,210-2-01,703596.6386554622
HUECH,2025,301,301-1-02,299.15966386554624
HUECH,2025,301,301-1-10,352647.0588235294
HUECH,2025,404,404-1-01,71697.47899159664
HUECH,2025,404,404-1-02,7500303.361344538
HUECH,2025,500,500-1-01,22118960.50420168
HUECH,2025,500,500-1-02,7164169.74789916
HUECH,2025,500,500-1-22,309559.66386554623
HUECH,2025,500,500-1-53,76457.98319327731
HUECH,2025,600,600-1-01,3828445.378151261
HUECH,2025,600,600-1-02,970776.4705882354
HUECH,2025,600,600-1-04,562730.2521008404
HUECH,2025,600,600-1-05,599370.5882352941
HUECH,2025,600,600-1-06,33605.04201680672
HUECH,2025,700,700-1-01,4689.075630252101
HUECH,2025,700,700-2-02,10737.81512605042
HUECH,2025,777,777-1-01,462631.0924369748
HUECH,2025,816,816-1-01,27065.546218487398
HUECH,2026,001,001-1-01,35214604.201680675
HUECH,2026,001,001-1-02,43246373.1092437
HUECH,2026,001,001-1-03,48294.117647058825
HUECH,2026,001,001-1-04,6641229.4117647065
HUECH,2026,001,001-1-05,3133231.092436975
HUECH,2026,001,001-1-06,5656779.831932773
HUECH,2026,001,001-1-07,34705082.35294118
HUECH,2026,001,001-1-08,36739144.537815124
HUECH,2026,001,001-1-09,37083852.10084034
HUECH,2026,001,001-1-10,360605.0420168067
HUECH,2026,001,001-1-11,357424.3697478992
HUECH,2026,001,001-1-12,749784.8739495799
HUECH,2026,001,001-1-13,3500552.941176471
HUECH,2026,001,001-1-14,256266.38655462186
HUECH,2026,001,001-2-01,3868527.731092437
HUECH,2026,001,001-2-02,4599300.0
HUECH,2026,002,002-1-01,8845458.823529413
HUECH,2026,002,002-1-02,4102136.974789916
HUECH,2026,002,002-2-01,65174832.77310925
HUECH,2026,002,002-2-02,11246972.268907564
HUECH,2026,002,002-2-03,1366789.075630252
HUECH,2026,003,003-1-01,3045268.067226891
HUECH,2026,003,003-1-02,3363746.218487395
HUECH,2026,003,003-1-04,25764.705882352944
HUECH,2026,003,003-1-07,480566.38655462186
HUECH,2026,003,003-2-01,10655852.94117647
HUECH,2026,003,003-2-02,24128634.453781515
HUECH,2026,003,003-2-05,1308719.3277310925
HUECH,2026,004,004-1-01,8263415.12605042
HUECH,2026,004,004-1-02,42439573.1092437
HUECH,2026,004,004-2-01,13445889.075630253
HUECH,2026,004,004-2-02,19970231.93277311
HUECH,2026,005,005-1-01,20912626.890756305
HUECH,2026,005,005-1-02,967537.8151260505
HUECH,2026,005,005-2-01,22465258.82352941
HUECH,2026,005,005-2-02,31433139.49579832
HUECH,2026,005,005-2-09,77264.70588235295
HUECH,2026,006,006-1-01,12516183.193277312
HUECH,2026,006,006-1-02,12381131.092436975
HUECH,2026,006,006-2-02,20316.806722689078
HUECH,2026,007,007-1-07,563361.3445378152
HUECH,2026,007,007-1-10,140379.83193277312
HUECH,2026,007,007-1-50,1330442.8571428573
HUECH,2026,007,007-2-01,40563510.084033616
HUECH,2026,007,007-2-02,15320835.294117648
HUECH,2026,007,007-2-03,6018126.8907563025
HUECH,2026,007,007-2-04,179151.2605042017
HUECH,2026,007,007-2-05,3105378.9915966387
HUECH,2026,007,007-2-06,544390.7563025211
HUECH,2026,008,008-1-01,42580757.14285714
HUECH,2026,008,008-1-02,13450844.537815126
HUECH,2026,008,008-1-03,27648926.05042017
HUECH,2026,008,008-1-04,4852748.739495799
HUECH,2026,008,008-2-01,13333585.714285715
HUECH,2026,008,008-2-02,8760895.798319329
HUECH,2026,008,008-2-03,10533423.529411765
HUECH,2026,008,008-2-04,5411005.882352942
HUECH,2026,009,009-1-01,36640158.823529415
HUECH,2026,009,009-1-02,24165119.32773109
HUECH,2026,009,009-1-03,2756842.8571428573
HUECH,2026,009,009-1-04,419268.06722689077
HUECH,2026,009,009-2-01,5936131.092436975
HUECH,2026,009,009-2-02,14781770.588235294
HUECH,2026,009,009-2-03,11448478.99159664
HUECH,2026,009,009-2-04,6171203.361344538
HUECH,2026,010,010-1-01,14729005.042016808
HUECH,2026,010,010-1-02,11344242.857142858
HUECH,2026,010,010-1-03,826127.7310924369
HUECH,2026,010,010-1-04,3042057.142857143
HUECH,2026,010,010-2-01,2646589.0756302522
HUECH,2026,010,010-2-02,4561110.084033614
HUECH,2026,010,010-2-03,1066781.512605042
HUECH,2026,011,011-1-01,18321958.82352941
HUECH,2026,011,011-1-02,7229563.025210084
HUECH,2026,011,011-1-03,13545400.840336135
HUECH,2026,011,011-1-05,627547.8991596639
HUECH,2026,011,011-1-10,106850.42016806724
HUECH,2026,011,011-2-01,11882811.764705883
HUECH,2026,011,011-2-02,7906675.630252101
HUECH,2026,011,011-2-03,6098663.865546219
HUECH,2026,011,011-2-04,7268831.092436975
HUECH,2026,012,012-1-01,11427616.80672269
HUECH,2026,012,012-1-02,11573407.56302521
HUECH,2026,012,012-1-03,11153689.915966386
HUECH,2026,012,012-1-04,31922893.277310926
HUECH,2026,012,012-1-05,5239018.487394958
HUECH,2026,012,012-1-06,30974.78991596639
HUECH,2026,012,012-1-07,1371568.0672268907
HUECH,2026,012,012-2-01,3005831.9327731095
HUECH,2026,012,012-2-02,301689.07563025213
HUECH,2026,012,012-2-05,1113618.487394958
HUECH,2026,012,012-2-06,638160.5042016808
HUECH,2026,012,012-2-07,135849.5798319328
HUECH,2026,013,013-1-01,146959441.1764706
HUECH,2026,013,013-1-02,196919325.21008405
HUECH,2026,013,013-1-03,71518097.4789916
HUECH,2026,013,013-1-04,108305096.63865547
HUECH,2026,013,013-1-05,65454805.04201681
HUECH,2026,013,013-1-06,23810321.00840336
HUECH,2026,013,013-1-07,101221447.89915967
HUECH,2026,013,013-1-08,30483436.974789917
HUECH,2026,013,013-1-09,129336069.74789916
HUECH,2026,013,013-1-11,19523189.915966388
HUECH,2026,013,013-1-12,187264173.94957983
HUECH,2026,013,013-1-13,5972031.9327731095
HUECH,2026,013,013-2-01,23728580.67226891
HUECH,2026,013,013-2-02,1115470.5882352942
HUECH,2026,013,013-2-03,3053994.9579831935
HUECH,2026,013,013-2-04,3583832.773109244
HUECH,2026,013,013-2-05,3189.915966386555
HUECH,2026,014,014-1-01,11802970.588235294
HUECH,2026,014,014-1-02,17346486.55462185
HUECH,2026,014,014-1-03,1470122.6890756304
HUECH,2026,014,014-1-04,3372595.798319328
HUECH,2026,014,014-1-09,103077.31092436975
HUECH,2026,014,014-2-01,6317970.588235294
HUECH,2026,014,014-2-02,4219594.957983194
HUECH,2026,014,014-2-03,803352.9411764706
HUECH,2026,014,014-2-04,3065317.6470588236
HUECH,2026,014,014-2-05,1050731.0924369749
HUECH,2026,015,015-1-01,7840256.302521009
HUECH,2026,015,015-1-02,7311007.563025211
HUECH,2026,015,015-1-03,14091885.714285715
HUECH,2026,015,015-1-04,10485017.647058824
HUECH,2026,015,015-2-01,12530870.588235294
HUECH,2026,015,015-2-02,1678057.142857143
HUECH,2026,015,015-2-03,6655738.655462185
HUECH,2026,015,015-2-04,4381953.781512605
HUECH,2026,015,015-2-05,3108143.697478992
HUECH,2026,015,015-2-06,16555862.18487395
HUECH,2026,015,015-2-07,11843626.050420169
HUECH,2026,015,015-2-08,8313508.403361345
HUECH,2026,015,015-2-50,2827587.3949579834
HUECH,2026,016,016-1-01,16076978.151260504
HUECH,2026,016,016-1-02,31342042.016806725
HUECH,2026,016,016-1-03,3073664.7058823532
HUECH,2026,016,016-1-04,5042.01680672269
HUECH,2026,016,016-2-01,4926412.605042017
HUECH,2026,016,016-2-02,10040206.722689075
HUECH,2026,016,016-2-03,9361394.11764706
HUECH,2026,016,016-2-04,7723682.352941177
HUECH,2026,017,017-1-01,7389548.739495799
HUECH,2026,017,017-1-02,4612003.361344538
HUECH,2026,017,017-2-01,8542045.37815126
HUECH,2026,017,017-2-02,152505.04201680672
HUECH,2026,017,017-2-03,1857651.2605042018
HUECH,2026,018,018-1-01,40179777.31092437
HUECH,2026,018,018-1-02,7818115.966386555
HUECH,2026,018,018-1-03,15568553.781512605
HUECH,2026,018,018-1-04,14184028.571428573
HUECH,2026,018,018-2-01,92192672.26890756
HUECH,2026,018,018-2-02,39384951.2605042
HUECH,2026,018,018-2-03,16706777.31092437
HUECH,2026,019,019-1-01,12760257.983193278
HUECH,2026,019,019-1-02,20498732.773109246
HUECH,2026,019,019-1-03,20696807.56302521
HUECH,2026,019,019-1-04,14220374.789915968
HUECH,2026,019,019-1-07,1419194.1176470588
HUECH,2026,019,019-2-01,56806865.54621849
HUECH,2026,019,019-2-02,9287557.983193278
HUECH,2026,019,019-2-03,296489.91596638656
HUECH,2026,019,019-2-05,20675485.714285716
HUECH,2026,019,019-2-06,19250638.655462187
HUECH,2026,019,019-2-07,10954020.168067228
HUECH,2026,019,019-2-08,12466003.361344539
HUECH,2026,019,019-2-09,5998500.0
HUECH,2026,020,020-1-01,6192998.319327732
HUECH,2026,020,020-1-02,14346068.067226892
HUECH,2026,020,020-2-01,21166041.17647059
HUECH,2026,020,020-2-02,15530750.420168068
HUECH,2026,021,021-1-01,7921372.268907563
HUECH,2026,021,021-1-02,3527291.5966386558
HUECH,2026,021,021-1-03,17145428.57142857
HUECH,2026,021,021-1-04,9915.966386554623
HUECH,2026,021,021-2-01,31909667.226890758
HUECH,2026,021,021-2-02,43454600.84033614
HUECH,2026,021,021-2-03,48250607.563025214
HUECH,2026,021,021-2-04,6314640.336134454
HUECH,2026,022,022-1-01,21265739.49579832
HUECH,2026,022,022-1-02,67765123.52941176
HUECH,2026,022,022-1-03,20329709.24369748
HUECH,2026,022,022-1-04,6668272.268907564
HUECH,2026,022,022-2-01,2291063.8655462186
HUECH,2026,022,022-2-02,6977453.781512606
HUECH,2026,022,022-2-03,5505212.605042017
HUECH,2026,022,022-2-04,5228807.56302521
HUECH,2026,022,022-2-07,2089435.2941176475
HUECH,2026,023,023-1-01,13493568.907563025
HUECH,2026,023,023-1-03,4321616.806722689
HUECH,2026,023,023-1-04,1100400.8403361344
HUECH,2026,023,023-2-01,16560596.638655463
HUECH,2026,023,023-2-02,8798159.663865546
HUECH,2026,023,023-2-03,7794857.142857144
HUECH,2026,023,023-2-04,6123349.579831933
HUECH,2026,023,023-2-05,7340279.831932774
HUECH,2026,023,023-2-06,2268405.0420168065
HUECH,2026,024,024-1-01,13716888.235294119
HUECH,2026,024,024-1-02,5400021.848739496
HUECH,2026,024,024-1-03,2709171.4285714286
HUECH,2026,024,024-2-04,226296.6386554622
HUECH,2026,024,024-2-10,6221.848739495798
HUECH,2026,025,025-1-01,8480123.529411765
HUECH,2026,025,025-1-02,971293.2773109244
HUECH,2026,025,025-1-03,550150.4201680672
HUECH,2026,025,025-1-04,1327873.9495798321
HUECH,2026,025,025-1-11,5330642.857142857
HUECH,2026,025,025-1-12,9959336.974789916
HUECH,2026,025,025-2-01,9755.46218487395
HUECH,2026,025,025-2-02,2240643.6974789915
HUECH,2026,025,025-2-03,4482919.327731092
HUECH,2026,025,025-2-04,2553688.2352941176
HUECH,2026,025,025-2-05,146571.42857142858
HUECH,2026,026,026-1-01,17957.142857142855
HUECH,2026,026,026-1-02,40310.9243697479
HUECH,2026,026,026-1-03,1061397.4789915967
HUECH,2026,026,026-1-04,182092.43697478992
HUECH,2026,026,026-1-05,2045221.848739496
HUECH,2026,026,026-1-06,68141.17647058824
HUECH,2026,026,026-2-01,1624023.5294117646
HUECH,2026,026,026-2-02,340678.1512605042
HUECH,2026,026,026-2-04,3180752.100840336
HUECH,2026,026,026-2-05,788010.0840336134
HUECH,2026,026,026-2-06,534865.5462184874
HUECH,2026,026,026-2-07,799182.3529411765
HUECH,2026,026,026-2-08,569326.8907563025
HUECH,2026,026,026-2-09,1139959.6638655462
HUECH,2026,027,027-1-01,686005.8823529412
HUECH,2026,027,027-1-04,1466052.9411764706
HUECH,2026,027,027-2-01,5184643.697478992
HUECH,2026,027,027-2-02,1969477.3109243698
HUECH,2026,027,027-2-03,910652.1008403362
HUECH,2026,027,027-2-04,434620.16806722694
HUECH,2026,027,027-2-05,640721.8487394959
HUECH,2026,027,027-2-06,397210.9243697479
HUECH,2026,027,027-2-07,67769.74789915967
HUECH,2026,027,027-2-08,538045.3781512605
HUECH,2026,027,027-2-09,115720.1680672269
HUECH,2026,028,028-1-01,145709.243697479
HUECH,2026,028,028-1-04,5407.563025210085
HUECH,2026,029,029-1-01,4909021.008403362
HUECH,2026,029,029-1-02,3867291.5966386558
HUECH,2026,029,029-1-04,10980936.974789917
HUECH,2026,029,029-1-05,13868127.731092438
HUECH,2026,029,029-1-06,621487.3949579832
HUECH,2026,029,029-1-07,14473228.571428573
HUECH,2026,029,029-1-08,9276162.18487395
HUECH,2026,032,032-1-01,4413916.806722689
HUECH,2026,032,032-2-01,216173.94957983194
HUECH,2026,032,032-2-02,624814.2857142857
HUECH,2026,032,032-2-03,47710.08403361344
HUECH,2026,032,032-2-04,850431.0924369748
HUECH,2026,032,032-2-05,2307589.0756302522
HUECH,2026,032,032-2-06,260049.5798319328
HUECH,2026,032,032-2-09,21739.49579831933
HUECH,2026,033,033-2-01,1114189.9159663867
HUECH,2026,033,033-2-02,5263135.294117647
HUECH,2026,033,033-2-03,1159.6638655462186
HUECH,2026,035,035-1-01,14691397.478991598
HUECH,2026,035,035-1-02,22523850.42016807
HUECH,2026,035,035-1-03,16084168.907563027
HUECH,2026,035,035-1-04,10415096.638655463
HUECH,2026,035,035-1-05,37867685.71428572
HUECH,2026,035,035-1-06,9777951.260504203
HUECH,2026,035,035-1-07,8721339.49579832
HUECH,2026,035,035-1-08,8319066.386554622
HUECH,2026,035,035-1-09,9656586.55462185
HUECH,2026,035,035-1-10,3167386.5546218487
HUECH,2026,035,035-2-01,798262.1848739496
HUECH,2026,035,035-2-02,921161.3445378152
HUECH,2026,050,050-1-01,26853.781512605045
HUECH,2026,050,050-1-09,698085.7142857143
HUECH,2026,050,050-1-12,76109.243697479
HUECH,2026,050,050-1-13,537781.5126050421
HUECH,2026,050,050-1-15,77919.32773109243
HUECH,2026,050,050-1-17,1326816.8067226892
HUECH,2026,051,051-1-01,230975327.73109245
HUECH,2026,051,051-1-02,481572842.0168067
HUECH,2026,051,051-1-03,213445894.9579832
HUECH,2026,051,051-1-04,87453137.81512605
HUECH,2026,051,051-1-05,41198400.84033614
HUECH,2026,051,051-1-06,151997010.0840336
HUECH,2026,051,051-1-07,47927536.97478992
HUECH,2026,051,051-1-08,2772042.8571428573
HUECH,2026,051,051-1-09,18268343.69747899
HUECH,2026,051,051-1-10,41274335.29411765
HUECH,2026,051,051-1-11,103166963.86554623
HUECH,2026,051,051-1-12,118909688.23529412
HUECH,2026,051,051-1-13,77419576.47058824
HUECH,2026,051,051-1-14,85507940.33613446
HUECH,2026,051,051-1-15,12827732.773109244
HUECH,2026,051,051-1-16,70269881.51260504
HUECH,2026,051,051-1-17,61610246.2184874
HUECH,2026,051,051-1-18,399760321.00840336
HUECH,2026,051,051-1-19,33285321.848739497
HUECH,2026,051,051-1-20,85265767.22689076
HUECH,2026,051,051-1-21,1635621.848739496
HUECH,2026,051,051-1-22,12993962.18487395
HUECH,2026,051,051-1-23,8784482.352941176
HUECH,2026,051,051-1-24,20889099.159663867
HUECH,2026,051,051-1-25,58893705.88235295
HUECH,2026,051,051-1-26,50315684.87394958
HUECH,2026,051,051-1-27,46472877.31092437
HUECH,2026,051,051-1-29,137369.74789915967
HUECH,2026,051,051-1-30,253075.63025210088
HUECH,2026,051,051-1-31,33741349.579831935
HUECH,2026,052,052-1-01,142184.87394957984
HUECH,2026,052,052-1-02,428068.06722689077
HUECH,2026,052,052-1-03,470617.64705882355
HUECH,2026,052,052-1-06,2704948.7394957985
HUECH,2026,053,053-1-01,727733.6134453781
HUECH,2026,053,053-1-02,1453100.8403361347
HUECH,2026,053,053-1-03,513512.60504201683
HUECH,2026,053,053-1-06,157114.28571428574
HUECH,2026,054,054-1-06,1589787.3949579834
HUECH,2026,060,060-1-01,10034243.697478991
HUECH,2026,067,067-1-04,17484805.88235294
HUECH,2026,069,069-1-01,46210.08403361345
HUECH,2026,069,069-2-01,249927.731092437
HUECH,2026,070,070-1-01,4808064.705882353
HUECH,2026,070,070-2-01,4241320.168067227
HUECH,2026,100,100-1-01,13208978.151260504
HUECH,2026,100,100-1-04,387428.5714285714
HUECH,2026,100,100-1-05,487143.69747899164
HUECH,2026,100,100-1-06,4157.142857142857
HUECH,2026,100,100-1-14,88630.25210084034
HUECH,2026,100,100-1-15,1037819.3277310925
HUECH,2026,100,100-1-22,89235.29411764706
HUECH,2026,100,100-1-23,49680.67226890757
HUECH,2026,100,100-1-25,251618.487394958
HUECH,2026,100,100-1-27,5620892.43697479
HUECH,2026,100,100-1-29,2416.8067226890757
HUECH,2026,100,100-1-33,44680.67226890757
HUECH,2026,100,100-1-36,155109.243697479
HUECH,2026,100,100-1-37,80655.46218487395
HUECH,2026,100,100-1-38,50415.966386554624
HUECH,2026,100,100-1-39,40327.731092436974
HUECH,2026,100,100-1-41,72998.3193277311
HUECH,2026,100,100-1-50,12809093.277310925
HUECH,2026,100,100-2-01,5166371.428571429
HUECH,2026,100,100-2-08,1763468.9075630254
HUECH,2026,101,101-1-06,599481.512605042
HUECH,2026,101,101-1-09,38229275.6302521
HUECH,2026,102,102-1-04,812316.8067226891
HUECH,2026,102,102-1-05,7192055.462184874
HUECH,2026,102,102-1-07,147789.91596638656
HUECH,2026,102,102-1-09,557093.2773109244
HUECH,2026,102,102-1-11,5008568.907563025
HUECH,2026,102,102-2-01,9346950.420168068
HUECH,2026,102,102-2-03,4001321.848739496
HUECH,2026,102,102-2-04,20373134.453781515
HUECH,2026,102,102-2-05,15192610.084033614
HUECH,2026,102,102-2-06,39676633.61344538
HUECH,2026,102,102-2-07,9047497.478991598
HUECH,2026,102,102-2-08,25730289.915966388
HUECH,2026,103,103-1-01,2673641.1764705884
HUECH,2026,103,103-1-03,1855607.56302521
HUECH,2026,103,103-1-08,574076.4705882353
HUECH,2026,103,103-2-02,1642001.6806722688
HUECH,2026,103,103-2-04,738235.2941176471
HUECH,2026,103,103-2-05,120722.68907563025
HUECH,2026,103,103-2-06,2404390.756302521
HUECH,2026,103,103-2-07,810857.142857143
HUECH,2026,103,103-2-08,1813298.3193277312
HUECH,2026,103,103-2-09,346884.87394957984
HUECH,2026,104,104-1-01,520958.8235294118
HUECH,2026,104,104-1-02,437786.55462184874
HUECH,2026,104,104-1-03,202816.8067226891
HUECH,2026,105,105-1-03,316134.4537815126
HUECH,2026,105,105-2-01,23264910.084033616
HUECH,2026,105,105-2-02,25115698.31932773
HUECH,2026,105,105-2-03,106112344.53781514
HUECH,2026,105,105-2-04,4696656.302521009
HUECH,2026,105,105-2-05,3012310.0840336136
HUECH,2026,105,105-2-06,713831.9327731093
HUECH,2026,105,105-2-07,13024068.06722689
HUECH,2026,105,105-2-11,263445.37815126055
HUECH,2026,105,105-2-14,3512497.478991597
HUECH,2026,106,106-1-01,1270588.2352941176
HUECH,2026,106,106-1-02,384685.7142857143
HUECH,2026,106,106-1-03,1088773.1092436975
HUECH,2026,106,106-1-05,152019.32773109246
HUECH,2026,106,106-1-07,537421.0084033613
HUECH,2026,106,106-1-10,58581.51260504202
HUECH,2026,106,106-1-11,11439540.336134454
HUECH,2026,106,106-1-12,9779799.159663865
HUECH,2026,106,106-2-01,1550374.7899159663
HUECH,2026,106,106-2-04,1056115.12605042
HUECH,2026,106,106-2-07,1861461.3445378153
HUECH,2026,106,106-2-11,12043881.512605043
HUECH,2026,106,106-2-12,666275.6302521009
HUECH,2026,107,107-1-06,57670.58823529412
HUECH,2026,107,107-1-07,732057.1428571428
HUECH,2026,107,107-1-10,411528.5714285715
HUECH,2026,107,107-1-11,157850.42016806724
HUECH,2026,107,107-2-01,9070492.43697479
HUECH,2026,107,107-2-06,4124396.6386554623
HUECH,2026,107,107-2-13,7644478.991596639
HUECH,2026,108,108-1-05,1392195.7983193279
HUECH,2026,108,108-1-07,3542257.142857143
HUECH,2026,108,108-1-08,6765383.1932773115
HUECH,2026,108,108-2-01,635313.4453781513
HUECH,2026,108,108-2-04,413966.38655462186
HUECH,2026,108,108-2-12,8497564.705882354
HUECH,2026,108,108-2-13,507766.38655462186
HUECH,2026,108,108-2-14,168635.29411764705
HUECH,2026,109,109-1-01,709252.9411764706
HUECH,2026,109,109-1-03,752426.8907563026
HUECH,2026,109,109-1-04,186571.42857142858
HUECH,2026,109,109-1-05,892500.0
HUECH,2026,109,109-1-09,520966.38655462186
HUECH,2026,109,109-1-10,299949.5798319328
HUECH,2026,109,109-1-11,23851709.24369748
HUECH,2026,109,109-1-13,19083747.05882353
HUECH,2026,109,109-2-01,217949.5798319328
HUECH,2026,109,109-2-04,506547.8991596639
HUECH,2026,109,109-2-09,5271089.075630252
HUECH,2026,109,109-2-10,1845452.1008403362
HUECH,2026,109,109-2-11,5149632.773109244
HUECH,2026,109,109-2-12,1691210.924369748
HUECH,2026,110,110-1-04,260147.0588235294
HUECH,2026,110,110-1-24,18117068.06722689
HUECH,2026,110,110-1-26,1446524.3697478992
HUECH,2026,110,110-1-27,144267.2268907563
HUECH,2026,110,110-2-02,281995.79831932776
HUECH,2026,110,110-2-06,1360342.0168067226
HUECH,2026,110,110-2-08,7383818.487394958
HUECH,2026,110,110-2-09,11432325.210084034
HUECH,2026,111,111-1-01,27482436.134453785
HUECH,2026,111,111-1-02,10911275.630252102
HUECH,2026,130,130-1-01,7219038.655462185
HUECH,2026,130,130-1-03,5027960.504201681
HUECH,2026,130,130-1-04,1017232.7731092437
HUECH,2026,130,130-1-05,3342021.848739496
HUECH,2026,130,130-1-06,616294690.7563026
HUECH,2026,130,130-1-07,8391309.24369748
HUECH,2026,130,130-2-02,681542.0168067227
HUECH,2026,130,130-2-03,20562531.092436977
HUECH,2026,130,130-2-04,72045662.18487395
HUECH,2026,150,150-1-01,76166693.27731092
HUECH,2026,150,150-1-02,89744.53781512607
HUECH,2026,150,150-1-03,435602.5210084034
HUECH,2026,150,150-1-04,742173.1092436975
HUECH,2026,150,150-1-05,829126.8907563025
HUECH,2026,150,150-1-06,2690947.899159664
HUECH,2026,150,150-1-08,130886.55462184874
HUECH,2026,150,150-1-09,4918573.949579832
HUECH,2026,150,150-1-10,220727.731092437
HUECH,2026,150,150-1-11,40294.117647058825
HUECH,2026,150,150-1-13,11994378.99159664
HUECH,2026,150,150-1-16,321807.5630252101
HUECH,2026,150,150-1-19,533725.2100840337
HUECH,2026,150,150-1-20,78062995.79831932
HUECH,2026,150,150-1-23,18401606.722689074
HUECH,2026,150,150-1-25,38054.621848739494
HUECH,2026,150,150-2-01,6001797.478991597
HUECH,2026,150,150-2-02,265840.33613445377
HUECH,2026,150,150-2-03,309876.4705882353
HUECH,2026,150,150-2-04,1942445.3781512608
HUECH,2026,150,150-2-10,429586.55462184874
HUECH,2026,150,150-2-17,614505.0420168068
HUECH,2026,151,151-1-01,37000.0
HUECH,2026,151,151-1-02,3109532.7731092437
HUECH,2026,151,151-1-03,37114.28571428572
HUECH,2026,151,151-1-04,113098.3193277311
HUECH,2026,151,151-1-05,168058.82352941178
HUECH,2026,151,151-1-17,2086521.848739496
HUECH,2026,151,151-2-06,32079058.82352941
HUECH,2026,151,151-2-25,5724126.890756303
HUECH,2026,180,180-2-06,208741.17647058822
HUECH,2026,199,199-1-01,98180.67226890757
HUECH,2026,200,200-1-01,16021473.109243698
HUECH,2026,200,200-1-02,4921447.899159664
HUECH,2026,200,200-1-07,976000.0000000001
HUECH,2026,200,200-1-08,5564424.3697478995
HUECH,2026,200,200-1-10,3277634.4537815126
HUECH,2026,201,201-2-01,173310.9243697479
HUECH,2026,210,210-1-01,935856.3025210084
HUECH,2026,404,404-1-01,224473.94957983194
HUECH,2026,404,404-1-02,7186562.18487395
HUECH,2026,500,500-1-01,19653236.974789917
HUECH,2026,500,500-1-02,5765326.050420169
HUECH,2026,500,500-1-12,21907.563025210085
HUECH,2026,500,500-1-22,152050.42016806724
HUECH,2026,500,500-1-53,22475.63025210084
HUECH,2026,600,600-1-01,1042500.8403361344
HUECH,2026,600,600-1-02,1580913.4453781513
HUECH,2026,600,600-1-05,591615.1260504202
HUECH,2026,700,700-2-02,26201.680672268907
HUECH,2026,777,777-1-01,649258.8235294118
HUECH,2026,816,816-1-01,103436.97478991596
HUECH,2026,916,916-1-01,413471.4285714286
MAIPU,2025,001,001-1-01,145480269.74789917
MAIPU,2025,001,001-1-02,11123781.512605043
MAIPU,2025,001,001-1-03,5067698.319327732
MAIPU,2025,001,001-1-04,5253980.672268908
MAIPU,2025,001,001-1-05,3003354.6218487397
MAIPU,2025,001,001-1-06,6192280.672268908
MAIPU,2025,001,001-1-07,3729700.0
MAIPU,2025,001,001-1-08,1044377.3109243698
MAIPU,2025,001,001-1-09,2757614.285714286
MAIPU,2025,001,001-1-10,1793715.9663865548
MAIPU,2025,001,001-2-01,12574283.19327731
MAIPU,2025,001,001-2-02,14284193.277310925
MAIPU,2025,001,001-2-03,9598856.302521009
MAIPU,2025,001,001-2-04,2658274.7899159663
MAIPU,2025,001,001-2-05,5148704.201680672
MAIPU,2025,001,001-2-06,3225754.6218487397
MAIPU,2025,001,001-2-07,2251368.067226891
MAIPU,2025,001,001-2-08,4715443.697478992
MAIPU,2025,001,001-2-09,3003554.6218487397
MAIPU,2025,002,002-1-01,11809984.033613445
MAIPU,2025,002,002-1-02,7175013.445378152
MAIPU,2025,002,002-1-03,2993123.529411765
MAIPU,2025,002,002-1-04,3946671.4285714286
MAIPU,2025,002,002-1-05,1269712.6050420168
MAIPU,2025,002,002-1-06,6864742.016806723
MAIPU,2025,002,002-1-07,3584982.352941177
MAIPU,2025,002,002-1-08,2082299.1596638656
MAIPU,2025,002,002-1-09,2683912.605042017
MAIPU,2025,002,002-1-10,4510389.915966387
MAIPU,2025,002,002-2-01,16317081.512605043
MAIPU,2025,002,002-2-02,4825242.016806723
MAIPU,2025,002,002-2-03,8881438.655462185
MAIPU,2025,002,002-2-04,5055457.142857143
MAIPU,2025,002,002-2-05,3245047.0588235296
MAIPU,2025,002,002-2-06,4008614.285714286
MAIPU,2025,002,002-2-07,2026626.050420168
MAIPU,2025,002,002-2-08,3185341.1764705884
MAIPU,2025,003,003-1-01,7698741.176470589
MAIPU,2025,003,003-1-02,4597669.74789916
MAIPU,2025,003,003-1-03,6175794.957983194
MAIPU,2025,003,003-1-04,2531391.5966386553
MAIPU,2025,003,003-1-05,748255.462184874
MAIPU,2025,003,003-1-06,4086488.235294118
MAIPU,2025,003,003-1-07,1816155.4621848739
MAIPU,2025,003,003-1-08,1126575.630252101
MAIPU,2025,003,003-1-09,1078597.4789915967
MAIPU,2025,003,003-2-01,25349991.596638657
MAIPU,2025,003,003-2-04,4653526.050420168
MAIPU,2025,003,003-2-05,1780862.1848739497
MAIPU,2025,003,003-2-06,2558312.605042017
MAIPU,2025,003,003-2-07,1648035.2941176472
MAIPU,2025,003,003-2-08,1340636.974789916
MAIPU,2025,004,004-1-01,14866663.865546219
MAIPU,2025,004,004-1-02,4193331.9327731095
MAIPU,2025,004,004-1-03,226273.1092436975
MAIPU,2025,004,004-1-04,2635489.9159663864
MAIPU,2025,004,004-1-05,2686342.8571428573
MAIPU,2025,004,004-2-01,19358810.084033612
MAIPU,2025,004,004-2-02,9321933.613445379
MAIPU,2025,004,004-2-03,5823242.857142857
MAIPU,2025,004,004-2-04,819987.3949579833
MAIPU,2025,004,004-2-05,1280758.8235294118
MAIPU,2025,004,004-2-06,326299.1596638656
MAIPU,2025,005,005-1-01,9384307.56302521
MAIPU,2025,005,005-1-02,5974515.12605042
MAIPU,2025,005,005-1-03,4073053.781512605
MAIPU,2025,005,005-1-04,3501252.941176471
MAIPU,2025,005,005-1-05,3800169.74789916
MAIPU,2025,005,005-1-06,447547.05882352946
MAIPU,2025,005,005-2-01,4445.378151260505
MAIPU,2025,005,005-2-02,4014964.7058823532
MAIPU,2025,005,005-2-03,17844642.85714286
MAIPU,2025,005,005-2-04,1182362.1848739495
MAIPU,2025,005,005-2-05,20771644.537815128
MAIPU,2025,005,005-2-06,3208221.848739496
MAIPU,2025,005,005-2-07,4446733.613445378
MAIPU,2025,005,005-2-08,18154588.23529412
MAIPU,2025,005,005-2-09,3787038.655462185
MAIPU,2025,005,005-2-10,6555393.277310925
MAIPU,2025,005,005-2-11,2737078.9915966387
MAIPU,2025,006,006-1-01,687542.0168067227
MAIPU,2025,006,006-1-02,1432067.2268907563
MAIPU,2025,006,006-1-03,1274205.0420168068
MAIPU,2025,006,006-1-04,1190938.655462185
MAIPU,2025,006,006-1-05,2281914.285714286
MAIPU,2025,006,006-1-06,898678.9915966387
MAIPU,2025,006,006-1-07,1150863.8655462186
MAIPU,2025,006,006-1-08,1682557.142857143
MAIPU,2025,006,006-1-09,543602.5210084034
MAIPU,2025,006,006-1-10,1860364.705882353
MAIPU,2025,006,006-1-11,1426622.6890756304
MAIPU,2025,006,006-1-12,1528115.12605042
MAIPU,2025,006,006-1-13,2397965.5462184874
MAIPU,2025,006,006-1-14,1699984.0336134455
MAIPU,2025,006,006-1-15,3291754.6218487397
MAIPU,2025,006,006-1-16,1149900.8403361344
MAIPU,2025,006,006-1-17,1619776.4705882354
MAIPU,2025,006,006-2-01,1524503.361344538
MAIPU,2025,006,006-2-02,270930.2521008403
MAIPU,2025,006,006-2-03,1824646.218487395
MAIPU,2025,006,006-2-04,304766.38655462186
MAIPU,2025,006,006-2-05,1565909.2436974791
MAIPU,2025,006,006-2-06,750026.0504201681
MAIPU,2025,006,006-2-07,131886.55462184874
MAIPU,2025,006,006-2-08,1142074.7899159663
MAIPU,2025,006,006-2-09,315436.974789916
MAIPU,2025,006,006-2-10,1171060.5042016807
MAIPU,2025,006,006-2-11,858368.0672268908
MAIPU,2025,006,006-2-12,2632043.697478992
MAIPU,2025,006,006-2-13,840089.0756302521
MAIPU,2025,006,006-2-14,4715131.9327731095
MAIPU,2025,006,006-2-15,1241390.756302521
MAIPU,2025,006,006-2-16,1210704.2016806724
MAIPU,2025,007,007-1-01,1198886.5546218487
MAIPU,2025,007,007-1-02,1133368.9075630251
MAIPU,2025,007,007-1-03,690847.8991596639
MAIPU,2025,007,007-1-04,2543727.731092437
MAIPU,2025,007,007-1-05,2587234.4537815126
MAIPU,2025,007,007-1-06,885795.7983193278
MAIPU,2025,007,007-1-07,3873458.823529412
MAIPU,2025,007,007-1-08,1750316.8067226892
MAIPU,2025,007,007-1-09,1538291.5966386555
MAIPU,2025,007,007-1-10,1118656.3025210085
MAIPU,2025,007,007-1-11,1080137.8151260505
MAIPU,2025,007,007-1-12,1015584.0336134455
MAIPU,2025,007,007-1-13,1021645.3781512605
MAIPU,2025,007,007-1-14,612500.0
MAIPU,2025,007,007-1-15,1443617.6470588236
MAIPU,2025,007,007-1-16,159223.5294117647
MAIPU,2025,007,007-2-01,2460578.151260504
MAIPU,2025,007,007-2-02,2534069.74789916
MAIPU,2025,007,007-2-03,1652142.0168067229
MAIPU,2025,007,007-2-04,2378174.7899159663
MAIPU,2025,007,007-2-05,2046187.3949579834
MAIPU,2025,007,007-2-06,994572.2689075631
MAIPU,2025,007,007-2-07,1818788.2352941178
MAIPU,2025,007,007-2-08,2063859.6638655462
MAIPU,2025,007,007-2-09,1755700.8403361344
MAIPU,2025,007,007-2-10,1156894.9579831935
MAIPU,2025,007,007-2-11,1238849.579831933
MAIPU,2025,007,007-2-12,725017.6470588236
MAIPU,2025,007,007-2-13,831521.8487394959
MAIPU,2025,007,007-2-14,1245299.1596638656
MAIPU,2025,007,007-2-15,654727.731092437
MAIPU,2025,007,007-2-16,655313.4453781513
MAIPU,2025,007,007-2-17,509857.1428571429
MAIPU,2025,008,008-1-01,1412578.9915966387
MAIPU,2025,008,008-1-02,807345.3781512605
MAIPU,2025,008,008-1-03,604342.8571428572
MAIPU,2025,008,008-1-04,459086.55462184874
MAIPU,2025,008,008-1-05,2496952.100840336
MAIPU,2025,008,008-1-06,1424852.9411764706
MAIPU,2025,008,008-1-07,393563.02521008404
MAIPU,2025,008,008-1-08,3326948.7394957985
MAIPU,2025,008,008-1-09,844828.5714285715
MAIPU,2025,008,008-1-10,1625568.067226891
MAIPU,2025,008,008-1-11,787485.7142857143
MAIPU,2025,008,008-1-12,1398240.3361344538
MAIPU,2025,008,008-1-13,768285.7142857143
MAIPU,2025,008,008-1-14,161713.44537815126
MAIPU,2025,008,008-1-15,337647.05882352946
MAIPU,2025,008,008-1-16,32747.899159663866
MAIPU,2025,008,008-2-01,2088014.285714286
MAIPU,2025,008,008-2-02,690798.3193277312
MAIPU,2025,008,008-2-03,839396.6386554622
MAIPU,2025,008,008-2-04,667847.0588235294
MAIPU,2025,008,008-2-05,779610.924369748
MAIPU,2025,008,008-2-06,1544384.87394958
MAIPU,2025,008,008-2-07,1066626.8907563025
MAIPU,2025,008,008-2-08,1980297.4789915967
MAIPU,2025,008,008-2-09,961250.4201680673
MAIPU,2025,008,008-2-10,1584762.1848739497
MAIPU,2025,008,008-2-11,281981.512605042
MAIPU,2025,008,008-2-12,210806.72268907563
MAIPU,2025,008,008-2-13,234487.39495798323
MAIPU,2025,008,008-2-14,130876.4705882353
MAIPU,2025,009,009-1-01,978313.4453781513
MAIPU,2025,009,009-1-02,1297303.361344538
MAIPU,2025,009,009-1-03,2848.7394957983192
MAIPU,2025,009,009-1-04,3184053.781512605
MAIPU,2025,009,009-1-05,505718.48739495804
MAIPU,2025,009,009-1-06,1185565.5462184874
MAIPU,2025,009,009-1-07,209016.80672268907
MAIPU,2025,009,009-1-08,561252.1008403362
MAIPU,2025,009,009-1-09,390610.08403361344
MAIPU,2025,009,009-1-10,556201.680672269
MAIPU,2025,009,009-1-11,239971.42857142858
MAIPU,2025,009,009-1-12,105336.13445378152
MAIPU,2025,009,009-1-13,187938.6554621849
MAIPU,2025,009,009-1-14,624424.3697478991
MAIPU,2025,009,009-2-01,1796566.3865546219
MAIPU,2025,009,009-2-02,2437223.529411765
MAIPU,2025,009,009-2-03,1592674.7899159663
MAIPU,2025,009,009-2-04,2469087.3949579834
MAIPU,2025,009,009-2-05,793180.6722689075
MAIPU,2025,009,009-2-06,1609797.4789915967
MAIPU,2025,009,009-2-07,605659.6638655462
MAIPU,2025,009,009-2-08,401883.19327731093
MAIPU,2025,009,009-2-09,1538083.193277311
MAIPU,2025,009,009-2-10,942142.8571428572
MAIPU,2025,009,009-2-11,1269463.8655462186
MAIPU,2025,009,009-2-12,513815.12605042016
MAIPU,2025,010,010-1-01,1025742.0168067227
MAIPU,2025,010,010-1-02,520749.5798319328
MAIPU,2025,010,010-1-03,667791.5966386555
MAIPU,2025,010,010-1-04,371680.6722689076
MAIPU,2025,010,010-1-05,950438.6554621849
MAIPU,2025,010,010-1-06,868009.243697479
MAIPU,2025,010,010-1-07,605202.5210084034
MAIPU,2025,010,010-1-08,75344.53781512605
MAIPU,2025,010,010-1-09,3317266.386554622
MAIPU,2025,010,010-1-10,3298041.1764705884
MAIPU,2025,010,010-1-11,2003331.0924369749
MAIPU,2025,010,010-1-13,1776360.5042016807
MAIPU,2025,010,010-1-14,7132252.941176471
MAIPU,2025,010,010-2-01,4335299.159663865
MAIPU,2025,010,010-2-03,346557.9831932773
MAIPU,2025,010,010-2-04,1064491.5966386555
MAIPU,2025,010,010-2-06,7078647.05882353
MAIPU,2025,010,010-2-07,3832282.3529411764
MAIPU,2025,011,011-2-01,24981311.764705885
MAIPU,2025,012,012-1-02,16987275.6302521
MAIPU,2025,012,012-1-03,9414354.62184874
MAIPU,2025,012,012-1-04,10732099.159663865
MAIPU,2025,012,012-1-05,15831776.470588237
MAIPU,2025,012,012-1-06,7577189.915966387
MAIPU,2025,012,012-1-07,4834436.974789917
MAIPU,2025,012,012-1-08,3006907.5630252105
MAIPU,2025,012,012-2-01,926357.142857143
MAIPU,2025,012,012-2-03,12799873.109243698
MAIPU,2025,012,012-2-04,3468341.1764705884
MAIPU,2025,012,012-2-09,709459.6638655462
MAIPU,2025,012,012-2-10,1394025.2100840337
MAIPU,2025,012,012-2-15,5929707.56302521
MAIPU,2025,012,012-2-16,2263959.663865546
MAIPU,2025,012,012-2-17,2667595.7983193276
MAIPU,2025,012,012-2-18,4412452.941176471
MAIPU,2025,012,012-2-19,2781388.2352941176
MAIPU,2025,012,012-2-20,9383675.630252102
MAIPU,2025,012,012-2-21,4683450.420168067
MAIPU,2025,012,012-2-22,3331374.7899159663
MAIPU,2025,013,013-1-02,21756.302521008405
MAIPU,2025,013,013-1-03,51672.26890756302
MAIPU,2025,013,013-2-07,618462.1848739496
MAIPU,2025,013,013-2-08,207403.3613445378
MAIPU,2025,014,014-1-07,381142.85714285716
MAIPU,2025,014,014-1-08,41294.117647058825
MAIPU,2025,014,014-1-09,356514.28571428574
MAIPU,2025,014,014-1-12,787705.8823529412
MAIPU,2025,015,015-1-04,1478035.2941176472
MAIPU,2025,015,015-2-02,256806.72268907563
MAIPU,2025,015,015-2-03,48070.58823529412
MAIPU,2025,015,015-2-06,690378.1512605043
MAIPU,2025,015,015-2-09,494871.4285714286
MAIPU,2025,015,015-2-12,2103981.512605042
MAIPU,2025,015,015-2-13,383841.17647058825
MAIPU,2025,016,016-1-02,1035868.9075630252
MAIPU,2025,016,016-1-03,36027805.04201681
MAIPU,2025,016,016-1-04,117353.78151260506
MAIPU,2025,016,016-2-01,6619893.277310925
MAIPU,2025,016,016-2-08,319142.85714285716
MAIPU,2025,017,017-1-01,363061.3445378152
MAIPU,2025,017,017-1-02,1137610.924369748
MAIPU,2025,017,017-2-06,595949.5798319328
MAIPU,2025,017,017-2-08,618991.5966386555
MAIPU,2025,018,018-1-07,27005.042016806725
MAIPU,2025,018,018-1-09,86967.22689075631
MAIPU,2025,019,019-1-01,33610.08403361345
MAIPU,2025,028,028-1-01,81302.52100840336
MAIPU,2025,028,028-1-02,160471.42857142858
MAIPU,2025,028,028-1-03,254537.81512605044
MAIPU,2025,029,029-1-01,9411910.084033614
MAIPU,2025,030,030-1-01,721499.1596638656
MAIPU,2025,030,030-1-02,3498657.1428571427
MAIPU,2025,030,030-1-03,4612710.084033613
MAIPU,2025,030,030-1-04,54100.84033613445
MAIPU,2025,030,030-1-05,8227121.8487394955
MAIPU,2025,030,030-1-06,233378.1512605042
MAIPU,2025,030,030-1-08,90352.9411764706
MAIPU,2025,030,030-1-10,40470.58823529412
MAIPU,2025,030,030-1-11,9284.03361344538
MAIPU,2025,030,030-1-15,11529.411764705883
MAIPU,2025,030,030-1-18,854561.3445378151
MAIPU,2025,030,030-1-19,506655.462184874
MAIPU,2025,031,031-1-01,354816.80672268907
MAIPU,2025,032,032-1-01,868210.0840336134
MAIPU,2025,040,040-1-01,64588.23529411765
MAIPU,2025,040,040-1-03,5588.235294117648
MAIPU,2025,040,040-1-04,2209128.5714285714
MAIPU,2025,040,040-1-05,379761.34453781514
MAIPU,2025,040,040-1-06,19127089.915966388
MAIPU,2025,040,040-2-02,387571.4285714286
MAIPU,2025,044,044-1-09,1900882.3529411766
MAIPU,2025,044,044-1-11,188243.69747899158
MAIPU,2025,045,045-2-16,154016.80672268907
MAIPU,2025,050,050-1-01,5404151.260504202
MAIPU,2025,050,050-1-03,5857628.571428572
MAIPU,2025,051,051-1-01,366605.8823529412
MAIPU,2025,052,052-1-01,45463.86554621849
MAIPU,2025,052,052-1-02,25422782.352941178
MAIPU,2025,052,052-1-06,26053842.016806725
MAIPU,2025,059,059-2-03,648640.3361344538
MAIPU,2025,060,060-1-01,3534493.2773109246
MAIPU,2025,060,060-1-02,912255.462184874
MAIPU,2025,060,060-1-04,147831.93277310926
MAIPU,2025,061,061-1-01,92586635.29411764
MAIPU,2025,071,071-1-01,4452971.428571429
MAIPU,2025,071,071-1-05,133557.98319327732
MAIPU,2025,100,100-1-02,301120.1680672269
MAIPU,2025,100,100-1-03,130681.51260504202
MAIPU,2025,100,100-2-03,72831.93277310925
MAIPU,2025,100,100-2-05,1237.8151260504203
MAIPU,2025,101,101-1-01,433184.0336134454
MAIPU,2025,101,101-1-02,536529.4117647059
MAIPU,2025,101,101-1-03,1620122.6890756304
MAIPU,2025,101,101-2-02,679436.9747899161
MAIPU,2025,101,101-2-03,116421.8487394958
MAIPU,2025,101,101-2-04,106046.21848739496
MAIPU,2025,102,102-1-01,33151.26050420168
MAIPU,2025,102,102-1-02,2078.1512605042017
MAIPU,2025,102,102-1-03,22774.789915966387
MAIPU,2025,102,102-2-01,149341.17647058825
MAIPU,2025,102,102-2-04,44088.23529411765
MAIPU,2025,103,103-1-01,27211.764705882353
MAIPU,2025,103,103-1-02,2019215.1260504203
MAIPU,2025,103,103-1-03,5956678.991596639
MAIPU,2025,103,103-1-04,61512.60504201681
MAIPU,2025,103,103-2-02,595366.3865546219
MAIPU,2025,103,103-2-03,3079247.899159664
MAIPU,2025,103,103-2-04,450910.08403361344
MAIPU,2025,104,104-1-01,1445804.2016806724
MAIPU,2025,104,104-1-02,282800.0
MAIPU,2025,104,104-1-03,1530839.4957983193
MAIPU,2025,104,104-1-04,13895795.798319329
MAIPU,2025,104,104-2-01,92018.48739495798
MAIPU,2025,104,104-2-03,670081.5126050421
MAIPU,2025,105,105-1-01,308067.22689075634
MAIPU,2025,105,105-1-02,9739.495798319329
MAIPU,2025,105,105-1-03,43663.86554621849
MAIPU,2025,105,105-1-04,1685549.579831933
MAIPU,2025,105,105-2-02,93100.84033613445
MAIPU,2025,105,105-2-04,123405.04201680672
MAIPU,2025,106,106-1-03,999659.6638655463
MAIPU,2025,106,106-1-04,52126.89075630252
MAIPU,2025,106,106-2-02,2477436.1344537814
MAIPU,2025,106,106-2-03,882577.3109243698
MAIPU,2025,106,106-2-04,375763.02521008404
MAIPU,2025,107,107-1-01,19529.41176470588
MAIPU,2025,107,107-1-02,160066.38655462186
MAIPU,2025,107,107-1-04,16447.058823529413
MAIPU,2025,107,107-2-01,14529.411764705883
MAIPU,2025,107,107-2-03,111368.06722689077
MAIPU,2025,107,107-2-05,2344.5378151260506
MAIPU,2025,108,108-1-02,147472.26890756303
MAIPU,2025,108,108-1-04,142963.02521008404
MAIPU,2025,108,108-2-02,4183005.0420168065
MAIPU,2025,108,108-2-03,174776.4705882353
MAIPU,2025,109,109-1-02,71638.65546218488
MAIPU,2025,109,109-1-03,23495.798319327732
MAIPU,2025,109,109-1-04,76099.15966386555
MAIPU,2025,109,109-2-01,71239.49579831933
MAIPU,2025,109,109-2-02,572243.6974789916
MAIPU,2025,109,109-2-03,1857779.8319327733
MAIPU,2025,109,109-2-04,684833.6134453781
MAIPU,2025,110,110-1-01,571605.8823529412
MAIPU,2025,110,110-1-02,1040626.8907563025
MAIPU,2025,110,110-1-03,411566.38655462186
MAIPU,2025,110,110-1-04,17634.453781512606
MAIPU,2025,110,110-1-05,79628.57142857143
MAIPU,2025,110,110-2-01,1738038.655462185
MAIPU,2025,110,110-2-02,918785.7142857143
MAIPU,2025,110,110-2-03,316671.4285714286
MAIPU,2025,110,110-2-04,15050.420168067229
MAIPU,2025,110,110-2-05,29057.14285714286
MAIPU,2025,112,112-1-01,7117457.983193277
MAIPU,2025,112,112-1-03,21299.159663865546
MAIPU,2025,112,112-1-04,53711.76470588236
MAIPU,2025,112,112-2-01,199344.53781512604
MAIPU,2025,112,112-2-02,1379226.050420168
MAIPU,2025,113,113-1-01,3537205.882352941
MAIPU,2025,113,113-1-02,351463.02521008404
MAIPU,2025,113,113-1-04,441841.17647058825
MAIPU,2025,113,113-2-01,425552.1008403362
MAIPU,2025,113,113-2-03,568491.5966386555
MAIPU,2025,113,113-2-04,352700.8403361345
MAIPU,2025,114,114-1-02,355963.8655462185
MAIPU,2025,114,114-2-02,878091.5966386555
MAIPU,2025,114,114-2-03,116243.6974789916
MAIPU,2025,115,115-1-02,13840.336134453784
MAIPU,2025,115,115-2-01,1064425.2100840337
MAIPU,2025,115,115-2-02,369681.512605042
MAIPU,2025,115,115-2-03,482695.79831932776
MAIPU,2025,116,116-1-01,11938252.100840336
MAIPU,2025,116,116-1-04,7155656.302521009
MAIPU,2025,116,116-2-01,16403718.487394959
MAIPU,2025,116,116-2-02,11986010.084033614
MAIPU,2025,116,116-2-04,2115694.9579831935
MAIPU,2025,117,117-1-02,1140466.3865546219
MAIPU,2025,117,117-1-03,4384023.529411765
MAIPU,2025,117,117-1-04,376773.94957983197
MAIPU,2025,117,117-2-01,3784104.2016806724
MAIPU,2025,117,117-2-03,638255.462184874
MAIPU,2025,118,118-1-01,6166374.789915967
MAIPU,2025,118,118-1-02,10780257.983193278
MAIPU,2025,118,118-1-03,252857.14285714287
MAIPU,2025,118,118-2-01,1794285.7142857143
MAIPU,2025,118,118-2-02,4815005.882352942
MAIPU,2025,118,118-2-03,615052.1008403362
MAIPU,2025,119,119-1-02,546751.2605042018
MAIPU,2025,119,119-2-01,6030925.210084034
MAIPU,2025,119,119-2-02,4372.268907563025
MAIPU,2025,119,119-2-03,11231.09243697479
MAIPU,2025,120,120-1-01,35519.32773109244
MAIPU,2025,120,120-1-02,287136.13445378153
MAIPU,2025,120,120-1-03,53697.47899159664
MAIPU,2025,120,120-1-04,199895.79831932773
MAIPU,2025,120,120-2-03,26525.210084033617
MAIPU,2025,121,121-1-01,1121634.4537815128
MAIPU,2025,121,121-1-02,7843527.731092437
MAIPU,2025,121,121-1-03,1319359.6638655462
MAIPU,2025,121,121-2-02,408201.68067226897
MAIPU,2025,122,122-1-01,5010900.840336135
MAIPU,2025,122,122-1-02,209850.42016806727
MAIPU,2025,122,122-1-03,1311385.7142857143
MAIPU,2025,122,122-2-02,297436.97478991596
MAIPU,2025,122,122-2-03,3653189.915966387
MAIPU,2025,123,123-1-01,2397636.1344537814
MAIPU,2025,123,123-2-01,5879580.672268908
MAIPU,2025,124,124-1-01,4141705.882352941
MAIPU,2025,124,124-2-01,2296963.025210084
MAIPU,2025,125,125-1-01,1801980.6722689075
MAIPU,2025,152,152-1-01,600370328.5714287
MAIPU,2025,152,152-1-02,16217877.31092437
MAIPU,2025,152,152-1-03,47472427.73109244
MAIPU,2025,152,152-1-04,1795018812.6050422
MAIPU,2025,152,152-1-05,634107.56302521
MAIPU,2025,152,152-1-06,3393873.949579832
MAIPU,2025,152,152-1-07,37077310.084033616
MAIPU,2025,152,152-1-08,1540610.0840336136
MAIPU,2025,152,152-1-09,953352.1008403362
MAIPU,2025,160,160-1-02,780374.7899159665
MAIPU,2025,170,170-1-01,7363.025210084034
MAIPU,2025,200,200-1-01,1561983.193277311
MAIPU,2025,200,200-2-03,9344.53781512605
MAIPU,2025,200,200-2-04,455584.8739495799
MAIPU,2025,400,400-1-01,715126.0504201681
MAIPU,2025,801,801-1-01,45066925.210084036
MAIPU,2026,001,001-1-01,73686484.87394959
MAIPU,2026,001,001-1-02,12832035.294117648
MAIPU,2026,001,001-1-03,4628767.226890757
MAIPU,2026,001,001-1-04,6501980.672268908
MAIPU,2026,001,001-1-05,2184219.3277310925
MAIPU,2026,001,001-1-06,4937223.529411765
MAIPU,2026,001,001-1-07,2358696.6386554623
MAIPU,2026,001,001-1-08,1299368.9075630254
MAIPU,2026,001,001-1-09,4108896.6386554623
MAIPU,2026,001,001-1-10,3351940.336134454
MAIPU,2026,001,001-2-01,12578398.31932773
MAIPU,2026,001,001-2-02,14337535.294117648
MAIPU,2026,001,001-2-03,8043855.462184874
MAIPU,2026,001,001-2-04,2227541.1764705884
MAIPU,2026,001,001-2-05,5732075.630252101
MAIPU,2026,001,001-2-06,5995837.81512605
MAIPU,2026,001,001-2-07,3207410.0840336136
MAIPU,2026,001,001-2-08,3746031.9327731095
MAIPU,2026,001,001-2-09,2921340.336134454
MAIPU,2026,002,002-1-01,10314028.571428573
MAIPU,2026,002,002-1-02,6987667.226890757
MAIPU,2026,002,002-1-03,3227741.1764705884
MAIPU,2026,002,002-1-04,3819084.0336134452
MAIPU,2026,002,002-1-05,1432852.9411764706
MAIPU,2026,002,002-1-06,6744138.655462185
MAIPU,2026,002,002-1-07,3573908.4033613447
MAIPU,2026,002,002-1-08,2217019.3277310925
MAIPU,2026,002,002-1-09,2691789.0756302522
MAIPU,2026,002,002-1-10,3861659.6638655467
MAIPU,2026,002,002-2-01,15602831.93277311
MAIPU,2026,002,002-2-02,4388921.008403362
MAIPU,2026,002,002-2-03,8421764.705882354
MAIPU,2026,002,002-2-04,3621924.3697478995
MAIPU,2026,002,002-2-05,3740587.3949579834
MAIPU,2026,002,002-2-06,3005004.2016806724
MAIPU,2026,002,002-2-07,2134329.411764706
MAIPU,2026,002,002-2-08,2403551.2605042015
MAIPU,2026,003,003-1-01,7666002.521008404
MAIPU,2026,003,003-1-02,3890269.74789916
MAIPU,2026,003,003-1-03,5699315.12605042
MAIPU,2026,003,003-1-04,2817397.4789915965
MAIPU,2026,003,003-1-05,1062077.3109243698
MAIPU,2026,003,003-1-06,4495247.05882353
MAIPU,2026,003,003-1-07,1475863.0252100842
MAIPU,2026,003,003-1-08,694378.1512605043
MAIPU,2026,003,003-1-09,1482710.0840336136
MAIPU,2026,003,003-2-01,21372121.848739497
MAIPU,2026,003,003-2-04,4210910.924369748
MAIPU,2026,003,003-2-05,2252890.756302521
MAIPU,2026,003,003-2-06,2846154.6218487397
MAIPU,2026,003,003-2-07,1724328.5714285716
MAIPU,2026,003,003-2-08,1175309.2436974791
MAIPU,2026,004,004-1-01,14248180.672268908
MAIPU,2026,004,004-1-02,4646423.529411765
MAIPU,2026,004,004-1-03,109025.21008403362
MAIPU,2026,004,004-1-04,2369442.8571428573
MAIPU,2026,004,004-1-05,3430152.941176471
MAIPU,2026,004,004-2-01,22596741.17647059
MAIPU,2026,004,004-2-02,6894723.529411765
MAIPU,2026,004,004-2-03,5051967.226890757
MAIPU,2026,004,004-2-04,1206536.1344537816
MAIPU,2026,004,004-2-05,1444637.8151260505
MAIPU,2026,004,004-2-06,591597.4789915966
MAIPU,2026,005,005-1-01,8134813.445378152
MAIPU,2026,005,005-1-02,5466834.453781513
MAIPU,2026,005,005-1-03,5563179.831932774
MAIPU,2026,005,005-1-04,3081194.117647059
MAIPU,2026,005,005-1-05,2663684.87394958
MAIPU,2026,005,005-1-06,553819.3277310925
MAIPU,2026,005,005-2-02,3177157.9831932774
MAIPU,2026,005,005-2-03,13096178.151260504
MAIPU,2026,005,005-2-04,1240636.1344537816
MAIPU,2026,005,005-2-05,26824701.68067227
MAIPU,2026,005,005-2-06,3635806.722689076
MAIPU,2026,005,005-2-07,4691536.134453782
MAIPU,2026,005,005-2-08,1463087.3949579832
MAIPU,2026,005,005-2-09,2564857.9831932774
MAIPU,2026,005,005-2-10,2918771.4285714286
MAIPU,2026,005,005-2-11,1474868.0672268907
MAIPU,2026,006,006-1-01,1311805.8823529412
MAIPU,2026,006,006-1-02,1650378.1512605043
MAIPU,2026,006,006-1-03,1346279.831932773
MAIPU,2026,006,006-1-04,808504.2016806724
MAIPU,2026,006,006-1-05,2094707.5630252103
MAIPU,2026,006,006-1-06,1193342.8571428573
MAIPU,2026,006,006-1-07,869494.1176470589
MAIPU,2026,006,006-1-08,3093268.907563025
MAIPU,2026,006,006-1-09,446286.55462184874
MAIPU,2026,006,006-1-10,1054400.0
MAIPU,2026,006,006-1-11,2370419.3277310925
MAIPU,2026,006,006-1-12,1810706.7226890756
MAIPU,2026,006,006-1-13,1198580.6722689075
MAIPU,2026,006,006-1-14,2245615.12605042
MAIPU,2026,006,006-1-15,2709984.87394958
MAIPU,2026,006,006-1-16,2056299.1596638656
MAIPU,2026,006,006-1-17,654313.4453781513
MAIPU,2026,006,006-2-01,1455429.411764706
MAIPU,2026,006,006-2-02,639008.4033613446
MAIPU,2026,006,006-2-03,2034690.756302521
MAIPU,2026,006,006-2-04,404581.512605042
MAIPU,2026,006,006-2-05,1111779.831932773
MAIPU,2026,006,006-2-06,792968.9075630252
MAIPU,2026,006,006-2-07,242657.98319327732
MAIPU,2026,006,006-2-08,2050011.7647058824
MAIPU,2026,006,006-2-09,440736.13445378153
MAIPU,2026,006,006-2-10,1087277.3109243698
MAIPU,2026,006,006-2-11,1077899.1596638656
MAIPU,2026,006,006-2-12,4146688.2352941176
MAIPU,2026,006,006-2-13,1936689.9159663867
MAIPU,2026,006,006-2-14,3906713.4453781513
MAIPU,2026,006,006-2-15,1263357.9831932774
MAIPU,2026,006,006-2-16,1312567.2268907563
MAIPU,2026,007,007-1-01,1519589.9159663867
MAIPU,2026,007,007-1-02,1125308.4033613445
MAIPU,2026,007,007-1-03,1029694.1176470589
MAIPU,2026,007,007-1-04,2207863.8655462186
MAIPU,2026,007,007-1-05,2021705.8823529412
MAIPU,2026,007,007-1-06,1238938.655462185
MAIPU,2026,007,007-1-07,4278734.453781513
MAIPU,2026,007,007-1-08,1260633.6134453781
MAIPU,2026,007,007-1-09,1307629.411764706
MAIPU,2026,007,007-1-10,1273665.5462184874
MAIPU,2026,007,007-1-11,1301267.2268907563
MAIPU,2026,007,007-1-12,784424.3697478992
MAIPU,2026,007,007-1-13,849570.5882352941
MAIPU,2026,007,007-1-14,715730.2521008403
MAIPU,2026,007,007-1-15,2564963.8655462186
MAIPU,2026,007,007-1-16,405689.0756302521
MAIPU,2026,007,007-1-17,15100.840336134455
MAIPU,2026,007,007-2-01,3067393.2773109246
MAIPU,2026,007,007-2-02,3025249.579831933
MAIPU,2026,007,007-2-03,1979360.504201681
MAIPU,2026,007,007-2-04,2063463.8655462186
MAIPU,2026,007,007-2-05,2626869.74789916
MAIPU,2026,007,007-2-06,1164356.3025210085
MAIPU,2026,007,007-2-07,2253621.0084033613
MAIPU,2026,007,007-2-08,1568641.1764705882
MAIPU,2026,007,007-2-09,1708951.2605042018
MAIPU,2026,007,007-2-10,861925.2100840337
MAIPU,2026,007,007-2-11,1381560.5042016807
MAIPU,2026,007,007-2-12,989106.7226890756
MAIPU,2026,007,007-2-13,919710.924369748
MAIPU,2026,007,007-2-14,937764.705882353
MAIPU,2026,007,007-2-15,1231629.411764706
MAIPU,2026,007,007-2-16,982105.8823529412
MAIPU,2026,007,007-2-17,240478.99159663866
MAIPU,2026,008,008-1-01,1115922.6890756304
MAIPU,2026,008,008-1-02,414089.0756302521
MAIPU,2026,008,008-1-03,545268.9075630252
MAIPU,2026,008,008-1-04,459132.7731092437
MAIPU,2026,008,008-1-05,1933287.3949579832
MAIPU,2026,008,008-1-06,1222632.7731092437
MAIPU,2026,008,008-1-07,436700.8403361345
MAIPU,2026,008,008-1-08,2978942.8571428573
MAIPU,2026,008,008-1-09,847670.5882352942
MAIPU,2026,008,008-1-10,1248351.2605042018
MAIPU,2026,008,008-1-11,1028666.3865546219
MAIPU,2026,008,008-1-12,1419710.924369748
MAIPU,2026,008,008-1-13,822242.8571428572
MAIPU,2026,008,008-1-14,288442.01680672274
MAIPU,2026,008,008-1-15,287268.06722689077
MAIPU,2026,008,008-1-16,33588.23529411765
MAIPU,2026,008,008-2-01,1974133.6134453784
MAIPU,2026,008,008-2-02,457274.78991596645
MAIPU,2026,008,008-2-03,665593.2773109244
MAIPU,2026,008,008-2-04,1443893.2773109244
MAIPU,2026,008,008-2-05,420100.0
MAIPU,2026,008,008-2-06,1563966.3865546219
MAIPU,2026,008,008-2-07,1082191.5966386555
MAIPU,2026,008,008-2-08,2865790.756302521
MAIPU,2026,008,008-2-09,996370.5882352942
MAIPU,2026,008,008-2-10,1271142.0168067226
MAIPU,2026,008,008-2-11,510909.243697479
MAIPU,2026,008,008-2-12,271302.5210084034
MAIPU,2026,008,008-2-13,301275.6302521009
MAIPU,2026,008,008-2-14,191299.15966386555
MAIPU,2026,009,009-1-01,1235307.56302521
MAIPU,2026,009,009-1-02,1399971.4285714286
MAIPU,2026,009,009-1-03,231588.23529411765
MAIPU,2026,009,009-1-04,2602900.0
MAIPU,2026,009,009-1-05,520568.90756302525
MAIPU,2026,009,009-1-06,1036975.6302521009
MAIPU,2026,009,009-1-07,616060.5042016807
MAIPU,2026,009,009-1-08,409617.64705882355
MAIPU,2026,009,009-1-09,1443212.6050420168
MAIPU,2026,009,009-1-10,1372665.5462184874
MAIPU,2026,009,009-1-11,660863.8655462185
MAIPU,2026,009,009-1-12,163790.756302521
MAIPU,2026,009,009-1-13,171801.6806722689
MAIPU,2026,009,009-1-14,395053.781512605
MAIPU,2026,009,009-2-01,1793538.655462185
MAIPU,2026,009,009-2-02,2650280.6722689075
MAIPU,2026,009,009-2-03,2455495.7983193276
MAIPU,2026,009,009-2-04,2100033.6134453784
MAIPU,2026,009,009-2-05,754742.8571428572
MAIPU,2026,009,009-2-06,2140849.5798319327
MAIPU,2026,009,009-2-07,428998.3193277311
MAIPU,2026,009,009-2-08,184050.42016806724
MAIPU,2026,009,009-2-09,1355978.9915966387
MAIPU,2026,009,009-2-10,758331.9327731093
MAIPU,2026,009,009-2-11,822524.3697478992
MAIPU,2026,009,009-2-12,1359750.4201680673
MAIPU,2026,010,010-1-01,1112546.218487395
MAIPU,2026,010,010-1-02,606924.3697478992
MAIPU,2026,010,010-1-03,597349.5798319328
MAIPU,2026,010,010-1-04,234554.6218487395
MAIPU,2026,010,010-1-05,980677.3109243698
MAIPU,2026,010,010-1-06,963018.487394958
MAIPU,2026,010,010-1-07,777252.1008403362
MAIPU,2026,010,010-1-08,65382.352941176476
MAIPU,2026,010,010-1-09,3440189.915966387
MAIPU,2026,010,010-1-10,3538554.6218487397
MAIPU,2026,010,010-1-11,1352114.2857142857
MAIPU,2026,010,010-1-13,2670617.6470588236
MAIPU,2026,010,010-1-14,5029159.663865547
MAIPU,2026,010,010-2-01,4273792.43697479
MAIPU,2026,010,010-2-03,300319.32773109246
MAIPU,2026,010,010-2-04,633574.7899159665
MAIPU,2026,010,010-2-06,8995689.915966388
MAIPU,2026,010,010-2-07,2327666.386554622
MAIPU,2026,011,011-2-01,25543853.781512607
MAIPU,2026,012,012-1-02,14191443.697478993
MAIPU,2026,012,012-1-03,6150721.848739496
MAIPU,2026,012,012-1-04,9903226.050420169
MAIPU,2026,012,012-1-05,19427851.2605042
MAIPU,2026,012,012-1-06,8457730.25210084
MAIPU,2026,012,012-1-07,4192610.0840336136
MAIPU,2026,012,012-1-08,5452389.075630252
MAIPU,2026,012,012-2-01,605853.781512605
MAIPU,2026,012,012-2-03,16292908.403361347
MAIPU,2026,012,012-2-04,3291140.336134454
MAIPU,2026,012,012-2-09,614307.56302521
MAIPU,2026,012,012-2-10,2225696.6386554623
MAIPU,2026,012,012-2-15,8138333.613445378
MAIPU,2026,012,012-2-16,2847497.4789915965
MAIPU,2026,012,012-2-17,3893988.2352941176
MAIPU,2026,012,012-2-18,4611826.050420168
MAIPU,2026,012,012-2-19,3817225.2100840337
MAIPU,2026,012,012-2-20,10188275.630252102
MAIPU,2026,012,012-2-21,6884537.81512605
MAIPU,2026,012,012-2-22,5532288.235294118
MAIPU,2026,013,013-1-01,83949.57983193277
MAIPU,2026,013,013-1-02,1280542.0168067229
MAIPU,2026,013,013-1-03,473533.61344537814
MAIPU,2026,013,013-1-08,10019984.033613445
MAIPU,2026,013,013-1-14,398126.0504201681
MAIPU,2026,013,013-2-07,1443890.756302521
MAIPU,2026,013,013-2-08,158710.08403361344
MAIPU,2026,014,014-1-05,138378.1512605042
MAIPU,2026,014,014-1-07,2102653.781512605
MAIPU,2026,014,014-1-08,335299.1596638656
MAIPU,2026,014,014-1-09,720693.2773109244
MAIPU,2026,014,014-1-12,291428.5714285714
MAIPU,2026,015,015-1-04,7496068.067226891
MAIPU,2026,015,015-2-03,3172738.655462185
MAIPU,2026,015,015-2-06,4549368.067226891
MAIPU,2026,015,015-2-08,232941.17647058825
MAIPU,2026,015,015-2-09,908881.5126050421
MAIPU,2026,015,015-2-10,208289.91596638656
MAIPU,2026,015,015-2-11,1142980.6722689075
MAIPU,2026,015,015-2-12,3801794.1176470593
MAIPU,2026,015,015-2-13,2313866.386554622
MAIPU,2026,016,016-1-01,612995.7983193278
MAIPU,2026,016,016-1-02,5518815.12605042
MAIPU,2026,016,016-1-03,35892073.1092437
MAIPU,2026,016,016-1-04,451578.9915966387
MAIPU,2026,016,016-2-01,7798929.4117647065
MAIPU,2026,016,016-2-08,235277.31092436975
MAIPU,2026,017,017-1-02,635529.4117647059
MAIPU,2026,017,017-2-01,311669.7478991597
MAIPU,2026,017,017-2-06,1852890.756302521
MAIPU,2026,017,017-2-08,999759.6638655463
MAIPU,2026,017,017-2-10,817235.2941176471
MAIPU,2026,017,017-2-11,18198.319327731093
MAIPU,2026,018,018-1-07,122477.31092436975
MAIPU,2026,018,018-2-01,41164.705882352944
MAIPU,2026,019,019-2-16,10787.394957983193
MAIPU,2026,028,028-1-01,47571.42857142858
MAIPU,2026,028,028-1-02,161142.85714285716
MAIPU,2026,028,028-1-03,166428.57142857145
MAIPU,2026,029,029-1-01,4792510.084033614
MAIPU,2026,030,030-1-01,156983.19327731093
MAIPU,2026,030,030-1-03,23352.94117647059
MAIPU,2026,030,030-1-04,19235.29411764706
MAIPU,2026,030,030-1-18,1154175.6302521008
MAIPU,2026,031,031-1-01,278243.69747899164
MAIPU,2026,032,032-1-01,424907.5630252101
MAIPU,2026,040,040-1-01,16147.058823529413
MAIPU,2026,040,040-1-04,541600.0
MAIPU,2026,040,040-1-05,1361266.3865546219
MAIPU,2026,040,040-1-06,8594346.218487395
MAIPU,2026,040,040-2-02,379940.3361344538
MAIPU,2026,044,044-1-06,86211.76470588235
MAIPU,2026,044,044-1-09,2847021.848739496
MAIPU,2026,044,044-1-11,290016.80672268907
MAIPU,2026,045,045-2-09,44614.28571428572
MAIPU,2026,045,045-2-10,1024425.2100840337
MAIPU,2026,045,045-2-15,758714.2857142857
MAIPU,2026,045,045-2-16,145789.91596638656
MAIPU,2026,050,050-1-01,3292564.705882353
MAIPU,2026,050,050-1-03,6643885.714285715
MAIPU,2026,051,051-1-01,838890.7563025211
MAIPU,2026,052,052-1-01,1313869.7478991598
MAIPU,2026,052,052-1-02,16179244.537815128
MAIPU,2026,052,052-1-06,28329029.411764707
MAIPU,2026,059,059-2-03,172226.89075630254
MAIPU,2026,060,060-1-01,4149597.478991597
MAIPU,2026,060,060-1-02,430070.5882352941
MAIPU,2026,060,060-1-04,55436.97478991597
MAIPU,2026,061,061-1-01,91150324.3697479
MAIPU,2026,071,071-1-01,4033670.5882352944
MAIPU,2026,071,071-1-05,59312747.89915967
MAIPU,2026,100,100-1-03,142848.73949579833
MAIPU,2026,100,100-2-03,318046.218487395
MAIPU,2026,100,100-2-05,1036.1344537815128
MAIPU,2026,101,101-1-01,42671.42857142857
MAIPU,2026,101,101-1-02,239235.29411764708
MAIPU,2026,101,101-1-03,1191570.5882352942
MAIPU,2026,101,101-2-02,181559.66386554623
MAIPU,2026,101,101-2-03,37008.40336134454
MAIPU,2026,101,101-2-04,111424.36974789917
MAIPU,2026,102,102-1-01,65403.361344537814
MAIPU,2026,102,102-1-02,76774.78991596638
MAIPU,2026,102,102-1-03,23662.18487394958
MAIPU,2026,102,102-1-04,3482.3529411764707
MAIPU,2026,102,102-2-01,14536.134453781513
MAIPU,2026,103,103-1-02,1596647.0588235294
MAIPU,2026,103,103-1-03,5608563.865546219
MAIPU,2026,103,103-2-02,391273.9495798319
MAIPU,2026,103,103-2-03,2916923.529411765
MAIPU,2026,103,103-2-04,288349.5798319328
MAIPU,2026,104,104-1-01,1039095.7983193278
MAIPU,2026,104,104-1-02,230285.7142857143
MAIPU,2026,104,104-1-03,2713110.924369748
MAIPU,2026,104,104-1-04,10935843.697478991
MAIPU,2026,104,104-2-01,11068.067226890758
MAIPU,2026,104,104-2-03,606229.4117647059
MAIPU,2026,105,105-1-01,16680.67226890756
MAIPU,2026,105,105-1-04,1715963.8655462186
MAIPU,2026,105,105-2-02,24092.436974789918
MAIPU,2026,105,105-2-04,328651.2605042017
MAIPU,2026,106,106-1-01,68256.30252100842
MAIPU,2026,106,106-1-02,140563.02521008404
MAIPU,2026,106,106-2-02,114478.99159663866
MAIPU,2026,106,106-2-03,204263.8655462185
MAIPU,2026,106,106-2-04,228470.58823529413
MAIPU,2026,107,107-1-01,6244.53781512605
MAIPU,2026,107,107-1-02,39873.94957983193
MAIPU,2026,107,107-2-03,22575.63025210084
MAIPU,2026,107,107-2-05,2344.5378151260506
MAIPU,2026,108,108-1-02,38817.64705882353
MAIPU,2026,108,108-1-04,15582.352941176472
MAIPU,2026,108,108-2-02,3457288.235294118
MAIPU,2026,108,108-2-03,192781.51260504202
MAIPU,2026,109,109-1-02,48159.66386554622
MAIPU,2026,109,109-1-04,57470.58823529412
MAIPU,2026,109,109-2-01,205315.96638655462
MAIPU,2026,109,109-2-02,23523.529411764706
MAIPU,2026,109,109-2-03,1250600.0
MAIPU,2026,110,110-1-01,175972.26890756303
MAIPU,2026,110,110-1-02,47052.94117647059
MAIPU,2026,110,110-2-01,486290.75630252104
MAIPU,2026,110,110-2-02,567001.680672269
MAIPU,2026,110,110-2-04,1924.3697478991598
MAIPU,2026,112,112-1-01,3791666.386554622
MAIPU,2026,112,112-1-03,20745.378151260506
MAIPU,2026,112,112-1-04,5523.529411764706
MAIPU,2026,112,112-2-01,66003.36134453781
MAIPU,2026,112,112-2-02,1077273.949579832
MAIPU,2026,113,113-1-01,3166902.5210084035
MAIPU,2026,113,113-1-02,452336.13445378153
MAIPU,2026,113,113-1-04,8142.857142857143
MAIPU,2026,113,113-2-01,86058.82352941176
MAIPU,2026,113,113-2-02,2336.1344537815125
MAIPU,2026,113,113-2-03,281160.50420168065
MAIPU,2026,113,113-2-04,138478.99159663866
MAIPU,2026,114,114-1-02,443672.26890756306
MAIPU,2026,114,114-2-02,898859.6638655462
MAIPU,2026,115,115-1-01,6294.117647058823
MAIPU,2026,115,115-1-02,9394.957983193279
MAIPU,2026,115,115-1-03,37123.529411764706
MAIPU,2026,115,115-2-01,12054.621848739496
MAIPU,2026,115,115-2-02,19478.991596638658
MAIPU,2026,115,115-2-03,56432.773109243695
MAIPU,2026,116,116-1-01,7803211.764705882
MAIPU,2026,116,116-1-04,5505215.966386555
MAIPU,2026,116,116-2-01,9647021.00840336
MAIPU,2026,116,116-2-02,3822326.8907563025
MAIPU,2026,116,116-2-04,2112188.2352941176
MAIPU,2026,117,117-1-02,247327.731092437
MAIPU,2026,117,117-1-03,3631201.680672269
MAIPU,2026,117,117-1-04,170403.3613445378
MAIPU,2026,117,117-2-01,3357913.4453781513
MAIPU,2026,117,117-2-03,333924.3697478992
MAIPU,2026,118,118-1-01,7303580.672268908
MAIPU,2026,118,118-1-02,12963524.3697479
MAIPU,2026,118,118-1-03,219586.55462184874
MAIPU,2026,118,118-2-01,716079.8319327731
MAIPU,2026,118,118-2-02,2619772.2689075633
MAIPU,2026,118,118-2-03,54105.882352941175
MAIPU,2026,119,119-1-01,757232.7731092437
MAIPU,2026,119,119-1-02,176795.79831932773
MAIPU,2026,119,119-1-03,1092963.0252100842
MAIPU,2026,119,119-2-01,5470021.848739496
MAIPU,2026,119,119-2-02,1107.563025210084
MAIPU,2026,119,119-2-03,11231.09243697479
MAIPU,2026,120,120-1-02,235714.28571428574
MAIPU,2026,120,120-1-03,169592.43697478992
MAIPU,2026,120,120-2-01,3219613.4453781513
MAIPU,2026,120,120-2-02,49915.966386554624
MAIPU,2026,121,121-1-01,710875.6302521009
MAIPU,2026,121,121-1-02,5100613.445378152
MAIPU,2026,121,121-1-03,771689.0756302521
MAIPU,2026,121,121-2-01,25197.47899159664
MAIPU,2026,122,122-1-01,2018139.4957983196
MAIPU,2026,122,122-1-02,2294699.1596638653
MAIPU,2026,122,122-1-03,344495.79831932776
MAIPU,2026,122,122-2-02,396587.3949579832
MAIPU,2026,122,122-2-03,9722649.579831934
MAIPU,2026,123,123-1-01,4161478.9915966387
MAIPU,2026,123,123-2-01,7145854.62184874
MAIPU,2026,124,124-1-01,2273145.378151261
MAIPU,2026,124,124-2-01,1966830.2521008404
MAIPU,2026,125,125-1-01,1341512.6050420168
MAIPU,2026,152,152-1-01,472250952.10084033
MAIPU,2026,152,152-1-02,11932863.025210084
MAIPU,2026,152,152-1-03,35547292.43697479
MAIPU,2026,152,152-1-04,1699210396.6386554
MAIPU,2026,152,152-1-05,54537.815126050424
MAIPU,2026,152,152-1-06,2721959.663865546
MAIPU,2026,152,152-1-07,56740222.689075634
MAIPU,2026,152,152-1-08,1002283.1932773109
MAIPU,2026,152,152-1-09,491136.13445378153
MAIPU,2026,160,160-1-02,919285.7142857143
MAIPU,2026,170,170-1-01,905.8823529411766
MAIPU,2026,200,200-1-01,1390668.9075630251
MAIPU,2026,200,200-2-03,350.4201680672269
MAIPU,2026,200,200-2-04,237453.78151260506
MAIPU,2026,400,400-1-01,776275.6302521009
MAIPU,2026,801,801-1-01,57086663.02521009
MAPOC,2025,001,001-1-01,66785873.1092437
MAPOC,2025,001,001-1-02,583142.8571428572
MAPOC,2025,001,001-1-03,7396637.815126051
MAPOC,2025,001,001-1-10,1976906.7226890759
MAPOC,2025,001,001-2-01,35454770.5882353
MAPOC,2025,001,001-2-02,26113349.579831935
MAPOC,2025,001,001-2-03,3618679.8319327733
MAPOC,2025,001,001-2-06,2060573.9495798321
MAPOC,2025,001,001-2-08,12016801.68067227
MAPOC,2025,001,001-2-11,8554654.62184874
MAPOC,2025,001,001-2-12,10293921.00840336
MAPOC,2025,001,001-2-13,16882060.50420168
MAPOC,2025,001,001-2-14,23406070.588235296
MAPOC,2025,001,001-2-15,16756270.588235294
MAPOC,2025,001,001-2-16,21118631.092436977
MAPOC,2025,001,001-2-17,16074333.613445379
MAPOC,2025,002,002-1-01,54394459.66386555
MAPOC,2025,002,002-1-02,811834.4537815126
MAPOC,2025,002,002-1-04,81838.65546218488
MAPOC,2025,002,002-1-08,489579.8319327732
MAPOC,2025,002,002-1-11,442907.5630252101
MAPOC,2025,002,002-1-13,70315.12605042016
MAPOC,2025,002,002-2-01,27337554.62184874
MAPOC,2025,002,002-2-02,8973.10924369748
MAPOC,2025,002,002-2-06,3226716.8067226894
MAPOC,2025,002,002-2-07,163179.83193277312
MAPOC,2025,002,002-2-10,25750.420168067227
MAPOC,2025,002,002-2-11,519917.64705882355
MAPOC,2025,003,003-1-01,14477031.93277311
MAPOC,2025,003,003-1-06,11305706.722689075
MAPOC,2025,003,003-1-10,142578.99159663866
MAPOC,2025,003,003-1-12,10201.680672268909
MAPOC,2025,003,003-1-13,379246.218487395
MAPOC,2025,003,003-2-01,52917758.823529415
MAPOC,2025,003,003-2-02,907305.0420168068
MAPOC,2025,003,003-2-03,757677.3109243697
MAPOC,2025,003,003-2-04,630828.5714285715
MAPOC,2025,003,003-2-06,1294086.5546218487
MAPOC,2025,003,003-2-08,227954.62184873954
MAPOC,2025,003,003-2-12,196373.94957983194
MAPOC,2025,004,004-1-01,3964899.159663866
MAPOC,2025,004,004-1-02,8337108.403361345
MAPOC,2025,004,004-1-03,6151888.235294118
MAPOC,2025,004,004-1-04,11509704.201680673
MAPOC,2025,004,004-1-05,92428.57142857143
MAPOC,2025,004,004-1-06,2675868.9075630256
MAPOC,2025,004,004-1-07,21682900.840336137
MAPOC,2025,004,004-1-08,37411923.52941176
MAPOC,2025,004,004-1-09,5011631.092436975
MAPOC,2025,004,004-1-10,21182757.14285714
MAPOC,2025,004,004-1-11,40942927.73109244
MAPOC,2025,004,004-2-01,11237936.974789916
MAPOC,2025,004,004-2-02,5832125.210084034
MAPOC,2025,004,004-2-03,1794968.067226891
MAPOC,2025,004,004-2-04,350936.97478991596
MAPOC,2025,004,004-2-05,5717190.756302522
MAPOC,2025,004,004-2-06,509986.55462184874
MAPOC,2025,004,004-2-07,459947.0588235294
MAPOC,2025,004,004-2-08,6736341.176470589
MAPOC,2025,004,004-2-11,2059055.462184874
MAPOC,2025,005,005-1-01,9528580.672268908
MAPOC,2025,005,005-1-02,10219079.831932774
MAPOC,2025,005,005-1-03,2059922.6890756304
MAPOC,2025,005,005-1-04,8568731.93277311
MAPOC,2025,005,005-2-01,790436.974789916
MAPOC,2025,005,005-2-04,5575989.075630252
MAPOC,2025,005,005-2-06,1505783.193277311
MAPOC,2025,006,006-1-01,17408339.49579832
MAPOC,2025,006,006-1-02,30792296.638655465
MAPOC,2025,006,006-1-03,11413485.714285715
MAPOC,2025,006,006-1-04,33394844.537815128
MAPOC,2025,006,006-1-06,595388.2352941176
MAPOC,2025,006,006-2-01,12179733.613445379
MAPOC,2025,006,006-2-02,20550578.151260506
MAPOC,2025,006,006-2-03,5969445.37815126
MAPOC,2025,006,006-2-04,2590480.6722689075
MAPOC,2025,007,007-1-01,37083730.25210084
MAPOC,2025,007,007-1-02,3850473.1092436975
MAPOC,2025,007,007-1-03,6278833.613445379
MAPOC,2025,007,007-1-04,6188005.042016807
MAPOC,2025,007,007-1-05,275566.38655462186
MAPOC,2025,007,007-2-01,19453755.462184876
MAPOC,2025,007,007-2-02,31722117.647058826
MAPOC,2025,007,007-2-03,32462247.899159666
MAPOC,2025,007,007-2-04,21955800.0
MAPOC,2025,008,008-1-01,9320756.302521009
MAPOC,2025,008,008-1-02,16465678.99159664
MAPOC,2025,008,008-1-03,11272516.80672269
MAPOC,2025,008,008-1-04,8796403.361344539
MAPOC,2025,008,008-2-01,4862652.100840337
MAPOC,2025,008,008-2-02,5758195.798319328
MAPOC,2025,008,008-2-03,8644329.411764706
MAPOC,2025,008,008-2-04,3687628.571428572
MAPOC,2025,009,009-1-01,55074715.96638656
MAPOC,2025,009,009-1-02,25088771.42857143
MAPOC,2025,009,009-1-03,27095102.521008406
MAPOC,2025,009,009-1-04,20410968.907563027
MAPOC,2025,009,009-1-05,323236.97478991596
MAPOC,2025,009,009-2-01,13239378.99159664
MAPOC,2025,009,009-2-02,9000672.268907564
MAPOC,2025,009,009-2-03,5595323.529411765
MAPOC,2025,009,009-2-04,3503478.1512605045
MAPOC,2025,010,010-1-01,5605488.235294118
MAPOC,2025,010,010-1-02,9709128.571428573
MAPOC,2025,010,010-1-03,19464010.084033616
MAPOC,2025,010,010-1-04,3103713.4453781513
MAPOC,2025,010,010-1-06,17405.88235294118
MAPOC,2025,010,010-1-09,6980557.983193277
MAPOC,2025,010,010-2-01,4651486.554621849
MAPOC,2025,010,010-2-02,29087218.48739496
MAPOC,2025,010,010-2-03,26882659.663865548
MAPOC,2025,010,010-2-04,6663972.268907563
MAPOC,2025,011,011-1-01,17294478.99159664
MAPOC,2025,011,011-1-02,22938300.0
MAPOC,2025,011,011-1-03,8781503.361344539
MAPOC,2025,011,011-1-04,5784757.142857143
MAPOC,2025,011,011-1-11,369563.02521008404
MAPOC,2025,011,011-2-01,19095985.714285716
MAPOC,2025,011,011-2-02,4315816.806722689
MAPOC,2025,011,011-2-03,7653392.43697479
MAPOC,2025,011,011-2-04,8444842.857142858
MAPOC,2025,011,011-2-05,5326622.689075631
MAPOC,2025,012,012-1-01,13093225.210084034
MAPOC,2025,012,012-1-02,13165526.050420169
MAPOC,2025,012,012-1-03,7841209.243697479
MAPOC,2025,012,012-1-04,7612456.302521009
MAPOC,2025,012,012-1-05,785926.8907563025
MAPOC,2025,012,012-2-01,449968.06722689077
MAPOC,2025,012,012-2-02,4039200.0000000005
MAPOC,2025,012,012-2-03,4725368.907563025
MAPOC,2025,012,012-2-04,8179488.2352941185
MAPOC,2025,013,013-1-01,23658981.512605045
MAPOC,2025,013,013-1-02,36703633.61344538
MAPOC,2025,013,013-1-03,27353175.630252104
MAPOC,2025,013,013-1-04,13869495.798319329
MAPOC,2025,013,013-1-05,3559145.378151261
MAPOC,2025,013,013-2-01,5149748.739495799
MAPOC,2025,013,013-2-02,5750092.43697479
MAPOC,2025,013,013-2-03,3555988.2352941176
MAPOC,2025,013,013-2-04,5944704.201680672
MAPOC,2025,014,014-1-01,31887563.86554622
MAPOC,2025,014,014-1-02,45552342.85714286
MAPOC,2025,014,014-2-01,51610061.34453782
MAPOC,2025,014,014-2-02,58207024.36974791
MAPOC,2025,014,014-2-03,52726872.26890757
MAPOC,2025,014,014-2-04,30057288.23529412
MAPOC,2025,014,014-2-08,114186.55462184874
MAPOC,2025,015,015-1-01,45118579.831932776
MAPOC,2025,015,015-1-02,42803429.41176471
MAPOC,2025,015,015-1-05,384.87394957983196
MAPOC,2025,015,015-2-01,17985153.781512607
MAPOC,2025,015,015-2-02,5547652.941176471
MAPOC,2025,015,015-2-03,45597081.51260504
MAPOC,2025,016,016-1-01,30945219.327731095
MAPOC,2025,016,016-1-02,38017509.24369748
MAPOC,2025,016,016-1-03,19863555.462184876
MAPOC,2025,016,016-1-04,42528809.24369748
MAPOC,2025,016,016-2-01,19493192.43697479
MAPOC,2025,016,016-2-02,35739107.563025214
MAPOC,2025,017,017-1-02,147203.3613445378
MAPOC,2025,017,017-1-13,1307.563025210084
MAPOC,2025,017,017-2-01,111444969.74789916
MAPOC,2025,017,017-2-02,63386857.14285715
MAPOC,2025,017,017-2-03,32012518.48739496
MAPOC,2025,017,017-2-04,26083223.529411767
MAPOC,2025,018,018-1-01,25562405.88235294
MAPOC,2025,018,018-1-02,22323883.19327731
MAPOC,2025,018,018-1-03,7548825.210084034
MAPOC,2025,018,018-1-04,5930890.756302522
MAPOC,2025,019,019-1-01,6343916.806722689
MAPOC,2025,019,019-1-02,969218.487394958
MAPOC,2025,019,019-1-03,25008555.462184876
MAPOC,2025,019,019-1-04,6662478.991596639
MAPOC,2025,019,019-1-05,1404305.8823529412
MAPOC,2025,019,019-1-06,2838668.907563025
MAPOC,2025,019,019-1-07,1446731.9327731093
MAPOC,2025,019,019-2-01,21008172.268907566
MAPOC,2025,019,019-2-02,14671537.81512605
MAPOC,2025,019,019-2-03,17635626.8907563
MAPOC,2025,019,019-2-04,26327511.764705885
MAPOC,2025,019,019-2-05,240483.19327731093
MAPOC,2025,020,020-1-01,10906342.857142858
MAPOC,2025,020,020-1-02,3355469.74789916
MAPOC,2025,020,020-1-03,3684887.3949579834
MAPOC,2025,020,020-1-04,2326794.9579831935
MAPOC,2025,020,020-1-08,215636.13445378153
MAPOC,2025,020,020-1-11,442757.9831932774
MAPOC,2025,020,020-2-01,26021677.31092437
MAPOC,2025,020,020-2-02,73886051.2605042
MAPOC,2025,020,020-2-03,12702149.579831934
MAPOC,2025,021,021-1-01,51246805.04201681
MAPOC,2025,021,021-1-02,48251636.13445378
MAPOC,2025,021,021-1-03,34569582.35294118
MAPOC,2025,021,021-2-01,5504985.714285715
MAPOC,2025,021,021-2-02,17368245.37815126
MAPOC,2025,021,021-2-03,14268534.453781513
MAPOC,2025,021,021-2-04,4891810.924369748
MAPOC,2025,021,021-2-05,2831273.949579832
MAPOC,2025,022,022-1-01,5874815.12605042
MAPOC,2025,022,022-1-02,4388487.394957984
MAPOC,2025,022,022-1-03,13632714.285714287
MAPOC,2025,022,022-1-04,20154.621848739498
MAPOC,2025,022,022-2-01,1307815.9663865548
MAPOC,2025,022,022-2-02,8804117.647058824
MAPOC,2025,022,022-2-03,29973658.82352941
MAPOC,2025,023,023-1-01,2276180.6722689075
MAPOC,2025,023,023-1-02,32161025.210084036
MAPOC,2025,023,023-1-03,2538125.2100840337
MAPOC,2025,023,023-1-04,176380.67226890757
MAPOC,2025,023,023-2-01,35560452.941176474
MAPOC,2025,023,023-2-02,22055819.327731095
MAPOC,2025,023,023-2-03,22358.823529411766
MAPOC,2025,023,023-2-04,13941263.865546219
MAPOC,2025,023,023-2-05,3317544.537815126
MAPOC,2025,024,024-1-01,39411042.85714286
MAPOC,2025,024,024-1-02,15465582.352941178
MAPOC,2025,024,024-1-03,9064247.899159664
MAPOC,2025,024,024-2-01,32263970.588235296
MAPOC,2025,024,024-2-02,6784131.9327731095
MAPOC,2025,024,024-2-03,16053226.050420169
MAPOC,2025,025,025-1-01,9671183.19327731
MAPOC,2025,025,025-1-02,8103019.327731092
MAPOC,2025,025,025-1-03,63214657.98319328
MAPOC,2025,025,025-1-04,2349612.605042017
MAPOC,2025,025,025-2-01,27065288.23529412
MAPOC,2025,025,025-2-02,65933079.831932776
MAPOC,2025,025,025-2-03,20591793.277310926
MAPOC,2025,026,026-1-01,337434046.2184874
MAPOC,2025,026,026-1-02,32337116.80672269
MAPOC,2025,026,026-1-03,60159961.34453782
MAPOC,2025,026,026-1-04,36278738.65546219
MAPOC,2025,026,026-1-05,21734545.37815126
MAPOC,2025,026,026-1-08,5617437.81512605
MAPOC,2025,026,026-2-01,66667129.41176471
MAPOC,2025,027,027-1-01,16918608.403361347
MAPOC,2025,027,027-1-02,1271161.344537815
MAPOC,2025,027,027-1-03,582663.8655462186
MAPOC,2025,027,027-1-04,1804837.8151260505
MAPOC,2025,027,027-1-05,294193.2773109244
MAPOC,2025,027,027-1-06,272639.49579831935
MAPOC,2025,027,027-1-07,567988.2352941176
MAPOC,2025,027,027-1-08,1163698.3193277312
MAPOC,2025,027,027-2-02,1100740.3361344538
MAPOC,2025,027,027-2-04,32369.747899159665
MAPOC,2025,028,028-1-01,149139.49579831935
MAPOC,2025,028,028-1-03,314267.2268907563
MAPOC,2025,028,028-1-04,43694.117647058825
MAPOC,2025,028,028-1-08,172824.36974789918
MAPOC,2025,028,028-2-01,21489863.025210086
MAPOC,2025,028,028-2-02,16409526.890756303
MAPOC,2025,028,028-2-03,26558564.705882356
MAPOC,2025,028,028-2-04,14863226.890756303
MAPOC,2025,028,028-2-05,15412694.957983194
MAPOC,2025,028,028-2-06,11492573.109243698
MAPOC,2025,028,028-2-07,10298979.831932774
MAPOC,2025,028,028-2-08,6974641.176470589
MAPOC,2025,028,028-2-09,9796927.731092438
MAPOC,2025,028,028-2-10,5931549.579831933
MAPOC,2025,028,028-2-11,6431571.428571429
MAPOC,2025,028,028-2-12,3445644.537815126
MAPOC,2025,028,028-2-13,16765058.823529413
MAPOC,2025,028,028-2-14,8047759.663865547
MAPOC,2025,028,028-2-15,7282839.49579832
MAPOC,2025,028,028-2-16,2900278.9915966387
MAPOC,2025,028,028-2-17,6923536.134453782
MAPOC,2025,029,029-2-01,19943026.05042017
MAPOC,2025,029,029-2-02,15421493.277310925
MAPOC,2025,029,029-2-03,13789359.663865548
MAPOC,2025,029,029-2-04,21647768.907563027
MAPOC,2025,029,029-2-05,26923119.327731095
MAPOC,2025,029,029-2-06,13211212.605042018
MAPOC,2025,035,035-1-01,962294.1176470588
MAPOC,2025,035,035-2-01,14811499.159663867
MAPOC,2025,035,035-2-04,446747.8991596639
MAPOC,2025,035,035-2-05,90672.26890756303
MAPOC,2025,035,035-2-06,148598.3193277311
MAPOC,2025,036,036-1-06,884673.9495798319
MAPOC,2025,036,036-2-09,2066924.3697478992
MAPOC,2025,036,036-2-10,17411.764705882353
MAPOC,2025,036,036-2-19,70485766.38655463
MAPOC,2025,037,037-1-06,12332742.016806724
MAPOC,2025,037,037-1-07,18236406.722689077
MAPOC,2025,038,038-1-08,32957450.42016807
MAPOC,2025,038,038-2-01,57565642.85714286
MAPOC,2025,038,038-2-03,50860736.97478992
MAPOC,2025,038,038-2-04,46100780.67226891
MAPOC,2025,038,038-2-08,34865.5462184874
MAPOC,2025,038,038-2-09,3183340.336134454
MAPOC,2025,038,038-2-10,17046209.24369748
MAPOC,2025,038,038-2-12,11011257.983193278
MAPOC,2025,039,039-1-03,1573958.8235294118
MAPOC,2025,039,039-1-06,9086404.201680673
MAPOC,2025,039,039-1-07,10602002.521008404
MAPOC,2025,039,039-1-09,244537.81512605044
MAPOC,2025,039,039-1-10,1286671.4285714286
MAPOC,2025,039,039-1-12,12564489.915966388
MAPOC,2025,039,039-1-14,1933592.43697479
MAPOC,2025,039,039-2-09,21387168.907563027
MAPOC,2025,040,040-1-01,1464976.4705882354
MAPOC,2025,040,040-1-05,7885232.773109244
MAPOC,2025,040,040-1-07,19288771.42857143
MAPOC,2025,040,040-1-09,9846343.697478993
MAPOC,2025,040,040-1-11,95781.51260504202
MAPOC,2025,040,040-2-06,47065049.579831935
MAPOC,2025,040,040-2-09,67469.74789915967
MAPOC,2025,040,040-2-11,1849498.3193277312
MAPOC,2025,040,040-2-12,812531.9327731093
MAPOC,2025,040,040-2-13,742873.1092436975
MAPOC,2025,041,041-1-01,82018584.03361346
MAPOC,2025,041,041-1-10,7548800.0
MAPOC,2025,041,041-1-12,5665115.966386555
MAPOC,2025,042,042-1-06,1965414.285714286
MAPOC,2025,042,042-2-01,4240217.647058823
MAPOC,2025,042,042-2-04,23653751.260504205
MAPOC,2025,042,042-2-06,1293819.3277310925
MAPOC,2025,042,042-2-07,1400285.7142857143
MAPOC,2025,042,042-2-08,9935115.966386555
MAPOC,2025,042,042-2-09,23172111.76470588
MAPOC,2025,042,042-2-10,11668314.285714285
MAPOC,2025,042,042-2-11,201470.58823529413
MAPOC,2025,042,042-2-12,148369.74789915967
MAPOC,2025,043,043-2-02,1210562.1848739497
MAPOC,2025,043,043-2-04,49364.705882352944
MAPOC,2025,043,043-2-06,1348380.6722689075
MAPOC,2025,043,043-2-08,5046932.773109244
MAPOC,2025,044,044-1-02,129747.89915966387
MAPOC,2025,044,044-2-02,19034972.268907562
MAPOC,2025,044,044-2-03,116440.33613445378
MAPOC,2025,044,044-2-04,58884.03361344538
MAPOC,2025,044,044-2-06,2057193.2773109244
MAPOC,2025,044,044-2-07,7307990.756302521
MAPOC,2025,044,044-2-09,3666761.3445378155
MAPOC,2025,044,044-2-16,32968359.663865548
MAPOC,2025,044,044-2-17,4586746.218487395
MAPOC,2025,045,045-2-02,13970907.56302521
MAPOC,2025,045,045-2-03,40862322.689075634
MAPOC,2025,045,045-2-04,32012515.12605042
MAPOC,2025,045,045-2-05,30122538.655462187
MAPOC,2025,045,045-2-06,21671000.0
MAPOC,2025,045,045-2-09,43807212.60504202
MAPOC,2025,045,045-2-10,66067135.29411765
MAPOC,2025,045,045-2-11,109193506.72268908
MAPOC,2025,045,045-2-12,31580873.949579835
MAPOC,2025,045,045-2-13,76534944.53781514
MAPOC,2025,045,045-2-14,10516122.68907563
MAPOC,2025,045,045-2-15,33600332.77310925
MAPOC,2025,045,045-2-16,24334420.168067228
MAPOC,2025,045,045-2-17,45136089.075630255
MAPOC,2025,045,045-2-18,1456097.4789915967
MAPOC,2025,046,046-1-01,1278317.6470588236
MAPOC,2025,046,046-1-04,88235.29411764706
MAPOC,2025,047,047-1-01,5976457.142857143
MAPOC,2025,049,049-2-01,1622023.5294117648
MAPOC,2025,049,049-2-02,1419239.4957983196
MAPOC,2025,049,049-2-03,1653092.43697479
MAPOC,2025,050,050-1-01,319687050.4201681
MAPOC,2025,050,050-1-03,403562393.27731097
MAPOC,2025,050,050-1-05,85249642.85714287
MAPOC,2025,050,050-1-07,106694700.0
MAPOC,2025,050,050-1-09,23944690.75630252
MAPOC,2025,050,050-1-10,17588529.411764707
MAPOC,2025,050,050-1-11,168625342.85714287
MAPOC,2025,050,050-1-13,20709772.268907562
MAPOC,2025,050,050-1-14,21576424.3697479
MAPOC,2025,050,050-1-15,9077173.109243698
MAPOC,2025,050,050-1-16,43126901.68067227
MAPOC,2025,050,050-1-17,59226536.97478992
MAPOC,2025,050,050-1-18,4550776.470588235
MAPOC,2025,050,050-1-19,11288647.899159664
MAPOC,2025,050,050-1-21,30900642.85714286
MAPOC,2025,050,050-1-22,9721960.50420168
MAPOC,2025,050,050-1-23,128974531.93277311
MAPOC,2025,050,050-1-24,25473993.277310926
MAPOC,2025,050,050-1-25,140878629.4117647
MAPOC,2025,050,050-1-26,199162031.9327731
MAPOC,2025,050,050-1-27,4656812.605042017
MAPOC,2025,051,051-1-01,14917330.25210084
MAPOC,2025,051,051-1-02,767987097.4789916
MAPOC,2025,051,051-1-04,6339053.781512605
MAPOC,2025,052,052-1-01,2305120185.714286
MAPOC,2025,052,052-1-03,27085670.588235296
MAPOC,2025,052,052-1-04,8651657.983193278
MAPOC,2025,053,053-1-01,16444537.81512605
MAPOC,2025,053,053-1-02,18200064.705882356
MAPOC,2025,054,054-1-06,9485131.93277311
MAPOC,2025,056,056-1-01,376660854.62184876
MAPOC,2025,056,056-1-07,615297155.4621849
MAPOC,2025,056,056-1-08,19015502.521008406
MAPOC,2025,056,056-1-09,3764809.2436974794
MAPOC,2025,060,060-1-01,1902917.6470588236
MAPOC,2025,060,060-1-02,168386.55462184874
MAPOC,2025,060,060-1-04,838346.218487395
MAPOC,2025,060,060-1-05,99680.67226890757
MAPOC,2025,061,061-2-02,9163.025210084033
MAPOC,2025,063,063-1-06,37773.10924369748
MAPOC,2025,064,064-1-03,45319.32773109244
MAPOC,2025,064,064-1-04,139109.243697479
MAPOC,2025,071,071-1-04,11596.638655462186
MAPOC,2025,071,071-1-08,7042.01680672269
MAPOC,2025,071,071-2-02,2198.3193277310925
MAPOC,2025,072,072-2-05,12008.403361344539
MAPOC,2025,073,073-1-01,39025.21008403361
MAPOC,2025,073,073-1-02,134447.05882352943
MAPOC,2025,073,073-2-06,5117.64705882353
MAPOC,2025,074,074-1-02,46789.91596638656
MAPOC,2025,074,074-1-06,65.54621848739497
MAPOC,2025,074,074-2-09,5033.6134453781515
MAPOC,2025,075,075-1-07,915.9663865546219
MAPOC,2025,075,075-2-02,2080.672268907563
MAPOC,2025,075,075-2-06,74020.16806722688
MAPOC,2025,078,078-1-02,5016.806722689076
MAPOC,2025,085,085-1-01,17538992.43697479
MAPOC,2025,085,085-1-16,387104.2016806723
MAPOC,2025,085,085-1-17,3100.840336134454
MAPOC,2025,085,085-1-20,226218.487394958
MAPOC,2025,085,085-1-50,2932.7731092436975
MAPOC,2025,085,085-2-01,2712398.319327731
MAPOC,2025,085,085-2-02,356605.8823529412
MAPOC,2025,087,087-1-01,53821.008403361346
MAPOC,2025,096,096-1-01,1072293.2773109244
MAPOC,2025,100,100-1-01,4348950.420168067
MAPOC,2025,100,100-1-04,898420.1680672269
MAPOC,2025,100,100-1-07,421768.90756302525
MAPOC,2025,100,100-1-08,662733.6134453781
MAPOC,2025,100,100-1-10,667621.8487394959
MAPOC,2025,100,100-1-11,548770.5882352941
MAPOC,2025,100,100-1-13,1648639.4957983196
MAPOC,2025,100,100-1-14,162277.31092436975
MAPOC,2025,100,100-1-16,4795452.100840337
MAPOC,2025,100,100-1-18,146479.83193277312
MAPOC,2025,100,100-1-19,28335.29411764706
MAPOC,2025,100,100-1-22,17692.436974789918
MAPOC,2025,100,100-1-23,204252.10084033615
MAPOC,2025,100,100-1-24,2284663.8655462186
MAPOC,2025,100,100-1-26,473974.78991596645
MAPOC,2025,100,100-1-29,2206613.4453781513
MAPOC,2025,100,100-2-17,1198743.6974789917
MAPOC,2025,102,102-1-01,63697.47899159664
MAPOC,2025,102,102-1-02,213478.99159663866
MAPOC,2025,111,111-1-01,1363292.43697479
MAPOC,2025,115,115-2-06,8176.470588235295
MAPOC,2025,116,116-1-02,224195.79831932773
MAPOC,2025,116,116-1-03,2764.7058823529414
MAPOC,2025,116,116-1-16,208352.9411764706
MAPOC,2025,116,116-2-01,907.5630252100841
MAPOC,2025,116,116-2-03,6900.8403361344535
MAPOC,2025,117,117-1-19,191296.6386554622
MAPOC,2025,119,119-1-01,616734.4537815127
MAPOC,2025,140,140-1-01,21190638.655462187
MAPOC,2025,140,140-1-02,3323077.31092437
MAPOC,2025,140,140-1-03,9683191.596638655
MAPOC,2025,140,140-1-04,24867563.86554622
MAPOC,2025,150,150-1-01,844754618.487395
MAPOC,2025,150,150-1-02,944835.2941176471
MAPOC,2025,150,150-1-06,10123858.823529413
MAPOC,2025,150,150-1-07,2028904.2016806724
MAPOC,2025,150,150-1-08,3100648.7394957985
MAPOC,2025,150,150-1-09,187769.74789915967
MAPOC,2025,150,150-1-10,6438111.764705882
MAPOC,2025,150,150-1-16,2800881.512605042
MAPOC,2025,150,150-1-22,122282.35294117648
MAPOC,2025,150,150-2-07,5077247.05882353
MAPOC,2025,150,150-2-09,2885027.731092437
MAPOC,2025,150,150-2-22,967979.8319327731
MAPOC,2025,151,151-1-04,1266084.0336134455
MAPOC,2025,151,151-1-06,3659498.319327731
MAPOC,2025,151,151-1-07,937.8151260504202
MAPOC,2025,160,160-1-03,1869381.512605042
MAPOC,2025,160,160-1-04,790480.6722689077
MAPOC,2025,160,160-2-01,5848939.49579832
MAPOC,2025,160,160-2-04,2512.6050420168067
MAPOC,2025,164,164-1-15,13418056.302521009
MAPOC,2025,180,180-1-01,20946104.20168067
MAPOC,2025,180,180-1-02,6219765.546218488
MAPOC,2025,180,180-1-03,1560002.5210084035
MAPOC,2025,180,180-1-04,9430713.445378153
MAPOC,2025,180,180-1-05,1082135.2941176472
MAPOC,2025,180,180-2-01,2099473.949579832
MAPOC,2025,180,180-2-02,512979.8319327731
MAPOC,2025,180,180-2-03,702710.924369748
MAPOC,2025,180,180-2-05,5338878.991596639
MAPOC,2025,201,201-1-01,3436.9747899159665
MAPOC,2025,300,300-1-01,218465.5462184874
MAPOC,2025,300,300-1-04,15268.90756302521
MAPOC,2025,300,300-1-08,42453.78151260504
MAPOC,2025,300,300-1-09,6970.588235294118
MAPOC,2025,300,300-2-01,49621.84873949581
MAPOC,2025,303,303-2-03,4689.075630252101
MAPOC,2025,304,304-1-01,57588.23529411765
MAPOC,2025,304,304-2-01,25764.705882352944
MAPOC,2025,360,360-1-01,28766.386554621848
MAPOC,2025,500,500-1-05,1846615.9663865548
MAPOC,2025,600,600-1-01,36122043.697478995
MAPOC,2025,600,600-1-05,251329.4117647059
MAPOC,2025,800,800-1-01,7730333.613445379
MAPOC,2025,900,900-1-01,61630.25210084034
MAPOC,2026,001,001-1-01,74095493.27731092
MAPOC,2026,001,001-1-02,833152.9411764706
MAPOC,2026,001,001-1-03,734598.3193277312
MAPOC,2026,001,001-1-10,1267895.7983193276
MAPOC,2026,001,001-2-01,36072987.39495798
MAPOC,2026,001,001-2-02,22369202.521008406
MAPOC,2026,001,001-2-03,9426419.327731093
MAPOC,2026,001,001-2-04,5788721.008403362
MAPOC,2026,001,001-2-05,123504.20168067227
MAPOC,2026,001,001-2-06,1143436.974789916
MAPOC,2026,001,001-2-08,12473264.705882354
MAPOC,2026,001,001-2-11,10182000.840336135
MAPOC,2026,001,001-2-12,10593192.43697479
MAPOC,2026,001,001-2-13,23027017.647058826
MAPOC,2026,001,001-2-14,22107579.831932772
MAPOC,2026,001,001-2-15,17007918.48739496
MAPOC,2026,001,001-2-16,17858951.2605042
MAPOC,2026,001,001-2-17,16852939.49579832
MAPOC,2026,002,002-1-01,47683978.99159664
MAPOC,2026,002,002-1-02,59308.40336134454
MAPOC,2026,002,002-1-03,564961.3445378152
MAPOC,2026,002,002-1-11,43609.243697478996
MAPOC,2026,002,002-1-12,49684.873949579836
MAPOC,2026,002,002-2-01,24394116.80672269
MAPOC,2026,002,002-2-06,561400.8403361344
MAPOC,2026,002,002-2-07,47594.117647058825
MAPOC,2026,003,003-1-01,17131305.88235294
MAPOC,2026,003,003-1-04,55771.42857142858
MAPOC,2026,003,003-1-06,8781032.773109244
MAPOC,2026,003,003-1-10,216100.84033613448
MAPOC,2026,003,003-2-01,53202889.075630255
MAPOC,2026,003,003-2-02,778116.8067226891
MAPOC,2026,003,003-2-04,8557.142857142857
MAPOC,2026,003,003-2-06,208647.0588235294
MAPOC,2026,003,003-2-08,17322.689075630253
MAPOC,2026,004,004-1-01,3762515.9663865548
MAPOC,2026,004,004-1-02,4947989.075630252
MAPOC,2026,004,004-1-03,7031463.865546219
MAPOC,2026,004,004-1-04,7820319.327731093
MAPOC,2026,004,004-1-05,3027939.4957983196
MAPOC,2026,004,004-1-06,6649298.319327732
MAPOC,2026,004,004-1-07,25366137.81512605
MAPOC,2026,004,004-1-08,42384236.13445378
MAPOC,2026,004,004-1-09,3916184.0336134457
MAPOC,2026,004,004-1-10,28030497.478991598
MAPOC,2026,004,004-1-11,43265817.64705882
MAPOC,2026,004,004-2-01,4489857.142857143
MAPOC,2026,004,004-2-02,5380998.319327732
MAPOC,2026,004,004-2-03,773474.7899159665
MAPOC,2026,004,004-2-04,511835.2941176471
MAPOC,2026,004,004-2-05,13155836.134453781
MAPOC,2026,004,004-2-07,1190134.4537815128
MAPOC,2026,004,004-2-08,6325121.848739496
MAPOC,2026,004,004-2-11,167605.04201680672
MAPOC,2026,005,005-1-01,8709781.512605041
MAPOC,2026,005,005-1-02,11425806.722689075
MAPOC,2026,005,005-1-03,2742697.478991597
MAPOC,2026,005,005-1-04,6544070.588235294
MAPOC,2026,005,005-2-01,1057736.1344537814
MAPOC,2026,005,005-2-04,1792804.2016806724
MAPOC,2026,005,005-2-06,2530005.042016807
MAPOC,2026,006,006-1-01,17172057.14285714
MAPOC,2026,006,006-1-02,28758202.521008406
MAPOC,2026,006,006-1-03,12130903.361344539
MAPOC,2026,006,006-1-04,35931924.3697479
MAPOC,2026,006,006-1-05,19391.596638655465
MAPOC,2026,006,006-1-06,550063.8655462185
MAPOC,2026,006,006-2-01,11066663.025210084
MAPOC,2026,006,006-2-02,24096110.92436975
MAPOC,2026,006,006-2-03,7509764.705882354
MAPOC,2026,006,006-2-04,2957743.697478992
MAPOC,2026,006,006-2-05,202878.1512605042
MAPOC,2026,007,007-1-01,28933716.80672269
MAPOC,2026,007,007-1-02,3153573.949579832
MAPOC,2026,007,007-1-03,5414850.420168067
MAPOC,2026,007,007-1-04,5737482.352941177
MAPOC,2026,007,007-1-05,263504.2016806723
MAPOC,2026,007,007-2-01,20559326.8907563
MAPOC,2026,007,007-2-02,25070351.2605042
MAPOC,2026,007,007-2-03,25193154.62184874
MAPOC,2026,007,007-2-04,16655870.588235294
MAPOC,2026,008,008-1-01,7394023.529411765
MAPOC,2026,008,008-1-02,13695987.394957984
MAPOC,2026,008,008-1-03,10433262.18487395
MAPOC,2026,008,008-1-04,8230394.117647059
MAPOC,2026,008,008-2-01,2462014.285714286
MAPOC,2026,008,008-2-02,6701843.697478992
MAPOC,2026,008,008-2-03,5456851.260504202
MAPOC,2026,008,008-2-04,2240291.5966386553
MAPOC,2026,009,009-1-01,58920831.93277311
MAPOC,2026,009,009-1-02,28618173.949579835
MAPOC,2026,009,009-1-03,27758710.084033616
MAPOC,2026,009,009-1-04,25485594.957983196
MAPOC,2026,009,009-1-05,68092.43697478992
MAPOC,2026,009,009-2-01,15096300.840336135
MAPOC,2026,009,009-2-02,13081546.218487395
MAPOC,2026,009,009-2-03,6150309.243697479
MAPOC,2026,009,009-2-04,6716911.764705882
MAPOC,2026,010,010-1-01,6722922.68907563
MAPOC,2026,010,010-1-02,12380855.462184874
MAPOC,2026,010,010-1-03,21138225.210084036
MAPOC,2026,010,010-1-04,2936198.319327731
MAPOC,2026,010,010-1-06,4521.008403361345
MAPOC,2026,010,010-1-09,907495.7983193278
MAPOC,2026,010,010-2-01,5142597.478991597
MAPOC,2026,010,010-2-02,21748152.100840338
MAPOC,2026,010,010-2-03,32832325.210084036
MAPOC,2026,010,010-2-04,8631084.033613445
MAPOC,2026,011,011-1-01,18023373.1092437
MAPOC,2026,011,011-1-02,26752299.159663867
MAPOC,2026,011,011-1-03,11208582.352941176
MAPOC,2026,011,011-1-04,23631301.68067227
MAPOC,2026,011,011-2-01,10138863.025210086
MAPOC,2026,011,011-2-02,27191983.193277314
MAPOC,2026,011,011-2-03,8274558.823529412
MAPOC,2026,011,011-2-04,11122793.277310925
MAPOC,2026,011,011-2-05,3571810.0840336136
MAPOC,2026,012,012-1-01,17663976.470588237
MAPOC,2026,012,012-1-02,15754836.134453783
MAPOC,2026,012,012-1-03,8130593.277310926
MAPOC,2026,012,012-1-04,9258240.336134454
MAPOC,2026,012,012-1-05,43687.39495798319
MAPOC,2026,012,012-2-01,2704181.512605042
MAPOC,2026,012,012-2-02,3205560.504201681
MAPOC,2026,012,012-2-03,5232557.983193277
MAPOC,2026,012,012-2-04,7553119.327731092
MAPOC,2026,012,012-2-05,578047.0588235294
MAPOC,2026,013,013-1-01,22986884.87394958
MAPOC,2026,013,013-1-02,37372365.54621849
MAPOC,2026,013,013-1-03,21398427.731092438
MAPOC,2026,013,013-1-04,12313566.386554623
MAPOC,2026,013,013-1-05,3817519.327731093
MAPOC,2026,013,013-2-01,4302894.117647059
MAPOC,2026,013,013-2-02,5341662.18487395
MAPOC,2026,013,013-2-03,3075160.504201681
MAPOC,2026,013,013-2-04,6647135.294117647
MAPOC,2026,014,014-1-01,27452184.033613447
MAPOC,2026,014,014-1-02,43999842.01680673
MAPOC,2026,014,014-2-01,44910587.39495798
MAPOC,2026,014,014-2-02,57544624.36974791
MAPOC,2026,014,014-2-03,55032716.80672269
MAPOC,2026,014,014-2-04,39668553.78151261
MAPOC,2026,014,014-2-08,69445.3781512605
MAPOC,2026,015,015-1-01,44471539.49579832
MAPOC,2026,015,015-1-02,46639426.8907563
MAPOC,2026,015,015-2-01,18007952.100840338
MAPOC,2026,015,015-2-02,4679732.773109244
MAPOC,2026,015,015-2-03,37770326.8907563
MAPOC,2026,016,016-1-01,17614070.588235296
MAPOC,2026,016,016-1-02,32720810.084033616
MAPOC,2026,016,016-1-03,16425186.55462185
MAPOC,2026,016,016-1-04,32982985.714285716
MAPOC,2026,016,016-1-08,7078.991596638655
MAPOC,2026,016,016-2-01,16279746.218487395
MAPOC,2026,016,016-2-02,37006375.6302521
MAPOC,2026,017,017-1-02,287378.1512605042
MAPOC,2026,017,017-2-01,100134334.45378152
MAPOC,2026,017,017-2-02,45361057.14285714
MAPOC,2026,017,017-2-03,33870182.35294118
MAPOC,2026,017,017-2-04,22243956.30252101
MAPOC,2026,018,018-1-01,22803337.81512605
MAPOC,2026,018,018-1-02,18452149.57983193
MAPOC,2026,018,018-1-03,6357986.554621849
MAPOC,2026,018,018-1-04,5034047.05882353
MAPOC,2026,018,018-2-09,31411.764705882353
MAPOC,2026,019,019-1-01,6792665.546218487
MAPOC,2026,019,019-1-02,2666385.7142857146
MAPOC,2026,019,019-1-03,26435481.512605045
MAPOC,2026,019,019-1-04,8009116.806722689
MAPOC,2026,019,019-1-05,672323.5294117647
MAPOC,2026,019,019-1-06,1402278.9915966387
MAPOC,2026,019,019-1-07,1911273.949579832
MAPOC,2026,019,019-2-01,21321591.596638657
MAPOC,2026,019,019-2-02,13882163.865546219
MAPOC,2026,019,019-2-03,17070926.8907563
MAPOC,2026,019,019-2-04,29122103.36134454
MAPOC,2026,019,019-2-05,171251.2605042017
MAPOC,2026,020,020-1-01,9871057.983193278
MAPOC,2026,020,020-1-02,2686240.336134454
MAPOC,2026,020,020-1-03,2563439.4957983196
MAPOC,2026,020,020-1-04,1280352.9411764706
MAPOC,2026,020,020-1-08,57306.722689075636
MAPOC,2026,020,020-2-01,21124684.033613447
MAPOC,2026,020,020-2-02,78265536.13445379
MAPOC,2026,020,020-2-03,11394371.42857143
MAPOC,2026,021,021-1-01,69392630.25210084
MAPOC,2026,021,021-1-02,42224393.27731092
MAPOC,2026,021,021-1-03,26031284.033613447
MAPOC,2026,021,021-2-01,2404205.882352941
MAPOC,2026,021,021-2-02,22764542.85714286
MAPOC,2026,021,021-2-03,24549877.31092437
MAPOC,2026,021,021-2-04,4856350.420168067
MAPOC,2026,021,021-2-05,1097657.142857143
MAPOC,2026,022,022-1-01,4832456.302521009
MAPOC,2026,022,022-1-02,4263008.403361345
MAPOC,2026,022,022-1-03,13047495.798319329
MAPOC,2026,022,022-2-01,1462636.974789916
MAPOC,2026,022,022-2-02,12417886.55462185
MAPOC,2026,022,022-2-03,25032693.277310926
MAPOC,2026,023,023-1-01,2348805.042016807
MAPOC,2026,023,023-1-02,27743384.87394958
MAPOC,2026,023,023-1-03,2652652.100840336
MAPOC,2026,023,023-1-04,6988.235294117648
MAPOC,2026,023,023-2-01,32981889.915966388
MAPOC,2026,023,023-2-02,21617987.394957986
MAPOC,2026,023,023-2-03,67585.71428571429
MAPOC,2026,023,023-2-04,11762753.781512605
MAPOC,2026,023,023-2-05,4258218.487394958
MAPOC,2026,024,024-1-01,38173387.39495798
MAPOC,2026,024,024-1-02,13581011.764705883
MAPOC,2026,024,024-1-03,7017542.016806723
MAPOC,2026,024,024-2-01,25347658.82352941
MAPOC,2026,024,024-2-02,6226836.974789917
MAPOC,2026,024,024-2-03,14399015.12605042
MAPOC,2026,025,025-1-01,7458257.983193277
MAPOC,2026,025,025-1-02,6556809.243697479
MAPOC,2026,025,025-1-03,70789280.67226891
MAPOC,2026,025,025-1-04,1501810.924369748
MAPOC,2026,025,025-2-01,26005735.29411765
MAPOC,2026,025,025-2-02,70273713.44537815
MAPOC,2026,025,025-2-03,21168474.789915968
MAPOC,2026,026,026-1-01,288240443.697479
MAPOC,2026,026,026-1-02,37515445.37815126
MAPOC,2026,026,026-1-03,81707305.0420168
MAPOC,2026,026,026-1-04,47538321.00840336
MAPOC,2026,026,026-1-05,24099742.85714286
MAPOC,2026,026,026-1-08,1625531.0924369746
MAPOC,2026,026,026-2-01,83436636.97478992
MAPOC,2026,027,027-1-01,16776657.142857144
MAPOC,2026,027,027-1-02,769304.2016806722
MAPOC,2026,027,027-1-03,200075.63025210085
MAPOC,2026,027,027-1-04,1574198.3193277312
MAPOC,2026,027,027-1-05,283757.9831932773
MAPOC,2026,027,027-1-08,1723250.4201680673
MAPOC,2026,027,027-2-02,745121.8487394959
MAPOC,2026,027,027-2-04,1663.8655462184875
MAPOC,2026,028,028-1-01,182489.0756302521
MAPOC,2026,028,028-1-08,604771.4285714286
MAPOC,2026,028,028-2-01,20370188.23529412
MAPOC,2026,028,028-2-02,14554236.974789916
MAPOC,2026,028,028-2-03,25175073.94957983
MAPOC,2026,028,028-2-04,15374759.663865548
MAPOC,2026,028,028-2-05,15934361.344537817
MAPOC,2026,028,028-2-06,12099078.99159664
MAPOC,2026,028,028-2-07,7621083.1932773115
MAPOC,2026,028,028-2-08,5334135.294117647
MAPOC,2026,028,028-2-09,10393771.42857143
MAPOC,2026,028,028-2-10,5902320.168067227
MAPOC,2026,028,028-2-11,5096515.12605042
MAPOC,2026,028,028-2-12,3419886.5546218487
MAPOC,2026,028,028-2-13,15736757.983193278
MAPOC,2026,028,028-2-14,7731031.9327731095
MAPOC,2026,028,028-2-15,6149890.756302522
MAPOC,2026,028,028-2-16,5605231.092436975
MAPOC,2026,028,028-2-17,2893805.042016807
MAPOC,2026,029,029-2-01,17425809.24369748
MAPOC,2026,029,029-2-02,13752043.697478993
MAPOC,2026,029,029-2-03,12408347.05882353
MAPOC,2026,029,029-2-04,20279246.218487397
MAPOC,2026,029,029-2-05,29766439.49579832
MAPOC,2026,029,029-2-06,12356694.11764706
MAPOC,2026,034,034-1-08,411470.5882352941
MAPOC,2026,034,034-1-09,627197.4789915966
MAPOC,2026,034,034-1-10,738295.7983193279
MAPOC,2026,034,034-1-11,3555373.109243698
MAPOC,2026,034,034-1-12,11756.302521008403
MAPOC,2026,035,035-1-01,1674151.2605042018
MAPOC,2026,035,035-2-01,265909.243697479
MAPOC,2026,035,035-2-04,327512.60504201683
MAPOC,2026,035,035-2-05,129983.19327731093
MAPOC,2026,035,035-2-06,60480.67226890757
MAPOC,2026,036,036-1-06,1388117.6470588234
MAPOC,2026,036,036-2-09,1803144.5378151261
MAPOC,2026,036,036-2-10,68100.84033613445
MAPOC,2026,036,036-2-19,50760276.47058824
MAPOC,2026,037,037-1-04,1414095.7983193276
MAPOC,2026,037,037-1-06,9746710.084033614
MAPOC,2026,037,037-1-07,10919166.386554623
MAPOC,2026,038,038-1-07,556526.0504201681
MAPOC,2026,038,038-1-08,27359422.68907563
MAPOC,2026,038,038-2-01,57545884.87394958
MAPOC,2026,038,038-2-03,40538371.42857143
MAPOC,2026,038,038-2-04,49727865.54621849
MAPOC,2026,038,038-2-05,1890601.6806722688
MAPOC,2026,038,038-2-06,6008665.546218487
MAPOC,2026,038,038-2-08,374804.2016806723
MAPOC,2026,038,038-2-09,4071653.781512605
MAPOC,2026,038,038-2-10,22795436.97478992
MAPOC,2026,038,038-2-12,12879440.336134454
MAPOC,2026,039,039-1-01,7873991.596638655
MAPOC,2026,039,039-1-03,11950857.142857144
MAPOC,2026,039,039-1-06,13826530.25210084
MAPOC,2026,039,039-1-07,24690138.655462187
MAPOC,2026,039,039-1-09,958697.4789915967
MAPOC,2026,039,039-1-10,806764.705882353
MAPOC,2026,039,039-1-12,14020683.193277312
MAPOC,2026,039,039-1-14,2469363.8655462186
MAPOC,2026,039,039-2-06,925744.5378151261
MAPOC,2026,039,039-2-09,17235247.899159666
MAPOC,2026,040,040-1-01,358769.7478991597
MAPOC,2026,040,040-1-05,9965547.05882353
MAPOC,2026,040,040-1-07,29592822.689075634
MAPOC,2026,040,040-1-09,11342363.865546219
MAPOC,2026,040,040-1-11,2552255.4621848743
MAPOC,2026,040,040-1-13,797314.2857142858
MAPOC,2026,040,040-1-14,29403.361344537818
MAPOC,2026,040,040-2-03,87285.71428571429
MAPOC,2026,040,040-2-06,72236541.1764706
MAPOC,2026,040,040-2-09,46146.21848739496
MAPOC,2026,040,040-2-11,971516.8067226892
MAPOC,2026,040,040-2-12,1012641.1764705883
MAPOC,2026,040,040-2-13,269710.9243697479
MAPOC,2026,040,040-2-14,1343789.9159663867
MAPOC,2026,040,040-2-15,436168.06722689077
MAPOC,2026,041,041-1-01,50372486.55462185
MAPOC,2026,041,041-1-10,7630852.100840337
MAPOC,2026,041,041-1-12,3656064.705882353
MAPOC,2026,041,041-2-04,102705.88235294117
MAPOC,2026,042,042-1-06,36267.226890756305
MAPOC,2026,042,042-1-08,34551.26050420168
MAPOC,2026,042,042-2-01,46369.747899159665
MAPOC,2026,042,042-2-02,4236773.1092436975
MAPOC,2026,042,042-2-04,21951678.151260503
MAPOC,2026,042,042-2-05,58581.51260504202
MAPOC,2026,042,042-2-06,4256180.672268908
MAPOC,2026,042,042-2-07,2349331.9327731095
MAPOC,2026,042,042-2-08,4725897.478991597
MAPOC,2026,042,042-2-09,18112457.98319328
MAPOC,2026,042,042-2-10,16077456.302521009
MAPOC,2026,042,042-2-11,138554.6218487395
MAPOC,2026,042,042-2-12,686123.5294117648
MAPOC,2026,043,043-2-02,3831839.4957983196
MAPOC,2026,043,043-2-04,8815.12605042017
MAPOC,2026,043,043-2-06,1373630.2521008404
MAPOC,2026,043,043-2-08,7732436.974789916
MAPOC,2026,044,044-1-01,3154219.3277310925
MAPOC,2026,044,044-1-02,312655.462184874
MAPOC,2026,044,044-2-02,19646873.94957983
MAPOC,2026,044,044-2-03,9137853.781512605
MAPOC,2026,044,044-2-04,21721296.638655465
MAPOC,2026,044,044-2-05,292908.40336134454
MAPOC,2026,044,044-2-06,1432353.781512605
MAPOC,2026,044,044-2-07,2328136.134453782
MAPOC,2026,044,044-2-09,1845957.9831932774
MAPOC,2026,044,044-2-10,3109872.2689075633
MAPOC,2026,044,044-2-11,5279639.49579832
MAPOC,2026,044,044-2-13,1488336.1344537816
MAPOC,2026,044,044-2-15,430462.1848739496
MAPOC,2026,044,044-2-16,63739929.41176471
MAPOC,2026,044,044-2-17,46276751.2605042
MAPOC,2026,045,045-2-02,27471783.193277314
MAPOC,2026,045,045-2-03,27940138.655462187
MAPOC,2026,045,045-2-04,41166037.815126054
MAPOC,2026,045,045-2-05,39035006.72268908
MAPOC,2026,045,045-2-06,21267521.00840336
MAPOC,2026,045,045-2-09,34457709.24369748
MAPOC,2026,045,045-2-10,44010347.89915966
MAPOC,2026,045,045-2-11,71047012.60504203
MAPOC,2026,045,045-2-12,33887589.075630255
MAPOC,2026,045,045-2-13,59917678.1512605
MAPOC,2026,045,045-2-14,8195724.3697478995
MAPOC,2026,045,045-2-15,27441384.87394958
MAPOC,2026,045,045-2-16,21606348.7394958
MAPOC,2026,045,045-2-17,44256045.37815126
MAPOC,2026,045,045-2-18,2051952.9411764708
MAPOC,2026,046,046-1-01,7325931.092436975
MAPOC,2026,046,046-1-04,2116321.0084033613
MAPOC,2026,046,046-1-07,4739938.655462185
MAPOC,2026,047,047-1-01,40926387.39495799
MAPOC,2026,047,047-1-02,9067.226890756303
MAPOC,2026,047,047-1-06,442272.26890756306
MAPOC,2026,047,047-1-09,195650.42016806724
MAPOC,2026,047,047-1-10,22680.672268907565
MAPOC,2026,047,047-1-11,67588.23529411765
MAPOC,2026,049,049-2-01,2573584.0336134452
MAPOC,2026,049,049-2-04,469446.218487395
MAPOC,2026,050,050-1-01,281978527.73109245
MAPOC,2026,050,050-1-03,272328145.3781513
MAPOC,2026,050,050-1-05,64031744.53781513
MAPOC,2026,050,050-1-07,101762550.42016807
MAPOC,2026,050,050-1-09,20019216.80672269
MAPOC,2026,050,050-1-10,13319502.521008404
MAPOC,2026,050,050-1-11,139108570.5882353
MAPOC,2026,050,050-1-13,15205121.008403363
MAPOC,2026,050,050-1-14,12043941.176470589
MAPOC,2026,050,050-1-15,5890423.529411765
MAPOC,2026,050,050-1-16,40698868.90756302
MAPOC,2026,050,050-1-17,39480857.98319328
MAPOC,2026,050,050-1-18,4583012.605042017
MAPOC,2026,050,050-1-19,2235052.941176471
MAPOC,2026,050,050-1-21,19168331.092436977
MAPOC,2026,050,050-1-22,8643296.638655463
MAPOC,2026,050,050-1-23,84164082.35294119
MAPOC,2026,050,050-1-24,24934715.12605042
MAPOC,2026,050,050-1-25,87667661.34453782
MAPOC,2026,050,050-1-26,216049864.70588237
MAPOC,2026,050,050-1-27,3157705.042016807
MAPOC,2026,051,051-1-01,11408205.042016806
MAPOC,2026,051,051-1-02,698747338.6554621
MAPOC,2026,051,051-1-04,3244739.4957983196
MAPOC,2026,052,052-1-01,2458588331.0924373
MAPOC,2026,052,052-1-03,22736231.93277311
MAPOC,2026,052,052-1-04,23394113.44537815
MAPOC,2026,053,053-1-01,16401578.991596637
MAPOC,2026,053,053-1-02,17747234.45378151
MAPOC,2026,054,054-1-06,3588006.722689076
MAPOC,2026,056,056-1-01,394190502.52100843
MAPOC,2026,056,056-1-07,540580528.5714285
MAPOC,2026,056,056-1-08,13556084.033613445
MAPOC,2026,056,056-1-09,2910826.8907563025
MAPOC,2026,060,060-1-01,384471.4285714286
MAPOC,2026,060,060-1-04,20696289.915966388
MAPOC,2026,060,060-1-05,13438.655462184875
MAPOC,2026,062,062-1-04,307800.0
MAPOC,2026,064,064-1-03,46235.29411764706
MAPOC,2026,064,064-1-04,90084.03361344538
MAPOC,2026,064,064-2-04,94949.57983193277
MAPOC,2026,064,064-2-05,203073.94957983197
MAPOC,2026,070,070-1-01,14260.504201680673
MAPOC,2026,071,071-2-05,33605.04201680672
MAPOC,2026,072,072-2-03,4617.64705882353
MAPOC,2026,072,072-2-05,32848.73949579832
MAPOC,2026,073,073-1-01,273600.0
MAPOC,2026,073,073-1-02,605426.8907563025
MAPOC,2026,074,074-1-04,13605.042016806723
MAPOC,2026,074,074-1-06,274.78991596638656
MAPOC,2026,078,078-1-05,58043.6974789916
MAPOC,2026,078,078-2-01,4697.4789915966385
MAPOC,2026,085,085-1-01,8954519.327731093
MAPOC,2026,085,085-1-15,410974.7899159664
MAPOC,2026,085,085-1-16,345927.731092437
MAPOC,2026,085,085-1-20,58548.73949579832
MAPOC,2026,085,085-1-50,4521.008403361345
MAPOC,2026,085,085-2-01,5822875.630252101
MAPOC,2026,085,085-2-02,1300765.5462184874
MAPOC,2026,089,089-1-04,373805.0420168067
MAPOC,2026,096,096-1-01,656783.193277311
MAPOC,2026,100,100-1-01,5320422.68907563
MAPOC,2026,100,100-1-02,403168.06722689077
MAPOC,2026,100,100-1-04,1030018.487394958
MAPOC,2026,100,100-1-06,628047.8991596639
MAPOC,2026,100,100-1-07,527722.6890756303
MAPOC,2026,100,100-1-08,464087.39495798317
MAPOC,2026,100,100-1-10,598436.974789916
MAPOC,2026,100,100-1-11,2862872.2689075633
MAPOC,2026,100,100-1-12,73865.5462184874
MAPOC,2026,100,100-1-13,2600300.8403361347
MAPOC,2026,100,100-1-14,1877162.1848739497
MAPOC,2026,100,100-1-16,4980644.537815127
MAPOC,2026,100,100-1-18,40333291.59663866
MAPOC,2026,100,100-1-19,681663.025210084
MAPOC,2026,100,100-1-22,17692.436974789918
MAPOC,2026,100,100-1-23,36957.983193277316
MAPOC,2026,100,100-1-24,1909209.2436974791
MAPOC,2026,100,100-1-26,896300.0000000001
MAPOC,2026,100,100-1-28,96488.23529411765
MAPOC,2026,100,100-1-29,2623256.3025210085
MAPOC,2026,100,100-2-17,842112.6050420168
MAPOC,2026,103,103-1-01,46210.08403361345
MAPOC,2026,111,111-1-01,5213598.319327732
MAPOC,2026,116,116-1-02,170080.67226890757
MAPOC,2026,116,116-1-03,30079.83193277311
MAPOC,2026,116,116-1-16,149243.6974789916
MAPOC,2026,117,117-1-19,207080.67226890757
MAPOC,2026,118,118-1-01,131252.10084033615
MAPOC,2026,119,119-1-01,253654.6218487395
MAPOC,2026,140,140-1-01,31575238.655462187
MAPOC,2026,140,140-1-02,1870599.1596638656
MAPOC,2026,140,140-1-03,13412644.537815128
MAPOC,2026,140,140-1-04,44280064.705882356
MAPOC,2026,150,150-1-01,1042056039.4957983
MAPOC,2026,150,150-1-02,4567577.31092437
MAPOC,2026,150,150-1-06,9367297.478991596
MAPOC,2026,150,150-1-07,2057947.8991596638
MAPOC,2026,150,150-1-08,1239355.4621848739
MAPOC,2026,150,150-1-09,73152.10084033613
MAPOC,2026,150,150-1-10,6101475.630252101
MAPOC,2026,150,150-1-11,15339043.697478993
MAPOC,2026,150,150-1-15,11001469.74789916
MAPOC,2026,150,150-1-16,12455387.394957984
MAPOC,2026,150,150-1-22,3702715.12605042
MAPOC,2026,150,150-2-07,5956339.49579832
MAPOC,2026,150,150-2-09,1256739.4957983193
MAPOC,2026,150,150-2-22,1020798.3193277312
MAPOC,2026,151,151-1-04,106571.42857142858
MAPOC,2026,151,151-1-06,7209860.504201681
MAPOC,2026,151,151-1-07,2763731.092436975
MAPOC,2026,151,151-1-10,452840.3361344538
MAPOC,2026,160,160-1-03,710293.2773109244
MAPOC,2026,160,160-1-04,398909.243697479
MAPOC,2026,160,160-2-01,5200817.647058824
MAPOC,2026,164,164-1-15,21616559.663865548
MAPOC,2026,180,180-1-01,22585435.29411765
MAPOC,2026,180,180-1-02,7055286.554621849
MAPOC,2026,180,180-1-03,3599947.8991596643
MAPOC,2026,180,180-1-04,7847666.386554623
MAPOC,2026,180,180-2-01,2518570.5882352944
MAPOC,2026,180,180-2-02,6553984.87394958
MAPOC,2026,180,180-2-03,7501623.529411765
MAPOC,2026,180,180-2-05,4923982.352941177
MAPOC,2026,201,201-1-01,1524763.8655462186
MAPOC,2026,300,300-1-01,261865.5462184874
MAPOC,2026,300,300-1-08,209463.02521008404
MAPOC,2026,300,300-1-10,25315.126050420167
MAPOC,2026,300,300-2-01,46899.15966386555
MAPOC,2026,300,300-2-04,6990.756302521008
MAPOC,2026,303,303-2-02,22638.655462184874
MAPOC,2026,304,304-1-01,187522.68907563027
MAPOC,2026,360,360-1-01,1655721.8487394957
MAPOC,2026,500,500-1-05,1183525.2100840337
MAPOC,2026,600,600-1-01,39404911.76470588
MAPOC,2026,600,600-1-05,10079920.168067228
MAPOC,2026,700,700-1-01,38670.58823529412
MAPOC,2026,701,701-1-01,49774.78991596639
MAPOC,2026,800,800-1-01,7951751.260504202
MAPOC,2026,900,900-1-01,39334576.47058824
MAPOC,2026,901,901-1-01,130289.91596638656
PMONT,2025,001,001-1-01,55844.53781512605
PMONT,2025,001,001-1-02,9540115.12605042
PMONT,2025,001,001-2-01,221915.96638655465
PMONT,2025,001,001-2-02,3116627.731092437
PMONT,2025,002,002-1-01,23074101.68067227
PMONT,2025,002,002-1-02,35704072.26890756
PMONT,2025,002,002-1-03,36658100.84033614
PMONT,2025,002,002-1-04,1543826.050420168
PMONT,2025,002,002-2-01,1277605.0420168068
PMONT,2025,002,002-2-02,30067727.731092438
PMONT,2025,002,002-2-03,41277255.462184876
PMONT,2025,002,002-2-04,51043081.51260504
PMONT,2025,002,002-2-05,6787836.134453782
PMONT,2025,003,003-1-01,3590052.100840336
PMONT,2025,003,003-1-02,2376582.3529411764
PMONT,2025,003,003-1-03,15062391.596638657
PMONT,2025,003,003-1-04,12315638.655462185
PMONT,2025,003,003-1-05,12339064.705882354
PMONT,2025,003,003-1-07,107613.44537815126
PMONT,2025,003,003-2-01,22848330.25210084
PMONT,2025,003,003-2-02,41626563.86554622
PMONT,2025,003,003-2-03,5857831.092436975
PMONT,2025,003,003-2-04,18510185.714285716
PMONT,2025,003,003-2-05,38512409.24369748
PMONT,2025,004,004-1-01,29592676.470588237
PMONT,2025,004,004-1-02,2297638.655462185
PMONT,2025,004,004-1-03,14525606.722689077
PMONT,2025,004,004-1-04,25388215.966386557
PMONT,2025,004,004-1-05,3693569.74789916
PMONT,2025,004,004-2-01,3415649.579831933
PMONT,2025,004,004-2-02,38763205.04201681
PMONT,2025,004,004-2-03,5747942.857142857
PMONT,2025,004,004-2-04,9156289.075630253
PMONT,2025,004,004-2-05,13497789.915966388
PMONT,2025,005,005-1-01,9078746.218487395
PMONT,2025,005,005-1-02,8272449.579831934
PMONT,2025,005,005-1-03,8884631.93277311
PMONT,2025,005,005-1-04,4401242.016806723
PMONT,2025,005,005-1-05,5505643.697478992
PMONT,2025,005,005-2-01,13712476.470588235
PMONT,2025,005,005-2-02,5660644.537815127
PMONT,2025,005,005-2-03,6350910.924369749
PMONT,2025,005,005-2-04,11734105.88235294
PMONT,2025,005,005-2-05,26786701.68067227
PMONT,2025,006,006-1-01,9142798.319327733
PMONT,2025,006,006-1-02,11757246.218487397
PMONT,2025,006,006-1-03,16368156.302521009
PMONT,2025,006,006-1-04,12703492.43697479
PMONT,2025,006,006-1-05,17143712.605042018
PMONT,2025,006,006-1-07,484028.5714285715
PMONT,2025,006,006-2-01,1970714.285714286
PMONT,2025,006,006-2-02,3923017.6470588236
PMONT,2025,006,006-2-03,2125843.6974789915
PMONT,2025,006,006-2-04,19198173.1092437
PMONT,2025,006,006-2-05,5303244.537815127
PMONT,2025,007,007-1-01,6991913.445378152
PMONT,2025,007,007-1-02,3862322.6890756306
PMONT,2025,007,007-1-03,8197521.008403362
PMONT,2025,007,007-1-04,9999368.907563025
PMONT,2025,007,007-1-05,8621026.890756303
PMONT,2025,007,007-2-01,3138241.1764705884
PMONT,2025,007,007-2-02,3311099.159663866
PMONT,2025,007,007-2-03,6237537.815126051
PMONT,2025,007,007-2-04,5875250.420168067
PMONT,2025,007,007-2-05,7543268.067226891
PMONT,2025,008,008-1-01,10389633.613445379
PMONT,2025,008,008-1-02,2730410.9243697478
PMONT,2025,008,008-1-03,3986070.5882352944
PMONT,2025,008,008-1-04,3032157.9831932774
PMONT,2025,008,008-1-05,8649582.352941178
PMONT,2025,008,008-1-06,3745973.949579832
PMONT,2025,008,008-2-01,6534569.74789916
PMONT,2025,008,008-2-02,6409978.991596639
PMONT,2025,008,008-2-03,3861481.512605042
PMONT,2025,008,008-2-04,945553.7815126051
PMONT,2025,008,008-2-05,2157163.8655462186
PMONT,2025,008,008-2-06,2264652.941176471
PMONT,2025,009,009-1-01,9220596.638655463
PMONT,2025,009,009-1-02,12617784.033613445
PMONT,2025,009,009-1-03,19972238.655462187
PMONT,2025,009,009-1-04,13937387.394957984
PMONT,2025,009,009-2-01,5437702.521008404
PMONT,2025,009,009-2-02,6509531.9327731095
PMONT,2025,009,009-2-03,14842747.05882353
PMONT,2025,010,010-1-01,4187142.016806723
PMONT,2025,010,010-1-02,6126444.537815127
PMONT,2025,010,010-1-03,12198958.823529413
PMONT,2025,010,010-2-01,7869908.403361345
PMONT,2025,010,010-2-02,3940300.0
PMONT,2025,010,010-2-03,14121736.134453783
PMONT,2025,010,010-2-04,9514506.722689075
PMONT,2025,010,010-2-05,2935070.588235294
PMONT,2025,010,010-2-06,4087502.5210084035
PMONT,2025,011,011-1-01,6443667.226890757
PMONT,2025,011,011-1-02,2088537.8151260505
PMONT,2025,011,011-1-03,1586215.9663865548
PMONT,2025,011,011-1-04,7030361.344537815
PMONT,2025,011,011-1-05,13422585.714285715
PMONT,2025,011,011-2-01,6415742.857142857
PMONT,2025,011,011-2-02,10479168.907563025
PMONT,2025,011,011-2-03,6283204.201680672
PMONT,2025,011,011-2-04,12889331.93277311
PMONT,2025,011,011-2-05,9563989.075630253
PMONT,2025,011,011-2-06,5398185.714285715
PMONT,2025,011,011-2-07,8481615.966386555
PMONT,2025,011,011-2-08,1764369.7478991598
PMONT,2025,012,012-1-02,3338526.0504201683
PMONT,2025,012,012-1-03,3205957.9831932774
PMONT,2025,012,012-1-04,9926818.487394959
PMONT,2025,012,012-1-05,21805876.470588237
PMONT,2025,012,012-1-06,12197454.62184874
PMONT,2025,012,012-1-07,4890528.571428572
PMONT,2025,012,012-2-01,66286631.93277311
PMONT,2025,012,012-2-03,13645900.0
PMONT,2025,012,012-2-04,24902410.084033616
PMONT,2025,012,012-2-05,7359514.285714286
PMONT,2025,013,013-1-01,10805542.857142858
PMONT,2025,013,013-1-02,7207791.596638656
PMONT,2025,013,013-1-03,1728362.1848739497
PMONT,2025,013,013-1-04,6468704.201680672
PMONT,2025,013,013-1-05,4273537.81512605
PMONT,2025,013,013-2-02,3859398.319327731
PMONT,2025,013,013-2-03,51200.0
PMONT,2025,013,013-2-04,5673213.445378152
PMONT,2025,013,013-2-05,2060989.0756302522
PMONT,2025,013,013-2-06,802016.8067226891
PMONT,2025,013,013-2-08,1168344.5378151261
PMONT,2025,014,014-1-01,4597240.336134454
PMONT,2025,014,014-1-02,17710.9243697479
PMONT,2025,014,014-1-03,99047.05882352941
PMONT,2025,014,014-1-04,756673.1092436975
PMONT,2025,014,014-2-01,1187725.2100840337
PMONT,2025,014,014-2-03,1985712.6050420168
PMONT,2025,014,014-2-05,793538.6554621849
PMONT,2025,014,014-2-06,1534050.4201680673
PMONT,2025,014,014-2-07,432114.2857142858
PMONT,2025,014,014-2-08,663857.9831932774
PMONT,2025,014,014-2-09,4276968.0672268905
PMONT,2025,014,014-2-10,763576.4705882354
PMONT,2025,015,015-1-01,4549422.68907563
PMONT,2025,015,015-1-03,1743555.462184874
PMONT,2025,015,015-1-04,750265.5462184873
PMONT,2025,015,015-1-05,105558.82352941178
PMONT,2025,015,015-1-06,2013467.2268907563
PMONT,2025,015,015-1-07,674147.8991596639
PMONT,2025,015,015-1-08,195447.89915966388
PMONT,2025,015,015-1-10,1710690.756302521
PMONT,2025,015,015-2-01,8155632.773109244
PMONT,2025,015,015-2-02,1841810.924369748
PMONT,2025,015,015-2-03,5534418.487394959
PMONT,2025,015,015-2-04,1314736.974789916
PMONT,2025,015,015-2-05,822421.8487394959
PMONT,2025,016,016-1-01,13498663.025210086
PMONT,2025,016,016-1-02,601304.2016806722
PMONT,2025,016,016-1-03,7032170.588235294
PMONT,2025,016,016-1-04,6823111.764705882
PMONT,2025,016,016-1-05,199655.46218487396
PMONT,2025,016,016-2-01,3710731.9327731095
PMONT,2025,016,016-2-02,5640610.084033614
PMONT,2025,016,016-2-03,2053193.2773109246
PMONT,2025,016,016-2-04,2586791.5966386553
PMONT,2025,016,016-2-05,1251098.3193277312
PMONT,2025,016,016-2-06,1286686.5546218487
PMONT,2025,017,017-1-01,7897878.1512605045
PMONT,2025,017,017-1-02,2922470.5882352944
PMONT,2025,017,017-1-03,3101876.4705882357
PMONT,2025,017,017-1-04,3227396.6386554623
PMONT,2025,017,017-1-05,11278157.142857144
PMONT,2025,017,017-2-01,971391.5966386555
PMONT,2025,017,017-2-02,8542706.722689075
PMONT,2025,017,017-2-03,5254405.882352942
PMONT,2025,017,017-2-04,7130166.386554622
PMONT,2025,017,017-2-05,25620235.29411765
PMONT,2025,017,017-2-06,436087.3949579832
PMONT,2025,018,018-1-01,4615191.596638655
PMONT,2025,018,018-1-02,4764686.554621849
PMONT,2025,018,018-1-03,11386865.546218488
PMONT,2025,018,018-1-04,9655453.781512605
PMONT,2025,018,018-1-05,18587606.722689077
PMONT,2025,018,018-2-01,58310.9243697479
PMONT,2025,018,018-2-02,1730604.2016806724
PMONT,2025,018,018-2-03,358108.40336134454
PMONT,2025,018,018-2-04,808559.6638655462
PMONT,2025,018,018-2-05,5291452.100840337
PMONT,2025,018,018-2-06,6699267.226890757
PMONT,2025,018,018-2-07,4100078.9915966387
PMONT,2025,018,018-2-08,2403772.2689075633
PMONT,2025,019,019-1-06,6491992.43697479
PMONT,2025,019,019-1-07,2763109.243697479
PMONT,2025,019,019-2-01,1151884.87394958
PMONT,2025,019,019-2-02,18722535.29411765
PMONT,2025,019,019-2-03,12732910.084033614
PMONT,2025,019,019-2-04,2364509.243697479
PMONT,2025,019,019-2-05,4593442.857142857
PMONT,2025,019,019-2-06,13371247.05882353
PMONT,2025,019,019-2-07,26800005.042016808
PMONT,2025,019,019-2-08,6671499.159663865
PMONT,2025,019,019-2-09,13960089.075630253
PMONT,2025,019,019-2-10,12211355.462184874
PMONT,2025,019,019-2-11,8691519.327731093
PMONT,2025,019,019-2-12,18416527.731092438
PMONT,2025,019,019-2-13,2716000.0
PMONT,2025,020,020-1-01,16090420.168067228
PMONT,2025,020,020-1-02,8325475.630252101
PMONT,2025,020,020-1-03,3965830.2521008407
PMONT,2025,020,020-1-04,12899811.764705883
PMONT,2025,020,020-1-05,4125747.0588235296
PMONT,2025,020,020-1-06,2551287.3949579834
PMONT,2025,021,021-1-01,10582704.201680673
PMONT,2025,021,021-1-02,133464.70588235295
PMONT,2025,021,021-1-03,333268.90756302525
PMONT,2025,021,021-1-04,1501468.9075630254
PMONT,2025,021,021-1-06,1412142.8571428573
PMONT,2025,021,021-1-07,1609079.831932773
PMONT,2025,021,021-1-08,4270449.579831933
PMONT,2025,021,021-1-09,12115629.411764706
PMONT,2025,021,021-1-10,25335589.075630255
PMONT,2025,021,021-1-11,10452908.403361345
PMONT,2025,021,021-1-12,9989327.731092436
PMONT,2025,021,021-1-13,5041136.974789917
PMONT,2025,022,022-1-03,5039236.974789917
PMONT,2025,022,022-1-04,11550231.93277311
PMONT,2025,030,030-1-01,982947.0588235295
PMONT,2025,030,030-1-06,13084.03361344538
PMONT,2025,030,030-1-16,184178.1512605042
PMONT,2025,030,030-1-21,53403.361344537814
PMONT,2025,030,030-1-22,65592.43697478993
PMONT,2025,030,030-1-24,364831.93277310923
PMONT,2025,030,030-1-25,217752.10084033615
PMONT,2025,050,050-1-01,52125771.42857143
PMONT,2025,050,050-1-02,26461502.521008406
PMONT,2025,050,050-1-03,93171154.62184875
PMONT,2025,050,050-1-05,22355346.218487397
PMONT,2025,050,050-1-07,45127370.5882353
PMONT,2025,050,050-1-09,32736010.084033616
PMONT,2025,050,050-1-10,8793225.210084034
PMONT,2025,050,050-1-11,148070000.84033614
PMONT,2025,050,050-1-13,11214646.218487395
PMONT,2025,050,050-1-14,12902784.87394958
PMONT,2025,050,050-1-15,10102474.789915966
PMONT,2025,050,050-1-16,49575400.0
PMONT,2025,050,050-1-18,2846722.6890756306
PMONT,2025,050,050-1-19,16953148.7394958
PMONT,2025,050,050-1-20,32022270.588235296
PMONT,2025,050,050-1-21,89205338.65546219
PMONT,2025,050,050-1-22,30936771.42857143
PMONT,2025,050,050-1-23,234393494.9579832
PMONT,2025,050,050-1-24,661688.2352941176
PMONT,2025,050,050-1-25,5261044.537815127
PMONT,2025,050,050-1-26,3541514.285714286
PMONT,2025,050,050-1-27,5704252.100840337
PMONT,2025,051,051-1-01,2375772.2689075633
PMONT,2025,052,052-1-01,1255303797.4789917
PMONT,2025,052,052-1-10,22040.336134453784
PMONT,2025,052,052-1-14,52217.64705882354
PMONT,2025,052,052-1-15,239397.47899159664
PMONT,2025,052,052-1-16,22512.60504201681
PMONT,2025,052,052-1-18,151464.70588235295
PMONT,2025,052,052-1-19,7000.0
PMONT,2025,052,052-1-20,55192.43697478992
PMONT,2025,052,052-1-22,521259.66386554623
PMONT,2025,052,052-1-25,59991.596638655465
PMONT,2025,052,052-1-26,59991.596638655465
PMONT,2025,053,053-1-01,261302.5210084034
PMONT,2025,053,053-1-02,261544.53781512607
PMONT,2025,053,053-1-03,38174.78991596639
PMONT,2025,053,053-1-04,937.8151260504202
PMONT,2025,054,054-1-01,762268.9075630252
PMONT,2025,055,055-1-01,844450.4201680673
PMONT,2025,055,055-1-02,93046367.22689076
PMONT,2025,055,055-1-03,404832334.45378155
PMONT,2025,055,055-1-05,372210.08403361344
PMONT,2025,055,055-1-06,299438.6554621849
PMONT,2025,055,055-1-07,26210.084033613446
PMONT,2025,070,070-1-01,2306776.470588235
PMONT,2025,070,070-1-02,754158.8235294118
PMONT,2025,070,070-1-03,609499.1596638656
PMONT,2025,070,070-1-06,41541.17647058824
PMONT,2025,070,070-2-01,5903037.815126051
PMONT,2025,100,100-1-01,12842089.915966386
PMONT,2025,100,100-1-02,187352.10084033615
PMONT,2025,100,100-1-03,41000.0
PMONT,2025,100,100-1-04,173488.23529411765
PMONT,2025,100,100-1-05,137731.0924369748
PMONT,2025,100,100-1-06,329969.7478991597
PMONT,2025,100,100-1-08,249009.24369747902
PMONT,2025,100,100-1-12,41126.89075630252
PMONT,2025,100,100-1-13,126506.72268907564
PMONT,2025,100,100-1-14,13442.01680672269
PMONT,2025,100,100-1-16,85151.26050420168
PMONT,2025,100,100-1-18,29722.689075630253
PMONT,2025,100,100-1-21,5894.117647058823
PMONT,2025,100,100-2-01,29478.991596638658
PMONT,2025,100,100-2-08,33907.56302521009
PMONT,2025,100,100-2-17,52663.8655462185
PMONT,2025,100,100-2-18,493441.17647058825
PMONT,2025,101,101-1-12,1729045.3781512605
PMONT,2025,101,101-1-13,2085232.7731092437
PMONT,2025,102,102-1-10,1229738.655462185
PMONT,2025,102,102-2-01,19763542.85714286
PMONT,2025,102,102-2-02,78554.6218487395
PMONT,2025,102,102-2-04,22610264.705882356
PMONT,2025,102,102-2-06,7568826.050420169
PMONT,2025,102,102-2-09,23793916.806722693
PMONT,2025,102,102-2-10,1600734.4537815126
PMONT,2025,102,102-2-11,14531656.302521009
PMONT,2025,102,102-2-12,3503250.4201680673
PMONT,2025,102,102-2-13,6384675.6302521005
PMONT,2025,103,103-1-02,91747.89915966387
PMONT,2025,103,103-1-03,339418.487394958
PMONT,2025,103,103-1-04,16108918.48739496
PMONT,2025,103,103-1-07,729334.4537815127
PMONT,2025,103,103-1-08,60497.47899159664
PMONT,2025,103,103-1-09,9437207.56302521
PMONT,2025,103,103-1-10,267954.6218487395
PMONT,2025,103,103-2-03,1256461.344537815
PMONT,2025,103,103-2-08,2309284.87394958
PMONT,2025,103,103-2-09,2067654.6218487395
PMONT,2025,103,103-2-13,3418351.260504202
PMONT,2025,103,103-2-14,11421.8487394958
PMONT,2025,104,104-1-06,1589394.9579831935
PMONT,2025,104,104-1-10,992184.8739495799
PMONT,2025,104,104-1-12,2120326.8907563025
PMONT,2025,104,104-2-01,575952.9411764706
PMONT,2025,104,104-2-04,2738711.7647058824
PMONT,2025,104,104-2-07,2282049.579831933
PMONT,2025,104,104-2-09,153016.80672268907
PMONT,2025,104,104-2-11,181748.7394957983
PMONT,2025,104,104-2-13,646026.0504201681
PMONT,2025,105,105-1-01,4547266.386554622
PMONT,2025,105,105-1-05,393359.66386554623
PMONT,2025,105,105-1-10,106618.48739495799
PMONT,2025,105,105-2-01,316309.243697479
PMONT,2025,105,105-2-04,4522.689075630253
PMONT,2025,105,105-2-07,1310.9243697478992
PMONT,2025,105,105-2-13,604309.243697479
PMONT,2025,105,105-2-15,1855001.680672269
PMONT,2025,105,105-2-16,36126.05042016807
PMONT,2025,106,106-1-06,15430020.168067228
PMONT,2025,106,106-1-07,568025.2100840337
PMONT,2025,106,106-1-10,6716438.655462186
PMONT,2025,106,106-1-13,36521.008403361346
PMONT,2025,106,106-1-14,17279242.01680672
PMONT,2025,106,106-1-15,21727988.23529412
PMONT,2025,106,106-2-01,62403.361344537814
PMONT,2025,106,106-2-02,425582.3529411765
PMONT,2025,106,106-2-03,987623.5294117648
PMONT,2025,106,106-2-04,336298.31932773115
PMONT,2025,106,106-2-05,3295947.899159664
PMONT,2025,106,106-2-14,17629964.705882356
PMONT,2025,107,107-1-05,1305735.294117647
PMONT,2025,107,107-1-06,142235.29411764708
PMONT,2025,107,107-1-07,420068.90756302525
PMONT,2025,107,107-1-11,87680.67226890757
PMONT,2025,107,107-1-12,5512273.949579832
PMONT,2025,107,107-2-04,36462.184873949576
PMONT,2025,107,107-2-05,2835523.529411765
PMONT,2025,107,107-2-06,940823.5294117647
PMONT,2025,107,107-2-07,2521773.109243698
PMONT,2025,107,107-2-12,55200.0
PMONT,2025,107,107-2-13,496742.01680672274
PMONT,2025,108,108-1-03,7789.915966386555
PMONT,2025,108,108-1-06,106655.46218487396
PMONT,2025,108,108-1-07,6721475.6302521005
PMONT,2025,108,108-2-01,10972366.386554623
PMONT,2025,108,108-2-02,1825036.974789916
PMONT,2025,108,108-2-04,4492090.756302522
PMONT,2025,108,108-2-05,1869862.1848739495
PMONT,2025,108,108-2-09,6173364.705882354
PMONT,2025,108,108-2-10,4550631.9327731095
PMONT,2025,109,109-2-02,26848.73949579832
PMONT,2025,109,109-2-03,174831.93277310926
PMONT,2025,110,110-1-02,209034185.71428573
PMONT,2025,110,110-1-03,15189284.87394958
PMONT,2025,110,110-1-04,1613953.781512605
PMONT,2025,110,110-1-05,223338.6554621849
PMONT,2025,110,110-1-06,28058.823529411766
PMONT,2025,110,110-1-09,7789.915966386555
PMONT,2025,110,110-1-10,559457.9831932774
PMONT,2025,110,110-1-11,278954.6218487395
PMONT,2025,110,110-1-17,1309354.6218487395
PMONT,2025,110,110-2-02,106546.21848739496
PMONT,2025,110,110-2-08,519245.3781512605
PMONT,2025,110,110-2-09,1166810.0840336133
PMONT,2025,110,110-2-18,146445.37815126052
PMONT,2025,110,110-2-19,282914.2857142857
PMONT,2025,111,111-1-01,2592258.823529412
PMONT,2025,111,111-1-04,4944292.43697479
PMONT,2025,120,120-2-01,38386.55462184874
PMONT,2025,150,150-1-01,4357319.327731092
PMONT,2025,150,150-1-02,125226.89075630253
PMONT,2025,150,150-1-03,236212.60504201683
PMONT,2025,150,150-1-04,6657347.05882353
PMONT,2025,150,150-1-05,4483335.294117647
PMONT,2025,150,150-1-06,370580.6722689076
PMONT,2025,150,150-1-07,189068.06722689077
PMONT,2025,150,150-1-08,4630892.43697479
PMONT,2025,150,150-1-09,798539.4957983193
PMONT,2025,150,150-1-10,290747.0588235294
PMONT,2025,150,150-1-16,4226373.1092436975
PMONT,2025,150,150-1-17,852673.1092436976
PMONT,2025,150,150-2-01,1633755.462184874
PMONT,2025,150,150-2-04,718047.8991596639
PMONT,2025,150,150-2-16,2081830.2521008404
PMONT,2025,150,150-2-17,1373336.1344537816
PMONT,2025,160,160-1-01,502439600.84033614
PMONT,2025,160,160-1-02,315840683.1932773
PMONT,2025,180,180-1-01,5704052.941176471
PMONT,2025,180,180-1-02,2150389.9159663864
PMONT,2025,180,180-1-03,3008.403361344538
PMONT,2025,180,180-1-04,412702.5210084034
PMONT,2025,180,180-1-05,103924.36974789917
PMONT,2025,180,180-1-06,8319.327731092437
PMONT,2025,180,180-1-07,550615.9663865546
PMONT,2025,180,180-1-08,254957.9831932773
PMONT,2025,180,180-2-01,899545.3781512605
PMONT,2025,180,180-2-02,564106.7226890757
PMONT,2025,190,190-1-01,96230.25210084034
PMONT,2025,300,300-1-01,24028.571428571428
PMONT,2025,360,360-1-01,327266.38655462186
PMONT,2025,360,360-1-04,278932.7731092437
PMONT,2025,500,500-1-01,969259.6638655462
PMONT,2025,500,500-1-02,1177052.1008403362
PMONT,2025,600,600-1-07,1459029.4117647058
PMONT,2025,900,900-1-01,30683155.462184876
PMONT,2026,001,001-1-01,20345200.0
PMONT,2026,001,001-1-02,10815352.94117647
PMONT,2026,001,001-2-01,303724.3697478992
PMONT,2026,001,001-2-02,2751793.2773109246
PMONT,2026,002,002-1-01,21078889.075630255
PMONT,2026,002,002-1-02,39099910.084033616
PMONT,2026,002,002-1-03,40749551.2605042
PMONT,2026,002,002-1-04,1480501.680672269
PMONT,2026,002,002-2-01,2983152.941176471
PMONT,2026,002,002-2-02,28387122.689075634
PMONT,2026,002,002-2-03,39556110.084033616
PMONT,2026,002,002-2-04,54781952.941176474
PMONT,2026,002,002-2-05,7561515.12605042
PMONT,2026,003,003-1-01,2813184.0336134452
PMONT,2026,003,003-1-02,2330277.31092437
PMONT,2026,003,003-1-03,14410831.092436975
PMONT,2026,003,003-1-04,12088420.168067228
PMONT,2026,003,003-1-05,12456897.478991598
PMONT,2026,003,003-1-07,2504.201680672269
PMONT,2026,003,003-2-01,19928146.218487397
PMONT,2026,003,003-2-02,49793646.2184874
PMONT,2026,003,003-2-03,10153149.579831934
PMONT,2026,003,003-2-04,19721646.218487397
PMONT,2026,003,003-2-05,36728370.5882353
PMONT,2026,004,004-1-01,35194828.571428575
PMONT,2026,004,004-1-02,1442440.3361344538
PMONT,2026,004,004-1-03,14241086.55462185
PMONT,2026,004,004-1-04,28142570.588235296
PMONT,2026,004,004-1-05,3323692.43697479
PMONT,2026,004,004-2-01,4751678.991596639
PMONT,2026,004,004-2-02,37337579.831932776
PMONT,2026,004,004-2-03,4220933.613445378
PMONT,2026,004,004-2-04,8902229.411764706
PMONT,2026,004,004-2-05,10846412.605042018
PMONT,2026,005,005-1-01,6775368.907563025
PMONT,2026,005,005-1-02,9773965.546218488
PMONT,2026,005,005-1-03,10348078.151260504
PMONT,2026,005,005-1-04,4313974.789915967
PMONT,2026,005,005-1-05,8275620.168067227
PMONT,2026,005,005-2-01,15500206.722689077
PMONT,2026,005,005-2-02,6068002.521008404
PMONT,2026,005,005-2-03,8011778.991596639
PMONT,2026,005,005-2-04,13153542.857142858
PMONT,2026,005,005-2-05,14225846.218487395
PMONT,2026,006,006-1-01,8640960.50420168
PMONT,2026,006,006-1-02,9743400.840336135
PMONT,2026,006,006-1-03,12264668.907563025
PMONT,2026,006,006-1-04,8584312.605042018
PMONT,2026,006,006-1-05,8167986.554621849
PMONT,2026,006,006-2-01,1839144.5378151261
PMONT,2026,006,006-2-02,2081368.0672268907
PMONT,2026,006,006-2-03,1907147.899159664
PMONT,2026,006,006-2-04,9567360.50420168
PMONT,2026,006,006-2-05,4363887.394957983
PMONT,2026,007,007-1-01,5517380.672268908
PMONT,2026,007,007-1-02,5982262.18487395
PMONT,2026,007,007-1-03,6856221.848739496
PMONT,2026,007,007-1-04,9132614.285714285
PMONT,2026,007,007-1-05,7693387.394957984
PMONT,2026,007,007-2-01,2348522.6890756306
PMONT,2026,007,007-2-02,3669873.1092436975
PMONT,2026,007,007-2-03,7177028.571428572
PMONT,2026,007,007-2-04,4100102.5210084035
PMONT,2026,007,007-2-05,6558743.697478992
PMONT,2026,008,008-1-01,10487637.81512605
PMONT,2026,008,008-1-02,1912208.4033613445
PMONT,2026,008,008-1-03,3458353.781512605
PMONT,2026,008,008-1-04,3205449.579831933
PMONT,2026,008,008-1-05,9031164.705882354
PMONT,2026,008,008-1-06,3978242.0168067226
PMONT,2026,008,008-2-01,8476637.81512605
PMONT,2026,008,008-2-02,5522131.092436975
PMONT,2026,008,008-2-03,4167616.806722689
PMONT,2026,008,008-2-04,1062688.2352941176
PMONT,2026,008,008-2-05,1497983.193277311
PMONT,2026,008,008-2-06,1388392.43697479
PMONT,2026,009,009-1-01,6168061.344537815
PMONT,2026,009,009-1-02,10738228.571428573
PMONT,2026,009,009-1-03,16125186.55462185
PMONT,2026,009,009-1-04,12148096.638655463
PMONT,2026,009,009-2-01,6126134.453781513
PMONT,2026,009,009-2-02,6339594.957983194
PMONT,2026,009,009-2-03,12410443.697478993
PMONT,2026,010,010-1-01,4537284.87394958
PMONT,2026,010,010-1-02,5574629.411764706
PMONT,2026,010,010-1-03,8572050.420168068
PMONT,2026,010,010-2-01,7619416.806722689
PMONT,2026,010,010-2-02,3042314.285714286
PMONT,2026,010,010-2-03,12742269.74789916
PMONT,2026,010,010-2-04,14836962.18487395
PMONT,2026,010,010-2-05,3728269.74789916
PMONT,2026,010,010-2-06,4102376.4705882357
PMONT,2026,011,011-1-01,6980228.571428572
PMONT,2026,011,011-1-02,2221951.260504202
PMONT,2026,011,011-1-03,3434400.8403361347
PMONT,2026,011,011-1-04,6070529.4117647065
PMONT,2026,011,011-1-05,14008367.226890758
PMONT,2026,011,011-2-01,4734614.285714286
PMONT,2026,011,011-2-02,18175425.210084032
PMONT,2026,011,011-2-03,7103183.1932773115
PMONT,2026,011,011-2-04,14488938.655462185
PMONT,2026,011,011-2-05,8708237.81512605
PMONT,2026,011,011-2-06,3373552.941176471
PMONT,2026,011,011-2-07,7501678.1512605045
PMONT,2026,011,011-2-08,966540.3361344538
PMONT,2026,012,012-1-01,275749.5798319328
PMONT,2026,012,012-1-02,3412550.4201680673
PMONT,2026,012,012-1-03,3611926.0504201683
PMONT,2026,012,012-1-04,9397037.81512605
PMONT,2026,012,012-1-05,25115877.31092437
PMONT,2026,012,012-1-06,11603452.100840338
PMONT,2026,012,012-1-07,5247891.596638655
PMONT,2026,012,012-2-01,44925617.64705882
PMONT,2026,012,012-2-02,18834175.6302521
PMONT,2026,012,012-2-03,16362108.403361347
PMONT,2026,012,012-2-04,29338767.226890758
PMONT,2026,012,012-2-05,5607031.092436975
PMONT,2026,013,013-1-01,8716514.285714285
PMONT,2026,013,013-1-02,3523393.2773109246
PMONT,2026,013,013-1-03,3274281.512605042
PMONT,2026,013,013-1-04,5142635.294117647
PMONT,2026,013,013-1-05,3193215.9663865548
PMONT,2026,013,013-2-01,1483613.4453781513
PMONT,2026,013,013-2-02,72045.3781512605
PMONT,2026,013,013-2-03,838668.0672268908
PMONT,2026,013,013-2-04,2785259.663865546
PMONT,2026,013,013-2-05,65495.79831932773
PMONT,2026,014,014-1-01,1591479.831932773
PMONT,2026,014,014-1-02,211552.9411764706
PMONT,2026,014,014-2-01,239531.0924369748
PMONT,2026,014,014-2-03,57600.0
PMONT,2026,014,014-2-05,1601814.285714286
PMONT,2026,014,014-2-06,934002.5210084034
PMONT,2026,014,014-2-07,352815.1260504202
PMONT,2026,014,014-2-08,650547.8991596639
PMONT,2026,014,014-2-09,1314296.6386554623
PMONT,2026,014,014-2-10,1228368.0672268907
PMONT,2026,015,015-1-01,957130.2521008403
PMONT,2026,015,015-1-03,566700.0
PMONT,2026,015,015-1-04,83093.27731092437
PMONT,2026,015,015-1-05,1296743.6974789917
PMONT,2026,015,015-1-06,184878.99159663866
PMONT,2026,015,015-1-08,195869.74789915967
PMONT,2026,015,015-1-10,570347.8991596639
PMONT,2026,015,015-2-01,3499542.8571428573
PMONT,2026,015,015-2-02,1600356.3025210085
PMONT,2026,015,015-2-03,5428021.8487394955
PMONT,2026,015,015-2-04,2218089.915966387
PMONT,2026,015,015-2-05,300852.1008403361
PMONT,2026,016,016-1-01,7288330.252100841
PMONT,2026,016,016-1-02,1728800.0000000002
PMONT,2026,016,016-1-03,9102611.764705883
PMONT,2026,016,016-1-04,11222868.06722689
PMONT,2026,016,016-1-05,3025484.87394958
PMONT,2026,016,016-2-01,5311310.924369748
PMONT,2026,016,016-2-02,5029383.1932773115
PMONT,2026,016,016-2-03,3053052.941176471
PMONT,2026,016,016-2-04,6472555.462184874
PMONT,2026,016,016-2-05,1241600.0
PMONT,2026,016,016-2-06,1908589.9159663867
PMONT,2026,017,017-1-01,8452687.394957984
PMONT,2026,017,017-1-02,4027082.352941177
PMONT,2026,017,017-1-03,3736939.4957983196
PMONT,2026,017,017-1-04,5334532.773109244
PMONT,2026,017,017-1-05,11250888.235294119
PMONT,2026,017,017-2-01,1153957.9831932774
PMONT,2026,017,017-2-02,5404351.260504202
PMONT,2026,017,017-2-03,7056300.840336135
PMONT,2026,017,017-2-04,5787019.327731092
PMONT,2026,017,017-2-05,51361569.74789916
PMONT,2026,018,018-1-01,4544285.714285715
PMONT,2026,018,018-1-02,4998582.352941177
PMONT,2026,018,018-1-03,8273748.739495799
PMONT,2026,018,018-1-04,3500538.655462185
PMONT,2026,018,018-1-05,7648844.537815127
PMONT,2026,018,018-2-01,3100836.974789916
PMONT,2026,018,018-2-02,3045508.4033613447
PMONT,2026,018,018-2-03,720326.0504201681
PMONT,2026,018,018-2-04,1131841.1764705884
PMONT,2026,018,018-2-05,7809279.831932774
PMONT,2026,018,018-2-06,6758858.823529412
PMONT,2026,018,018-2-07,4394360.50420168
PMONT,2026,018,018-2-08,3055834.4537815126
PMONT,2026,019,019-1-06,1889452.1008403362
PMONT,2026,019,019-1-07,7549299.159663866
PMONT,2026,019,019-2-01,2661183.193277311
PMONT,2026,019,019-2-02,15714789.075630253
PMONT,2026,019,019-2-03,13790689.915966388
PMONT,2026,019,019-2-04,4041690.756302521
PMONT,2026,019,019-2-05,4718328.571428572
PMONT,2026,019,019-2-06,18826183.19327731
PMONT,2026,019,019-2-07,28422082.352941178
PMONT,2026,019,019-2-08,6454635.294117647
PMONT,2026,019,019-2-09,12234595.798319329
PMONT,2026,019,019-2-10,12483519.327731093
PMONT,2026,019,019-2-11,8450205.88235294
PMONT,2026,019,019-2-12,18168877.31092437
PMONT,2026,019,019-2-13,2817526.8907563025
PMONT,2026,020,020-1-01,18869128.57142857
PMONT,2026,020,020-1-02,7701652.100840337
PMONT,2026,020,020-1-03,3232947.899159664
PMONT,2026,020,020-1-04,10194419.327731093
PMONT,2026,020,020-1-05,2508987.3949579834
PMONT,2026,020,020-1-06,2369770.588235294
PMONT,2026,021,021-1-01,10518668.907563025
PMONT,2026,021,021-1-03,165037.81512605044
PMONT,2026,021,021-1-04,1908615.1260504203
PMONT,2026,021,021-1-05,546342.8571428572
PMONT,2026,021,021-1-06,1189895.7983193279
PMONT,2026,021,021-1-07,2370547.899159664
PMONT,2026,021,021-1-08,3484843.697478992
PMONT,2026,021,021-1-09,11758000.0
PMONT,2026,021,021-1-10,21757736.974789917
PMONT,2026,021,021-1-11,10634686.55462185
PMONT,2026,021,021-1-12,11244275.6302521
PMONT,2026,021,021-1-13,5844173.1092436975
PMONT,2026,022,022-1-03,4473027.731092437
PMONT,2026,022,022-1-04,11698673.949579833
PMONT,2026,030,030-1-01,2537647.0588235296
PMONT,2026,030,030-1-06,85075.63025210083
PMONT,2026,030,030-1-07,3352.9411764705883
PMONT,2026,030,030-1-08,423596.63865546224
PMONT,2026,030,030-1-12,105672.26890756303
PMONT,2026,030,030-1-16,417705.0420168067
PMONT,2026,030,030-1-20,26008.40336134454
PMONT,2026,030,030-1-21,128117.64705882354
PMONT,2026,030,030-1-22,116638.65546218488
PMONT,2026,030,030-1-23,125420.1680672269
PMONT,2026,030,030-1-24,654594.1176470589
PMONT,2026,030,030-1-25,273809.243697479
PMONT,2026,050,050-1-01,41355453.7815126
PMONT,2026,050,050-1-02,6088548.739495799
PMONT,2026,050,050-1-03,66222706.72268908
PMONT,2026,050,050-1-05,15318285.714285715
PMONT,2026,050,050-1-07,32673498.31932773
PMONT,2026,050,050-1-09,18981480.67226891
PMONT,2026,050,050-1-10,13252618.487394959
PMONT,2026,050,050-1-11,175366025.21008405
PMONT,2026,050,050-1-13,8108844.537815127
PMONT,2026,050,050-1-14,9241729.411764706
PMONT,2026,050,050-1-15,13053964.705882354
PMONT,2026,050,050-1-16,47989825.210084036
PMONT,2026,050,050-1-18,3016201.680672269
PMONT,2026,050,050-1-19,7275107.56302521
PMONT,2026,050,050-1-20,26394415.966386557
PMONT,2026,050,050-1-21,84533681.51260504
PMONT,2026,050,050-1-22,26919536.974789917
PMONT,2026,050,050-1-23,231846359.66386557
PMONT,2026,050,050-1-25,4706065.546218487
PMONT,2026,050,050-1-26,1814629.411764706
PMONT,2026,050,050-1-27,1579678.9915966385
PMONT,2026,051,051-1-01,4925176.470588235
PMONT,2026,052,052-1-01,1106790502.5210085
PMONT,2026,052,052-1-12,116983.19327731093
PMONT,2026,052,052-1-13,215031.93277310926
PMONT,2026,052,052-1-14,136159.66386554623
PMONT,2026,052,052-1-16,203495.79831932776
PMONT,2026,052,052-1-19,145576.4705882353
PMONT,2026,052,052-1-21,72764.70588235295
PMONT,2026,052,052-1-22,156153.78151260506
PMONT,2026,052,052-1-27,489478.9915966387
PMONT,2026,053,053-1-02,66689.0756302521
PMONT,2026,053,053-1-03,166800.00000000003
PMONT,2026,054,054-1-01,12932.773109243699
PMONT,2026,055,055-1-01,1833796.6386554623
PMONT,2026,055,055-1-02,58698546.2184874
PMONT,2026,055,055-1-03,294239895.79831934
PMONT,2026,055,055-1-05,294033.61344537814
PMONT,2026,070,070-1-01,2540447.0588235296
PMONT,2026,070,070-1-03,442695.79831932776
PMONT,2026,070,070-1-06,74949.57983193277
PMONT,2026,070,070-2-01,2687581.512605042
PMONT,2026,100,100-1-01,24148584.87394958
PMONT,2026,100,100-1-02,141092.43697478992
PMONT,2026,100,100-1-03,47000.0
PMONT,2026,100,100-1-04,28704.20168067227
PMONT,2026,100,100-1-05,339785.7142857143
PMONT,2026,100,100-1-06,172157.14285714287
PMONT,2026,100,100-1-08,698442.0168067227
PMONT,2026,100,100-1-12,7802.521008403361
PMONT,2026,100,100-1-13,17554.621848739498
PMONT,2026,100,100-1-14,26884.03361344538
PMONT,2026,100,100-1-16,184789.91596638656
PMONT,2026,100,100-1-18,32243.6974789916
PMONT,2026,100,100-2-01,123991.59663865546
PMONT,2026,100,100-2-08,259792.43697478992
PMONT,2026,100,100-2-17,489774.78991596645
PMONT,2026,100,100-2-18,693542.0168067227
PMONT,2026,101,101-1-01,7338572.268907564
PMONT,2026,101,101-1-12,1056118.487394958
PMONT,2026,101,101-1-13,4334263.025210084
PMONT,2026,101,101-2-03,1054568.0672268907
PMONT,2026,101,101-2-05,128712.60504201682
PMONT,2026,102,102-1-10,615731.0924369749
PMONT,2026,102,102-2-01,21587521.848739497
PMONT,2026,102,102-2-04,22741399.159663867
PMONT,2026,102,102-2-06,3817166.386554622
PMONT,2026,102,102-2-07,112424264.70588236
PMONT,2026,102,102-2-09,20302847.05882353
PMONT,2026,102,102-2-10,999789.9159663864
PMONT,2026,102,102-2-11,17676507.56302521
PMONT,2026,102,102-2-12,2512752.9411764704
PMONT,2026,102,102-2-13,5795252.100840337
PMONT,2026,103,103-1-03,193882.35294117648
PMONT,2026,103,103-1-04,4695897.478991596
PMONT,2026,103,103-1-07,739959.6638655462
PMONT,2026,103,103-1-09,10617435.294117648
PMONT,2026,103,103-1-10,868810.0840336134
PMONT,2026,103,103-2-03,2886247.8991596643
PMONT,2026,103,103-2-08,37474334.453781515
PMONT,2026,103,103-2-09,6936247.05882353
PMONT,2026,103,103-2-13,4979264.705882354
PMONT,2026,104,104-1-05,1203017.6470588236
PMONT,2026,104,104-1-06,9635531.092436975
PMONT,2026,104,104-1-10,1264615.12605042
PMONT,2026,104,104-1-11,2778605.882352941
PMONT,2026,104,104-1-12,2265995.7983193276
PMONT,2026,104,104-2-01,247882.3529411765
PMONT,2026,104,104-2-04,1863226.0504201683
PMONT,2026,104,104-2-05,13647.058823529413
PMONT,2026,104,104-2-06,163900.0
PMONT,2026,104,104-2-07,3310983.1932773115
PMONT,2026,104,104-2-08,16926.89075630252
PMONT,2026,104,104-2-09,42012.60504201681
PMONT,2026,104,104-2-10,665568.0672268908
PMONT,2026,104,104-2-12,401211.7647058824
PMONT,2026,104,104-2-13,1262186.5546218487
PMONT,2026,105,105-1-01,1775334.4537815128
PMONT,2026,105,105-1-08,410942.85714285716
PMONT,2026,105,105-1-10,11756.302521008403
PMONT,2026,105,105-2-01,359732.7731092437
PMONT,2026,105,105-2-04,6294.117647058823
PMONT,2026,105,105-2-06,3242.016806722689
PMONT,2026,105,105-2-07,448.73949579831935
PMONT,2026,105,105-2-13,1949863.0252100842
PMONT,2026,105,105-2-14,176029.4117647059
PMONT,2026,105,105-2-15,1802695.7983193279
PMONT,2026,106,106-1-03,353895.79831932776
PMONT,2026,106,106-1-06,10479371.42857143
PMONT,2026,106,106-1-07,299236.974789916
PMONT,2026,106,106-1-13,113420.16806722691
PMONT,2026,106,106-1-14,13691605.042016808
PMONT,2026,106,106-1-15,17076165.54621849
PMONT,2026,106,106-2-01,8126.050420168068
PMONT,2026,106,106-2-02,110260.50420168067
PMONT,2026,106,106-2-03,548647.0588235294
PMONT,2026,106,106-2-04,116639.49579831933
PMONT,2026,106,106-2-05,2106351.260504202
PMONT,2026,106,106-2-14,21599051.2605042
PMONT,2026,107,107-1-01,92394.95798319328
PMONT,2026,107,107-1-02,4536.134453781513
PMONT,2026,107,107-1-05,1528231.9327731093
PMONT,2026,107,107-1-07,536092.43697479
PMONT,2026,107,107-1-10,120255.46218487396
PMONT,2026,107,107-1-11,1105984.0336134455
PMONT,2026,107,107-1-12,3606263.865546219
PMONT,2026,107,107-1-13,853621.8487394959
PMONT,2026,107,107-2-01,2259243.697478992
PMONT,2026,107,107-2-02,22932.7731092437
PMONT,2026,107,107-2-04,60369.747899159665
PMONT,2026,107,107-2-05,651521.0084033614
PMONT,2026,107,107-2-06,936844.5378151261
PMONT,2026,107,107-2-07,2663924.3697478995
PMONT,2026,107,107-2-08,33053463.865546223
PMONT,2026,107,107-2-09,55731.092436974795
PMONT,2026,107,107-2-12,19403.361344537818
PMONT,2026,108,108-1-03,14663.865546218487
PMONT,2026,108,108-1-07,8098444.537815127
PMONT,2026,108,108-1-15,926147.0588235294
PMONT,2026,108,108-2-01,5453218.487394958
PMONT,2026,108,108-2-02,1826272.268907563
PMONT,2026,108,108-2-04,4613270.588235294
PMONT,2026,108,108-2-05,444164.70588235295
PMONT,2026,108,108-2-08,44277.31092436975
PMONT,2026,108,108-2-09,6780309.243697479
PMONT,2026,108,108-2-10,4622008.403361345
PMONT,2026,108,108-2-15,75033.61344537816
PMONT,2026,109,109-2-03,69336.1344537815
PMONT,2026,110,110-1-01,5831736.974789917
PMONT,2026,110,110-1-02,226434325.21008405
PMONT,2026,110,110-1-03,13700392.43697479
PMONT,2026,110,110-1-04,2417705.042016807
PMONT,2026,110,110-1-05,16686.55462184874
PMONT,2026,110,110-1-09,33756.3025210084
PMONT,2026,110,110-1-10,608051.2605042018
PMONT,2026,110,110-1-11,302444.53781512607
PMONT,2026,110,110-1-17,1625982.3529411764
PMONT,2026,110,110-2-02,195571.42857142858
PMONT,2026,110,110-2-05,1292408.4033613445
PMONT,2026,110,110-2-08,462189.07563025213
PMONT,2026,110,110-2-09,833436.974789916
PMONT,2026,110,110-2-19,605949.5798319328
PMONT,2026,111,111-1-01,4817407.56302521
PMONT,2026,111,111-1-03,536117.6470588236
PMONT,2026,111,111-1-04,6650454.62184874
PMONT,2026,150,150-1-01,4734281.512605042
PMONT,2026,150,150-1-02,18630.25210084034
PMONT,2026,150,150-1-03,278537.81512605044
PMONT,2026,150,150-1-04,5344122.68907563
PMONT,2026,150,150-1-05,11329221.848739496
PMONT,2026,150,150-1-06,302513.44537815126
PMONT,2026,150,150-1-08,3508380.6722689075
PMONT,2026,150,150-1-09,723494.9579831933
PMONT,2026,150,150-1-10,63216.80672268908
PMONT,2026,150,150-1-11,61403.361344537814
PMONT,2026,150,150-1-12,1017692.43697479
PMONT,2026,150,150-1-16,5979517.647058824
PMONT,2026,150,150-1-17,185508.40336134454
PMONT,2026,150,150-2-01,962336.1344537815
PMONT,2026,150,150-2-03,67638.65546218488
PMONT,2026,150,150-2-04,33518.487394957985
PMONT,2026,150,150-2-16,2670617.6470588236
PMONT,2026,150,150-2-17,131184.03361344538
PMONT,2026,150,150-2-18,42504.20168067227
PMONT,2026,160,160-1-01,525570119.32773113
PMONT,2026,160,160-1-02,327943739.49579835
PMONT,2026,180,180-1-01,2093201.680672269
PMONT,2026,180,180-1-02,226130.25210084036
PMONT,2026,180,180-1-03,1336564.705882353
PMONT,2026,180,180-1-04,892746.218487395
PMONT,2026,180,180-1-05,64420.16806722689
PMONT,2026,180,180-1-06,8168.0672268907565
PMONT,2026,180,180-1-07,980450.4201680672
PMONT,2026,180,180-1-08,281142.85714285716
PMONT,2026,180,180-2-01,1120409.2436974791
PMONT,2026,180,180-2-02,401268.9075630252
PMONT,2026,190,190-1-01,231.09243697478993
PMONT,2026,200,200-1-01,42704.201680672275
PMONT,2026,300,300-1-01,13935.29411764706
PMONT,2026,360,360-1-01,332376.4705882353
PMONT,2026,500,500-1-01,291051.2605042017
PMONT,2026,500,500-1-02,1843555.462184874
PMONT,2026,600,600-1-03,571092.43697479
PMONT,2026,600,600-1-04,1157117.6470588236
PMONT,2026,600,600-1-07,105798.3193277311
PMONT,2026,900,900-1-01,42741236.13445378
RANCA,2025,001,001-1-01,92423.52941176471
RANCA,2025,001,001-1-02,76287.3949579832
RANCA,2025,001,001-1-03,1366275.630252101
RANCA,2025,001,001-1-04,4753036.134453782
RANCA,2025,001,001-1-05,4626311.764705882
RANCA,2025,001,001-1-06,10516043.697478993
RANCA,2025,001,001-1-07,1709306.7226890756
RANCA,2025,001,001-1-08,4229232.773109244
RANCA,2025,001,001-2-01,3720789.915966387
RANCA,2025,001,001-2-02,10251421.848739496
RANCA,2025,001,001-2-03,3464321.848739496
RANCA,2025,001,001-2-04,3803478.1512605045
RANCA,2025,001,001-2-05,15764.705882352942
RANCA,2025,002,002-1-01,2744930.2521008407
RANCA,2025,002,002-1-02,6290995.798319328
RANCA,2025,002,002-1-03,2698389.0756302522
RANCA,2025,002,002-1-04,1417733.6134453784
RANCA,2025,002,002-1-05,100453.78151260504
RANCA,2025,002,002-2-01,6243679.831932774
RANCA,2025,002,002-2-02,6774231.092436975
RANCA,2025,002,002-2-03,7054708.403361345
RANCA,2025,002,002-2-04,1215318.487394958
RANCA,2025,002,002-2-05,5611442.857142857
RANCA,2025,003,003-1-01,5494463.025210084
RANCA,2025,003,003-1-02,2693752.941176471
RANCA,2025,003,003-1-03,3874324.3697478995
RANCA,2025,003,003-1-04,3098221.0084033613
RANCA,2025,003,003-2-01,4631139.49579832
RANCA,2025,003,003-2-02,5553986.554621849
RANCA,2025,003,003-2-03,6007596.638655462
RANCA,2025,003,003-2-04,3376387.3949579834
RANCA,2025,003,003-2-05,12294.117647058823
RANCA,2025,004,004-1-01,13146993.277310925
RANCA,2025,004,004-1-02,4482301.680672269
RANCA,2025,004,004-1-03,4856324.3697478995
RANCA,2025,004,004-1-04,3867337.8151260507
RANCA,2025,004,004-2-01,11076342.857142858
RANCA,2025,004,004-2-02,3686638.655462185
RANCA,2025,004,004-2-03,1801543.6974789917
RANCA,2025,004,004-2-04,16884.03361344538
RANCA,2025,004,004-2-05,16348.73949579832
RANCA,2025,005,005-1-01,3829382.3529411764
RANCA,2025,005,005-1-02,12960162.18487395
RANCA,2025,005,005-1-03,5444822.68907563
RANCA,2025,005,005-1-04,670589.9159663866
RANCA,2025,005,005-1-06,55215.12605042017
RANCA,2025,005,005-1-07,3279.831932773109
RANCA,2025,005,005-2-01,15018265.546218488
RANCA,2025,005,005-2-02,21740442.01680672
RANCA,2025,005,005-2-03,9616884.87394958
RANCA,2025,005,005-2-04,43336.13445378152
RANCA,2025,005,005-2-05,228756.3025210084
RANCA,2025,005,005-2-06,181739.49579831935
RANCA,2025,005,005-2-07,69453.78151260504
RANCA,2025,006,006-1-01,2908151.260504202
RANCA,2025,006,006-1-02,6498147.05882353
RANCA,2025,006,006-1-03,2193052.941176471
RANCA,2025,006,006-1-04,4047642.8571428573
RANCA,2025,006,006-1-05,10024573.109243698
RANCA,2025,006,006-1-06,818724.3697478992
RANCA,2025,006,006-1-07,1706484.0336134455
RANCA,2025,006,006-2-01,2683891.5966386558
RANCA,2025,006,006-2-02,2790121.848739496
RANCA,2025,006,006-2-03,2857517.6470588236
RANCA,2025,006,006-2-04,2206319.3277310925
RANCA,2025,006,006-2-05,3304152.100840336
RANCA,2025,006,006-2-06,1812359.6638655462
RANCA,2025,007,007-1-01,3006524.3697478995
RANCA,2025,007,007-1-02,3564823.529411765
RANCA,2025,007,007-1-03,1611666.3865546219
RANCA,2025,007,007-1-04,2517612.605042017
RANCA,2025,007,007-1-05,3279081.512605042
RANCA,2025,007,007-1-06,3851286.5546218487
RANCA,2025,007,007-2-01,2203329.411764706
RANCA,2025,007,007-2-02,6286649.579831933
RANCA,2025,007,007-2-03,2992372.2689075633
RANCA,2025,007,007-2-04,2038653.7815126053
RANCA,2025,007,007-2-05,2131591.5966386558
RANCA,2025,007,007-2-06,1972268.067226891
RANCA,2025,008,008-1-01,1348326.050420168
RANCA,2025,008,008-1-02,2194760.504201681
RANCA,2025,008,008-1-03,2340382.3529411764
RANCA,2025,008,008-1-04,1488310.0840336136
RANCA,2025,008,008-1-05,2419505.042016807
RANCA,2025,008,008-1-06,1081297.4789915967
RANCA,2025,008,008-2-01,1500656.3025210085
RANCA,2025,008,008-2-02,1410371.4285714286
RANCA,2025,008,008-2-03,1616261.344537815
RANCA,2025,008,008-2-04,4179306.722689076
RANCA,2025,008,008-2-05,3918189.9159663864
RANCA,2025,008,008-2-06,2511805.882352941
RANCA,2025,009,009-1-01,1141280.6722689075
RANCA,2025,009,009-1-02,2945847.0588235296
RANCA,2025,009,009-1-03,4928353.781512605
RANCA,2025,009,009-1-04,1523449.579831933
RANCA,2025,009,009-1-05,1736825.2100840337
RANCA,2025,009,009-1-06,1394369.7478991598
RANCA,2025,009,009-2-01,918677.3109243698
RANCA,2025,009,009-2-02,4640686.554621849
RANCA,2025,009,009-2-03,1528982.3529411766
RANCA,2025,009,009-2-04,887018.487394958
RANCA,2025,009,009-2-05,1169594.1176470588
RANCA,2025,009,009-2-06,1399620.168067227
RANCA,2025,010,010-1-01,7836219.327731092
RANCA,2025,010,010-1-02,6804910.924369748
RANCA,2025,010,010-1-03,3182589.915966387
RANCA,2025,010,010-1-04,5414693.277310925
RANCA,2025,010,010-1-05,4967441.176470589
RANCA,2025,010,010-1-06,4420231.092436975
RANCA,2025,010,010-2-01,874577.3109243698
RANCA,2025,010,010-2-02,2716986.5546218487
RANCA,2025,010,010-2-03,3622210.924369748
RANCA,2025,010,010-2-04,961293.2773109244
RANCA,2025,010,010-2-05,1544490.756302521
RANCA,2025,010,010-2-06,229647.89915966388
RANCA,2025,011,011-1-01,1499228.5714285716
RANCA,2025,011,011-1-02,1580894.9579831932
RANCA,2025,011,011-1-03,1802410.0840336136
RANCA,2025,011,011-1-04,3095187.3949579834
RANCA,2025,011,011-1-05,2440626.8907563025
RANCA,2025,011,011-1-06,264771.4285714286
RANCA,2025,011,011-1-20,338571.4285714285
RANCA,2025,011,011-2-02,10702.521008403362
RANCA,2025,011,011-2-03,1567097.4789915967
RANCA,2025,011,011-2-04,943269.7478991597
RANCA,2025,011,011-2-06,7222243.697478992
RANCA,2025,011,011-2-07,23695148.7394958
RANCA,2025,011,011-2-09,4961047.05882353
RANCA,2025,011,011-2-10,10295330.25210084
RANCA,2025,011,011-2-11,302191.59663865546
RANCA,2025,011,011-2-12,2474455.4621848743
RANCA,2025,011,011-2-15,76551.26050420168
RANCA,2025,011,011-2-21,2008749.579831933
RANCA,2025,012,012-1-02,5208437.815126051
RANCA,2025,012,012-1-03,49272439.49579832
RANCA,2025,012,012-1-05,66475994.957983196
RANCA,2025,012,012-1-06,68851408.40336135
RANCA,2025,012,012-2-01,718999.1596638656
RANCA,2025,012,012-2-02,12341721.008403363
RANCA,2025,012,012-2-03,4395250.420168067
RANCA,2025,012,012-2-04,7092871.428571429
RANCA,2025,012,012-2-05,5494889.915966387
RANCA,2025,012,012-2-06,82946489.07563026
RANCA,2025,012,012-2-07,1685034.4537815128
RANCA,2025,012,012-2-08,1457172.268907563
RANCA,2025,012,012-2-09,1314542.8571428573
RANCA,2025,012,012-2-10,296544.53781512607
RANCA,2025,013,013-1-01,1738514.2857142857
RANCA,2025,013,013-1-02,6328584.033613446
RANCA,2025,013,013-1-03,11647.05882352941
RANCA,2025,013,013-1-04,4511803.361344538
RANCA,2025,013,013-1-05,1080642.8571428573
RANCA,2025,013,013-1-06,1314450.4201680673
RANCA,2025,013,013-1-11,723025.2100840335
RANCA,2025,013,013-1-13,802015.9663865546
RANCA,2025,013,013-2-02,13649444.537815126
RANCA,2025,013,013-2-04,2005528.5714285716
RANCA,2025,013,013-2-05,412873.94957983197
RANCA,2025,013,013-2-06,20344.537815126052
RANCA,2025,014,014-1-02,171857.14285714287
RANCA,2025,014,014-1-04,13336.134453781513
RANCA,2025,014,014-1-05,368822.6890756303
RANCA,2025,014,014-1-13,41026.89075630252
RANCA,2025,014,014-1-14,1380058.8235294118
RANCA,2025,014,014-2-02,1534827.731092437
RANCA,2025,014,014-2-03,249097.47899159664
RANCA,2025,014,014-2-04,213104.2016806723
RANCA,2025,014,014-2-05,129218.48739495799
RANCA,2025,014,014-2-07,912563.0252100842
RANCA,2025,014,014-2-09,852689.0756302521
RANCA,2025,014,014-2-11,327413.44537815126
RANCA,2025,015,015-1-02,2363184.0336134457
RANCA,2025,015,015-1-12,241842.85714285716
RANCA,2025,015,015-1-13,223470.58823529413
RANCA,2025,015,015-2-02,1634932.773109244
RANCA,2025,015,015-2-03,349411.76470588235
RANCA,2025,015,015-2-11,1224305.8823529412
RANCA,2025,016,016-1-01,201579.83193277312
RANCA,2025,016,016-1-02,7706710.924369749
RANCA,2025,016,016-1-07,35380342.01680672
RANCA,2025,016,016-2-02,11474015.966386555
RANCA,2025,017,017-1-01,14339273.949579833
RANCA,2025,017,017-1-02,588111.7647058824
RANCA,2025,017,017-2-02,7270066.386554622
RANCA,2025,018,018-1-01,258705.8823529412
RANCA,2025,018,018-1-02,7743680.6722689085
RANCA,2025,018,018-1-09,791499.1596638656
RANCA,2025,018,018-2-01,11983624.3697479
RANCA,2025,019,019-1-01,3397546.218487395
RANCA,2025,019,019-1-02,15180890.756302522
RANCA,2025,019,019-2-01,13859103.361344539
RANCA,2025,019,019-2-03,2082018.487394958
RANCA,2025,019,019-2-06,103742.01680672269
RANCA,2025,020,020-1-05,2528663.025210084
RANCA,2025,020,020-1-06,195375.63025210085
RANCA,2025,020,020-1-07,1660911.7647058824
RANCA,2025,020,020-1-08,4553411.764705882
RANCA,2025,020,020-2-10,1421832.7731092437
RANCA,2025,020,020-2-12,226875.63025210085
RANCA,2025,021,021-1-01,1582171.4285714286
RANCA,2025,021,021-1-02,7384377.31092437
RANCA,2025,021,021-1-03,468823.52941176476
RANCA,2025,021,021-1-04,569554.6218487396
RANCA,2025,021,021-1-05,44097.47899159664
RANCA,2025,021,021-1-07,151260.50420168068
RANCA,2025,021,021-1-09,11878368.06722689
RANCA,2025,021,021-2-09,506401.68067226897
RANCA,2025,022,022-1-01,346420.1680672269
RANCA,2025,022,022-1-09,22176.470588235294
RANCA,2025,022,022-1-10,819327.731092437
RANCA,2025,022,022-1-11,975423.5294117647
RANCA,2025,022,022-1-13,152435.29411764708
RANCA,2025,022,022-2-01,377647.0588235294
RANCA,2025,022,022-2-05,11439923.529411765
RANCA,2025,025,025-2-01,507732.7731092437
RANCA,2025,030,030-1-03,30226.89075630252
RANCA,2025,030,030-1-04,42302.52100840337
RANCA,2025,030,030-1-05,4476486.554621849
RANCA,2025,030,030-1-06,1821857.142857143
RANCA,2025,030,030-1-07,3730158.823529412
RANCA,2025,030,030-1-08,2910205.882352941
RANCA,2025,030,030-1-09,3712003.361344538
RANCA,2025,030,030-1-10,1316736.974789916
RANCA,2025,030,030-1-11,4928251.260504202
RANCA,2025,030,030-1-12,5806036.974789917
RANCA,2025,030,030-1-13,7331757.983193277
RANCA,2025,030,030-1-14,6611772.268907564
RANCA,2025,030,030-1-15,8631367.226890756
RANCA,2025,030,030-1-16,11660919.327731093
RANCA,2025,030,030-1-17,13211171.42857143
RANCA,2025,030,030-1-18,10150811.764705883
RANCA,2025,030,030-1-21,180957.98319327732
RANCA,2025,032,032-1-12,5435809.243697479
RANCA,2025,032,032-1-13,24928589.075630255
RANCA,2025,032,032-2-01,6707951.260504202
RANCA,2025,032,032-2-02,2787289.915966387
RANCA,2025,032,032-2-04,5551570.588235294
RANCA,2025,032,032-2-05,1688578.9915966387
RANCA,2025,032,032-2-06,1943786.5546218487
RANCA,2025,032,032-2-07,157000.0
RANCA,2025,032,032-2-09,1058133.6134453781
RANCA,2025,032,032-2-10,2452281.512605042
RANCA,2025,040,040-1-03,62470.58823529412
RANCA,2025,040,040-1-04,891494.9579831933
RANCA,2025,040,040-1-13,64436.97478991597
RANCA,2025,040,040-1-15,27957.98319327731
RANCA,2025,040,040-1-17,313865.54621848743
RANCA,2025,040,040-1-18,93064.70588235295
RANCA,2025,045,045-2-01,461848.73949579836
RANCA,2025,050,050-1-01,12134091.596638655
RANCA,2025,050,050-1-02,89219706.72268908
RANCA,2025,050,050-1-03,226692545.37815127
RANCA,2025,050,050-1-04,87918942.01680672
RANCA,2025,050,050-1-05,12409598.31932773
RANCA,2025,050,050-1-06,12266177.31092437
RANCA,2025,050,050-1-07,32762188.23529412
RANCA,2025,050,050-1-08,1804631.0924369749
RANCA,2025,050,050-1-09,5930409.243697479
RANCA,2025,050,050-1-10,25602925.210084032
RANCA,2025,050,050-1-11,24011689.07563025
RANCA,2025,050,050-1-12,21830051.2605042
RANCA,2025,050,050-1-13,23382551.2605042
RANCA,2025,050,050-1-14,12462671.42857143
RANCA,2025,050,050-1-15,3853397.478991597
RANCA,2025,050,050-1-16,22822343.69747899
RANCA,2025,050,050-1-17,21849643.69747899
RANCA,2025,050,050-1-18,503967704.2016807
RANCA,2025,050,050-1-19,12149986.55462185
RANCA,2025,050,050-1-20,52987612.60504202
RANCA,2025,050,050-1-21,3255742.016806723
RANCA,2025,050,050-1-22,1761183.193277311
RANCA,2025,050,050-1-23,738478.9915966387
RANCA,2025,050,050-1-24,11113723.529411765
RANCA,2025,050,050-1-25,50559565.54621849
RANCA,2025,050,050-1-26,15098263.025210084
RANCA,2025,050,050-1-27,7263447.05882353
RANCA,2025,050,050-1-29,2447651.2605042015
RANCA,2025,050,050-1-30,1863226.8907563025
RANCA,2025,050,050-1-31,2784312.605042017
RANCA,2025,050,050-1-32,165092.43697478992
RANCA,2025,051,051-1-01,487760.5042016807
RANCA,2025,051,051-1-03,16393776.470588237
RANCA,2025,051,051-1-04,9170276.470588235
RANCA,2025,051,051-1-05,189584.87394957984
RANCA,2025,051,051-1-06,4596438.655462185
RANCA,2025,051,051-1-07,5702424.3697478995
RANCA,2025,051,051-1-08,56851600.0
RANCA,2025,051,051-1-09,55125238.65546219
RANCA,2025,051,051-1-11,18840568.06722689
RANCA,2025,051,051-1-12,56153958.823529415
RANCA,2025,051,051-1-13,126153559.66386555
RANCA,2025,051,051-1-14,9345850.420168068
RANCA,2025,051,051-1-15,5834559.663865547
RANCA,2025,051,051-1-16,3400405.0420168065
RANCA,2025,051,051-1-17,2477644.537815126
RANCA,2025,051,051-1-19,3755608.4033613447
RANCA,2025,052,052-1-01,5945890.756302522
RANCA,2025,052,052-1-02,13528021.008403363
RANCA,2025,052,052-1-03,9899258.823529413
RANCA,2025,052,052-1-04,25146148.7394958
RANCA,2025,052,052-1-05,30751828.571428575
RANCA,2025,052,052-1-06,14697.47899159664
RANCA,2025,061,061-1-02,23833.613445378152
RANCA,2025,063,063-1-01,12343884.033613445
RANCA,2025,065,065-1-01,1332450.4201680673
RANCA,2025,069,069-1-01,1128708.4033613447
RANCA,2025,070,070-1-01,7725575.6302521005
RANCA,2025,070,070-1-02,1527177.3109243698
RANCA,2025,070,070-1-03,95618.48739495799
RANCA,2025,070,070-1-04,16876299.159663867
RANCA,2025,070,070-1-05,756871.4285714286
RANCA,2025,070,070-1-07,18168391.596638657
RANCA,2025,070,070-2-01,6644918.487394958
RANCA,2025,070,070-2-02,13773038.655462185
RANCA,2025,070,070-2-03,17227585.714285716
RANCA,2025,070,070-2-04,12586817.647058824
RANCA,2025,071,071-1-01,10311794.11764706
RANCA,2025,071,071-1-02,4499162.18487395
RANCA,2025,071,071-1-03,20912884.033613447
RANCA,2025,071,071-1-04,13031132.773109244
RANCA,2025,071,071-2-01,14266093.277310925
RANCA,2025,071,071-2-02,14600086.55462185
RANCA,2025,071,071-2-03,13618415.966386555
RANCA,2025,071,071-2-04,7240302.521008404
RANCA,2025,072,072-1-01,19175427.731092438
RANCA,2025,072,072-1-02,12459364.705882354
RANCA,2025,072,072-1-03,106472.26890756303
RANCA,2025,074,074-2-01,6323000.0
RANCA,2025,075,075-1-01,293167.2268907563
RANCA,2025,075,075-2-01,866294.9579831933
RANCA,2025,080,080-1-01,34438694.11764706
RANCA,2025,080,080-2-01,25494413.44537815
RANCA,2025,081,081-1-04,3797442.8571428573
RANCA,2025,081,081-1-05,303952.1008403362
RANCA,2025,082,082-1-01,1684166.3865546219
RANCA,2025,082,082-1-02,2185851.260504202
RANCA,2025,082,082-1-03,23773.10924369748
RANCA,2025,082,082-2-01,1051578.9915966387
RANCA,2025,083,083-1-01,10571.428571428572
RANCA,2025,083,083-1-02,116957.98319327732
RANCA,2025,083,083-1-03,48117.64705882353
RANCA,2025,084,084-1-01,5137374.789915967
RANCA,2025,084,084-1-02,7044325.210084034
RANCA,2025,084,084-1-03,2164368.067226891
RANCA,2025,084,084-1-04,1555573.1092436975
RANCA,2025,084,084-1-05,6154617.647058824
RANCA,2025,084,084-1-06,27372462.18487395
RANCA,2025,084,084-1-08,762169.7478991597
RANCA,2025,084,084-1-09,1491285.7142857143
RANCA,2025,084,084-1-20,6660211.764705882
RANCA,2025,084,084-1-21,4887348.739495799
RANCA,2025,084,084-2-20,6805184.87394958
RANCA,2025,084,084-2-21,1627012.6050420168
RANCA,2025,085,085-1-01,2227760.504201681
RANCA,2025,085,085-2-01,1408490.756302521
RANCA,2025,085,085-2-02,4509533.613445379
RANCA,2025,087,087-1-02,518899.1596638656
RANCA,2025,088,088-1-01,34786.55462184874
RANCA,2025,089,089-1-01,632357.1428571428
RANCA,2025,090,090-1-01,103132422.68907563
RANCA,2025,090,090-1-02,16546931.092436977
RANCA,2025,090,090-2-01,949299.1596638656
RANCA,2025,091,091-1-01,160457.9831932773
RANCA,2025,095,095-2-01,158151.2605042017
RANCA,2025,100,100-1-01,42357.98319327731
RANCA,2025,100,100-2-01,4240684.87394958
RANCA,2025,100,100-2-03,445941.17647058825
RANCA,2025,100,100-2-05,326343.6974789916
RANCA,2025,100,100-2-06,1239142.8571428573
RANCA,2025,100,100-2-08,19565825.210084036
RANCA,2025,101,101-1-01,2213114.2857142854
RANCA,2025,152,152-1-02,517915.96638655465
RANCA,2025,250,250-1-01,7512723.529411765
RANCA,2025,300,300-1-01,109235.29411764706
RANCA,2025,696,696-1-01,1400008.4033613447
RANCA,2026,001,001-1-01,59963.02521008404
RANCA,2026,001,001-1-02,127644.53781512605
RANCA,2026,001,001-1-03,965142.8571428572
RANCA,2026,001,001-1-04,3832352.941176471
RANCA,2026,001,001-1-05,3567701.680672269
RANCA,2026,001,001-1-06,8503469.74789916
RANCA,2026,001,001-1-07,1887139.4957983193
RANCA,2026,001,001-1-08,3707464.7058823532
RANCA,2026,001,001-2-01,3339468.907563025
RANCA,2026,001,001-2-02,8867723.529411765
RANCA,2026,001,001-2-03,3844361.3445378155
RANCA,2026,001,001-2-04,3608924.3697478995
RANCA,2026,001,001-2-05,19705.88235294118
RANCA,2026,002,002-1-01,3317142.8571428573
RANCA,2026,002,002-1-02,6041610.084033614
RANCA,2026,002,002-1-03,2853539.4957983196
RANCA,2026,002,002-1-04,1398713.4453781513
RANCA,2026,002,002-1-05,69829.41176470589
RANCA,2026,002,002-2-01,8656367.226890756
RANCA,2026,002,002-2-02,3864960.504201681
RANCA,2026,002,002-2-03,5300294.117647059
RANCA,2026,002,002-2-04,1318533.6134453781
RANCA,2026,002,002-2-05,5214448.739495799
RANCA,2026,003,003-1-01,4170530.2521008407
RANCA,2026,003,003-1-02,2657429.411764706
RANCA,2026,003,003-1-03,2736679.8319327733
RANCA,2026,003,003-1-04,2172968.907563025
RANCA,2026,003,003-1-05,39325.21008403361
RANCA,2026,003,003-2-01,4341162.18487395
RANCA,2026,003,003-2-02,3235192.43697479
RANCA,2026,003,003-2-03,4214400.0
RANCA,2026,003,003-2-04,3074932.7731092437
RANCA,2026,003,003-2-05,145363.02521008404
RANCA,2026,004,004-1-01,14165933.613445379
RANCA,2026,004,004-1-02,4159057.9831932774
RANCA,2026,004,004-1-03,4820982.352941177
RANCA,2026,004,004-1-04,3380279.8319327733
RANCA,2026,004,004-2-01,11581819.327731093
RANCA,2026,004,004-2-02,3170202.5210084035
RANCA,2026,004,004-2-03,2242365.5462184874
RANCA,2026,005,005-1-01,3791489.915966387
RANCA,2026,005,005-1-02,13696821.848739496
RANCA,2026,005,005-1-03,4716998.319327732
RANCA,2026,005,005-1-04,61411.76470588235
RANCA,2026,005,005-1-05,82168.90756302522
RANCA,2026,005,005-1-07,31563.025210084033
RANCA,2026,005,005-2-01,12897952.941176472
RANCA,2026,005,005-2-02,21701658.82352941
RANCA,2026,005,005-2-03,10412067.226890758
RANCA,2026,005,005-2-05,73648.73949579832
RANCA,2026,005,005-2-06,334389.91596638656
RANCA,2026,005,005-2-07,59033.613445378156
RANCA,2026,006,006-1-01,2596656.3025210085
RANCA,2026,006,006-1-02,5569337.81512605
RANCA,2026,006,006-1-03,2166332.7731092437
RANCA,2026,006,006-1-04,4502605.882352942
RANCA,2026,006,006-1-05,5282494.957983194
RANCA,2026,006,006-1-06,1284605.0420168068
RANCA,2026,006,006-1-07,1549559.6638655462
RANCA,2026,006,006-2-01,2625918.487394958
RANCA,2026,006,006-2-02,5081245.37815126
RANCA,2026,006,006-2-03,3128494.9579831935
RANCA,2026,006,006-2-04,2029568.9075630254
RANCA,2026,006,006-2-05,4234299.159663865
RANCA,2026,006,006-2-06,2057147.899159664
RANCA,2026,007,007-1-01,3050757.142857143
RANCA,2026,007,007-1-02,2178228.5714285714
RANCA,2026,007,007-1-03,1480255.462184874
RANCA,2026,007,007-1-04,2969836.1344537814
RANCA,2026,007,007-1-05,3144642.8571428573
RANCA,2026,007,007-1-06,4775133.613445379
RANCA,2026,007,007-2-01,2078972.268907563
RANCA,2026,007,007-2-02,4768459.663865547
RANCA,2026,007,007-2-03,2429322.68907563
RANCA,2026,007,007-2-04,2205061.344537815
RANCA,2026,007,007-2-05,1536684.0336134455
RANCA,2026,007,007-2-06,2012726.8907563025
RANCA,2026,008,008-1-01,1823415.1260504203
RANCA,2026,008,008-1-02,1794893.2773109244
RANCA,2026,008,008-1-03,1937061.3445378153
RANCA,2026,008,008-1-04,1325904.2016806724
RANCA,2026,008,008-1-05,1788808.4033613447
RANCA,2026,008,008-1-06,1380642.0168067229
RANCA,2026,008,008-2-01,1362776.4705882354
RANCA,2026,008,008-2-02,2189914.285714286
RANCA,2026,008,008-2-03,2004352.9411764706
RANCA,2026,008,008-2-04,3316944.537815126
RANCA,2026,008,008-2-05,3089256.3025210085
RANCA,2026,008,008-2-06,2514494.9579831935
RANCA,2026,009,009-1-01,1186486.5546218487
RANCA,2026,009,009-1-02,2736549.579831933
RANCA,2026,009,009-1-03,3785910.0840336136
RANCA,2026,009,009-1-04,1217984.0336134455
RANCA,2026,009,009-1-05,1485992.43697479
RANCA,2026,009,009-1-06,1256678.9915966387
RANCA,2026,009,009-2-01,862545.3781512605
RANCA,2026,009,009-2-02,4493914.285714286
RANCA,2026,009,009-2-03,1566763.8655462186
RANCA,2026,009,009-2-04,663941.1764705883
RANCA,2026,009,009-2-05,1397868.0672268907
RANCA,2026,009,009-2-06,1165711.7647058824
RANCA,2026,010,010-1-01,7892443.697478992
RANCA,2026,010,010-1-02,8092099.159663866
RANCA,2026,010,010-1-03,5638606.722689075
RANCA,2026,010,010-1-04,3080842.8571428573
RANCA,2026,010,010-1-05,3114226.8907563025
RANCA,2026,010,010-1-06,3425502.5210084035
RANCA,2026,010,010-2-01,1184763.0252100842
RANCA,2026,010,010-2-02,2476976.4705882357
RANCA,2026,010,010-2-03,2232024.3697478995
RANCA,2026,010,010-2-04,1290415.9663865548
RANCA,2026,010,010-2-05,1461760.5042016807
RANCA,2026,010,010-2-06,1303316.8067226892
RANCA,2026,011,011-1-01,1364849.579831933
RANCA,2026,011,011-1-02,1406762.1848739497
RANCA,2026,011,011-1-03,1610185.7142857143
RANCA,2026,011,011-1-04,3501100.8403361347
RANCA,2026,011,011-1-05,1774633.6134453781
RANCA,2026,011,011-1-06,2201099.159663866
RANCA,2026,011,011-1-20,471447.8991596638
RANCA,2026,011,011-2-03,1791709.2436974791
RANCA,2026,011,011-2-04,860408.4033613446
RANCA,2026,011,011-2-06,5098729.4117647065
RANCA,2026,011,011-2-07,30577296.638655465
RANCA,2026,011,011-2-09,7658715.126050421
RANCA,2026,011,011-2-10,9857972.268907564
RANCA,2026,011,011-2-11,844360.5042016807
RANCA,2026,011,011-2-12,2235468.067226891
RANCA,2026,011,011-2-13,107984.87394957984
RANCA,2026,011,011-2-14,54596.638655462186
RANCA,2026,011,011-2-15,19018.487394957985
RANCA,2026,011,011-2-21,2005144.5378151261
RANCA,2026,012,012-1-02,3771883.193277311
RANCA,2026,012,012-1-03,31260235.29411765
RANCA,2026,012,012-1-05,52801850.42016807
RANCA,2026,012,012-1-06,33514536.13445378
RANCA,2026,012,012-2-01,422300.8403361345
RANCA,2026,012,012-2-02,5756905.882352942
RANCA,2026,012,012-2-03,4831625.210084034
RANCA,2026,012,012-2-04,3574681.512605042
RANCA,2026,012,012-2-05,4063378.9915966387
RANCA,2026,012,012-2-06,37863593.27731093
RANCA,2026,012,012-2-07,1592492.43697479
RANCA,2026,012,012-2-08,1223099.1596638656
RANCA,2026,012,012-2-09,1304336.974789916
RANCA,2026,012,012-2-10,97000.0
RANCA,2026,013,013-1-01,927991.5966386555
RANCA,2026,013,013-1-02,1348423.5294117648
RANCA,2026,013,013-1-04,1877056.3025210085
RANCA,2026,013,013-1-05,365167.22689075634
RANCA,2026,013,013-1-06,432397.47899159667
RANCA,2026,013,013-1-11,393848.73949579836
RANCA,2026,013,013-1-13,511566.38655462186
RANCA,2026,013,013-2-02,19596832.773109246
RANCA,2026,013,013-2-04,363509.243697479
RANCA,2026,013,013-2-05,187547.05882352943
RANCA,2026,013,013-2-06,11302.52100840336
RANCA,2026,014,014-1-02,159957.14285714287
RANCA,2026,014,014-1-05,120592.43697478992
RANCA,2026,014,014-1-10,858952.9411764706
RANCA,2026,014,014-1-13,2119845.378151261
RANCA,2026,014,014-1-14,506405.0420168067
RANCA,2026,014,014-2-02,1263632.7731092437
RANCA,2026,014,014-2-03,382665.5462184874
RANCA,2026,014,014-2-04,265793.2773109244
RANCA,2026,014,014-2-05,350420.1680672269
RANCA,2026,014,014-2-06,2264445.3781512603
RANCA,2026,014,014-2-07,1606957.9831932774
RANCA,2026,014,014-2-09,1188563.0252100842
RANCA,2026,014,014-2-11,269806.7226890756
RANCA,2026,015,015-1-02,2874995.798319328
RANCA,2026,015,015-1-08,2845167.2268907563
RANCA,2026,015,015-1-09,4435253.781512605
RANCA,2026,015,015-1-13,162143.6974789916
RANCA,2026,015,015-2-02,577248.7394957984
RANCA,2026,015,015-2-03,2894434.4537815126
RANCA,2026,015,015-2-07,75592.43697478992
RANCA,2026,015,015-2-10,23335188.23529412
RANCA,2026,015,015-2-11,16906579.831932776
RANCA,2026,015,015-2-13,2059041.1764705884
RANCA,2026,015,015-2-14,97630.25210084034
RANCA,2026,016,016-1-01,2299383.1932773115
RANCA,2026,016,016-1-02,4478088.235294118
RANCA,2026,016,016-1-03,419606.7226890756
RANCA,2026,016,016-1-07,25372101.68067227
RANCA,2026,016,016-2-02,9205551.260504203
RANCA,2026,016,016-2-03,30727.731092436978
RANCA,2026,016,016-2-07,279319.32773109246
RANCA,2026,017,017-1-01,8907601.68067227
RANCA,2026,017,017-2-02,6748006.722689075
RANCA,2026,018,018-1-01,18478.991596638658
RANCA,2026,018,018-1-02,8967267.226890756
RANCA,2026,018,018-1-09,407903.3613445379
RANCA,2026,018,018-2-01,14403485.714285715
RANCA,2026,019,019-1-01,3416084.0336134457
RANCA,2026,019,019-1-02,13249492.43697479
RANCA,2026,019,019-2-01,7942620.168067227
RANCA,2026,019,019-2-03,1816042.8571428573
RANCA,2026,019,019-2-04,27738.655462184874
RANCA,2026,019,019-2-06,23053.781512605045
RANCA,2026,019,019-2-07,133411.76470588235
RANCA,2026,020,020-1-05,878683.193277311
RANCA,2026,020,020-1-06,139213.44537815126
RANCA,2026,020,020-1-07,1633488.2352941178
RANCA,2026,020,020-1-08,1891940.336134454
RANCA,2026,020,020-2-10,1900510.0840336136
RANCA,2026,020,020-2-12,144949.5798319328
RANCA,2026,021,021-1-01,3742689.915966387
RANCA,2026,021,021-1-02,5763604.201680672
RANCA,2026,021,021-1-03,703169.7478991597
RANCA,2026,021,021-1-04,755169.7478991597
RANCA,2026,021,021-1-05,13605.042016806723
RANCA,2026,021,021-1-07,3750557.1428571427
RANCA,2026,021,021-1-09,7474902.521008404
RANCA,2026,021,021-2-01,170482.35294117648
RANCA,2026,021,021-2-05,47770.588235294126
RANCA,2026,021,021-2-06,1743470.5882352942
RANCA,2026,021,021-2-08,466281.5126050421
RANCA,2026,021,021-2-09,1869226.8907563025
RANCA,2026,021,021-2-10,30369.747899159665
RANCA,2026,021,021-2-13,97033.61344537816
RANCA,2026,022,022-1-01,299084.0336134454
RANCA,2026,022,022-1-09,25139.495798319327
RANCA,2026,022,022-1-10,262504.2016806723
RANCA,2026,022,022-1-11,2354634.4537815126
RANCA,2026,022,022-1-15,84000.0
RANCA,2026,022,022-2-05,13316653.781512605
RANCA,2026,022,022-2-07,568205.0420168068
RANCA,2026,023,023-1-01,88210.08403361344
RANCA,2026,025,025-2-01,267073.9495798319
RANCA,2026,030,030-1-03,2568775.630252101
RANCA,2026,030,030-1-04,53546.21848739496
RANCA,2026,030,030-1-05,1147883.193277311
RANCA,2026,030,030-1-06,1738894.9579831935
RANCA,2026,030,030-1-07,2609188.2352941176
RANCA,2026,030,030-1-08,2279238.655462185
RANCA,2026,030,030-1-09,478384.0336134454
RANCA,2026,030,030-1-10,935860.5042016808
RANCA,2026,030,030-1-11,4876251.260504202
RANCA,2026,030,030-1-12,2523414.285714286
RANCA,2026,030,030-1-13,5762260.504201681
RANCA,2026,030,030-1-14,9694412.605042018
RANCA,2026,030,030-1-15,6110697.478991597
RANCA,2026,030,030-1-16,4897939.49579832
RANCA,2026,030,030-1-17,10814826.890756303
RANCA,2026,030,030-1-18,5858533.613445378
RANCA,2026,030,030-1-19,194626.89075630254
RANCA,2026,030,030-1-20,275349.5798319328
RANCA,2026,030,030-1-21,370067.2268907563
RANCA,2026,032,032-1-12,2791642.8571428573
RANCA,2026,032,032-1-13,5992447.05882353
RANCA,2026,032,032-2-01,2461525.2100840337
RANCA,2026,032,032-2-02,813263.8655462186
RANCA,2026,032,032-2-04,13266419.327731093
RANCA,2026,032,032-2-05,406016.80672268907
RANCA,2026,032,032-2-06,2882386.5546218487
RANCA,2026,032,032-2-09,97991.59663865546
RANCA,2026,032,032-2-10,2235549.579831933
RANCA,2026,040,040-1-03,61411.76470588236
RANCA,2026,040,040-1-04,557376.4705882353
RANCA,2026,040,040-1-11,15075.63025210084
RANCA,2026,040,040-1-12,12463.865546218487
RANCA,2026,040,040-1-13,6703.361344537815
RANCA,2026,040,040-1-16,103126.89075630253
RANCA,2026,040,040-1-18,2264242.8571428573
RANCA,2026,040,040-1-25,247063.02521008404
RANCA,2026,045,045-2-01,281831.93277310923
RANCA,2026,050,050-1-01,5306544.537815127
RANCA,2026,050,050-1-02,71772831.09243698
RANCA,2026,050,050-1-03,177931073.10924372
RANCA,2026,050,050-1-04,48057552.941176474
RANCA,2026,050,050-1-05,9834354.62184874
RANCA,2026,050,050-1-06,10620531.93277311
RANCA,2026,050,050-1-07,32024178.151260506
RANCA,2026,050,050-1-08,2112700.0
RANCA,2026,050,050-1-09,18693806.722689077
RANCA,2026,050,050-1-10,23662695.79831933
RANCA,2026,050,050-1-11,29764112.605042018
RANCA,2026,050,050-1-12,21219015.966386557
RANCA,2026,050,050-1-13,37754585.71428572
RANCA,2026,050,050-1-14,24019266.386554625
RANCA,2026,050,050-1-15,5853202.521008404
RANCA,2026,050,050-1-16,53841572.26890757
RANCA,2026,050,050-1-17,26942057.98319328
RANCA,2026,050,050-1-18,524759321.0084034
RANCA,2026,050,050-1-19,14901916.80672269
RANCA,2026,050,050-1-20,56620187.39495798
RANCA,2026,050,050-1-21,551892.43697479
RANCA,2026,050,050-1-22,6335322.68907563
RANCA,2026,050,050-1-23,1205697.4789915967
RANCA,2026,050,050-1-24,14497192.43697479
RANCA,2026,050,050-1-25,53435489.91596639
RANCA,2026,050,050-1-26,12957260.50420168
RANCA,2026,050,050-1-27,8533107.56302521
RANCA,2026,050,050-1-29,2691106.722689076
RANCA,2026,050,050-1-30,519294.11764705885
RANCA,2026,050,050-1-31,4244988.235294118
RANCA,2026,050,050-1-32,1811255.462184874
RANCA,2026,051,051-1-03,1692757.9831932774
RANCA,2026,051,051-1-04,7824412.605042017
RANCA,2026,051,051-1-05,586132.7731092437
RANCA,2026,051,051-1-06,2376966.386554622
RANCA,2026,051,051-1-07,5495617.647058824
RANCA,2026,051,051-1-08,35023973.949579835
RANCA,2026,051,051-1-09,39325611.76470588
RANCA,2026,051,051-1-11,10314657.142857144
RANCA,2026,051,051-1-12,25271294.11764706
RANCA,2026,051,051-1-13,84218562.18487395
RANCA,2026,051,051-1-14,7232751.260504202
RANCA,2026,051,051-1-15,4803791.596638655
RANCA,2026,051,051-1-16,5309904.201680672
RANCA,2026,051,051-1-17,983447.0588235295
RANCA,2026,051,051-1-19,2236486.5546218487
RANCA,2026,052,052-1-01,4491635.294117647
RANCA,2026,052,052-1-02,15725146.218487395
RANCA,2026,052,052-1-03,5963782.352941177
RANCA,2026,052,052-1-04,22467326.890756305
RANCA,2026,052,052-1-05,26599149.579831935
RANCA,2026,052,052-1-06,17594.95798319328
RANCA,2026,061,061-1-02,6705.882352941177
RANCA,2026,063,063-1-01,12807037.81512605
RANCA,2026,065,065-1-01,428070.58823529416
RANCA,2026,069,069-1-01,409048.7394957983
RANCA,2026,070,070-1-01,6514504.201680672
RANCA,2026,070,070-1-02,1064227.731092437
RANCA,2026,070,070-1-03,65621.8487394958
RANCA,2026,070,070-1-04,12445097.478991598
RANCA,2026,070,070-1-07,18568445.37815126
RANCA,2026,070,070-2-01,5608234.453781513
RANCA,2026,070,070-2-02,11498519.327731093
RANCA,2026,070,070-2-03,14737170.588235294
RANCA,2026,070,070-2-04,10355901.68067227
RANCA,2026,071,071-1-01,10765260.50420168
RANCA,2026,071,071-1-02,4906044.537815127
RANCA,2026,071,071-1-03,17694626.8907563
RANCA,2026,071,071-1-04,10872026.050420169
RANCA,2026,071,071-2-01,16204411.764705883
RANCA,2026,071,071-2-02,11880510.084033614
RANCA,2026,071,071-2-03,13240678.99159664
RANCA,2026,071,071-2-04,6677323.529411765
RANCA,2026,072,072-1-01,15592366.386554623
RANCA,2026,072,072-1-02,11303668.907563025
RANCA,2026,072,072-1-03,59967.226890756305
RANCA,2026,073,073-2-01,127513.44537815126
RANCA,2026,074,074-2-01,12684484.033613447
RANCA,2026,075,075-1-01,185679.83193277312
RANCA,2026,075,075-2-01,450731.9327731093
RANCA,2026,080,080-1-01,30694658.823529415
RANCA,2026,080,080-2-01,24978442.85714286
RANCA,2026,081,081-1-02,276839.49579831935
RANCA,2026,081,081-1-04,2776552.1008403366
RANCA,2026,081,081-1-05,268985.7142857143
RANCA,2026,082,082-1-01,1928673.9495798321
RANCA,2026,082,082-1-02,3596423.529411765
RANCA,2026,082,082-2-01,600216.8067226891
RANCA,2026,082,082-2-02,41352.94117647059
RANCA,2026,083,083-1-01,67218.48739495798
RANCA,2026,083,083-1-02,102929.41176470589
RANCA,2026,083,083-1-03,37806.72268907563
RANCA,2026,083,083-2-01,147619.32773109246
RANCA,2026,084,084-1-01,6560094.117647059
RANCA,2026,084,084-1-02,9265092.43697479
RANCA,2026,084,084-1-03,2389441.1764705884
RANCA,2026,084,084-1-04,980246.218487395
RANCA,2026,084,084-1-05,4071918.4873949583
RANCA,2026,084,084-1-06,32953149.579831935
RANCA,2026,084,084-1-08,1397260.5042016807
RANCA,2026,084,084-1-09,1347586.5546218487
RANCA,2026,084,084-1-20,7340536.974789917
RANCA,2026,084,084-1-21,5277940.336134454
RANCA,2026,084,084-2-20,7631202.521008404
RANCA,2026,084,084-2-21,3301200.8403361347
RANCA,2026,085,085-1-01,2147784.87394958
RANCA,2026,085,085-2-01,1441705.8823529412
RANCA,2026,085,085-2-02,4038183.193277311
RANCA,2026,086,086-1-01,731.09243697479
RANCA,2026,087,087-1-02,729746.218487395
RANCA,2026,088,088-1-01,65196.638655462186
RANCA,2026,088,088-1-02,94642.85714285714
RANCA,2026,089,089-1-01,441372.26890756306
RANCA,2026,090,090-1-01,107438153.7815126
RANCA,2026,090,090-1-02,15834532.773109244
RANCA,2026,090,090-2-01,578264.705882353
RANCA,2026,091,091-1-01,121497.47899159664
RANCA,2026,095,095-2-01,188200.0
RANCA,2026,100,100-1-01,88094.11764705883
RANCA,2026,100,100-2-01,4308447.899159664
RANCA,2026,100,100-2-03,650624.3697478992
RANCA,2026,100,100-2-04,266877.3109243698
RANCA,2026,100,100-2-05,509974.7899159664
RANCA,2026,100,100-2-06,1461651.2605042018
RANCA,2026,100,100-2-08,14173320.168067228
RANCA,2026,101,101-1-01,2860478.1512605045
RANCA,2026,200,200-1-01,94089.91596638656
RANCA,2026,250,250-1-01,6707673.949579832
RANCA,2026,696,696-1-01,725247.8991596639
RENAC,2025,001,001-1-01,23484024.3697479
RENAC,2025,002,002-1-01,20763321.848739497
RENAC,2025,002,002-1-02,48139015.96638656
RENAC,2025,002,002-1-03,21561333.61344538
RENAC,2025,002,002-1-04,24649541.17647059
RENAC,2025,002,002-1-05,221324.36974789918
RENAC,2025,002,002-1-06,6893855.462184874
RENAC,2025,002,002-2-01,2296331.092436975
RENAC,2025,002,002-2-02,3495959.663865546
RENAC,2025,002,002-2-03,588311.7647058824
RENAC,2025,002,002-2-04,36263176.47058824
RENAC,2025,002,002-2-05,23729705.042016808
RENAC,2025,002,002-2-06,19172029.411764707
RENAC,2025,003,003-1-01,36771242.85714286
RENAC,2025,003,003-1-02,17011919.32773109
RENAC,2025,003,003-1-03,1912673.1092436975
RENAC,2025,003,003-1-04,3464059.663865546
RENAC,2025,003,003-1-05,14343355.462184874
RENAC,2025,003,003-1-06,11743426.890756303
RENAC,2025,003,003-2-01,23082231.93277311
RENAC,2025,003,003-2-02,77418234.45378152
RENAC,2025,003,003-2-03,3805003.3613445377
RENAC,2025,003,003-2-04,2684788.2352941176
RENAC,2025,003,003-2-05,14936878.99159664
RENAC,2025,003,003-2-06,13843178.151260504
RENAC,2025,004,004-1-01,7402956.302521009
RENAC,2025,004,004-1-02,5027875.630252101
RENAC,2025,004,004-1-03,2961855.462184874
RENAC,2025,004,004-1-04,2852110.924369748
RENAC,2025,004,004-1-05,2879911.7647058824
RENAC,2025,004,004-1-06,2273873.1092436975
RENAC,2025,004,004-2-01,43254329.41176471
RENAC,2025,004,004-2-02,8877449.579831934
RENAC,2025,004,004-2-03,19917325.210084036
RENAC,2025,004,004-2-04,26361792.43697479
RENAC,2025,004,004-2-05,11667661.344537815
RENAC,2025,004,004-2-06,12490713.445378153
RENAC,2025,005,005-1-01,16714082.352941178
RENAC,2025,005,005-1-02,16322298.319327733
RENAC,2025,005,005-1-03,14904531.092436975
RENAC,2025,005,005-1-04,13442774.789915968
RENAC,2025,005,005-1-05,7345713.445378152
RENAC,2025,005,005-1-06,6256535.294117647
RENAC,2025,005,005-1-08,492842.8571428572
RENAC,2025,005,005-1-10,169927.73109243697
RENAC,2025,005,005-1-12,754838.6554621849
RENAC,2025,005,005-2-01,1489867.2268907563
RENAC,2025,005,005-2-02,6270749.579831933
RENAC,2025,005,005-2-03,7929233.613445379
RENAC,2025,005,005-2-04,4247841.176470589
RENAC,2025,005,005-2-05,15244901.68067227
RENAC,2025,005,005-2-06,13508778.151260504
RENAC,2025,006,006-2-01,8500378.99159664
RENAC,2025,006,006-2-02,11456735.294117648
RENAC,2025,006,006-2-03,10360413.44537815
RENAC,2025,006,006-2-04,12202556.302521009
RENAC,2025,006,006-2-05,3727203.3613445377
RENAC,2025,006,006-2-06,9085491.596638655
RENAC,2025,006,006-2-07,5159892.43697479
RENAC,2025,006,006-2-08,12966589.075630253
RENAC,2025,006,006-2-09,8911278.151260504
RENAC,2025,006,006-2-10,1636626.8907563025
RENAC,2025,006,006-2-11,6129337.81512605
RENAC,2025,006,006-2-12,1425559.6638655462
RENAC,2025,006,006-2-13,4345467.226890757
RENAC,2025,006,006-2-14,6494166.386554622
RENAC,2025,006,006-2-15,7536357.983193277
RENAC,2025,007,007-1-01,9510970.588235294
RENAC,2025,007,007-1-02,7571820.168067227
RENAC,2025,007,007-1-03,6313926.050420168
RENAC,2025,007,007-1-04,3903041.1764705884
RENAC,2025,007,007-1-05,5634685.714285715
RENAC,2025,007,007-1-06,11341552.94117647
RENAC,2025,007,007-1-07,4750039.49579832
RENAC,2025,007,007-1-08,7285108.403361345
RENAC,2025,007,007-1-09,7155389.075630252
RENAC,2025,007,007-1-10,1403395.7983193279
RENAC,2025,007,007-1-11,2592268.907563025
RENAC,2025,007,007-2-01,4483254.62184874
RENAC,2025,007,007-2-02,10628910.924369749
RENAC,2025,007,007-2-03,3024356.3025210085
RENAC,2025,008,008-1-01,35361169.74789916
RENAC,2025,008,008-1-02,3701387.3949579834
RENAC,2025,008,008-1-03,9619207.56302521
RENAC,2025,008,008-1-04,14523263.865546219
RENAC,2025,008,008-1-05,2740062.1848739497
RENAC,2025,008,008-1-06,4638180.672268908
RENAC,2025,008,008-2-01,6289369.74789916
RENAC,2025,008,008-2-02,3941417.6470588236
RENAC,2025,008,008-2-03,2991085.7142857146
RENAC,2025,008,008-2-04,1865692.4369747902
RENAC,2025,008,008-2-05,7921889.915966387
RENAC,2025,008,008-2-06,6461921.848739496
RENAC,2025,009,009-1-01,10774872.268907564
RENAC,2025,009,009-1-02,439794.11764705885
RENAC,2025,009,009-1-03,7045044.537815127
RENAC,2025,009,009-1-04,2518178.1512605045
RENAC,2025,009,009-1-05,549564.705882353
RENAC,2025,009,009-1-06,1956136.1344537816
RENAC,2025,009,009-1-07,1899665.5462184874
RENAC,2025,009,009-1-08,263642.0168067227
RENAC,2025,009,009-2-01,18246233.61344538
RENAC,2025,009,009-2-02,28170464.705882356
RENAC,2025,009,009-2-03,13133622.68907563
RENAC,2025,009,009-2-04,7973568.067226891
RENAC,2025,009,009-2-05,20212082.352941178
RENAC,2025,009,009-2-06,18315220.168067228
RENAC,2025,010,010-1-01,7215069.74789916
RENAC,2025,010,010-1-02,2392315.9663865548
RENAC,2025,010,010-1-03,32205840.336134456
RENAC,2025,010,010-1-04,18491137.81512605
RENAC,2025,010,010-1-05,9731588.235294119
RENAC,2025,010,010-2-01,9441587.394957984
RENAC,2025,010,010-2-02,11500502.521008404
RENAC,2025,010,010-2-03,8301998.319327732
RENAC,2025,010,010-2-04,4817034.453781513
RENAC,2025,010,010-2-05,1898189.9159663867
RENAC,2025,011,011-1-01,4714674.789915967
RENAC,2025,011,011-1-02,5475615.12605042
RENAC,2025,011,011-1-03,11143019.327731093
RENAC,2025,011,011-1-04,12104431.092436975
RENAC,2025,011,011-1-05,10962242.016806724
RENAC,2025,011,011-1-06,4447371.428571429
RENAC,2025,011,011-2-01,3517809.243697479
RENAC,2025,011,011-2-02,10472068.907563025
RENAC,2025,011,011-2-03,40675964.705882356
RENAC,2025,011,011-2-04,14478026.050420169
RENAC,2025,011,011-2-05,24997063.025210086
RENAC,2025,011,011-2-06,8432228.57142857
RENAC,2025,012,012-1-01,8249781.512605042
RENAC,2025,012,012-1-02,20164160.50420168
RENAC,2025,012,012-1-03,7439623.529411765
RENAC,2025,012,012-1-04,8084854.62184874
RENAC,2025,012,012-1-05,7849163.025210084
RENAC,2025,012,012-1-06,598851.2605042018
RENAC,2025,012,012-1-07,5969423.529411765
RENAC,2025,012,012-2-01,14531457.983193278
RENAC,2025,012,012-2-02,7107560.504201681
RENAC,2025,012,012-2-03,7089741.176470589
RENAC,2025,012,012-2-04,16415372.268907564
RENAC,2025,012,012-2-05,6776129.4117647065
RENAC,2025,013,013-1-01,10389010.084033614
RENAC,2025,013,013-1-02,7700115.12605042
RENAC,2025,013,013-1-03,5204710.084033614
RENAC,2025,013,013-1-04,7374994.117647059
RENAC,2025,013,013-1-05,13623670.588235294
RENAC,2025,013,013-1-06,13324252.100840338
RENAC,2025,013,013-1-07,3189.915966386555
RENAC,2025,014,014-1-01,4264585.714285715
RENAC,2025,014,014-1-02,4766983.193277311
RENAC,2025,014,014-1-03,5155710.924369748
RENAC,2025,014,014-1-04,2279538.655462185
RENAC,2025,014,014-1-05,5213257.983193277
RENAC,2025,014,014-1-06,1475286.5546218487
RENAC,2025,015,015-1-01,3283950.4201680673
RENAC,2025,015,015-1-02,120961.34453781514
RENAC,2025,015,015-1-03,874998.3193277312
RENAC,2025,015,015-1-04,441718.48739495804
RENAC,2025,016,016-1-01,8048500.0
RENAC,2025,016,016-1-02,2585992.43697479
RENAC,2025,016,016-1-03,1469466.3865546219
RENAC,2025,016,016-1-04,1187406.7226890756
RENAC,2025,016,016-1-05,273947.8991596639
RENAC,2025,016,016-1-06,671096.6386554622
RENAC,2025,016,016-1-07,497236.13445378153
RENAC,2025,016,016-1-08,1527173.1092436975
RENAC,2025,016,016-1-09,1454530.2521008404
RENAC,2025,016,016-1-10,2828053.781512605
RENAC,2025,017,017-1-01,5128963.865546219
RENAC,2025,017,017-1-02,4836336.134453782
RENAC,2025,017,017-1-03,4347391.596638655
RENAC,2025,023,023-1-04,451283.19327731093
RENAC,2025,025,025-1-01,16215487.394957984
RENAC,2025,025,025-1-07,709438.6554621849
RENAC,2025,030,030-1-01,1823072.268907563
RENAC,2025,030,030-1-02,1119271.4285714286
RENAC,2025,030,030-1-05,187941.17647058825
RENAC,2025,030,030-1-14,98243.6974789916
RENAC,2025,030,030-1-18,10903727.731092438
RENAC,2025,032,032-1-01,786970.5882352942
RENAC,2025,035,035-1-05,172921.00840336134
RENAC,2025,035,035-2-01,2150482.3529411764
RENAC,2025,036,036-1-01,20903.361344537818
RENAC,2025,038,038-1-02,510617.64705882355
RENAC,2025,038,038-1-03,294568.06722689077
RENAC,2025,038,038-1-04,251840.3361344538
RENAC,2025,049,049-1-01,2420520.168067227
RENAC,2025,050,050-1-02,1364447.0588235296
RENAC,2025,050,050-1-03,356478.9915966387
RENAC,2025,072,072-2-01,11142386.55462185
RENAC,2025,080,080-1-03,2523.5294117647063
RENAC,2025,081,081-1-07,3664980.672268908
RENAC,2025,089,089-1-01,81017684.87394959
RENAC,2025,090,090-1-01,99429396.63865547
RENAC,2025,090,090-1-04,8387752.100840337
RENAC,2025,090,090-1-15,530540.3361344538
RENAC,2025,090,090-2-01,45976.470588235294
RENAC,2025,091,091-1-01,345652.9411764706
RENAC,2025,100,100-1-01,399792.43697478995
RENAC,2025,100,100-1-03,2346.218487394958
RENAC,2025,100,100-1-05,553125.2100840337
RENAC,2025,100,100-1-06,29403.361344537818
RENAC,2025,100,100-1-08,2515.9663865546217
RENAC,2025,100,100-1-09,41159.663865546216
RENAC,2025,100,100-1-10,97439.49579831933
RENAC,2025,100,100-1-12,111168.06722689077
RENAC,2025,100,100-1-13,12297.47899159664
RENAC,2025,100,100-2-03,23552.94117647059
RENAC,2025,100,100-2-04,53946.21848739496
RENAC,2025,100,100-2-05,310847.0588235294
RENAC,2025,100,100-2-06,525477.3109243697
RENAC,2025,100,100-2-07,15442.01680672269
RENAC,2025,100,100-2-08,29092.436974789918
RENAC,2025,100,100-2-11,291013.44537815126
RENAC,2025,101,101-1-03,8574885.714285715
RENAC,2025,101,101-1-04,13914724.3697479
RENAC,2025,101,101-1-05,15690837.81512605
RENAC,2025,101,101-1-06,14425996.638655463
RENAC,2025,101,101-1-07,8849715.966386555
RENAC,2025,101,101-1-08,7386520.168067227
RENAC,2025,101,101-1-09,5475784.87394958
RENAC,2025,101,101-1-10,6138874.789915967
RENAC,2025,101,101-1-11,4032314.285714286
RENAC,2025,101,101-1-12,2064171.4285714286
RENAC,2025,101,101-1-13,3821168.067226891
RENAC,2025,101,101-2-06,76446.21848739496
RENAC,2025,101,101-2-07,67033.61344537816
RENAC,2025,101,101-2-14,16140810.924369749
RENAC,2025,101,101-2-15,56836525.210084036
RENAC,2025,101,101-2-16,825383.1932773109
RENAC,2025,102,102-1-05,13727216.80672269
RENAC,2025,102,102-1-08,5107918.487394959
RENAC,2025,102,102-2-02,380152.9411764706
RENAC,2025,102,102-2-05,7386215.12605042
RENAC,2025,102,102-2-06,19514304.20168067
RENAC,2025,102,102-2-07,3004501.680672269
RENAC,2025,102,102-2-11,2033476.4705882352
RENAC,2025,103,103-1-01,5856965.546218488
RENAC,2025,103,103-1-08,33605.04201680672
RENAC,2025,103,103-1-10,942426.8907563025
RENAC,2025,103,103-2-02,5404237.81512605
RENAC,2025,103,103-2-06,91773.10924369749
RENAC,2025,103,103-2-14,30862.18487394958
RENAC,2025,103,103-2-16,188317.64705882352
RENAC,2025,104,104-1-01,1835653.781512605
RENAC,2025,104,104-1-08,1164821.848739496
RENAC,2025,104,104-1-14,1904194.9579831935
RENAC,2025,104,104-2-02,5444105.882352942
RENAC,2025,105,105-1-02,3702924.3697478995
RENAC,2025,105,105-2-14,1380369.7478991598
RENAC,2025,110,110-1-01,2611847.899159664
RENAC,2025,110,110-1-02,61562.18487394958
RENAC,2025,110,110-1-03,2295042.0168067226
RENAC,2025,110,110-1-09,1666960.504201681
RENAC,2025,110,110-1-10,8297236.134453782
RENAC,2025,110,110-1-12,1659937.8151260505
RENAC,2025,110,110-1-13,464665.5462184874
RENAC,2025,110,110-1-14,13786815.12605042
RENAC,2025,110,110-1-16,5887139.49579832
RENAC,2025,110,110-2-01,1672.2689075630253
RENAC,2025,110,110-2-04,2061186.554621849
RENAC,2025,110,110-2-06,1217817.6470588236
RENAC,2025,110,110-2-09,90126.05042016807
RENAC,2025,111,111-1-01,14086683.19327731
RENAC,2025,111,111-1-15,57957.983193277316
RENAC,2025,111,111-2-01,615063.025210084
RENAC,2025,127,127-1-01,41403633.61344538
RENAC,2025,127,127-1-02,11279465.546218488
RENAC,2025,128,128-1-01,12067.226890756303
RENAC,2025,130,130-2-01,198207811.7647059
RENAC,2025,130,130-2-03,3969539.4957983196
RENAC,2025,130,130-2-04,9244388.235294119
RENAC,2025,130,130-2-06,31700807.56302521
RENAC,2025,130,130-2-08,2533973.949579832
RENAC,2025,130,130-2-09,6175610.084033614
RENAC,2025,130,130-2-10,1366821.848739496
RENAC,2025,130,130-2-12,2247397.478991597
RENAC,2025,133,133-1-01,463554.6218487395
RENAC,2025,150,150-1-01,11326505.042016808
RENAC,2025,150,150-1-02,1679449.579831933
RENAC,2025,150,150-1-03,3732195.798319328
RENAC,2025,150,150-1-05,1634836.1344537816
RENAC,2025,150,150-1-06,11647.058823529413
RENAC,2025,150,150-1-07,37434517.64705882
RENAC,2025,150,150-1-09,464442.01680672274
RENAC,2025,150,150-1-10,6525754.62184874
RENAC,2025,150,150-1-11,5485993.277310925
RENAC,2025,150,150-1-12,3084448.7394957985
RENAC,2025,150,150-1-13,1011873.1092436976
RENAC,2025,150,150-2-01,202840.3361344538
RENAC,2025,150,150-2-02,4627072.268907563
RENAC,2025,150,150-2-03,2055767.2268907563
RENAC,2025,150,150-2-04,2397899.159663866
RENAC,2025,150,150-2-06,640265.5462184874
RENAC,2025,150,150-2-08,2955456.3025210085
RENAC,2025,150,150-2-09,6498298.319327732
RENAC,2025,150,150-2-10,1749803.361344538
RENAC,2025,150,150-2-11,4799430.25210084
RENAC,2025,150,150-2-14,33126.05042016807
RENAC,2025,151,151-1-01,79844032.77310924
RENAC,2025,151,151-1-02,67396552.10084035
RENAC,2025,151,151-1-03,66076462.18487395
RENAC,2025,151,151-1-04,28285533.61344538
RENAC,2025,151,151-1-05,1218396.6386554623
RENAC,2025,151,151-1-06,26715179.831932772
RENAC,2025,151,151-1-07,4802749.579831934
RENAC,2025,151,151-1-08,4440180.672268908
RENAC,2025,151,151-1-09,21511202.521008402
RENAC,2025,151,151-1-10,30275126.05042017
RENAC,2025,151,151-1-11,28200739.49579832
RENAC,2025,151,151-1-12,24052863.025210086
RENAC,2025,151,151-1-13,33137623.529411767
RENAC,2025,151,151-1-14,23916471.42857143
RENAC,2025,151,151-1-15,2218585.7142857146
RENAC,2025,151,151-1-16,24521298.31932773
RENAC,2025,151,151-1-17,10424161.344537815
RENAC,2025,151,151-1-18,114944903.36134455
RENAC,2025,151,151-1-19,24011640.336134456
RENAC,2025,151,151-1-20,10683987.394957984
RENAC,2025,151,151-1-21,984209.243697479
RENAC,2025,151,151-1-22,11300612.605042018
RENAC,2025,151,151-1-23,1539758.8235294118
RENAC,2025,151,151-1-24,46188405.88235294
RENAC,2025,151,151-1-25,38313808.40336135
RENAC,2025,151,151-1-26,13484190.756302522
RENAC,2025,151,151-1-27,11568965.546218488
RENAC,2025,151,151-1-30,837823.5294117647
RENAC,2025,151,151-1-31,16790815.12605042
RENAC,2025,163,163-1-01,111422.68907563026
RENAC,2025,163,163-1-02,520465.54621848743
RENAC,2025,180,180-1-01,42186383.193277314
RENAC,2025,180,180-1-02,7346210.924369749
RENAC,2025,180,180-2-01,940507673.1092438
RENAC,2025,301,301-1-01,146961.34453781514
RENAC,2025,500,500-1-01,36347612.60504202
RENAC,2025,500,500-1-02,19620.168067226892
RENAC,2025,502,502-1-01,161718.487394958
RENAC,2025,760,760-1-02,66710.9243697479
RENAC,2025,760,760-1-03,687265.5462184874
RENAC,2025,760,760-1-05,58038.65546218488
RENAC,2025,900,900-2-01,923460.5042016808
RENAC,2026,001,001-1-01,27335692.43697479
RENAC,2026,002,002-1-01,18517886.55462185
RENAC,2026,002,002-1-02,53390164.705882356
RENAC,2026,002,002-1-03,18281874.789915968
RENAC,2026,002,002-1-04,15127986.55462185
RENAC,2026,002,002-1-05,180512.60504201683
RENAC,2026,002,002-1-06,7496878.991596639
RENAC,2026,002,002-2-01,2457471.4285714286
RENAC,2026,002,002-2-02,2466957.9831932774
RENAC,2026,002,002-2-03,263626.0504201681
RENAC,2026,002,002-2-04,36015351.2605042
RENAC,2026,002,002-2-05,26047030.25210084
RENAC,2026,002,002-2-06,16930724.3697479
RENAC,2026,003,003-1-01,30770390.75630252
RENAC,2026,003,003-1-02,14559898.319327733
RENAC,2026,003,003-1-03,879601.680672269
RENAC,2026,003,003-1-04,2349294.117647059
RENAC,2026,003,003-1-05,11600603.361344539
RENAC,2026,003,003-1-06,11447808.403361345
RENAC,2026,003,003-2-01,19763965.54621849
RENAC,2026,003,003-2-02,71752852.10084035
RENAC,2026,003,003-2-03,4039556.3025210085
RENAC,2026,003,003-2-04,1205676.4705882354
RENAC,2026,003,003-2-05,22908430.25210084
RENAC,2026,003,003-2-06,13191785.714285715
RENAC,2026,004,004-1-01,6828445.378151261
RENAC,2026,004,004-1-02,5172971.428571429
RENAC,2026,004,004-1-03,2118701.680672269
RENAC,2026,004,004-1-04,3826126.0504201683
RENAC,2026,004,004-1-05,4727469.74789916
RENAC,2026,004,004-1-06,2611633.6134453784
RENAC,2026,004,004-2-01,42063007.563025214
RENAC,2026,004,004-2-02,8738173.949579833
RENAC,2026,004,004-2-03,22697013.44537815
RENAC,2026,004,004-2-04,24854831.93277311
RENAC,2026,004,004-2-05,14168389.075630253
RENAC,2026,004,004-2-06,11942069.74789916
RENAC,2026,005,005-1-01,20157424.3697479
RENAC,2026,005,005-1-02,19261760.50420168
RENAC,2026,005,005-1-03,15196191.596638655
RENAC,2026,005,005-1-04,11360589.075630253
RENAC,2026,005,005-1-05,7828605.882352942
RENAC,2026,005,005-1-06,6024957.983193277
RENAC,2026,005,005-1-08,593109.243697479
RENAC,2026,005,005-1-09,19227.731092436974
RENAC,2026,005,005-1-10,298051.2605042017
RENAC,2026,005,005-1-12,1291266.3865546219
RENAC,2026,005,005-2-01,2783081.512605042
RENAC,2026,005,005-2-02,1964078.1512605043
RENAC,2026,005,005-2-03,1758159.6638655462
RENAC,2026,005,005-2-04,5090010.924369748
RENAC,2026,005,005-2-05,13060002.521008404
RENAC,2026,005,005-2-06,13210986.55462185
RENAC,2026,006,006-2-01,4827851.260504202
RENAC,2026,006,006-2-02,9742439.49579832
RENAC,2026,006,006-2-03,9688485.714285715
RENAC,2026,006,006-2-04,5189404.201680672
RENAC,2026,006,006-2-05,1918814.2857142857
RENAC,2026,006,006-2-06,3910663.8655462186
RENAC,2026,006,006-2-07,1892272.268907563
RENAC,2026,006,006-2-08,15978784.87394958
RENAC,2026,006,006-2-09,5637904.201680672
RENAC,2026,006,006-2-10,2913872.2689075633
RENAC,2026,006,006-2-11,8894497.478991598
RENAC,2026,006,006-2-12,3462735.294117647
RENAC,2026,006,006-2-13,6202257.142857144
RENAC,2026,006,006-2-14,5413882.352941177
RENAC,2026,006,006-2-15,8371764.705882353
RENAC,2026,007,007-1-01,9256267.226890756
RENAC,2026,007,007-1-02,6990861.344537815
RENAC,2026,007,007-1-03,5835727.731092437
RENAC,2026,007,007-1-04,3957642.016806723
RENAC,2026,007,007-1-05,5005510.084033613
RENAC,2026,007,007-1-06,12710211.764705883
RENAC,2026,007,007-1-07,8173478.1512605045
RENAC,2026,007,007-1-08,8715172.268907564
RENAC,2026,007,007-1-09,6896781.512605042
RENAC,2026,007,007-1-10,2570114.285714286
RENAC,2026,007,007-1-11,777680.6722689075
RENAC,2026,007,007-2-01,4961268.0672268905
RENAC,2026,007,007-2-02,9167642.857142858
RENAC,2026,007,007-2-03,2761407.56302521
RENAC,2026,008,008-1-01,22922952.100840338
RENAC,2026,008,008-1-02,10683135.294117648
RENAC,2026,008,008-1-03,7507855.462184874
RENAC,2026,008,008-1-04,10606527.731092438
RENAC,2026,008,008-1-05,3410405.042016807
RENAC,2026,008,008-1-06,5967570.588235294
RENAC,2026,008,008-2-01,10131882.352941176
RENAC,2026,008,008-2-02,3980851.260504202
RENAC,2026,008,008-2-03,2372515.9663865548
RENAC,2026,008,008-2-04,1608341.1764705882
RENAC,2026,008,008-2-05,6042952.941176471
RENAC,2026,008,008-2-06,6105528.571428572
RENAC,2026,009,009-1-01,16675564.705882354
RENAC,2026,009,009-1-02,2957871.4285714286
RENAC,2026,009,009-1-03,7414306.722689076
RENAC,2026,009,009-1-04,2835521.0084033613
RENAC,2026,009,009-1-05,2864998.319327731
RENAC,2026,009,009-1-06,996907.5630252102
RENAC,2026,009,009-1-07,1633346.218487395
RENAC,2026,009,009-1-08,164638.6554621849
RENAC,2026,009,009-2-01,19082646.218487397
RENAC,2026,009,009-2-02,28629102.521008406
RENAC,2026,009,009-2-03,16444029.411764707
RENAC,2026,009,009-2-04,12667073.949579833
RENAC,2026,009,009-2-05,17789636.134453785
RENAC,2026,009,009-2-06,18382669.74789916
RENAC,2026,010,010-1-01,7294231.092436975
RENAC,2026,010,010-1-02,2015767.2268907563
RENAC,2026,010,010-1-03,31257957.14285714
RENAC,2026,010,010-1-04,15564318.487394959
RENAC,2026,010,010-1-05,16452540.336134454
RENAC,2026,010,010-2-01,9712526.890756303
RENAC,2026,010,010-2-02,11744114.285714285
RENAC,2026,010,010-2-03,7951309.243697479
RENAC,2026,010,010-2-04,5076100.840336135
RENAC,2026,010,010-2-05,4003939.4957983196
RENAC,2026,011,011-1-01,6866821.848739496
RENAC,2026,011,011-1-02,7174406.722689076
RENAC,2026,011,011-1-03,10404836.134453783
RENAC,2026,011,011-1-04,10994453.781512605
RENAC,2026,011,011-1-05,9512477.31092437
RENAC,2026,011,011-1-06,4213836.134453782
RENAC,2026,011,011-2-01,2905722.68907563
RENAC,2026,011,011-2-02,13286310.084033614
RENAC,2026,011,011-2-03,36792343.697478995
RENAC,2026,011,011-2-04,17357384.033613447
RENAC,2026,011,011-2-05,26092811.764705885
RENAC,2026,011,011-2-06,9658194.11764706
RENAC,2026,012,012-1-01,7289290.756302522
RENAC,2026,012,012-1-02,25851967.226890758
RENAC,2026,012,012-1-03,7674490.756302522
RENAC,2026,012,012-1-04,9480755.462184874
RENAC,2026,012,012-1-05,9063975.6302521
RENAC,2026,012,012-1-06,619210.0840336134
RENAC,2026,012,012-1-07,5730070.588235294
RENAC,2026,012,012-2-01,19398588.23529412
RENAC,2026,012,012-2-02,7889803.361344538
RENAC,2026,012,012-2-03,8187028.571428572
RENAC,2026,012,012-2-04,13167196.638655463
RENAC,2026,012,012-2-05,6917926.8907563025
RENAC,2026,013,013-1-01,11462601.68067227
RENAC,2026,013,013-1-02,6707116.806722689
RENAC,2026,013,013-1-03,5191750.420168067
RENAC,2026,013,013-1-04,6774057.142857143
RENAC,2026,013,013-1-05,13806943.697478993
RENAC,2026,013,013-1-06,14206573.109243698
RENAC,2026,014,014-1-01,6401650.420168067
RENAC,2026,014,014-1-02,5232321.008403362
RENAC,2026,014,014-1-03,4948479.831932773
RENAC,2026,014,014-1-04,6402717.647058824
RENAC,2026,014,014-1-05,3632108.4033613447
RENAC,2026,014,014-1-06,1038305.8823529412
RENAC,2026,015,015-1-01,8512113.44537815
RENAC,2026,015,015-1-02,664351.2605042018
RENAC,2026,015,015-1-03,2550920.1680672267
RENAC,2026,015,015-1-04,2020518.487394958
RENAC,2026,016,016-1-01,4088936.134453782
RENAC,2026,016,016-1-02,426511.76470588235
RENAC,2026,016,016-1-03,1796588.2352941176
RENAC,2026,016,016-1-04,1066161.344537815
RENAC,2026,016,016-1-05,93263.86554621848
RENAC,2026,016,016-1-06,48770.58823529412
RENAC,2026,016,016-1-07,1844041.1764705882
RENAC,2026,016,016-1-08,391969.7478991597
RENAC,2026,016,016-1-09,674829.4117647059
RENAC,2026,016,016-1-10,3220523.529411765
RENAC,2026,017,017-1-01,6042761.344537815
RENAC,2026,017,017-1-02,565352.1008403362
RENAC,2026,017,017-1-03,1622862.1848739497
RENAC,2026,023,023-1-04,16238340.336134454
RENAC,2026,025,025-1-01,39014379.831932776
RENAC,2026,025,025-1-07,1166266.3865546219
RENAC,2026,030,030-1-01,2056930.2521008404
RENAC,2026,030,030-1-02,1234981.5126050422
RENAC,2026,030,030-1-05,1811489.9159663867
RENAC,2026,030,030-1-06,184288.23529411765
RENAC,2026,030,030-1-14,1659686.5546218487
RENAC,2026,030,030-1-18,15528947.05882353
RENAC,2026,030,030-1-21,3535573.1092436975
RENAC,2026,030,030-1-22,7345458.823529412
RENAC,2026,032,032-1-01,28756553.781512603
RENAC,2026,035,035-1-01,195647.0588235294
RENAC,2026,035,035-1-05,358040.33613445377
RENAC,2026,035,035-2-01,1446352.9411764706
RENAC,2026,036,036-1-01,59722.68907563026
RENAC,2026,038,038-1-02,165399.15966386555
RENAC,2026,038,038-1-03,193747.89915966385
RENAC,2026,038,038-1-04,191443.6974789916
RENAC,2026,038,038-1-07,27502.521008403364
RENAC,2026,038,038-2-01,4905310.084033614
RENAC,2026,039,039-1-06,899672.2689075631
RENAC,2026,049,049-1-01,3440865.5462184874
RENAC,2026,049,049-2-04,4114491.5966386553
RENAC,2026,050,050-1-01,197143.69747899158
RENAC,2026,050,050-1-02,803405.0420168068
RENAC,2026,050,050-1-03,790846.218487395
RENAC,2026,072,072-1-02,384191.59663865546
RENAC,2026,072,072-2-01,11494563.025210084
RENAC,2026,080,080-1-03,19153869.74789916
RENAC,2026,081,081-1-07,4590130.252100841
RENAC,2026,089,089-1-01,83292620.16806723
RENAC,2026,090,090-1-01,120288209.24369748
RENAC,2026,090,090-1-04,3229210.924369748
RENAC,2026,090,090-1-15,1608345.3781512605
RENAC,2026,100,100-1-01,164067.2268907563
RENAC,2026,100,100-1-03,1173.109243697479
RENAC,2026,100,100-1-05,610021.0084033613
RENAC,2026,100,100-1-09,31863.86554621849
RENAC,2026,100,100-1-10,70929.41176470589
RENAC,2026,100,100-1-12,397906.7226890756
RENAC,2026,100,100-1-13,16396.638655462186
RENAC,2026,100,100-2-03,2717.6470588235297
RENAC,2026,100,100-2-05,71773.10924369749
RENAC,2026,100,100-2-06,720410.0840336134
RENAC,2026,100,100-2-08,21630.25210084034
RENAC,2026,100,100-2-11,112638.65546218489
RENAC,2026,101,101-1-03,17527235.29411765
RENAC,2026,101,101-1-04,14129536.134453783
RENAC,2026,101,101-1-05,13693559.663865548
RENAC,2026,101,101-1-06,12723440.336134454
RENAC,2026,101,101-1-07,10537782.352941176
RENAC,2026,101,101-1-08,11962568.907563025
RENAC,2026,101,101-1-09,8961022.68907563
RENAC,2026,101,101-1-10,8741381.512605043
RENAC,2026,101,101-1-11,6499984.87394958
RENAC,2026,101,101-1-12,6696715.966386555
RENAC,2026,101,101-1-13,15021154.62184874
RENAC,2026,101,101-2-06,174497.47899159664
RENAC,2026,101,101-2-07,2810323.529411765
RENAC,2026,101,101-2-14,19608964.70588235
RENAC,2026,101,101-2-15,31535666.386554625
RENAC,2026,101,101-2-16,705821.8487394959
RENAC,2026,102,102-1-05,1729526.8907563025
RENAC,2026,102,102-1-08,2758876.4705882357
RENAC,2026,102,102-1-11,670292.43697479
RENAC,2026,102,102-1-12,119163.02521008404
RENAC,2026,102,102-1-15,1072765.5462184874
RENAC,2026,102,102-1-16,62336.13445378152
RENAC,2026,102,102-2-02,291025.2100840336
RENAC,2026,102,102-2-04,22480.672268907565
RENAC,2026,102,102-2-05,8830427.731092438
RENAC,2026,102,102-2-06,20570125.210084036
RENAC,2026,102,102-2-07,3012589.0756302522
RENAC,2026,102,102-2-09,2177546.218487395
RENAC,2026,102,102-2-11,4051676.470588235
RENAC,2026,103,103-1-01,9066226.890756303
RENAC,2026,103,103-1-08,5845359.663865546
RENAC,2026,103,103-1-09,492653.7815126051
RENAC,2026,103,103-1-10,7992763.865546219
RENAC,2026,103,103-1-11,21788478.151260506
RENAC,2026,103,103-1-12,217965.5462184874
RENAC,2026,103,103-1-13,1543071.4285714286
RENAC,2026,103,103-2-01,214691.59663865546
RENAC,2026,103,103-2-02,1275652.1008403362
RENAC,2026,103,103-2-06,20021.8487394958
RENAC,2026,103,103-2-11,63610.08403361346
RENAC,2026,103,103-2-14,10100.840336134454
RENAC,2026,103,103-2-16,445893.2773109244
RENAC,2026,104,104-1-01,2385836.1344537814
RENAC,2026,104,104-1-08,5208555.462184874
RENAC,2026,104,104-1-13,1662107.56302521
RENAC,2026,104,104-1-14,2335260.504201681
RENAC,2026,104,104-2-02,3365136.134453782
RENAC,2026,105,105-1-01,235176.4705882353
RENAC,2026,105,105-1-02,912884.0336134455
RENAC,2026,105,105-2-12,2938327.731092437
RENAC,2026,105,105-2-14,10448278.99159664
RENAC,2026,110,110-1-01,3682010.084033614
RENAC,2026,110,110-1-02,110165.5462184874
RENAC,2026,110,110-1-03,3245924.3697478995
RENAC,2026,110,110-1-09,1700805.8823529412
RENAC,2026,110,110-1-10,19842305.042016808
RENAC,2026,110,110-1-11,637000.8403361344
RENAC,2026,110,110-1-12,2721195.798319328
RENAC,2026,110,110-1-13,525563.025210084
RENAC,2026,110,110-1-14,8735348.739495799
RENAC,2026,110,110-1-16,11342709.24369748
RENAC,2026,110,110-2-04,1082221.0084033613
RENAC,2026,110,110-2-06,1517468.9075630254
RENAC,2026,110,110-2-09,93478.99159663866
RENAC,2026,110,110-2-10,3344.5378151260506
RENAC,2026,111,111-1-01,20463970.588235296
RENAC,2026,111,111-1-15,20159.66386554622
RENAC,2026,111,111-2-01,522781.512605042
RENAC,2026,127,127-1-01,16524889.915966388
RENAC,2026,127,127-1-02,10210762.18487395
RENAC,2026,130,130-2-01,98779917.64705883
RENAC,2026,130,130-2-03,3013663.025210084
RENAC,2026,130,130-2-04,2292456.3025210085
RENAC,2026,130,130-2-06,34390825.210084036
RENAC,2026,130,130-2-08,3808357.142857143
RENAC,2026,130,130-2-09,4817568.907563025
RENAC,2026,130,130-2-10,3879373.949579832
RENAC,2026,130,130-2-12,658068.9075630252
RENAC,2026,150,150-1-01,11266947.05882353
RENAC,2026,150,150-1-02,1647228.5714285716
RENAC,2026,150,150-1-03,2455720.168067227
RENAC,2026,150,150-1-05,1626492.43697479
RENAC,2026,150,150-1-06,7487.394957983194
RENAC,2026,150,150-1-07,43056752.941176474
RENAC,2026,150,150-1-09,1181244.5378151261
RENAC,2026,150,150-1-10,1787721.8487394957
RENAC,2026,150,150-1-11,5149293.277310925
RENAC,2026,150,150-1-12,2787166.386554622
RENAC,2026,150,150-1-13,1218226.050420168
RENAC,2026,150,150-2-01,155218.48739495798
RENAC,2026,150,150-2-02,4719077.31092437
RENAC,2026,150,150-2-03,8471267.226890758
RENAC,2026,150,150-2-04,1363612.6050420168
RENAC,2026,150,150-2-05,1293063.8655462186
RENAC,2026,150,150-2-06,434565.54621848743
RENAC,2026,150,150-2-08,5533251.260504202
RENAC,2026,150,150-2-09,6510307.56302521
RENAC,2026,150,150-2-10,2286489.0756302522
RENAC,2026,150,150-2-11,3960789.0756302522
RENAC,2026,150,150-2-14,359861.34453781514
RENAC,2026,151,151-1-01,27053240.336134456
RENAC,2026,151,151-1-02,81720408.40336135
RENAC,2026,151,151-1-03,55040802.52100841
RENAC,2026,151,151-1-04,26197605.88235294
RENAC,2026,151,151-1-05,1957034.4537815126
RENAC,2026,151,151-1-06,46631739.49579833
RENAC,2026,151,151-1-07,4161787.3949579834
RENAC,2026,151,151-1-08,5468742.016806723
RENAC,2026,151,151-1-09,12601047.899159664
RENAC,2026,151,151-1-10,25511281.512605045
RENAC,2026,151,151-1-11,29404775.6302521
RENAC,2026,151,151-1-12,25580710.084033616
RENAC,2026,151,151-1-13,32532541.17647059
RENAC,2026,151,151-1-14,16911273.94957983
RENAC,2026,151,151-1-15,9105747.05882353
RENAC,2026,151,151-1-16,59169897.4789916
RENAC,2026,151,151-1-17,15276521.848739497
RENAC,2026,151,151-1-18,135954900.0
RENAC,2026,151,151-1-19,55881171.42857143
RENAC,2026,151,151-1-20,8219636.134453782
RENAC,2026,151,151-1-21,260235.29411764708
RENAC,2026,151,151-1-22,53095352.941176474
RENAC,2026,151,151-1-23,2336200.8403361347
RENAC,2026,151,151-1-24,6939447.05882353
RENAC,2026,151,151-1-25,43567153.78151261
RENAC,2026,151,151-1-26,20263395.79831933
RENAC,2026,151,151-1-27,17677666.38655462
RENAC,2026,151,151-1-28,530436.974789916
RENAC,2026,151,151-1-30,33268.90756302521
RENAC,2026,151,151-1-31,29302602.521008406
RENAC,2026,163,163-1-02,979898.3193277312
RENAC,2026,180,180-1-01,68937550.42016807
RENAC,2026,180,180-1-02,3542510.084033614
RENAC,2026,180,180-2-01,1073600583.1932774
RENAC,2026,301,301-1-01,83873.94957983194
RENAC,2026,500,500-1-01,32435826.05042017
RENAC,2026,500,500-1-02,24147.899159663866
RENAC,2026,760,760-1-03,39873.94957983193
RENAC,2026,900,900-2-01,3572768.067226891
SANRO,2025,001,001-1-01,13789485.714285715
SANRO,2025,001,001-2-01,20340359.663865548
SANRO,2025,001,001-2-02,16962935.29411765
SANRO,2025,001,001-2-03,34187027.73109244
SANRO,2025,001,001-2-04,28738787.394957986
SANRO,2025,002,002-1-01,6749925.210084034
SANRO,2025,002,002-1-02,15526025.210084034
SANRO,2025,002,002-1-03,4887058.823529412
SANRO,2025,002,002-1-04,5071721.848739496
SANRO,2025,002,002-2-01,5429109.243697479
SANRO,2025,002,002-2-02,6165010.924369748
SANRO,2025,002,002-2-03,3702347.8991596643
SANRO,2025,002,002-2-04,5838890.756302522
SANRO,2025,003,003-1-01,18958504.20168067
SANRO,2025,003,003-1-02,17636952.94117647
SANRO,2025,003,003-1-03,14468621.008403363
SANRO,2025,003,003-1-05,2386160.504201681
SANRO,2025,003,003-2-01,37000148.7394958
SANRO,2025,003,003-2-02,6029598.319327732
SANRO,2025,003,003-2-03,7275454.62184874
SANRO,2025,003,003-2-04,1314087.3949579832
SANRO,2025,004,004-1-01,8172132.773109244
SANRO,2025,004,004-1-02,8172126.890756303
SANRO,2025,004,004-1-03,10995079.831932774
SANRO,2025,004,004-1-04,8362809.243697479
SANRO,2025,004,004-2-01,25071358.82352941
SANRO,2025,004,004-2-02,12448460.50420168
SANRO,2025,005,005-2-01,1275778.9915966387
SANRO,2025,005,005-2-03,12133390.75630252
SANRO,2025,006,006-1-01,7453190.756302522
SANRO,2025,006,006-1-02,2859879.8319327733
SANRO,2025,006,006-1-03,1656705.8823529412
SANRO,2025,006,006-2-01,812457.9831932774
SANRO,2025,006,006-2-02,3420356.3025210085
SANRO,2025,007,007-1-01,4246206.722689075
SANRO,2025,007,007-1-02,9222947.05882353
SANRO,2025,007,007-2-01,20759939.49579832
SANRO,2025,007,007-2-02,89945901.68067227
SANRO,2025,007,007-2-03,66664843.697478995
SANRO,2025,007,007-2-04,41872474.789915964
SANRO,2025,008,008-1-01,4682197.478991597
SANRO,2025,008,008-1-02,4366318.487394959
SANRO,2025,008,008-1-03,5846024.3697478995
SANRO,2025,008,008-1-04,2606318.4873949583
SANRO,2025,008,008-1-05,8398069.74789916
SANRO,2025,008,008-2-01,27418702.521008406
SANRO,2025,008,008-2-02,46518371.42857143
SANRO,2025,008,008-2-03,67110135.29411764
SANRO,2025,008,008-2-04,43347552.10084034
SANRO,2025,009,009-1-01,15257288.235294119
SANRO,2025,009,009-1-02,24283845.37815126
SANRO,2025,009,009-1-03,14305512.605042018
SANRO,2025,009,009-2-01,15192147.05882353
SANRO,2025,009,009-2-02,19465962.18487395
SANRO,2025,009,009-2-03,13733814.285714285
SANRO,2025,009,009-2-04,6041643.697478992
SANRO,2025,010,010-1-01,14205821.008403363
SANRO,2025,010,010-1-02,8165406.722689076
SANRO,2025,010,010-1-03,4226509.243697479
SANRO,2025,010,010-1-04,1920366.3865546219
SANRO,2025,010,010-2-01,448900.8403361345
SANRO,2025,010,010-2-02,3284308.4033613447
SANRO,2025,010,010-2-03,3147122.6890756306
SANRO,2025,011,011-1-01,2991321.0084033613
SANRO,2025,011,011-1-02,19667099.159663867
SANRO,2025,011,011-1-03,4963910.084033614
SANRO,2025,011,011-1-04,4569304.201680672
SANRO,2025,011,011-2-01,3257231.092436975
SANRO,2025,011,011-2-02,7456813.445378152
SANRO,2025,011,011-2-03,12632259.663865548
SANRO,2025,011,011-2-04,4996403.361344538
SANRO,2025,011,011-2-05,1168815.9663865545
SANRO,2025,011,011-2-06,1503659.6638655462
SANRO,2025,011,011-2-07,2911768.907563025
SANRO,2025,011,011-2-08,4776389.075630252
SANRO,2025,012,012-1-01,9149538.655462185
SANRO,2025,012,012-1-03,623833.6134453781
SANRO,2025,012,012-1-04,4930216.806722689
SANRO,2025,012,012-1-05,8265654.62184874
SANRO,2025,012,012-1-06,825209.243697479
SANRO,2025,012,012-2-01,6588784.87394958
SANRO,2025,012,012-2-03,791332.7731092437
SANRO,2025,013,013-2-01,13397947.899159664
SANRO,2025,013,013-2-02,4329015.966386555
SANRO,2025,013,013-2-03,28938542.01680672
SANRO,2025,014,014-1-01,9205598.31932773
SANRO,2025,014,014-1-02,8110263.865546219
SANRO,2025,014,014-1-03,5852702.521008404
SANRO,2025,014,014-2-01,37650276.47058824
SANRO,2025,014,014-2-02,42218351.2605042
SANRO,2025,014,014-2-03,75389377.31092437
SANRO,2025,015,015-1-01,85314558.8235294
SANRO,2025,015,015-1-02,67875864.70588236
SANRO,2025,015,015-1-03,4781681.512605042
SANRO,2025,015,015-2-01,23893456.30252101
SANRO,2025,015,015-2-02,3945101.6806722693
SANRO,2025,015,015-2-03,2599735.294117647
SANRO,2025,016,016-1-01,29363098.319327734
SANRO,2025,016,016-1-02,42860519.327731095
SANRO,2025,016,016-1-03,17154508.403361347
SANRO,2025,016,016-2-01,19848512.605042018
SANRO,2025,016,016-2-02,23165115.12605042
SANRO,2025,016,016-2-03,12397094.11764706
SANRO,2025,017,017-1-01,814294.1176470588
SANRO,2025,017,017-1-02,40030302.5210084
SANRO,2025,017,017-1-03,21332361.344537817
SANRO,2025,017,017-2-01,5601910.924369748
SANRO,2025,017,017-2-02,1363336.1344537816
SANRO,2025,018,018-1-02,6748677.31092437
SANRO,2025,018,018-1-03,6850710.084033614
SANRO,2025,018,018-1-04,6216408.403361345
SANRO,2025,018,018-1-05,2951925.2100840337
SANRO,2025,018,018-1-06,39900.0
SANRO,2025,018,018-2-01,24891747.899159666
SANRO,2025,018,018-2-08,140436.97478991598
SANRO,2025,018,018-2-09,4151994.9579831935
SANRO,2025,018,018-2-10,16086796.638655463
SANRO,2025,019,019-1-01,215530.25210084033
SANRO,2025,019,019-1-02,2117965.5462184874
SANRO,2025,019,019-1-03,1342831.9327731093
SANRO,2025,019,019-1-04,5974781.512605042
SANRO,2025,019,019-1-05,512580.6722689076
SANRO,2025,019,019-1-06,374810.08403361344
SANRO,2025,019,019-1-07,3776842.016806723
SANRO,2025,019,019-2-01,7428073.1092436975
SANRO,2025,019,019-2-02,10154508.403361345
SANRO,2025,019,019-2-03,257226.0504201681
SANRO,2025,019,019-2-04,4912627.731092437
SANRO,2025,019,019-2-05,1682140.3361344538
SANRO,2025,020,020-1-01,7125652.100840337
SANRO,2025,020,020-1-02,17017504.20168067
SANRO,2025,020,020-1-03,10437125.210084034
SANRO,2025,020,020-1-04,4938621.008403362
SANRO,2025,020,020-2-01,3720489.0756302522
SANRO,2025,020,020-2-02,8537083.19327731
SANRO,2025,020,020-2-03,6101180.672268908
SANRO,2025,020,020-2-04,7212001.680672269
SANRO,2025,020,020-2-05,2171477.31092437
SANRO,2025,021,021-1-01,9280417.647058824
SANRO,2025,021,021-1-02,9046126.050420169
SANRO,2025,021,021-1-03,879415.9663865546
SANRO,2025,021,021-1-04,1068173.1092436975
SANRO,2025,021,021-1-05,2356998.319327731
SANRO,2025,021,021-2-01,27768577.31092437
SANRO,2025,021,021-2-02,20235549.57983193
SANRO,2025,021,021-2-03,18840372.268907566
SANRO,2025,021,021-2-04,10573666.386554623
SANRO,2025,021,021-2-05,206042.0168067227
SANRO,2025,022,022-1-01,98555228.57142858
SANRO,2025,022,022-1-02,43235973.1092437
SANRO,2025,022,022-1-03,68184042.85714287
SANRO,2025,022,022-1-04,17242103.36134454
SANRO,2025,022,022-1-05,17528002.521008402
SANRO,2025,022,022-2-01,12033752.100840336
SANRO,2025,022,022-2-02,7787680.672268908
SANRO,2025,022,022-2-03,13539706.722689077
SANRO,2025,022,022-2-04,4765911.764705882
SANRO,2025,022,022-2-05,21015594.957983192
SANRO,2025,023,023-1-01,5744357.142857143
SANRO,2025,023,023-1-02,15403790.756302522
SANRO,2025,023,023-1-03,25945855.462184876
SANRO,2025,023,023-1-04,25409494.11764706
SANRO,2025,023,023-1-05,5995736.134453782
SANRO,2025,023,023-2-01,437946.218487395
SANRO,2025,023,023-2-02,18544120.168067228
SANRO,2025,023,023-2-03,11206509.24369748
SANRO,2025,023,023-2-04,5844235.294117647
SANRO,2025,024,024-1-01,26920073.94957983
SANRO,2025,024,024-1-02,9905153.781512605
SANRO,2025,024,024-1-03,4382411.764705882
SANRO,2025,024,024-2-03,10634638.655462185
SANRO,2025,024,024-2-04,5651983.1932773115
SANRO,2025,024,024-2-05,6438593.277310925
SANRO,2025,024,024-2-06,7437318.487394959
SANRO,2025,024,024-2-07,2910798.319327731
SANRO,2025,025,025-1-01,508697.4789915966
SANRO,2025,025,025-1-02,10618882.352941176
SANRO,2025,025,025-1-03,7484005.042016807
SANRO,2025,025,025-1-04,7557064.705882354
SANRO,2025,025,025-2-01,25503973.949579835
SANRO,2025,025,025-2-02,33236180.67226891
SANRO,2025,025,025-2-03,42703026.05042017
SANRO,2025,025,025-2-04,9855126.050420169
SANRO,2025,025,025-2-05,21460926.8907563
SANRO,2025,025,025-2-06,4523478.991596639
SANRO,2025,025,025-2-07,11424095.798319329
SANRO,2025,026,026-1-02,13043238.655462185
SANRO,2025,026,026-2-01,121821.00840336135
SANRO,2025,026,026-2-02,29035.29411764706
SANRO,2025,026,026-2-05,13299.159663865546
SANRO,2025,026,026-2-06,348315.96638655465
SANRO,2025,026,026-2-07,3997302.5210084035
SANRO,2025,026,026-2-08,941994.1176470589
SANRO,2025,027,027-1-03,4622192.43697479
SANRO,2025,027,027-1-04,3395436.134453782
SANRO,2025,027,027-1-07,328700.0
SANRO,2025,027,027-2-01,4760837.81512605
SANRO,2025,027,027-2-02,93826.89075630253
SANRO,2025,027,027-2-04,221191.59663865546
SANRO,2025,027,027-2-05,180403.3613445378
SANRO,2025,027,027-2-07,1526250.4201680673
SANRO,2025,028,028-1-01,202373.1092436975
SANRO,2025,028,028-1-02,19168442.01680672
SANRO,2025,028,028-1-05,267235.29411764705
SANRO,2025,028,028-1-06,5124446.218487395
SANRO,2025,028,028-1-07,788248.7394957984
SANRO,2025,028,028-2-02,698487.3949579832
SANRO,2025,028,028-2-03,1103700.0
SANRO,2025,028,028-2-04,2174401.6806722693
SANRO,2025,028,028-2-05,1587969.7478991598
SANRO,2025,028,028-2-06,1720501.6806722688
SANRO,2025,028,028-2-07,1536626.8907563027
SANRO,2025,028,028-2-08,8630263.865546219
SANRO,2025,029,029-2-01,1002363.8655462186
SANRO,2025,029,029-2-02,551918.4873949579
SANRO,2025,029,029-2-03,412338.6554621849
SANRO,2025,029,029-2-04,205712.60504201683
SANRO,2025,029,029-2-05,177317.64705882352
SANRO,2025,030,030-1-01,1312459.6638655462
SANRO,2025,030,030-1-02,5547818.487394958
SANRO,2025,030,030-1-03,164603.3613445378
SANRO,2025,030,030-1-04,2854823.529411765
SANRO,2025,030,030-1-05,457545.37815126055
SANRO,2025,030,030-1-06,12633753.781512605
SANRO,2025,030,030-1-07,225883.19327731093
SANRO,2025,030,030-2-01,8405746.218487395
SANRO,2025,030,030-2-02,783857.142857143
SANRO,2025,030,030-2-03,549995.7983193278
SANRO,2025,030,030-2-04,3818659.6638655467
SANRO,2025,030,030-2-05,1188119.3277310925
SANRO,2025,030,030-2-06,10427053.781512605
SANRO,2025,030,030-2-07,114715.96638655463
SANRO,2025,030,030-2-09,7439865.546218487
SANRO,2025,030,030-2-10,7702790.756302522
SANRO,2025,030,030-2-11,11973493.277310925
SANRO,2025,031,031-2-01,546663.8655462185
SANRO,2025,031,031-2-02,699155.462184874
SANRO,2025,031,031-2-03,877197.4789915967
SANRO,2025,031,031-2-04,1040178.9915966387
SANRO,2025,032,032-1-01,4602103.361344539
SANRO,2025,032,032-1-02,5705038.655462185
SANRO,2025,032,032-1-03,3941685.7142857146
SANRO,2025,032,032-1-04,5893629.4117647065
SANRO,2025,032,032-2-01,52263868.90756302
SANRO,2025,032,032-2-02,22299936.974789917
SANRO,2025,032,032-2-03,6219533.613445379
SANRO,2025,032,032-2-04,556204.2016806722
SANRO,2025,032,032-2-05,20579.83193277311
SANRO,2025,033,033-1-01,14073446.218487395
SANRO,2025,033,033-1-02,4260054.62184874
SANRO,2025,033,033-1-03,7074984.87394958
SANRO,2025,033,033-1-04,8051729.4117647065
SANRO,2025,033,033-2-01,5185812.605042017
SANRO,2025,033,033-2-02,930795.7983193278
SANRO,2025,033,033-2-03,12627165.546218488
SANRO,2025,033,033-2-04,21292579.831932776
SANRO,2025,033,033-2-05,11393332.773109244
SANRO,2025,034,034-1-01,13935268.907563025
SANRO,2025,034,034-1-02,5908779.831932774
SANRO,2025,034,034-1-03,3528225.2100840337
SANRO,2025,034,034-1-04,7779734.453781513
SANRO,2025,034,034-2-01,4386452.100840337
SANRO,2025,034,034-2-02,8099918.487394958
SANRO,2025,034,034-2-03,2111863.8655462186
SANRO,2025,034,034-2-04,16902252.94117647
SANRO,2025,035,035-1-01,5167610.084033614
SANRO,2025,035,035-1-02,1733463.8655462186
SANRO,2025,035,035-1-03,4565919.327731092
SANRO,2025,035,035-1-04,5590899.159663866
SANRO,2025,035,035-2-12,827609.243697479
SANRO,2025,035,035-2-13,15435319.327731093
SANRO,2025,035,035-2-14,17353662.18487395
SANRO,2025,035,035-2-15,14694476.470588235
SANRO,2025,036,036-1-01,24041892.43697479
SANRO,2025,036,036-1-02,14759444.537815128
SANRO,2025,036,036-1-03,18352817.647058826
SANRO,2025,036,036-1-04,8881584.033613445
SANRO,2025,036,036-1-05,73686.55462184874
SANRO,2025,036,036-1-06,8645113.44537815
SANRO,2025,037,037-1-01,769697.4789915966
SANRO,2025,037,037-1-02,2502297.478991597
SANRO,2025,037,037-1-03,1964020.1680672271
SANRO,2025,037,037-1-04,2421426.0504201683
SANRO,2025,037,037-1-05,12737489.075630253
SANRO,2025,037,037-1-06,3906017.6470588236
SANRO,2025,037,037-1-07,15132131.092436975
SANRO,2025,037,037-1-08,6106178.991596639
SANRO,2025,038,038-1-03,520749.5798319328
SANRO,2025,038,038-2-01,4442277.31092437
SANRO,2025,038,038-2-05,268682.3529411765
SANRO,2025,039,039-1-01,202899.15966386555
SANRO,2025,039,039-1-02,2950.420168067227
SANRO,2025,039,039-1-03,140023.52941176473
SANRO,2025,039,039-1-04,637790.756302521
SANRO,2025,039,039-1-05,543100.8403361344
SANRO,2025,039,039-1-06,160873.94957983194
SANRO,2025,039,039-1-07,660849.5798319329
SANRO,2025,039,039-1-09,176044.53781512607
SANRO,2025,039,039-1-10,52226.89075630253
SANRO,2025,039,039-1-11,239838.65546218492
SANRO,2025,039,039-1-13,346740.3361344538
SANRO,2025,039,039-2-01,639952.1008403362
SANRO,2025,039,039-2-02,1691584.87394958
SANRO,2025,039,039-2-03,719478.9915966387
SANRO,2025,039,039-2-04,1136521.0084033613
SANRO,2025,039,039-2-05,186952.9411764706
SANRO,2025,039,039-2-06,1162995.7983193279
SANRO,2025,039,039-2-07,90047.05882352941
SANRO,2025,039,039-2-08,103406.72268907563
SANRO,2025,039,039-2-09,105886.55462184874
SANRO,2025,039,039-2-10,65218.487394957985
SANRO,2025,039,039-2-12,287821.8487394958
SANRO,2025,039,039-2-13,867097.4789915966
SANRO,2025,039,039-2-15,30919.32773109244
SANRO,2025,039,039-2-16,11331.932773109243
SANRO,2025,039,039-2-17,53512.60504201681
SANRO,2025,039,039-2-18,571439.4957983193
SANRO,2025,040,040-1-01,4628.571428571428
SANRO,2025,040,040-1-03,121563.02521008403
SANRO,2025,040,040-2-01,1767112.6050420168
SANRO,2025,040,040-2-03,1141571.4285714286
SANRO,2025,040,040-2-05,5062673.1092436975
SANRO,2025,041,041-1-01,86601613.44537815
SANRO,2025,041,041-1-02,81070210.08403362
SANRO,2025,041,041-1-03,55915090.75630253
SANRO,2025,041,041-1-04,10028573.109243698
SANRO,2025,041,041-1-05,715621.8487394959
SANRO,2025,041,041-1-06,1397046.218487395
SANRO,2025,041,041-1-07,1131412.6050420168
SANRO,2025,041,041-1-08,3933865.5462184874
SANRO,2025,041,041-1-09,1081823.5294117648
SANRO,2025,041,041-2-01,41739078.15126051
SANRO,2025,041,041-2-02,2909294.117647059
SANRO,2025,042,042-1-01,838924.3697478991
SANRO,2025,042,042-1-02,202127.731092437
SANRO,2025,042,042-1-03,1382315.12605042
SANRO,2025,042,042-1-04,320761.34453781514
SANRO,2025,050,050-2-01,71375503.36134455
SANRO,2025,050,050-2-02,65431697.4789916
SANRO,2025,050,050-2-03,104209012.60504203
SANRO,2025,050,050-2-04,32937927.731092438
SANRO,2025,050,050-2-05,122135218.48739496
SANRO,2025,050,050-2-06,26074971.42857143
SANRO,2025,050,050-2-07,29718125.210084036
SANRO,2025,050,050-2-08,136268184.8739496
SANRO,2025,050,050-2-09,114662513.44537815
SANRO,2025,050,050-2-10,33446851.260504205
SANRO,2025,050,050-2-11,134072547.05882353
SANRO,2025,050,050-2-12,16006235.294117648
SANRO,2025,056,056-1-01,14172168.067226892
SANRO,2025,056,056-2-01,1109700.8403361344
SANRO,2025,056,056-2-04,13305597.478991598
SANRO,2025,060,060-1-04,52915.96638655462
SANRO,2025,060,060-2-04,73559.66386554623
SANRO,2025,061,061-2-01,366226.0504201681
SANRO,2025,062,062-2-03,295613.44537815126
SANRO,2025,063,063-1-02,181646.21848739497
SANRO,2025,063,063-1-03,50294.117647058825
SANRO,2025,063,063-2-02,1692541.1764705882
SANRO,2025,064,064-2-04,483520.16806722694
SANRO,2025,065,065-2-02,195273.94957983194
SANRO,2025,065,065-2-03,133160.50420168068
SANRO,2025,065,065-2-04,96889.0756302521
SANRO,2025,065,065-2-05,79010.9243697479
SANRO,2025,065,065-2-08,506766.38655462186
SANRO,2025,070,070-1-01,88494.11764705883
SANRO,2025,070,070-1-02,33260838.655462187
SANRO,2025,070,070-1-06,1282251.2605042018
SANRO,2025,071,071-1-01,41840.336134453784
SANRO,2025,071,071-1-06,670817.6470588235
SANRO,2025,072,072-1-02,40302.52100840336
SANRO,2025,073,073-1-02,515913.44537815126
SANRO,2025,073,073-2-01,1337858.8235294118
SANRO,2025,080,080-1-02,578453.781512605
SANRO,2025,080,080-1-06,24546.21848739496
SANRO,2025,080,080-1-08,40252.100840336134
SANRO,2025,080,080-2-06,44089.91596638656
SANRO,2025,080,080-2-13,50853.78151260504
SANRO,2025,081,081-2-07,126008.40336134454
SANRO,2025,081,081-2-09,443442.0168067227
SANRO,2025,082,082-1-03,18270.58823529412
SANRO,2025,082,082-1-09,339546.218487395
SANRO,2025,082,082-2-01,98566.38655462184
SANRO,2025,082,082-2-03,100764.70588235294
SANRO,2025,082,082-2-06,199403.36134453784
SANRO,2025,082,082-2-07,132036.97478991596
SANRO,2025,083,083-1-05,670597.4789915967
SANRO,2025,083,083-1-07,3903.3613445378155
SANRO,2025,083,083-1-09,580770.5882352942
SANRO,2025,083,083-2-04,2241.1764705882356
SANRO,2025,083,083-2-05,80678.99159663866
SANRO,2025,083,083-2-08,134386.55462184874
SANRO,2025,084,084-1-05,392720.1680672269
SANRO,2025,084,084-1-07,227921.00840336137
SANRO,2025,084,084-2-01,889947.8991596639
SANRO,2025,084,084-2-03,370352.1008403362
SANRO,2025,084,084-2-04,2080905.042016807
SANRO,2025,084,084-2-07,53989.91596638656
SANRO,2025,085,085-1-01,1380579.831932773
SANRO,2025,085,085-1-02,3993.27731092437
SANRO,2025,085,085-1-03,9420.168067226892
SANRO,2025,085,085-1-05,26117.64705882353
SANRO,2025,085,085-2-01,937092.43697479
SANRO,2025,085,085-2-03,463443.69747899164
SANRO,2025,085,085-2-04,1065115.12605042
SANRO,2025,085,085-2-06,255852.10084033615
SANRO,2025,085,085-2-07,2201702.5210084035
SANRO,2025,085,085-2-08,2296514.285714286
SANRO,2025,085,085-2-09,183352.9411764706
SANRO,2025,085,085-2-11,2450065.5462184874
SANRO,2025,086,086-1-01,483815.96638655465
SANRO,2025,086,086-1-02,637791.5966386555
SANRO,2025,086,086-1-03,328327.73109243705
SANRO,2025,086,086-1-04,1676478.991596639
SANRO,2025,086,086-1-05,118840.33613445378
SANRO,2025,086,086-1-06,399242.85714285716
SANRO,2025,086,086-2-03,88931.93277310925
SANRO,2025,086,086-2-04,22979.83193277311
SANRO,2025,086,086-2-05,66352.94117647059
SANRO,2025,087,087-1-01,126727.73109243697
SANRO,2025,087,087-1-02,179112.6050420168
SANRO,2025,087,087-1-03,16764.70588235294
SANRO,2025,087,087-1-04,668378.1512605043
SANRO,2025,087,087-1-05,383731.0924369748
SANRO,2025,087,087-2-01,145769.74789915967
SANRO,2025,087,087-2-03,442712.60504201683
SANRO,2025,087,087-2-04,78139.49579831933
SANRO,2025,087,087-2-05,89239.49579831933
SANRO,2025,088,088-1-01,171082.35294117648
SANRO,2025,088,088-1-02,433633.6134453782
SANRO,2025,088,088-1-03,21343.6974789916
SANRO,2025,088,088-1-04,14277.310924369749
SANRO,2025,088,088-2-01,300783.19327731093
SANRO,2025,088,088-2-02,196392.43697478992
SANRO,2025,088,088-2-03,1692.4369747899161
SANRO,2025,088,088-2-04,33689.075630252104
SANRO,2025,089,089-1-03,260243.6974789916
SANRO,2025,089,089-1-04,575642.0168067227
SANRO,2025,089,089-1-05,132835.29411764708
SANRO,2025,089,089-2-01,99421.8487394958
SANRO,2025,089,089-2-02,117268.90756302522
SANRO,2025,089,089-2-04,257411.76470588238
SANRO,2025,089,089-2-05,19462.18487394958
SANRO,2025,090,090-1-02,176631.09243697478
SANRO,2025,090,090-1-05,73941.17647058824
SANRO,2025,090,090-2-01,161820.16806722688
SANRO,2025,090,090-2-02,99757.14285714287
SANRO,2025,090,090-2-03,309189.91596638656
SANRO,2025,090,090-2-04,317921.00840336137
SANRO,2025,090,090-2-05,48315.966386554624
SANRO,2025,091,091-1-01,148525.2100840336
SANRO,2025,091,091-1-02,71732.7731092437
SANRO,2025,091,091-1-04,516315.1260504202
SANRO,2025,091,091-1-05,41584.03361344538
SANRO,2025,091,091-2-02,97163.02521008404
SANRO,2025,091,091-2-04,105668.90756302522
SANRO,2025,091,091-2-05,229815.96638655465
SANRO,2025,092,092-1-01,127754.62184873951
SANRO,2025,092,092-1-02,21273.949579831933
SANRO,2025,092,092-1-03,721922.6890756302
SANRO,2025,092,092-1-04,371242.85714285716
SANRO,2025,092,092-1-05,110134.45378151261
SANRO,2025,092,092-2-01,3009210.0840336136
SANRO,2025,092,092-2-03,2516912.605042017
SANRO,2025,092,092-2-04,1270971.4285714286
SANRO,2025,092,092-2-05,303629.4117647059
SANRO,2025,092,092-2-06,153548.7394957983
SANRO,2025,093,093-2-05,52327.73109243698
SANRO,2025,094,094-1-01,3330579.831932773
SANRO,2025,094,094-1-02,857057.142857143
SANRO,2025,094,094-1-03,315173.1092436975
SANRO,2025,094,094-1-05,412638.6554621849
SANRO,2025,094,094-1-06,979752.1008403362
SANRO,2025,094,094-1-07,236846.21848739497
SANRO,2025,094,094-1-08,431589.91596638656
SANRO,2025,094,094-1-09,6733191.596638656
SANRO,2025,094,094-2-02,78974.7899159664
SANRO,2025,094,094-2-03,856925.2100840337
SANRO,2025,095,095-1-05,11891.596638655463
SANRO,2025,095,095-2-01,583111.7647058824
SANRO,2025,095,095-2-02,294794.9579831933
SANRO,2025,095,095-2-03,1771021.0084033613
SANRO,2025,100,100-1-02,71630.25210084034
SANRO,2025,100,100-1-03,71462.18487394959
SANRO,2025,100,100-1-09,35465.5462184874
SANRO,2025,100,100-1-13,2785499.159663866
SANRO,2025,100,100-1-14,325500.8403361345
SANRO,2025,100,100-1-16,190031.93277310926
SANRO,2025,100,100-1-23,181122.68907563025
SANRO,2025,100,100-1-34,6462.18487394958
SANRO,2025,100,100-1-35,211299.15966386555
SANRO,2025,100,100-1-36,4921.008403361345
SANRO,2025,100,100-1-37,222891.59663865546
SANRO,2025,100,100-2-02,26114.285714285717
SANRO,2025,100,100-2-05,146457.14285714287
SANRO,2025,100,100-2-08,128584.87394957984
SANRO,2025,100,100-2-16,1850401.6806722688
SANRO,2025,100,100-2-23,140268.90756302522
SANRO,2025,100,100-2-24,193193.27731092437
SANRO,2025,101,101-1-08,77823594.9579832
SANRO,2025,101,101-1-10,201100.84033613445
SANRO,2025,101,101-1-14,44100.84033613445
SANRO,2025,101,101-1-19,184857.14285714287
SANRO,2025,101,101-1-21,149763.02521008404
SANRO,2025,101,101-1-23,130409.24369747899
SANRO,2025,101,101-1-24,226932.77310924372
SANRO,2025,101,101-1-25,2712341.1764705884
SANRO,2025,101,101-1-33,461737.81512605044
SANRO,2025,101,101-2-05,2081390.756302521
SANRO,2025,102,102-1-06,861657.9831932774
SANRO,2025,102,102-1-08,134477.31092436975
SANRO,2025,102,102-1-10,1022925.2100840337
SANRO,2025,102,102-1-11,1116099.1596638656
SANRO,2025,102,102-2-05,33857541.17647059
SANRO,2025,102,102-2-07,20503966.38655462
SANRO,2025,102,102-2-08,15904579.831932774
SANRO,2025,102,102-2-13,682925.2100840337
SANRO,2025,110,110-1-01,36690005.88235294
SANRO,2025,110,110-1-02,9608678.99159664
SANRO,2025,110,110-1-03,12667849.579831934
SANRO,2025,110,110-1-04,1205573.949579832
SANRO,2025,110,110-1-05,435258.8235294118
SANRO,2025,113,113-1-01,1765954.6218487395
SANRO,2025,113,113-1-02,386305.8823529412
SANRO,2025,114,114-1-01,5023312.605042017
SANRO,2025,114,114-1-02,5296750.420168067
SANRO,2025,115,115-1-01,9534456.302521009
SANRO,2025,116,116-1-01,11354672.268907564
SANRO,2025,117,117-1-01,2614851.2605042015
SANRO,2025,118,118-1-01,76272137.81512605
SANRO,2025,126,126-1-01,9972774.789915968
SANRO,2025,127,127-1-01,1226378.9915966387
SANRO,2025,128,128-1-01,4861395.798319328
SANRO,2025,129,129-1-01,9349616.80672269
SANRO,2025,130,130-1-01,14529482.352941176
SANRO,2025,130,130-1-02,1568594157.1428573
SANRO,2025,130,130-1-03,94347006.72268908
SANRO,2025,130,130-1-04,210435.29411764708
SANRO,2025,130,130-1-05,225260319.3277311
SANRO,2025,130,130-1-06,90751.26050420168
SANRO,2025,130,130-2-01,5672878.1512605045
SANRO,2025,130,130-2-03,268154.6218487395
SANRO,2025,130,130-2-04,862044.5378151261
SANRO,2025,130,130-2-05,277260.5042016807
SANRO,2025,130,130-2-07,668188.2352941177
SANRO,2025,131,131-1-01,2937959.663865546
SANRO,2025,131,131-1-02,404941.1764705882
SANRO,2025,131,131-1-03,128163.02521008404
SANRO,2025,131,131-2-01,312537.8151260504
SANRO,2025,131,131-2-02,144405.04201680672
SANRO,2025,131,131-2-03,1419172.268907563
SANRO,2025,131,131-2-04,3022968.067226891
SANRO,2025,131,131-2-05,1358249.579831933
SANRO,2025,131,131-2-06,256121.84873949582
SANRO,2025,132,132-1-01,120927.73109243698
SANRO,2025,132,132-1-02,1007931.9327731093
SANRO,2025,133,133-1-01,268890.75630252104
SANRO,2025,133,133-2-01,1125917.6470588236
SANRO,2025,150,150-1-01,1827014.2857142857
SANRO,2025,150,150-1-02,291352.9411764706
SANRO,2025,150,150-1-05,5794355.462184874
SANRO,2025,150,150-1-06,409857.1428571429
SANRO,2025,150,150-1-09,278567.22689075634
SANRO,2025,150,150-2-01,1112800.0
SANRO,2025,150,150-2-06,465458.8235294118
SANRO,2025,150,150-2-17,1353563.8655462186
SANRO,2025,151,151-1-01,100155092.4369748
SANRO,2025,151,151-1-02,1089249236.9747899
SANRO,2025,151,151-1-03,575411542.8571429
SANRO,2025,151,151-1-04,320327799.15966386
SANRO,2025,151,151-1-05,141413947.89915967
SANRO,2025,151,151-1-06,215895699.1596639
SANRO,2025,151,151-1-07,288369933.6134454
SANRO,2025,151,151-1-08,22917898.31932773
SANRO,2025,151,151-1-09,71777693.27731092
SANRO,2025,151,151-1-10,227953020.16806725
SANRO,2025,151,151-1-11,165781867.22689077
SANRO,2025,151,151-1-12,330061402.52100843
SANRO,2025,151,151-1-13,123187792.4369748
SANRO,2025,151,151-1-14,2462978600.0
SANRO,2025,151,151-1-15,106935449.57983194
SANRO,2025,151,151-1-16,241960640.33613446
SANRO,2025,151,151-1-17,62998135.29411765
SANRO,2025,151,151-1-18,111429147.05882354
SANRO,2025,151,151-1-19,285575963.0252101
SANRO,2025,151,151-1-20,142640200.0
SANRO,2025,151,151-1-21,89624752.94117647
SANRO,2025,151,151-1-22,71104065.5462185
SANRO,2025,151,151-1-23,276312288.23529416
SANRO,2025,151,151-1-24,71992626.89075631
SANRO,2025,151,151-1-25,59475550.42016807
SANRO,2025,151,151-1-26,40904118.48739496
SANRO,2025,151,151-1-27,14507245.37815126
SANRO,2025,151,151-1-28,5092194.957983194
SANRO,2025,151,151-1-29,129226.89075630253
SANRO,2025,151,151-1-30,1335386.5546218487
SANRO,2025,152,152-1-02,8959734.453781512
SANRO,2025,152,152-1-03,173606415.12605044
SANRO,2025,152,152-1-04,60587635.29411765
SANRO,2025,152,152-1-05,40076015.96638656
SANRO,2025,152,152-1-06,19479548.7394958
SANRO,2025,152,152-1-07,96461672.26890756
SANRO,2025,152,152-1-08,16343452.941176472
SANRO,2025,152,152-1-09,3587063.8655462186
SANRO,2025,152,152-1-10,4312294.957983193
SANRO,2025,152,152-1-11,100449248.7394958
SANRO,2025,152,152-1-12,42983229.41176471
SANRO,2025,152,152-1-13,5228251.260504202
SANRO,2025,152,152-1-14,26454609.24369748
SANRO,2025,152,152-1-15,44008378.99159664
SANRO,2025,152,152-1-16,59622079.831932776
SANRO,2025,152,152-1-17,6094360.504201681
SANRO,2025,152,152-1-18,4211332.773109244
SANRO,2025,152,152-1-19,22209084.033613447
SANRO,2025,152,152-1-20,64100676.47058824
SANRO,2025,152,152-1-21,194903241.1764706
SANRO,2025,152,152-1-22,185389954.62184876
SANRO,2025,152,152-2-01,231913.44537815126
SANRO,2025,180,180-1-01,11414360.50420168
SANRO,2025,180,180-1-02,40113.445378151264
SANRO,2025,180,180-1-03,32885.71428571429
SANRO,2025,180,180-1-04,238488.23529411765
SANRO,2025,200,200-2-01,352626.8907563025
SANRO,2025,208,208-2-02,1499594.117647059
SANRO,2025,208,208-2-03,991982.3529411765
SANRO,2025,208,208-2-04,26411.764705882353
SANRO,2025,250,250-1-01,657100.0
SANRO,2025,296,296-1-01,110582280.67226891
SANRO,2025,301,301-1-03,63016.80672268908
SANRO,2025,301,301-1-05,2673504.2016806724
SANRO,2025,301,301-1-06,836731.9327731093
SANRO,2025,301,301-1-07,5372917.647058824
SANRO,2025,301,301-1-08,1104378.1512605043
SANRO,2025,301,301-1-12,78229.41176470589
SANRO,2025,301,301-2-07,8900015.12605042
SANRO,2025,301,301-2-14,14147414.285714287
SANRO,2025,302,302-2-01,2964934.4537815126
SANRO,2025,302,302-2-02,45724165.54621849
SANRO,2025,302,302-2-03,9079132.773109244
SANRO,2025,305,305-1-03,3478838.655462185
SANRO,2025,305,305-1-04,10733442.857142856
SANRO,2025,306,306-1-01,2947892.43697479
SANRO,2025,306,306-1-06,932174.7899159665
SANRO,2025,306,306-1-17,73722.68907563026
SANRO,2025,307,307-1-01,23459774.789915968
SANRO,2025,307,307-1-02,216248755.46218488
SANRO,2025,307,307-1-05,56253832.77310924
SANRO,2025,307,307-2-02,27491250.42016807
SANRO,2025,307,307-2-03,3843451.260504202
SANRO,2025,307,307-2-04,20084206.722689074
SANRO,2025,308,308-1-02,5959810.924369749
SANRO,2025,308,308-2-05,22256484.87394958
SANRO,2025,309,309-1-02,3150328.5714285714
SANRO,2025,309,309-1-04,612707.56302521
SANRO,2025,309,309-1-05,67466.38655462186
SANRO,2025,309,309-2-01,103360.50420168067
SANRO,2025,309,309-2-03,104647.05882352941
SANRO,2025,309,309-2-04,167184.87394957984
SANRO,2025,310,310-1-05,48915.966386554624
SANRO,2025,310,310-1-06,1242479.831932773
SANRO,2025,310,310-2-01,126621.8487394958
SANRO,2025,310,310-2-04,3325811.7647058824
SANRO,2025,311,311-1-01,2772264.7058823532
SANRO,2025,500,500-1-01,204050.42016806724
SANRO,2025,600,600-1-01,32046932.773109246
SANRO,2025,700,700-1-01,19647268.907563027
SANRO,2026,001,001-1-01,13747241.176470587
SANRO,2026,001,001-2-01,20795289.075630255
SANRO,2026,001,001-2-02,18861102.521008406
SANRO,2026,001,001-2-03,36457205.04201681
SANRO,2026,001,001-2-04,29256839.49579832
SANRO,2026,002,002-1-01,5525705.882352942
SANRO,2026,002,002-1-02,7709187.394957984
SANRO,2026,002,002-1-03,7042445.37815126
SANRO,2026,002,002-1-04,3492594.9579831935
SANRO,2026,002,002-2-01,5307800.840336135
SANRO,2026,002,002-2-02,9379521.008403363
SANRO,2026,002,002-2-03,3910237.8151260507
SANRO,2026,002,002-2-04,4752468.0672268905
SANRO,2026,003,003-1-01,24327591.596638657
SANRO,2026,003,003-1-02,26991630.25210084
SANRO,2026,003,003-1-03,21199296.63865546
SANRO,2026,003,003-1-04,1861764.705882353
SANRO,2026,003,003-1-05,5419406.722689075
SANRO,2026,003,003-2-01,39872909.24369748
SANRO,2026,003,003-2-02,12194951.260504203
SANRO,2026,003,003-2-03,12115005.88235294
SANRO,2026,003,003-2-04,3670978.9915966387
SANRO,2026,003,003-2-05,1492034.4537815126
SANRO,2026,004,004-1-01,8518957.983193278
SANRO,2026,004,004-1-02,7899339.49579832
SANRO,2026,004,004-1-03,13498423.529411765
SANRO,2026,004,004-1-04,13809642.016806724
SANRO,2026,004,004-2-01,19011485.714285716
SANRO,2026,004,004-2-02,12450906.722689075
SANRO,2026,005,005-2-01,567296.6386554622
SANRO,2026,005,005-2-03,10613210.084033614
SANRO,2026,006,006-1-01,8831218.487394959
SANRO,2026,006,006-1-02,2601550.4201680673
SANRO,2026,006,006-1-03,2992691.5966386558
SANRO,2026,006,006-2-01,2645231.9327731095
SANRO,2026,006,006-2-02,5029740.336134454
SANRO,2026,007,007-1-01,56262.184873949576
SANRO,2026,007,007-1-02,4163855.4621848743
SANRO,2026,007,007-2-01,29565135.29411765
SANRO,2026,007,007-2-02,117458232.77310926
SANRO,2026,007,007-2-03,58202584.03361345
SANRO,2026,007,007-2-04,67221052.10084035
SANRO,2026,008,008-1-01,4927210.084033614
SANRO,2026,008,008-1-02,3256259.663865546
SANRO,2026,008,008-1-03,4540378.991596639
SANRO,2026,008,008-1-04,2985421.848739496
SANRO,2026,008,008-1-05,8775888.235294119
SANRO,2026,008,008-2-01,28401888.23529412
SANRO,2026,008,008-2-02,36763496.63865546
SANRO,2026,008,008-2-03,74796727.73109244
SANRO,2026,008,008-2-04,42957675.6302521
SANRO,2026,009,009-1-01,11275693.277310925
SANRO,2026,009,009-1-02,23908168.907563027
SANRO,2026,009,009-1-03,17504928.57142857
SANRO,2026,009,009-2-01,10775194.11764706
SANRO,2026,009,009-2-02,28970040.336134456
SANRO,2026,009,009-2-03,18899690.75630252
SANRO,2026,009,009-2-04,9232269.74789916
SANRO,2026,010,010-1-01,17489096.63865546
SANRO,2026,010,010-1-02,12199010.084033614
SANRO,2026,010,010-1-03,7898580.6722689085
SANRO,2026,010,010-1-04,2925828.571428572
SANRO,2026,010,010-2-01,1575034.4537815126
SANRO,2026,010,010-2-02,4000236.134453782
SANRO,2026,010,010-2-03,7013207.563025211
SANRO,2026,011,011-1-01,4655141.176470588
SANRO,2026,011,011-1-02,22322428.57142857
SANRO,2026,011,011-1-03,5253684.033613445
SANRO,2026,011,011-1-04,7206423.529411765
SANRO,2026,011,011-2-01,5544083.1932773115
SANRO,2026,011,011-2-02,8243331.9327731095
SANRO,2026,011,011-2-03,13112205.88235294
SANRO,2026,011,011-2-04,7304192.43697479
SANRO,2026,011,011-2-05,1206024.3697478992
SANRO,2026,011,011-2-06,1861241.1764705884
SANRO,2026,011,011-2-07,3832552.100840336
SANRO,2026,011,011-2-08,3727310.924369748
SANRO,2026,012,012-1-01,14191436.134453783
SANRO,2026,012,012-1-02,913618.487394958
SANRO,2026,012,012-1-03,2002872.268907563
SANRO,2026,012,012-1-04,2346852.1008403366
SANRO,2026,012,012-1-05,11373796.638655463
SANRO,2026,012,012-1-06,6347566.386554622
SANRO,2026,012,012-2-01,4074392.436974791
SANRO,2026,012,012-2-03,521285.71428571426
SANRO,2026,012,012-2-04,465804.2016806723
SANRO,2026,013,013-2-01,14890195.798319329
SANRO,2026,013,013-2-02,4211673.949579832
SANRO,2026,013,013-2-03,31864883.19327731
SANRO,2026,014,014-1-01,10989752.94117647
SANRO,2026,014,014-1-02,11018361.344537815
SANRO,2026,014,014-1-03,8241678.991596639
SANRO,2026,014,014-2-01,39221757.98319328
SANRO,2026,014,014-2-02,71850057.98319328
SANRO,2026,014,014-2-03,104793169.74789916
SANRO,2026,015,015-1-01,60224114.28571429
SANRO,2026,015,015-1-02,39977891.59663866
SANRO,2026,015,015-1-03,5759878.1512605045
SANRO,2026,015,015-2-01,24425100.0
SANRO,2026,015,015-2-02,3946768.907563025
SANRO,2026,015,015-2-03,2822680.6722689075
SANRO,2026,016,016-1-01,28076987.394957986
SANRO,2026,016,016-1-02,39222434.453781515
SANRO,2026,016,016-1-03,22551895.79831933
SANRO,2026,016,016-2-01,26450417.647058826
SANRO,2026,016,016-2-02,28090954.62184874
SANRO,2026,016,016-2-03,13744378.99159664
SANRO,2026,017,017-1-01,8844343.697478993
SANRO,2026,017,017-1-02,34837678.1512605
SANRO,2026,017,017-1-03,17505776.470588237
SANRO,2026,017,017-2-01,6176868.907563025
SANRO,2026,017,017-2-02,619169.7478991598
SANRO,2026,018,018-1-01,2652189.9159663864
SANRO,2026,018,018-1-02,6431778.1512605045
SANRO,2026,018,018-1-03,8301847.05882353
SANRO,2026,018,018-1-04,6104354.62184874
SANRO,2026,018,018-1-05,4376863.865546218
SANRO,2026,018,018-1-06,49840.336134453784
SANRO,2026,018,018-2-01,22266342.85714286
SANRO,2026,018,018-2-02,973176.4705882353
SANRO,2026,018,018-2-04,640730.2521008404
SANRO,2026,018,018-2-08,1074158.8235294118
SANRO,2026,018,018-2-09,7428041.176470589
SANRO,2026,018,018-2-10,40660641.17647059
SANRO,2026,019,019-1-01,5737328.571428572
SANRO,2026,019,019-1-02,5306759.663865547
SANRO,2026,019,019-1-03,4141623.529411765
SANRO,2026,019,019-1-04,5087376.470588235
SANRO,2026,019,019-1-05,2839436.974789916
SANRO,2026,019,019-1-06,1360364.705882353
SANRO,2026,019,019-1-07,6120647.899159664
SANRO,2026,019,019-1-08,734746.218487395
SANRO,2026,019,019-2-01,12197701.68067227
SANRO,2026,019,019-2-02,12176810.084033614
SANRO,2026,019,019-2-03,5920152.100840337
SANRO,2026,019,019-2-04,5140170.588235294
SANRO,2026,019,019-2-05,3764620.168067227
SANRO,2026,020,020-1-01,7188826.8907563025
SANRO,2026,020,020-1-02,16904119.32773109
SANRO,2026,020,020-1-03,13328242.016806724
SANRO,2026,020,020-1-04,7877491.596638656
SANRO,2026,020,020-2-01,1885731.0924369749
SANRO,2026,020,020-2-02,8015753.781512606
SANRO,2026,020,020-2-03,4974500.840336135
SANRO,2026,020,020-2-04,7311071.428571429
SANRO,2026,020,020-2-05,2974302.5210084035
SANRO,2026,021,021-1-01,13438492.43697479
SANRO,2026,021,021-1-02,16675364.705882354
SANRO,2026,021,021-1-03,4917547.05882353
SANRO,2026,021,021-1-04,5016884.87394958
SANRO,2026,021,021-1-05,2349727.731092437
SANRO,2026,021,021-2-01,32356091.596638657
SANRO,2026,021,021-2-02,31976699.159663867
SANRO,2026,021,021-2-03,21473454.62184874
SANRO,2026,021,021-2-04,8591512.605042018
SANRO,2026,021,021-2-05,779453.7815126051
SANRO,2026,022,022-1-01,97928231.09243698
SANRO,2026,022,022-1-02,60010246.2184874
SANRO,2026,022,022-1-03,75786200.84033614
SANRO,2026,022,022-1-04,13439959.663865548
SANRO,2026,022,022-1-05,16163005.042016808
SANRO,2026,022,022-2-01,13368583.19327731
SANRO,2026,022,022-2-02,13704519.327731093
SANRO,2026,022,022-2-03,10506204.201680673
SANRO,2026,022,022-2-04,5547013.445378152
SANRO,2026,022,022-2-05,21689015.12605042
SANRO,2026,023,023-1-01,9439742.857142858
SANRO,2026,023,023-1-02,15242670.588235294
SANRO,2026,023,023-1-03,28648231.092436977
SANRO,2026,023,023-1-04,26780964.705882356
SANRO,2026,023,023-1-05,4864612.605042017
SANRO,2026,023,023-2-01,10021088.235294119
SANRO,2026,023,023-2-02,21994221.848739497
SANRO,2026,023,023-2-03,11315289.075630253
SANRO,2026,023,023-2-04,7169348.739495799
SANRO,2026,024,024-1-01,26972173.1092437
SANRO,2026,024,024-1-02,7060935.294117647
SANRO,2026,024,024-1-03,5087052.94117647
SANRO,2026,024,024-2-03,11631701.68067227
SANRO,2026,024,024-2-04,5471324.3697478995
SANRO,2026,024,024-2-05,10273447.899159664
SANRO,2026,024,024-2-06,7221022.68907563
SANRO,2026,024,024-2-07,4464365.546218487
SANRO,2026,025,025-1-01,324700.8403361344
SANRO,2026,025,025-1-02,17105550.42016807
SANRO,2026,025,025-1-03,6176416.806722689
SANRO,2026,025,025-1-04,8043278.1512605045
SANRO,2026,025,025-2-01,30276228.571428575
SANRO,2026,025,025-2-02,37785923.52941177
SANRO,2026,025,025-2-03,41949958.823529415
SANRO,2026,025,025-2-04,15775207.563025212
SANRO,2026,025,025-2-05,23567429.411764707
SANRO,2026,025,025-2-06,5109753.781512605
SANRO,2026,025,025-2-07,10522550.420168068
SANRO,2026,026,026-1-02,15221673.949579833
SANRO,2026,026,026-2-01,1715515.9663865548
SANRO,2026,026,026-2-02,193772.26890756303
SANRO,2026,026,026-2-03,1639138.655462185
SANRO,2026,026,026-2-04,889289.0756302521
SANRO,2026,026,026-2-05,9309519.327731093
SANRO,2026,026,026-2-06,656027.7310924369
SANRO,2026,026,026-2-07,1689057.9831932774
SANRO,2026,026,026-2-08,2883505.042016807
SANRO,2026,027,027-1-01,1318847.0588235294
SANRO,2026,027,027-1-02,104952.9411764706
SANRO,2026,027,027-1-03,6168818.487394958
SANRO,2026,027,027-1-04,15539511.764705883
SANRO,2026,027,027-1-05,4486588.235294118
SANRO,2026,027,027-1-06,1572742.0168067229
SANRO,2026,027,027-1-07,1260750.4201680673
SANRO,2026,027,027-2-01,3834015.9663865548
SANRO,2026,027,027-2-02,1538856.3025210085
SANRO,2026,027,027-2-03,852137.8151260504
SANRO,2026,027,027-2-04,3304400.0
SANRO,2026,027,027-2-05,2219843.697478992
SANRO,2026,027,027-2-06,2287505.882352941
SANRO,2026,027,027-2-07,2931758.823529412
SANRO,2026,028,028-1-01,258331.93277310926
SANRO,2026,028,028-1-02,12682785.714285715
SANRO,2026,028,028-1-03,556314.2857142858
SANRO,2026,028,028-1-04,1042373.1092436975
SANRO,2026,028,028-1-05,372779.8319327731
SANRO,2026,028,028-1-06,5795957.983193277
SANRO,2026,028,028-1-07,84252.10084033615
SANRO,2026,028,028-2-02,1079727.731092437
SANRO,2026,028,028-2-03,4472867.226890757
SANRO,2026,028,028-2-04,2635949.5798319327
SANRO,2026,028,028-2-05,2486130.25210084
SANRO,2026,028,028-2-06,4537463.865546219
SANRO,2026,028,028-2-07,5969501.680672269
SANRO,2026,028,028-2-08,5965264.705882354
SANRO,2026,029,029-2-01,4233408.403361345
SANRO,2026,029,029-2-02,2253511.7647058824
SANRO,2026,029,029-2-03,1339300.0
SANRO,2026,029,029-2-04,1651071.4285714286
SANRO,2026,029,029-2-05,700192.43697479
SANRO,2026,029,029-2-06,799632.7731092437
SANRO,2026,029,029-2-07,2088125.2100840337
SANRO,2026,030,030-1-01,2084467.2268907563
SANRO,2026,030,030-1-02,4355378.991596639
SANRO,2026,030,030-1-03,868741.1764705883
SANRO,2026,030,030-1-04,2188163.0252100844
SANRO,2026,030,030-1-05,1485616.8067226892
SANRO,2026,030,030-1-06,1874641.1764705882
SANRO,2026,030,030-1-07,2986426.050420168
SANRO,2026,030,030-2-01,9013805.882352943
SANRO,2026,030,030-2-02,1768813.4453781513
SANRO,2026,030,030-2-03,1214494.1176470588
SANRO,2026,030,030-2-04,3964700.0
SANRO,2026,030,030-2-05,3968045.378151261
SANRO,2026,030,030-2-06,9871841.176470589
SANRO,2026,030,030-2-07,3844526.8907563025
SANRO,2026,030,030-2-09,8808450.420168068
SANRO,2026,030,030-2-10,9214924.3697479
SANRO,2026,030,030-2-11,7029157.983193277
SANRO,2026,031,031-2-01,673782.3529411765
SANRO,2026,031,031-2-02,397025.2100840336
SANRO,2026,031,031-2-03,1090907.56302521
SANRO,2026,031,031-2-04,972678.1512605043
SANRO,2026,032,032-1-01,2675017.6470588236
SANRO,2026,032,032-1-02,4025373.949579832
SANRO,2026,032,032-1-03,3719827.731092437
SANRO,2026,032,032-1-04,4000673.1092436975
SANRO,2026,032,032-2-01,34660790.75630252
SANRO,2026,032,032-2-02,17177408.403361347
SANRO,2026,032,032-2-03,5507217.647058824
SANRO,2026,032,032-2-04,4589926.8907563025
SANRO,2026,032,032-2-05,3796978.991596639
SANRO,2026,033,033-1-01,11413800.0
SANRO,2026,033,033-1-02,7073837.815126051
SANRO,2026,033,033-1-03,3968177.31092437
SANRO,2026,033,033-1-04,10834802.521008404
SANRO,2026,033,033-2-01,4964539.49579832
SANRO,2026,033,033-2-02,1800647.8991596638
SANRO,2026,033,033-2-03,10494025.210084034
SANRO,2026,033,033-2-04,18216145.37815126
SANRO,2026,033,033-2-05,12039014.285714285
SANRO,2026,034,034-1-01,13364069.74789916
SANRO,2026,034,034-1-02,6236117.647058824
SANRO,2026,034,034-1-03,4143364.7058823532
SANRO,2026,034,034-1-04,10594062.18487395
SANRO,2026,034,034-2-01,10286064.705882354
SANRO,2026,034,034-2-02,10694272.268907564
SANRO,2026,034,034-2-03,2155278.9915966387
SANRO,2026,034,034-2-04,13889176.470588237
SANRO,2026,035,035-1-01,2508294.117647059
SANRO,2026,035,035-1-02,4096107.56302521
SANRO,2026,035,035-1-03,7253993.277310925
SANRO,2026,035,035-1-04,7491413.445378152
SANRO,2026,035,035-2-12,3230832.7731092437
SANRO,2026,035,035-2-13,9442198.31932773
SANRO,2026,035,035-2-14,17529242.016806725
SANRO,2026,035,035-2-15,13701600.0
SANRO,2026,036,036-1-01,22968179.831932776
SANRO,2026,036,036-1-02,13770249.579831934
SANRO,2026,036,036-1-03,18966391.596638657
SANRO,2026,036,036-1-04,9170522.68907563
SANRO,2026,036,036-1-05,2933163.025210084
SANRO,2026,036,036-1-06,10626756.302521009
SANRO,2026,036,036-1-07,264630.2521008404
SANRO,2026,037,037-1-01,2399686.5546218487
SANRO,2026,037,037-1-02,3615076.470588235
SANRO,2026,037,037-1-03,3242935.294117647
SANRO,2026,037,037-1-04,3585117.6470588236
SANRO,2026,037,037-1-05,10179429.411764707
SANRO,2026,037,037-1-06,8864292.43697479
SANRO,2026,037,037-1-07,11716308.403361345
SANRO,2026,037,037-1-08,5403283.1932773115
SANRO,2026,038,038-2-01,45941.17647058824
SANRO,2026,038,038-2-02,118661.34453781514
SANRO,2026,038,038-2-03,1938944.5378151261
SANRO,2026,038,038-2-05,50565.5462184874
SANRO,2026,039,039-1-03,38500.0
SANRO,2026,039,039-1-07,20579.831932773108
SANRO,2026,039,039-1-09,45831.93277310924
SANRO,2026,039,039-1-11,161974.7899159664
SANRO,2026,039,039-2-01,2483729.411764706
SANRO,2026,039,039-2-02,2572926.8907563025
SANRO,2026,039,039-2-03,1782035.2941176472
SANRO,2026,039,039-2-04,4962142.016806723
SANRO,2026,039,039-2-05,1894744.5378151261
SANRO,2026,039,039-2-06,351068.90756302525
SANRO,2026,039,039-2-07,78957.14285714286
SANRO,2026,039,039-2-08,1504.201680672269
SANRO,2026,039,039-2-09,35773.10924369748
SANRO,2026,039,039-2-10,40176.4705882353
SANRO,2026,039,039-2-13,217181.51260504202
SANRO,2026,039,039-2-15,4636.134453781513
SANRO,2026,040,040-2-01,290205.0420168067
SANRO,2026,040,040-2-03,1163828.5714285714
SANRO,2026,040,040-2-05,4267546.218487395
SANRO,2026,041,041-1-01,118996138.65546219
SANRO,2026,041,041-1-02,127240394.11764707
SANRO,2026,041,041-1-03,64643674.78991597
SANRO,2026,041,041-1-04,8977345.37815126
SANRO,2026,041,041-1-05,2360437.8151260507
SANRO,2026,041,041-1-06,1781058.8235294118
SANRO,2026,041,041-1-07,1413635.294117647
SANRO,2026,041,041-1-08,2228290.756302521
SANRO,2026,041,041-1-09,206928.57142857145
SANRO,2026,041,041-2-01,42394542.01680672
SANRO,2026,041,041-2-02,5189473.1092436975
SANRO,2026,042,042-1-01,5283090.756302521
SANRO,2026,042,042-1-02,3774084.0336134457
SANRO,2026,042,042-1-03,8051800.840336136
SANRO,2026,042,042-1-04,6488111.764705882
SANRO,2026,042,042-1-05,1480772.2689075633
SANRO,2026,050,050-2-01,91904310.92436975
SANRO,2026,050,050-2-02,87125521.00840336
SANRO,2026,050,050-2-03,101504833.61344539
SANRO,2026,050,050-2-04,33258400.0
SANRO,2026,050,050-2-05,128587197.4789916
SANRO,2026,050,050-2-06,54214054.62184874
SANRO,2026,050,050-2-07,31035178.99159664
SANRO,2026,050,050-2-08,95049164.70588236
SANRO,2026,050,050-2-09,131671488.23529412
SANRO,2026,050,050-2-10,41388940.336134456
SANRO,2026,050,050-2-11,107989266.38655463
SANRO,2026,050,050-2-12,37551705.88235294
SANRO,2026,056,056-1-01,14678697.478991598
SANRO,2026,056,056-2-01,1586736.1344537816
SANRO,2026,056,056-2-04,11406327.731092436
SANRO,2026,060,060-1-04,97605.04201680672
SANRO,2026,060,060-2-04,162765.5462184874
SANRO,2026,061,061-2-01,434394.9579831933
SANRO,2026,062,062-2-03,268739.49579831935
SANRO,2026,063,063-1-02,528529.4117647059
SANRO,2026,063,063-1-03,67058.82352941176
SANRO,2026,063,063-2-02,1047958.8235294118
SANRO,2026,064,064-2-04,2241840.3361344542
SANRO,2026,065,065-2-02,441277.3109243698
SANRO,2026,065,065-2-03,212747.89915966388
SANRO,2026,065,065-2-04,36798.31932773109
SANRO,2026,065,065-2-05,160379.83193277312
SANRO,2026,070,070-1-01,6598068.907563025
SANRO,2026,070,070-1-02,55122371.42857143
SANRO,2026,070,070-1-03,924277.3109243698
SANRO,2026,070,070-1-04,2695402.5210084035
SANRO,2026,070,070-1-06,2358422.68907563
SANRO,2026,070,070-1-15,1039400.0
SANRO,2026,070,070-2-01,20460510.084033616
SANRO,2026,073,073-1-02,48495.79831932773
SANRO,2026,080,080-1-02,889592.43697479
SANRO,2026,080,080-1-06,3504.201680672269
SANRO,2026,080,080-1-08,17710.9243697479
SANRO,2026,080,080-2-06,80571.42857142858
SANRO,2026,080,080-2-13,94265.5462184874
SANRO,2026,081,081-2-09,14000.0
SANRO,2026,082,082-2-01,7357.983193277312
SANRO,2026,082,082-2-03,3231.09243697479
SANRO,2026,082,082-2-06,29882.352941176472
SANRO,2026,083,083-1-05,26277.31092436975
SANRO,2026,083,083-1-09,282263.8655462185
SANRO,2026,084,084-1-07,1005.8823529411765
SANRO,2026,084,084-2-04,94591.59663865546
SANRO,2026,085,085-1-03,11596.638655462186
SANRO,2026,085,085-1-05,79882.35294117648
SANRO,2026,085,085-2-01,1244993.2773109244
SANRO,2026,085,085-2-02,79376.4705882353
SANRO,2026,085,085-2-03,637084.0336134455
SANRO,2026,085,085-2-04,44478.991596638654
SANRO,2026,085,085-2-10,1647.058823529412
SANRO,2026,085,085-2-11,48764.705882352944
SANRO,2026,086,086-1-01,259091.59663865546
SANRO,2026,086,086-1-02,672833.6134453781
SANRO,2026,086,086-1-03,556315.9663865546
SANRO,2026,086,086-1-04,2304239.4957983196
SANRO,2026,086,086-1-05,183000.0
SANRO,2026,086,086-1-06,467369.7478991597
SANRO,2026,087,087-1-04,198663.8655462185
SANRO,2026,087,087-2-04,10571.428571428572
SANRO,2026,087,087-2-05,57504.201680672275
SANRO,2026,088,088-1-02,694219.3277310925
SANRO,2026,088,088-2-02,15415.966386554623
SANRO,2026,089,089-1-03,951168.0672268908
SANRO,2026,089,089-1-04,25192.436974789918
SANRO,2026,089,089-1-05,199.15966386554624
SANRO,2026,089,089-2-04,329621.8487394958
SANRO,2026,090,090-1-02,269243.6974789916
SANRO,2026,090,090-2-03,144025.2100840336
SANRO,2026,090,090-2-04,205221.8487394958
SANRO,2026,090,090-2-05,1475.6302521008404
SANRO,2026,091,091-1-01,411.764705882353
SANRO,2026,091,091-1-02,66857.14285714286
SANRO,2026,091,091-2-05,173806.72268907563
SANRO,2026,092,092-1-02,15247.058823529413
SANRO,2026,092,092-1-03,154487.3949579832
SANRO,2026,092,092-2-03,1394929.411764706
SANRO,2026,092,092-2-05,352512.60504201683
SANRO,2026,093,093-2-05,23815.126050420167
SANRO,2026,094,094-1-01,438386.55462184874
SANRO,2026,094,094-1-03,2932.7731092436975
SANRO,2026,094,094-1-05,151226.89075630254
SANRO,2026,094,094-1-08,84499.15966386555
SANRO,2026,094,094-1-09,1796113.4453781513
SANRO,2026,094,094-2-03,676949.5798319328
SANRO,2026,095,095-2-01,262663.86554621847
SANRO,2026,095,095-2-02,55511.76470588236
SANRO,2026,095,095-2-03,2882557.9831932774
SANRO,2026,100,100-1-02,22294.117647058825
SANRO,2026,100,100-1-03,1127724.3697478992
SANRO,2026,100,100-1-09,36703.361344537814
SANRO,2026,100,100-1-13,2346579.8319327733
SANRO,2026,100,100-1-14,49865.5462184874
SANRO,2026,100,100-1-16,254588.23529411765
SANRO,2026,100,100-1-19,42834.45378151261
SANRO,2026,100,100-1-23,130339.49579831933
SANRO,2026,100,100-1-32,449762.1848739496
SANRO,2026,100,100-1-34,2846025.2100840337
SANRO,2026,100,100-1-35,485883.19327731093
SANRO,2026,100,100-1-36,91402.52100840336
SANRO,2026,100,100-1-37,142487.3949579832
SANRO,2026,100,100-2-02,57899.15966386555
SANRO,2026,100,100-2-05,114226.89075630253
SANRO,2026,100,100-2-06,9636.134453781513
SANRO,2026,100,100-2-08,86574.7899159664
SANRO,2026,100,100-2-16,947310.924369748
SANRO,2026,100,100-2-23,210705.88235294117
SANRO,2026,100,100-2-24,77277.31092436975
SANRO,2026,100,100-2-35,18560.504201680673
SANRO,2026,101,101-1-01,3856060.504201681
SANRO,2026,101,101-1-03,74548879.83193277
SANRO,2026,101,101-1-04,284029.41176470584
SANRO,2026,101,101-1-08,31486863.02521009
SANRO,2026,101,101-1-09,40983.19327731092
SANRO,2026,101,101-1-10,228352.9411764706
SANRO,2026,101,101-1-11,30708.40336134454
SANRO,2026,101,101-1-14,10075.63025210084
SANRO,2026,101,101-1-19,1173789.9159663867
SANRO,2026,101,101-1-21,242642.85714285716
SANRO,2026,101,101-1-23,572310.9243697479
SANRO,2026,101,101-1-24,325075.6302521008
SANRO,2026,101,101-1-25,2366838.655462185
SANRO,2026,101,101-1-33,293697.47899159667
SANRO,2026,101,101-2-05,5429534.4537815135
SANRO,2026,101,101-2-09,31354425.210084036
SANRO,2026,102,102-1-06,2699154.6218487397
SANRO,2026,102,102-1-08,446914.2857142858
SANRO,2026,102,102-1-10,873174.7899159665
SANRO,2026,102,102-1-11,4048236.974789916
SANRO,2026,102,102-1-15,4093810.924369748
SANRO,2026,102,102-2-05,63738635.29411765
SANRO,2026,102,102-2-07,241314151.26050422
SANRO,2026,102,102-2-08,15714305.882352943
SANRO,2026,102,102-2-12,36982694.957983196
SANRO,2026,102,102-2-13,589000.0
SANRO,2026,110,110-1-01,34672589.91596639
SANRO,2026,110,110-1-02,11338159.663865548
SANRO,2026,110,110-1-03,12868578.151260504
SANRO,2026,110,110-1-04,1738551.2605042018
SANRO,2026,110,110-1-05,566347.0588235294
SANRO,2026,113,113-1-01,618052.1008403362
SANRO,2026,114,114-1-01,19042.01680672269
SANRO,2026,114,114-1-02,993636.1344537815
SANRO,2026,115,115-1-01,52882.352941176476
SANRO,2026,116,116-1-01,1433673.1092436975
SANRO,2026,118,118-1-01,40238764.705882356
SANRO,2026,126,126-1-01,4782669.74789916
SANRO,2026,128,128-1-01,70110.9243697479
SANRO,2026,129,129-1-01,5097728.571428572
SANRO,2026,130,130-1-01,257125887.394958
SANRO,2026,130,130-1-02,1061472611.7647059
SANRO,2026,130,130-1-03,246895374.78991598
SANRO,2026,130,130-1-04,9295547.899159664
SANRO,2026,130,130-1-05,158695397.4789916
SANRO,2026,130,130-2-01,4716061.344537815
SANRO,2026,130,130-2-04,33592.43697478992
SANRO,2026,130,130-2-10,579621.8487394959
SANRO,2026,130,130-2-11,194153.78151260506
SANRO,2026,131,131-1-01,3255799.159663866
SANRO,2026,131,131-1-02,1417329.411764706
SANRO,2026,131,131-2-03,331261.34453781514
SANRO,2026,131,131-2-04,320581.512605042
SANRO,2026,132,132-1-02,786717.6470588236
SANRO,2026,150,150-1-01,12157991.596638655
SANRO,2026,150,150-1-03,820613.4453781513
SANRO,2026,150,150-1-05,608590.7563025211
SANRO,2026,150,150-1-06,3198657.9831932774
SANRO,2026,150,150-1-07,6871010.084033614
SANRO,2026,150,150-1-09,115302.52100840338
SANRO,2026,150,150-1-15,18409797.478991598
SANRO,2026,150,150-1-18,2484915.9663865548
SANRO,2026,150,150-1-19,3329880.6722689075
SANRO,2026,150,150-1-20,60705.882352941175
SANRO,2026,150,150-1-21,249705.88235294117
SANRO,2026,150,150-1-24,403336.13445378153
SANRO,2026,150,150-1-31,372679.8319327731
SANRO,2026,150,150-2-01,1227726.050420168
SANRO,2026,150,150-2-02,1852255.462184874
SANRO,2026,150,150-2-04,294413.44537815126
SANRO,2026,150,150-2-15,745733.6134453781
SANRO,2026,150,150-2-17,952260.5042016807
SANRO,2026,150,150-2-30,993761.3445378152
SANRO,2026,150,150-2-33,1101441.1764705882
SANRO,2026,151,151-1-01,86335798.31932773
SANRO,2026,151,151-1-02,1216453910.9243698
SANRO,2026,151,151-1-03,405376362.18487394
SANRO,2026,151,151-1-04,300858985.71428573
SANRO,2026,151,151-1-05,142630680.67226893
SANRO,2026,151,151-1-06,241083803.36134455
SANRO,2026,151,151-1-07,272278817.64705884
SANRO,2026,151,151-1-08,20078861.344537817
SANRO,2026,151,151-1-09,70463236.97478992
SANRO,2026,151,151-1-10,179679673.10924372
SANRO,2026,151,151-1-11,154782457.14285716
SANRO,2026,151,151-1-12,456754712.60504204
SANRO,2026,151,151-1-13,132924585.71428572
SANRO,2026,151,151-1-14,3238741290.7563024
SANRO,2026,151,151-1-15,109178979.83193278
SANRO,2026,151,151-1-16,333318941.1764706
SANRO,2026,151,151-1-17,86459734.45378152
SANRO,2026,151,151-1-18,124364739.49579832
SANRO,2026,151,151-1-19,287961357.14285713
SANRO,2026,151,151-1-20,153346153.78151262
SANRO,2026,151,151-1-21,115230842.01680672
SANRO,2026,151,151-1-22,106139268.90756303
SANRO,2026,151,151-1-23,307491545.3781513
SANRO,2026,151,151-1-24,79578329.41176471
SANRO,2026,151,151-1-25,60121849.579831935
SANRO,2026,151,151-1-26,39106413.445378155
SANRO,2026,151,151-1-27,3232236.1344537814
SANRO,2026,152,152-1-02,6971865.546218487
SANRO,2026,152,152-1-03,136956233.61344537
SANRO,2026,152,152-1-04,46084801.68067227
SANRO,2026,152,152-1-05,32491136.134453785
SANRO,2026,152,152-1-06,17632232.773109246
SANRO,2026,152,152-1-07,59298467.22689076
SANRO,2026,152,152-1-08,16207066.386554623
SANRO,2026,152,152-1-09,1481378.9915966387
SANRO,2026,152,152-1-10,3563659.663865546
SANRO,2026,152,152-1-11,85493423.52941176
SANRO,2026,152,152-1-12,43163634.453781515
SANRO,2026,152,152-1-13,4672030.25210084
SANRO,2026,152,152-1-14,14037778.99159664
SANRO,2026,152,152-1-15,27391331.93277311
SANRO,2026,152,152-1-16,45102665.54621849
SANRO,2026,152,152-1-17,840334.4537815127
SANRO,2026,152,152-1-18,4756285.714285715
SANRO,2026,152,152-1-19,9788282.352941176
SANRO,2026,152,152-1-20,59349892.43697479
SANRO,2026,152,152-1-21,128822765.5462185
SANRO,2026,152,152-1-22,136187055.46218488
SANRO,2026,152,152-2-01,1136143.6974789917
SANRO,2026,162,162-1-19,869168.0672268908
SANRO,2026,180,180-1-01,10781886.55462185
SANRO,2026,180,180-1-02,1328487.3949579832
SANRO,2026,180,180-1-03,531134.4537815127
SANRO,2026,180,180-1-04,1032502.5210084034
SANRO,2026,200,200-2-01,858130.2521008404
SANRO,2026,208,208-2-03,67058.82352941176
SANRO,2026,250,250-1-01,3022079.831932773
SANRO,2026,296,296-1-01,145680340.33613446
SANRO,2026,301,301-1-03,17386.55462184874
SANRO,2026,301,301-1-05,2018521.848739496
SANRO,2026,301,301-1-06,557777.3109243698
SANRO,2026,301,301-1-07,4656207.56302521
SANRO,2026,301,301-1-08,688436.974789916
SANRO,2026,301,301-1-12,111756.30252100842
SANRO,2026,301,301-2-07,12320660.50420168
SANRO,2026,301,301-2-14,21376428.57142857
SANRO,2026,302,302-2-01,18253674.789915968
SANRO,2026,302,302-2-02,36402073.949579835
SANRO,2026,302,302-2-03,16607647.899159664
SANRO,2026,305,305-1-03,1085380.6722689075
SANRO,2026,305,305-1-04,6919276.470588235
SANRO,2026,306,306-1-01,109815.12605042018
SANRO,2026,306,306-1-06,10606618.487394959
SANRO,2026,307,307-1-01,20015535.29411765
SANRO,2026,307,307-1-02,181810594.9579832
SANRO,2026,307,307-1-05,2513140.336134454
SANRO,2026,307,307-2-01,9939348.739495799
SANRO,2026,307,307-2-02,14973277.31092437
SANRO,2026,307,307-2-03,8513939.49579832
SANRO,2026,307,307-2-04,11872913.44537815
SANRO,2026,308,308-1-02,10905703.361344539
SANRO,2026,308,308-1-03,5924655.462184874
SANRO,2026,308,308-2-05,17460960.50420168
SANRO,2026,309,309-1-01,617435.2941176471
SANRO,2026,309,309-1-02,3653836.134453782
SANRO,2026,309,309-1-04,561455.462184874
SANRO,2026,309,309-1-05,2109271.4285714286
SANRO,2026,309,309-2-01,1571703.361344538
SANRO,2026,309,309-2-03,1253589.9159663867
SANRO,2026,309,309-2-04,135132.77310924372
SANRO,2026,309,309-2-05,699650.4201680673
SANRO,2026,310,310-1-04,350689.07563025213
SANRO,2026,310,310-1-05,32634.453781512606
SANRO,2026,310,310-1-06,236672.26890756303
SANRO,2026,310,310-2-01,346747.8991596639
SANRO,2026,310,310-2-04,642601.680672269
SANRO,2026,311,311-1-01,174147.89915966388
SANRO,2026,360,360-1-02,59687.39495798319
SANRO,2026,600,600-1-01,25856905.882352944
SANRO,2026,700,700-1-01,11472896.638655463
SEREN,2025,001,001-2-01,8821621.848739496
SEREN,2025,001,001-2-02,4093913.4453781513
SEREN,2025,001,001-2-03,3869689.9159663864
SEREN,2025,001,001-2-04,100070.58823529413
SEREN,2025,001,001-2-05,374000.0
SEREN,2025,001,001-2-07,11442468.907563027
SEREN,2025,001,001-2-12,1564379.831932773
SEREN,2025,001,001-2-13,352780.6722689076
SEREN,2025,001,001-2-15,1266524.3697478992
SEREN,2025,001,001-2-16,1764694.117647059
SEREN,2025,002,002-1-01,7403755.462184874
SEREN,2025,002,002-1-02,3092660.504201681
SEREN,2025,002,002-1-03,6832631.9327731095
SEREN,2025,002,002-1-04,10322424.3697479
SEREN,2025,002,002-1-05,3345032.7731092437
SEREN,2025,002,002-2-01,7036343.697478992
SEREN,2025,002,002-2-02,11852316.80672269
SEREN,2025,002,002-2-03,7259230.25210084
SEREN,2025,002,002-2-04,5721463.025210084
SEREN,2025,002,002-2-05,3406264.7058823532
SEREN,2025,003,003-1-01,7965164.705882353
SEREN,2025,003,003-1-02,5748848.739495799
SEREN,2025,003,003-1-03,3540335.294117647
SEREN,2025,003,003-1-04,4233360.50420168
SEREN,2025,003,003-1-05,7062609.243697479
SEREN,2025,003,003-2-01,6476510.084033614
SEREN,2025,003,003-2-02,5261525.210084034
SEREN,2025,003,003-2-03,4213584.033613445
SEREN,2025,003,003-2-04,3065910.924369748
SEREN,2025,003,003-2-05,1520421.0084033613
SEREN,2025,004,004-1-01,1650575.630252101
SEREN,2025,004,004-1-02,2176294.117647059
SEREN,2025,004,004-1-03,1326842.8571428573
SEREN,2025,004,004-1-04,4984856.302521009
SEREN,2025,004,004-1-05,5082934.453781513
SEREN,2025,004,004-2-01,3113617.6470588236
SEREN,2025,004,004-2-02,4591991.596638655
SEREN,2025,004,004-2-03,5321409.243697479
SEREN,2025,004,004-2-04,959352.1008403362
SEREN,2025,004,004-2-05,976362.1848739496
SEREN,2025,004,004-2-06,219861.34453781514
SEREN,2025,005,005-1-01,4330977.31092437
SEREN,2025,005,005-1-02,3031876.470588235
SEREN,2025,005,005-1-03,834510.0840336136
SEREN,2025,005,005-1-04,1205068.067226891
SEREN,2025,005,005-1-05,5058463.025210084
SEREN,2025,005,005-1-06,1700954.6218487397
SEREN,2025,005,005-2-01,10273561.344537815
SEREN,2025,005,005-2-02,24887886.55462185
SEREN,2025,005,005-2-03,1982471.4285714286
SEREN,2025,005,005-2-04,2084974.7899159666
SEREN,2025,005,005-2-05,1917496.6386554623
SEREN,2025,006,006-1-01,13758052.100840338
SEREN,2025,006,006-1-02,4631703.361344538
SEREN,2025,006,006-1-03,6056998.319327732
SEREN,2025,006,006-1-04,2833157.9831932774
SEREN,2025,006,006-1-05,3103838.655462185
SEREN,2025,006,006-2-01,8016119.327731092
SEREN,2025,006,006-2-02,33178322.68907563
SEREN,2025,006,006-2-03,33384116.80672269
SEREN,2025,006,006-2-04,1756313.4453781513
SEREN,2025,006,006-2-05,7674799.159663866
SEREN,2025,007,007-1-01,20978806.722689077
SEREN,2025,007,007-1-02,40271192.43697479
SEREN,2025,007,007-1-03,14760229.411764707
SEREN,2025,007,007-1-04,33957176.47058824
SEREN,2025,007,007-1-05,4572326.050420168
SEREN,2025,007,007-2-01,3818199.159663866
SEREN,2025,007,007-2-02,5585152.100840336
SEREN,2025,007,007-2-03,1729221.0084033613
SEREN,2025,007,007-2-04,10099371.42857143
SEREN,2025,007,007-2-05,13117498.319327733
SEREN,2025,008,008-1-01,5005626.050420168
SEREN,2025,008,008-1-02,1663884.87394958
SEREN,2025,008,008-1-03,10301144.537815126
SEREN,2025,008,008-1-04,11221117.647058824
SEREN,2025,008,008-2-01,3027151.260504202
SEREN,2025,008,008-2-02,36932726.8907563
SEREN,2025,008,008-2-03,27625812.605042018
SEREN,2025,008,008-2-04,24152871.42857143
SEREN,2025,009,009-1-01,7810813.445378152
SEREN,2025,009,009-1-02,14899704.201680673
SEREN,2025,009,009-1-03,3577027.731092437
SEREN,2025,009,009-1-04,8474034.453781513
SEREN,2025,009,009-1-05,6242671.428571429
SEREN,2025,009,009-2-01,1188638.655462185
SEREN,2025,009,009-2-02,323236.13445378153
SEREN,2025,009,009-2-03,1392290.756302521
SEREN,2025,009,009-2-04,7592241.176470589
SEREN,2025,010,010-1-01,9231464.705882354
SEREN,2025,010,010-1-02,3525645.378151261
SEREN,2025,010,010-1-03,9812472.268907564
SEREN,2025,010,010-1-04,5701934.453781513
SEREN,2025,010,010-2-01,6293015.12605042
SEREN,2025,010,010-2-02,6057106.722689076
SEREN,2025,010,010-2-03,15531547.05882353
SEREN,2025,010,010-2-04,6782497.478991597
SEREN,2025,011,011-1-01,11601592.43697479
SEREN,2025,011,011-1-02,4596827.731092437
SEREN,2025,011,011-2-01,4363142.016806723
SEREN,2025,011,011-2-02,32699708.403361347
SEREN,2025,012,012-1-01,2129705.042016807
SEREN,2025,012,012-1-02,832804.2016806724
SEREN,2025,012,012-1-03,297635.2941176471
SEREN,2025,012,012-1-04,3793440.336134454
SEREN,2025,012,012-1-05,3493367.2268907563
SEREN,2025,012,012-2-01,19715593.277310926
SEREN,2025,012,012-2-02,3694933.6134453784
SEREN,2025,012,012-2-03,2086093.2773109246
SEREN,2025,012,012-2-04,5977702.521008404
SEREN,2025,012,012-2-05,5349193.277310925
SEREN,2025,012,012-2-06,3542636.974789916
SEREN,2025,013,013-1-01,3436992.43697479
SEREN,2025,013,013-1-02,2787273.1092436975
SEREN,2025,013,013-1-03,4970117.647058824
SEREN,2025,013,013-1-04,2435036.1344537814
SEREN,2025,013,013-1-05,3499800.8403361347
SEREN,2025,013,013-2-01,1104600.8403361344
SEREN,2025,013,013-2-02,648799.1596638656
SEREN,2025,013,013-2-03,1458644.5378151261
SEREN,2025,013,013-2-04,473110.9243697479
SEREN,2025,013,013-2-05,2860910.0840336136
SEREN,2025,014,014-1-01,6750638.655462185
SEREN,2025,014,014-1-02,4811805.882352942
SEREN,2025,014,014-1-03,3555668.067226891
SEREN,2025,014,014-1-04,4947363.025210084
SEREN,2025,014,014-1-05,8594867.226890756
SEREN,2025,014,014-2-01,5502097.478991597
SEREN,2025,014,014-2-02,2647920.168067227
SEREN,2025,014,014-2-03,2047231.9327731093
SEREN,2025,014,014-2-04,1720348.7394957985
SEREN,2025,014,014-2-05,2647780.6722689075
SEREN,2025,015,015-1-01,4561090.756302522
SEREN,2025,015,015-1-02,1078742.0168067226
SEREN,2025,015,015-1-03,4928256.302521009
SEREN,2025,015,015-1-04,3837816.8067226894
SEREN,2025,015,015-1-05,1593905.042016807
SEREN,2025,015,015-2-01,5431831.9327731095
SEREN,2025,015,015-2-02,4859232.773109244
SEREN,2025,015,015-2-03,1299118.487394958
SEREN,2025,015,015-2-04,1992753.7815126053
SEREN,2025,015,015-2-05,2584016.8067226894
SEREN,2025,016,016-1-01,20327091.596638657
SEREN,2025,016,016-1-02,4314687.394957983
SEREN,2025,016,016-1-03,4462467.226890757
SEREN,2025,016,016-1-04,16327763.025210084
SEREN,2025,016,016-2-01,4175456.3025210085
SEREN,2025,016,016-2-02,8968013.44537815
SEREN,2025,016,016-2-03,3590752.100840336
SEREN,2025,016,016-2-04,8206720.168067227
SEREN,2025,016,016-2-05,8331862.18487395
SEREN,2025,017,017-2-01,3800336.974789916
SEREN,2025,017,017-2-02,6993446.218487395
SEREN,2025,017,017-2-03,4694284.033613445
SEREN,2025,017,017-2-04,5802223.529411765
SEREN,2025,017,017-2-05,5072032.773109244
SEREN,2025,018,018-1-01,6774771.428571429
SEREN,2025,018,018-1-02,2620731.9327731095
SEREN,2025,018,018-1-03,3483586.5546218487
SEREN,2025,018,018-1-04,2378592.43697479
SEREN,2025,018,018-1-05,978094.9579831933
SEREN,2025,018,018-1-06,2391989.0756302522
SEREN,2025,018,018-1-07,1757893.2773109246
SEREN,2025,018,018-1-08,391073.10924369755
SEREN,2025,018,018-1-10,4856094.957983193
SEREN,2025,018,018-1-11,7747105.882352942
SEREN,2025,018,018-1-12,4555272.268907564
SEREN,2025,018,018-1-13,4898843.697478992
SEREN,2025,018,018-1-14,2913024.3697478995
SEREN,2025,050,050-1-01,894098861.3445379
SEREN,2025,050,050-1-02,5057678.1512605045
SEREN,2025,050,050-1-03,140696011.7647059
SEREN,2025,050,050-1-04,28616458.823529415
SEREN,2025,050,050-1-05,25319105.882352944
SEREN,2025,050,050-1-06,358668649.57983196
SEREN,2025,051,051-1-01,7919.327731092438
SEREN,2025,051,051-1-02,122584.87394957984
SEREN,2025,051,051-1-04,83363.8655462185
SEREN,2025,052,052-1-01,4332001.680672269
SEREN,2025,052,052-1-02,10880437.81512605
SEREN,2025,052,052-1-03,40285435.29411765
SEREN,2025,052,052-1-04,2904045.3781512603
SEREN,2025,052,052-1-05,10180088.235294119
SEREN,2025,052,052-1-06,7724393.277310925
SEREN,2025,052,052-1-07,8104052.941176471
SEREN,2025,052,052-1-08,5641078.991596639
SEREN,2025,052,052-1-09,52930354.62184874
SEREN,2025,052,052-1-10,4400633.613445378
SEREN,2025,052,052-1-11,28575476.470588237
SEREN,2025,052,052-1-12,10834236.134453783
SEREN,2025,052,052-1-13,14988543.697478993
SEREN,2025,054,054-1-01,74990439.49579832
SEREN,2025,068,068-1-01,4922942.857142857
SEREN,2025,068,068-1-02,15842224.3697479
SEREN,2025,068,068-1-03,18371726.05042017
SEREN,2025,068,068-1-04,16749033.613445379
SEREN,2025,068,068-1-05,11565596.638655463
SEREN,2025,068,068-1-06,17038703.36134454
SEREN,2025,068,068-1-07,6388089.075630252
SEREN,2025,070,070-1-01,4488810.924369748
SEREN,2025,070,070-1-02,2012954.6218487395
SEREN,2025,100,100-2-05,57771.42857142857
SEREN,2025,102,102-1-09,84084.87394957984
SEREN,2025,102,102-2-08,2981460.504201681
SEREN,2025,103,103-2-02,238173.1092436975
SEREN,2025,104,104-1-02,511253.7815126051
SEREN,2025,107,107-1-04,212344.53781512607
SEREN,2025,107,107-2-01,310648.73949579836
SEREN,2025,108,108-1-04,3289296.6386554623
SEREN,2025,108,108-1-10,347610.9243697479
SEREN,2025,108,108-2-02,96957.98319327731
SEREN,2025,109,109-1-02,39196.638655462186
SEREN,2025,109,109-1-04,1176396.6386554623
SEREN,2025,109,109-1-06,414579.8319327732
SEREN,2025,109,109-1-07,614747.8991596639
SEREN,2025,109,109-1-08,1513550.4201680673
SEREN,2025,109,109-2-01,383583.19327731093
SEREN,2025,110,110-1-01,480030.2521008404
SEREN,2025,110,110-1-03,87844.53781512605
SEREN,2025,110,110-1-04,1516751.2605042018
SEREN,2025,114,114-2-01,24626.05042016807
SEREN,2025,116,116-1-01,2866998.319327731
SEREN,2025,116,116-1-03,2142310.0840336136
SEREN,2025,117,117-1-05,41151.26050420168
SEREN,2025,117,117-1-08,41596.638655462186
SEREN,2025,117,117-1-15,72000.0
SEREN,2025,118,118-1-01,1027321.0084033613
SEREN,2025,150,150-1-01,621878226.8907564
SEREN,2025,150,150-1-02,7318450.420168067
SEREN,2025,150,150-1-03,2611413.4453781517
SEREN,2025,150,150-1-04,1289024.3697478992
SEREN,2025,150,150-1-05,10922106.722689075
SEREN,2025,150,150-1-06,1487127.7310924372
SEREN,2025,150,150-1-07,116117.64705882354
SEREN,2025,150,150-1-12,394814.28571428574
SEREN,2025,150,150-1-15,260748.73949579833
SEREN,2025,150,150-1-16,6884078.1512605045
SEREN,2025,150,150-1-17,5865.546218487395
SEREN,2025,151,151-1-02,2257192.43697479
SEREN,2025,151,151-1-05,2177506.722689076
SEREN,2025,151,151-1-06,4726426.050420169
SEREN,2025,151,151-1-10,577530.2521008403
SEREN,2025,151,151-1-11,3202505.882352941
SEREN,2025,151,151-1-14,1546040.336134454
SEREN,2025,151,151-1-15,283789.91596638656
SEREN,2025,151,151-1-16,2586731.9327731095
SEREN,2025,180,180-1-01,1148101.6806722688
SEREN,2025,180,180-1-02,2942656.3025210085
SEREN,2025,181,181-1-01,20547.899159663866
SEREN,2025,200,200-1-02,443504.2016806723
SEREN,2025,200,200-1-03,1974161.3445378153
SEREN,2025,200,200-1-05,194099.15966386555
SEREN,2025,200,200-1-11,45655.46218487395
SEREN,2025,200,200-2-05,5861805.882352942
SEREN,2025,201,201-1-01,2365981.512605042
SEREN,2025,360,360-1-01,12608412.605042018
SEREN,2025,362,362-1-01,21256125.210084036
SEREN,2025,400,400-1-01,13743913.445378153
SEREN,2025,801,801-1-01,2738983.193277311
SEREN,2025,900,900-1-01,108552.9411764706
SEREN,2026,001,001-2-01,4012269.74789916
SEREN,2026,001,001-2-02,4337196.638655462
SEREN,2026,001,001-2-03,3609581.512605042
SEREN,2026,001,001-2-05,769880.6722689077
SEREN,2026,001,001-2-06,2524784.0336134452
SEREN,2026,001,001-2-07,5331011.764705882
SEREN,2026,001,001-2-08,75015.12605042018
SEREN,2026,001,001-2-10,14872.268907563026
SEREN,2026,001,001-2-11,198237.8151260504
SEREN,2026,001,001-2-12,2214900.0
SEREN,2026,001,001-2-13,689225.2100840337
SEREN,2026,001,001-2-14,398964.70588235295
SEREN,2026,001,001-2-15,863655.462184874
SEREN,2026,001,001-2-16,1698567.2268907563
SEREN,2026,002,002-1-01,1912028.5714285714
SEREN,2026,002,002-1-02,2680034.4537815126
SEREN,2026,002,002-1-03,2562384.87394958
SEREN,2026,002,002-1-04,14135026.890756303
SEREN,2026,002,002-1-05,1498673.949579832
SEREN,2026,002,002-2-01,4763170.588235294
SEREN,2026,002,002-2-02,7186589.915966387
SEREN,2026,002,002-2-03,4931099.159663866
SEREN,2026,002,002-2-04,3323863.025210084
SEREN,2026,002,002-2-05,4308283.1932773115
SEREN,2026,003,003-1-01,7636697.478991597
SEREN,2026,003,003-1-02,4508994.117647059
SEREN,2026,003,003-1-03,4152747.0588235296
SEREN,2026,003,003-1-04,6948372.268907564
SEREN,2026,003,003-1-05,8289889.075630252
SEREN,2026,003,003-2-01,4302054.62184874
SEREN,2026,003,003-2-02,3778665.5462184874
SEREN,2026,003,003-2-03,3290688.235294118
SEREN,2026,003,003-2-04,2369716.8067226894
SEREN,2026,003,003-2-05,1436409.2436974791
SEREN,2026,004,004-1-01,1224768.9075630254
SEREN,2026,004,004-1-02,3195210.0840336136
SEREN,2026,004,004-1-03,2237250.4201680673
SEREN,2026,004,004-1-04,3719389.915966387
SEREN,2026,004,004-1-05,3535597.478991597
SEREN,2026,004,004-2-01,3183315.12605042
SEREN,2026,004,004-2-02,4199969.74789916
SEREN,2026,004,004-2-03,4637587.394957983
SEREN,2026,004,004-2-04,624868.0672268908
SEREN,2026,004,004-2-05,1484604.2016806724
SEREN,2026,004,004-2-06,1388.235294117647
SEREN,2026,005,005-1-01,3848648.7394957985
SEREN,2026,005,005-1-02,2823607.56302521
SEREN,2026,005,005-1-03,498059.6638655463
SEREN,2026,005,005-1-04,1193661.344537815
SEREN,2026,005,005-1-05,5174250.420168067
SEREN,2026,005,005-1-06,1166320.168067227
SEREN,2026,005,005-2-01,8847488.235294119
SEREN,2026,005,005-2-02,22890720.168067228
SEREN,2026,005,005-2-03,1801813.4453781513
SEREN,2026,005,005-2-04,1917976.4705882354
SEREN,2026,005,005-2-05,3406244.537815126
SEREN,2026,006,006-1-01,13580551.260504203
SEREN,2026,006,006-1-02,4365808.403361345
SEREN,2026,006,006-1-03,5492496.638655462
SEREN,2026,006,006-1-04,3645557.142857143
SEREN,2026,006,006-1-05,3187323.529411765
SEREN,2026,006,006-2-01,5904584.87394958
SEREN,2026,006,006-2-02,28961465.54621849
SEREN,2026,006,006-2-03,50619726.05042017
SEREN,2026,006,006-2-04,1009578.1512605043
SEREN,2026,006,006-2-05,11584960.50420168
SEREN,2026,007,007-1-01,17644417.647058822
SEREN,2026,007,007-1-02,50060132.77310924
SEREN,2026,007,007-1-03,11004275.6302521
SEREN,2026,007,007-1-04,27684100.0
SEREN,2026,007,007-1-05,6555557.983193277
SEREN,2026,007,007-2-01,3294890.756302521
SEREN,2026,007,007-2-02,3189770.588235294
SEREN,2026,007,007-2-03,281821.8487394958
SEREN,2026,007,007-2-04,11099513.445378153
SEREN,2026,007,007-2-05,10188831.092436975
SEREN,2026,008,008-1-01,5464296.638655462
SEREN,2026,008,008-1-02,1324470.5882352942
SEREN,2026,008,008-1-03,7106237.815126051
SEREN,2026,008,008-1-04,11158417.647058824
SEREN,2026,008,008-2-01,2944826.8907563025
SEREN,2026,008,008-2-02,31522705.042016808
SEREN,2026,008,008-2-03,29065449.579831935
SEREN,2026,008,008-2-04,27088372.268907566
SEREN,2026,009,009-1-01,9239436.134453783
SEREN,2026,009,009-1-02,15593120.168067228
SEREN,2026,009,009-1-03,3769520.168067227
SEREN,2026,009,009-1-04,5226059.663865547
SEREN,2026,009,009-1-05,7821472.268907564
SEREN,2026,009,009-2-01,583710.924369748
SEREN,2026,009,009-2-02,604471.4285714286
SEREN,2026,009,009-2-03,2146269.74789916
SEREN,2026,009,009-2-04,11839764.705882354
SEREN,2026,010,010-1-01,5367102.521008404
SEREN,2026,010,010-1-02,2017389.0756302522
SEREN,2026,010,010-1-03,8216387.394957984
SEREN,2026,010,010-1-04,5084435.294117647
SEREN,2026,010,010-2-01,9145109.24369748
SEREN,2026,010,010-2-02,3287146.218487395
SEREN,2026,010,010-2-03,14792589.075630253
SEREN,2026,010,010-2-04,7374350.420168067
SEREN,2026,011,011-1-01,12480489.075630253
SEREN,2026,011,011-1-02,5500136.974789917
SEREN,2026,011,011-2-01,4303209.243697479
SEREN,2026,011,011-2-02,30922420.168067228
SEREN,2026,012,012-1-01,3143786.5546218487
SEREN,2026,012,012-1-02,1922623.5294117648
SEREN,2026,012,012-1-03,1074376.4705882354
SEREN,2026,012,012-1-04,3859683.193277311
SEREN,2026,012,012-1-05,3426967.2268907567
SEREN,2026,012,012-2-01,23845796.63865546
SEREN,2026,012,012-2-02,3205324.3697478995
SEREN,2026,012,012-2-03,2294532.7731092437
SEREN,2026,012,012-2-04,4408148.739495799
SEREN,2026,012,012-2-05,5172559.663865547
SEREN,2026,012,012-2-06,3045945.378151261
SEREN,2026,013,013-1-01,3670986.5546218487
SEREN,2026,013,013-1-02,3038594.117647059
SEREN,2026,013,013-1-03,3740841.1764705884
SEREN,2026,013,013-1-04,2746965.5462184874
SEREN,2026,013,013-1-05,3680795.798319328
SEREN,2026,013,013-2-01,1108687.3949579832
SEREN,2026,013,013-2-02,1346339.4957983193
SEREN,2026,013,013-2-03,1425122.6890756304
SEREN,2026,013,013-2-04,646098.3193277312
SEREN,2026,013,013-2-05,3294181.512605042
SEREN,2026,014,014-1-01,5559057.142857143
SEREN,2026,014,014-1-02,4275988.235294118
SEREN,2026,014,014-1-03,3079004.2016806724
SEREN,2026,014,014-1-04,1080060.5042016807
SEREN,2026,014,014-1-05,6359318.487394959
SEREN,2026,014,014-2-01,3509006.722689076
SEREN,2026,014,014-2-02,2563269.74789916
SEREN,2026,014,014-2-03,894777.3109243697
SEREN,2026,014,014-2-04,23857.14285714286
SEREN,2026,014,014-2-05,3347136.1344537814
SEREN,2026,015,015-1-01,1035627.731092437
SEREN,2026,015,015-1-02,1095647.8991596638
SEREN,2026,015,015-1-03,6329865.546218488
SEREN,2026,015,015-1-04,2948244.537815126
SEREN,2026,015,015-1-05,3042665.5462184874
SEREN,2026,015,015-2-01,5101081.512605042
SEREN,2026,015,015-2-02,5048561.344537815
SEREN,2026,015,015-2-03,1761363.0252100842
SEREN,2026,015,015-2-04,2219630.2521008407
SEREN,2026,015,015-2-05,3236458.823529412
SEREN,2026,016,016-1-01,14537938.655462185
SEREN,2026,016,016-1-02,4548862.18487395
SEREN,2026,016,016-1-03,4362260.50420168
SEREN,2026,016,016-1-04,14076330.252100842
SEREN,2026,016,016-2-01,5146554.62184874
SEREN,2026,016,016-2-02,6651149.579831933
SEREN,2026,016,016-2-03,3910264.7058823532
SEREN,2026,016,016-2-04,6159633.613445378
SEREN,2026,016,016-2-05,5318046.218487395
SEREN,2026,017,017-2-01,4758141.176470589
SEREN,2026,017,017-2-02,2577968.907563025
SEREN,2026,017,017-2-03,5284085.714285715
SEREN,2026,017,017-2-04,1929582.3529411766
SEREN,2026,017,017-2-05,2913142.8571428573
SEREN,2026,018,018-1-01,4244721.848739496
SEREN,2026,018,018-1-02,2538384.0336134457
SEREN,2026,018,018-1-03,6698760.50420168
SEREN,2026,018,018-1-04,2578449.5798319327
SEREN,2026,018,018-1-05,106321.00840336135
SEREN,2026,018,018-1-06,3021936.974789916
SEREN,2026,018,018-1-07,2507164.7058823532
SEREN,2026,018,018-1-08,574951.2605042018
SEREN,2026,018,018-1-10,4702202.521008404
SEREN,2026,018,018-1-11,8729094.11764706
SEREN,2026,018,018-1-12,4194915.966386555
SEREN,2026,018,018-1-13,4447808.403361345
SEREN,2026,018,018-1-14,3566152.941176471
SEREN,2026,050,050-1-01,828342811.7647059
SEREN,2026,050,050-1-02,6389764.705882354
SEREN,2026,050,050-1-03,178867173.1092437
SEREN,2026,050,050-1-04,54909294.11764706
SEREN,2026,050,050-1-05,9862244.537815126
SEREN,2026,050,050-1-06,466569700.84033614
SEREN,2026,052,052-1-01,103033.61344537814
SEREN,2026,052,052-1-02,9587087.394957984
SEREN,2026,052,052-1-03,53817553.78151261
SEREN,2026,052,052-1-04,1313532.7731092437
SEREN,2026,052,052-1-05,10348863.025210084
SEREN,2026,052,052-1-06,5215402.521008404
SEREN,2026,052,052-1-07,8259455.462184874
SEREN,2026,052,052-1-08,5232706.722689076
SEREN,2026,052,052-1-09,72569654.62184875
SEREN,2026,052,052-1-10,4583831.9327731095
SEREN,2026,052,052-1-11,23824750.42016807
SEREN,2026,052,052-1-12,10135200.840336135
SEREN,2026,052,052-1-13,20315270.588235296
SEREN,2026,053,053-1-01,45264.705882352944
SEREN,2026,054,054-1-01,61568948.7394958
SEREN,2026,068,068-1-01,6334925.210084034
SEREN,2026,068,068-1-02,9415460.50420168
SEREN,2026,068,068-1-03,13318389.075630253
SEREN,2026,068,068-1-04,9826618.487394959
SEREN,2026,068,068-1-05,3856673.1092436975
SEREN,2026,068,068-1-06,19123618.48739496
SEREN,2026,068,068-1-07,5267821.848739496
SEREN,2026,070,070-1-01,7194989.075630252
SEREN,2026,070,070-1-02,11244267.226890758
SEREN,2026,070,070-1-03,573375.6302521009
SEREN,2026,100,100-2-05,21302.521008403364
SEREN,2026,101,101-2-09,4958502.521008404
SEREN,2026,102,102-1-09,981714.2857142857
SEREN,2026,102,102-2-05,1096890.756302521
SEREN,2026,102,102-2-08,1989186.554621849
SEREN,2026,103,103-1-09,1248013.4453781513
SEREN,2026,103,103-1-11,1193513.4453781513
SEREN,2026,103,103-2-02,82462.18487394958
SEREN,2026,103,103-2-09,1346941.1764705884
SEREN,2026,107,107-1-04,102932.7731092437
SEREN,2026,107,107-2-01,546913.4453781513
SEREN,2026,107,107-2-13,33487.3949579832
SEREN,2026,108,108-1-04,1607078.9915966387
SEREN,2026,108,108-1-07,227188.23529411765
SEREN,2026,108,108-1-10,1545952.1008403362
SEREN,2026,108,108-2-02,32252.100840336137
SEREN,2026,109,109-1-02,752159.6638655462
SEREN,2026,109,109-1-03,360453.7815126051
SEREN,2026,109,109-1-04,1381584.0336134455
SEREN,2026,109,109-1-06,156556.30252100842
SEREN,2026,109,109-1-07,376948.73949579836
SEREN,2026,109,109-1-08,1243106.7226890759
SEREN,2026,109,109-2-01,938135.2941176471
SEREN,2026,110,110-1-01,752230.2521008403
SEREN,2026,110,110-1-02,80934.45378151261
SEREN,2026,110,110-1-03,147016.80672268907
SEREN,2026,110,110-1-04,1936989.0756302522
SEREN,2026,114,114-2-01,5457865.546218487
SEREN,2026,116,116-1-01,3010146.218487395
SEREN,2026,116,116-1-03,2184094.117647059
SEREN,2026,117,117-1-05,60042.01680672269
SEREN,2026,117,117-1-08,76648.73949579832
SEREN,2026,117,117-1-15,152855.46218487396
SEREN,2026,118,118-1-01,69921.00840336135
SEREN,2026,150,150-1-01,534159926.0504202
SEREN,2026,150,150-1-02,9090431.93277311
SEREN,2026,150,150-1-03,2533618.4873949583
SEREN,2026,150,150-1-04,1562418.487394958
SEREN,2026,150,150-1-05,55764068.90756303
SEREN,2026,150,150-1-06,6080584.87394958
SEREN,2026,150,150-1-07,38105.04201680672
SEREN,2026,150,150-1-11,1406631.0924369749
SEREN,2026,150,150-1-12,320015.12605042016
SEREN,2026,150,150-1-15,60742.01680672269
SEREN,2026,150,150-1-16,1659389.0756302522
SEREN,2026,150,150-1-17,153709.243697479
SEREN,2026,151,151-1-02,2942582.3529411764
SEREN,2026,151,151-1-05,1163609.2436974791
SEREN,2026,151,151-1-06,2092120.168067227
SEREN,2026,151,151-1-10,2197101.6806722693
SEREN,2026,151,151-1-11,3735168.067226891
SEREN,2026,151,151-1-14,197468.06722689077
SEREN,2026,151,151-1-15,507576.4705882353
SEREN,2026,151,151-1-16,5132496.638655462
SEREN,2026,151,151-2-04,59907.56302521009
SEREN,2026,180,180-1-01,1582653.781512605
SEREN,2026,180,180-1-02,6474247.05882353
SEREN,2026,181,181-1-01,12741.176470588236
SEREN,2026,200,200-1-02,677536.974789916
SEREN,2026,200,200-1-03,2199547.899159664
SEREN,2026,200,200-1-05,104672.26890756303
SEREN,2026,200,200-1-11,58890.75630252101
SEREN,2026,200,200-2-05,5018649.579831933
SEREN,2026,200,200-2-08,129915.96638655465
SEREN,2026,201,201-1-01,3750384.0336134457
SEREN,2026,360,360-1-01,25539164.70588235
SEREN,2026,362,362-1-01,15230424.3697479
SEREN,2026,400,400-1-01,13508319.327731093
SEREN,2026,801,801-1-01,3047226.8907563025
SEREN,2026,900,900-1-01,43044.53781512605
TALCA,2025,001,001-2-01,3012353.781512605
TALCA,2025,002,002-1-01,1844636.1344537814
TALCA,2025,002,002-1-03,5045936.974789917
TALCA,2025,002,002-2-01,4309916.806722689
TALCA,2025,003,003-1-01,1953681.5126050422
TALCA,2025,003,003-1-02,2888393.2773109246
TALCA,2025,003,003-2-03,1076563.0252100842
TALCA,2025,003,003-2-04,1974928.5714285718
TALCA,2025,004,004-1-02,4847853.781512605
TALCA,2025,004,004-1-03,10245242.857142858
TALCA,2025,004,004-2-01,740669.7478991597
TALCA,2025,004,004-2-02,2353847.0588235296
TALCA,2025,005,005-1-01,2847089.9159663864
TALCA,2025,005,005-1-02,2723781.512605042
TALCA,2025,005,005-1-03,620914.2857142857
TALCA,2025,006,006-1-01,2865252.941176471
TALCA,2025,006,006-2-02,1450440.3361344538
TALCA,2025,006,006-2-03,3711252.100840336
TALCA,2025,007,007-1-01,6338276.470588236
TALCA,2025,007,007-1-02,414208.4033613446
TALCA,2025,007,007-1-04,249801.6806722689
TALCA,2025,007,007-1-05,1360863.8655462186
TALCA,2025,007,007-1-06,290020.1680672269
TALCA,2025,007,007-2-01,1638693.2773109246
TALCA,2025,007,007-2-02,10598847.899159664
TALCA,2025,008,008-1-01,3306858.823529412
TALCA,2025,008,008-1-02,2705284.0336134452
TALCA,2025,008,008-1-03,4130368.9075630256
TALCA,2025,008,008-1-04,462613.4453781513
TALCA,2025,008,008-2-01,2170255.4621848743
TALCA,2025,008,008-2-02,3685698.319327731
TALCA,2025,008,008-2-04,6540965.546218487
TALCA,2025,008,008-2-05,4313430.25210084
TALCA,2025,009,009-1-06,172789.91596638656
TALCA,2025,009,009-2-01,583848.7394957984
TALCA,2025,009,009-2-02,2897541.1764705884
TALCA,2025,009,009-2-03,2478254.6218487397
TALCA,2025,009,009-2-05,2241846.218487395
TALCA,2025,009,009-2-06,8522437.81512605
TALCA,2025,010,010-1-01,5194969.74789916
TALCA,2025,010,010-1-02,573709.243697479
TALCA,2025,011,011-1-01,7824765.546218487
TALCA,2025,011,011-1-02,13353314.285714285
TALCA,2025,011,011-1-03,2423017.6470588236
TALCA,2025,011,011-2-02,1507939.4957983193
TALCA,2025,011,011-2-05,2943446.218487395
TALCA,2025,011,011-2-06,3967466.386554622
TALCA,2025,012,012-2-02,142087.3949579832
TALCA,2025,012,012-2-03,3028378.9915966387
TALCA,2025,013,013-1-01,4030811.764705883
TALCA,2025,013,013-1-02,4573990.756302522
TALCA,2025,013,013-1-03,2619427.731092437
TALCA,2025,013,013-1-04,1388794.9579831935
TALCA,2025,013,013-2-01,4262226.050420168
TALCA,2025,013,013-2-02,2375022.68907563
TALCA,2025,013,013-2-03,4922799.159663866
TALCA,2025,013,013-2-04,2400197.4789915965
TALCA,2025,014,014-1-01,8752919.327731093
TALCA,2025,014,014-1-02,104294.11764705884
TALCA,2025,014,014-2-02,146847.89915966388
TALCA,2025,014,014-2-03,191470.58823529413
TALCA,2025,015,015-1-01,843586.5546218487
TALCA,2025,015,015-2-04,3988055.4621848743
TALCA,2025,015,015-2-05,616526.8907563025
TALCA,2025,016,016-1-01,1173388.2352941176
TALCA,2025,016,016-1-02,794235.2941176471
TALCA,2025,016,016-2-02,1975567.2268907563
TALCA,2025,016,016-2-03,1222777.3109243698
TALCA,2025,017,017-1-01,4825691.596638655
TALCA,2025,017,017-1-02,17608518.48739496
TALCA,2025,017,017-1-03,7534584.033613445
TALCA,2025,017,017-1-04,7091080.672268908
TALCA,2025,017,017-2-02,1327327.731092437
TALCA,2025,017,017-2-03,2337976.470588235
TALCA,2025,018,018-1-01,2519614.285714286
TALCA,2025,018,018-1-02,9924875.6302521
TALCA,2025,018,018-2-02,401698.3193277311
TALCA,2025,019,019-1-01,6209400.0
TALCA,2025,019,019-1-02,3823678.9915966387
TALCA,2025,019,019-1-03,4548269.74789916
TALCA,2025,019,019-1-04,291913.44537815126
TALCA,2025,019,019-2-01,3987565.5462184874
TALCA,2025,019,019-2-02,624121.0084033614
TALCA,2025,019,019-2-03,8903659.663865546
TALCA,2025,019,019-2-04,6805269.74789916
TALCA,2025,020,020-1-02,2746075.630252101
TALCA,2025,020,020-1-03,1195920.168067227
TALCA,2025,020,020-2-02,163606.72268907563
TALCA,2025,021,021-1-01,1182892.43697479
TALCA,2025,021,021-1-02,7229494.117647059
TALCA,2025,021,021-1-03,5389131.092436975
TALCA,2025,021,021-1-04,4241969.74789916
TALCA,2025,021,021-2-01,2171418.4873949583
TALCA,2025,021,021-2-02,1358391.5966386555
TALCA,2025,021,021-2-03,6559735.294117647
TALCA,2025,021,021-2-04,2591685.7142857146
TALCA,2025,022,022-1-01,844315.9663865546
TALCA,2025,022,022-1-02,2164599.159663866
TALCA,2025,022,022-1-14,3663.8655462184875
TALCA,2025,022,022-2-01,2543203.3613445377
TALCA,2025,022,022-2-02,2514510.9243697478
TALCA,2025,023,023-1-01,1683842.8571428573
TALCA,2025,023,023-1-02,1853586.5546218487
TALCA,2025,023,023-1-03,2123541.1764705884
TALCA,2025,023,023-1-04,1497436.1344537816
TALCA,2025,023,023-1-05,12848.73949579832
TALCA,2025,023,023-2-01,4862223.529411765
TALCA,2025,023,023-2-02,3453734.4537815126
TALCA,2025,023,023-2-03,3090022.6890756306
TALCA,2025,023,023-2-04,1489031.9327731093
TALCA,2025,024,024-1-01,546068.0672268908
TALCA,2025,024,024-1-02,435734.4537815126
TALCA,2025,024,024-2-01,1062694.9579831932
TALCA,2025,025,025-1-01,2221623.529411765
TALCA,2025,025,025-1-02,837906.7226890757
TALCA,2025,025,025-1-03,411462.1848739496
TALCA,2025,025,025-1-04,960143.6974789916
TALCA,2025,025,025-2-01,569512.6050420168
TALCA,2025,025,025-2-02,913890.7563025211
TALCA,2025,025,025-2-03,3908751.260504202
TALCA,2025,025,025-2-04,2387988.2352941176
TALCA,2025,026,026-1-01,6293356.302521009
TALCA,2025,026,026-1-02,5681363.865546219
TALCA,2025,026,026-2-01,1979298.3193277312
TALCA,2025,026,026-2-02,2104079.8319327733
TALCA,2025,027,027-1-01,4033661.344537815
TALCA,2025,027,027-1-02,2831907.56302521
TALCA,2025,027,027-1-03,602978.1512605043
TALCA,2025,027,027-1-04,543810.9243697479
TALCA,2025,027,027-2-01,4533474.789915967
TALCA,2025,027,027-2-02,1242401.680672269
TALCA,2025,027,027-2-03,1127452.1008403362
TALCA,2025,027,027-2-04,1586466.3865546219
TALCA,2025,028,028-1-01,3579899.159663866
TALCA,2025,028,028-1-02,6667691.596638656
TALCA,2025,028,028-1-03,4803910.924369748
TALCA,2025,028,028-1-04,13381979.831932774
TALCA,2025,028,028-1-05,11042698.31932773
TALCA,2025,028,028-2-01,2575176.470588235
TALCA,2025,028,028-2-02,4733417.647058824
TALCA,2025,028,028-2-03,1074705.0420168068
TALCA,2025,028,028-2-04,525431.9327731093
TALCA,2025,029,029-1-01,7273665.546218487
TALCA,2025,029,029-1-02,33687078.1512605
TALCA,2025,029,029-1-03,7550227.731092437
TALCA,2025,029,029-1-04,141153.78151260506
TALCA,2025,029,029-2-01,16845155.462184876
TALCA,2025,029,029-2-02,10121921.848739496
TALCA,2025,029,029-2-03,3937278.9915966387
TALCA,2025,029,029-2-04,4727390.756302522
TALCA,2025,030,030-1-01,1932118.487394958
TALCA,2025,030,030-1-02,1822103.361344538
TALCA,2025,030,030-1-03,2050100.0
TALCA,2025,030,030-1-04,1232689.9159663867
TALCA,2025,030,030-2-02,11595850.420168068
TALCA,2025,030,030-2-03,11786642.016806724
TALCA,2025,030,030-2-04,9854158.823529413
TALCA,2025,030,030-2-05,8783435.294117648
TALCA,2025,031,031-1-01,19395451.2605042
TALCA,2025,031,031-1-02,44531605.88235294
TALCA,2025,031,031-1-03,12159078.99159664
TALCA,2025,031,031-1-04,3542621.0084033613
TALCA,2025,031,031-2-02,55678605.04201681
TALCA,2025,031,031-2-03,27354580.67226891
TALCA,2025,031,031-2-04,4856826.050420168
TALCA,2025,032,032-1-01,711642.8571428572
TALCA,2025,032,032-1-02,885085.7142857143
TALCA,2025,032,032-1-03,630210.0840336134
TALCA,2025,032,032-2-02,220700.0
TALCA,2025,032,032-2-05,724678.1512605043
TALCA,2025,033,033-1-01,23764184.87394958
TALCA,2025,033,033-1-02,14919408.403361345
TALCA,2025,033,033-1-03,12267405.042016808
TALCA,2025,033,033-1-04,12914726.050420169
TALCA,2025,033,033-1-05,1534693.2773109244
TALCA,2025,033,033-1-06,1442345.3781512605
TALCA,2025,033,033-1-07,2509234.4537815126
TALCA,2025,033,033-2-02,3117599.159663866
TALCA,2025,033,033-2-03,3941009.243697479
TALCA,2025,033,033-2-05,849408.4033613446
TALCA,2025,034,034-1-01,3811678.9915966387
TALCA,2025,034,034-1-02,2907194.9579831935
TALCA,2025,034,034-1-03,1216305.8823529412
TALCA,2025,034,034-1-05,58808.403361344535
TALCA,2025,034,034-1-06,265272.26890756306
TALCA,2025,034,034-1-07,986105.0420168068
TALCA,2025,034,034-1-08,592055.462184874
TALCA,2025,034,034-1-09,2089187.3949579832
TALCA,2025,034,034-1-10,429493.2773109244
TALCA,2025,035,035-2-02,2602715.12605042
TALCA,2025,035,035-2-04,7522740.336134454
TALCA,2025,035,035-2-05,374698.3193277311
TALCA,2025,035,035-2-06,4100152.100840336
TALCA,2025,035,035-2-07,2075005.8823529414
TALCA,2025,035,035-2-09,3015914.285714286
TALCA,2025,035,035-2-10,2109073.949579832
TALCA,2025,035,035-2-11,6684997.478991597
TALCA,2025,035,035-2-12,1354155.462184874
TALCA,2025,036,036-1-02,211747.89915966388
TALCA,2025,036,036-1-03,6904253.781512606
TALCA,2025,036,036-1-04,1196144.5378151261
TALCA,2025,036,036-1-05,1079004.2016806724
TALCA,2025,036,036-1-06,2598078.9915966387
TALCA,2025,036,036-1-07,5371751.260504202
TALCA,2025,036,036-1-08,859224.3697478992
TALCA,2025,051,051-1-01,46074319.327731095
TALCA,2025,080,080-1-01,106764.70588235295
TALCA,2025,101,101-1-35,100109.24369747899
TALCA,2025,101,101-2-35,755208.4033613446
TALCA,2025,102,102-2-01,91855.46218487396
TALCA,2025,102,102-2-05,638561.3445378152
TALCA,2025,103,103-1-04,280985.7142857143
TALCA,2025,103,103-2-04,176924.36974789918
TALCA,2025,104,104-2-01,7975883.1932773115
TALCA,2025,105,105-1-02,3283635.294117647
TALCA,2025,105,105-2-01,403310.924369748
TALCA,2025,105,105-2-02,322635.29411764705
TALCA,2025,105,105-2-03,709633.6134453781
TALCA,2025,105,105-2-04,384848.73949579836
TALCA,2025,105,105-2-06,553410.0840336136
TALCA,2025,106,106-1-05,311722.6890756303
TALCA,2025,106,106-1-06,2318505.882352941
TALCA,2025,106,106-2-01,62235.29411764706
TALCA,2025,106,106-2-02,4529.411764705883
TALCA,2025,106,106-2-03,286008.40336134454
TALCA,2025,106,106-2-04,255148.73949579833
TALCA,2025,106,106-2-05,77529.41176470587
TALCA,2025,107,107-1-01,3842410.924369748
TALCA,2025,107,107-1-02,166230.25210084033
TALCA,2025,107,107-1-03,8098720.168067227
TALCA,2025,107,107-1-04,1669421.848739496
TALCA,2025,107,107-1-05,7261640.336134454
TALCA,2025,107,107-2-01,819797.4789915967
TALCA,2025,107,107-2-02,1131214.2857142857
TALCA,2025,107,107-2-03,951.2605042016808
TALCA,2025,107,107-2-04,45436.13445378152
TALCA,2025,108,108-1-03,2946245.378151261
TALCA,2025,108,108-1-05,2982319.3277310925
TALCA,2025,108,108-2-01,199294.11764705883
TALCA,2025,108,108-2-04,498890.75630252104
TALCA,2025,108,108-2-05,129139.49579831933
TALCA,2025,109,109-1-01,11403.361344537816
TALCA,2025,109,109-1-02,1535546.218487395
TALCA,2025,109,109-1-03,2158310.924369748
TALCA,2025,109,109-1-04,902000.0
TALCA,2025,109,109-1-05,8447799.159663865
TALCA,2025,110,110-1-01,3891302.5210084035
TALCA,2025,111,111-2-01,3199872.2689075633
TALCA,2025,111,111-2-03,215667.2268907563
TALCA,2025,111,111-2-04,97236.97478991597
TALCA,2025,112,112-1-01,68361.34453781514
TALCA,2025,112,112-1-02,220420.1680672269
TALCA,2025,112,112-1-03,38213.445378151264
TALCA,2025,112,112-2-01,14420.168067226892
TALCA,2025,112,112-2-02,127605.04201680674
TALCA,2025,112,112-2-03,889434.4537815126
TALCA,2025,112,112-2-04,35579.83193277311
TALCA,2025,113,113-1-02,85058.82352941178
TALCA,2025,113,113-2-01,488662.1848739496
TALCA,2025,113,113-2-03,210846.21848739494
TALCA,2025,114,114-1-02,52386.55462184874
TALCA,2025,114,114-1-03,44571.42857142857
TALCA,2025,115,115-1-01,2495.7983193277314
TALCA,2025,115,115-2-01,232477.31092436975
TALCA,2025,116,116-1-03,25565.546218487398
TALCA,2025,116,116-2-01,287105.8823529412
TALCA,2025,116,116-2-02,328522.6890756303
TALCA,2025,116,116-2-03,177420.1680672269
TALCA,2025,116,116-2-04,37949.57983193277
TALCA,2025,117,117-1-02,33605.04201680672
TALCA,2025,117,117-1-04,69722.68907563025
TALCA,2025,117,117-1-07,460077.3109243698
TALCA,2025,117,117-2-03,851031.9327731093
TALCA,2025,117,117-2-04,1884555.462184874
TALCA,2025,117,117-2-05,530696.6386554622
TALCA,2025,117,117-2-06,163747.89915966388
TALCA,2025,118,118-1-01,195509.24369747902
TALCA,2025,118,118-1-04,78714.28571428572
TALCA,2025,118,118-1-05,987652.1008403362
TALCA,2025,118,118-1-06,64537.815126050424
TALCA,2025,118,118-1-07,43746.21848739496
TALCA,2025,118,118-1-08,5233535.294117647
TALCA,2025,118,118-2-01,3848.7394957983197
TALCA,2025,118,118-2-02,23621.8487394958
TALCA,2025,118,118-2-03,11243.697478991597
TALCA,2025,118,118-2-04,196961.34453781514
TALCA,2025,118,118-2-05,14184.873949579833
TALCA,2025,119,119-1-01,1986513.4453781513
TALCA,2025,119,119-1-04,8533849.579831934
TALCA,2025,119,119-1-05,4378591.596638655
TALCA,2025,119,119-1-06,1002897.4789915967
TALCA,2025,120,120-1-01,747.8991596638656
TALCA,2025,120,120-1-02,406.7226890756303
TALCA,2025,120,120-1-03,11672.268907563026
TALCA,2025,120,120-1-04,19142.857142857145
TALCA,2025,120,120-1-05,32403.361344537814
TALCA,2025,120,120-2-04,914629.4117647059
TALCA,2025,120,120-2-05,2080717.6470588236
TALCA,2025,120,120-2-06,20075.63025210084
TALCA,2025,121,121-1-01,300354.6218487395
TALCA,2025,121,121-1-02,11411.764705882353
TALCA,2025,121,121-1-03,3922.6890756302523
TALCA,2025,121,121-1-04,719614.2857142857
TALCA,2025,121,121-2-02,13739.495798319327
TALCA,2025,121,121-2-03,13057.142857142857
TALCA,2025,122,122-1-01,721942.8571428572
TALCA,2025,122,122-1-03,10690.75630252101
TALCA,2025,122,122-1-04,955994.1176470589
TALCA,2025,122,122-1-05,1034896.6386554622
TALCA,2025,122,122-2-01,1142442.8571428573
TALCA,2025,122,122-2-02,841348.7394957984
TALCA,2025,122,122-2-03,501495.79831932776
TALCA,2025,123,123-1-01,60354.621848739494
TALCA,2025,123,123-1-03,311427.73109243694
TALCA,2025,123,123-2-01,2129917.6470588236
TALCA,2025,123,123-2-02,336822.6890756303
TALCA,2025,123,123-2-03,6991845.378151261
TALCA,2025,123,123-2-04,2233893.2773109246
TALCA,2025,123,123-2-05,889992.43697479
TALCA,2025,124,124-1-02,2213.4453781512607
TALCA,2025,124,124-1-03,26184.873949579833
TALCA,2025,124,124-1-04,873966.3865546219
TALCA,2025,124,124-1-05,5779.83193277311
TALCA,2025,125,125-1-01,3112880.6722689075
TALCA,2025,125,125-1-02,535580.6722689075
TALCA,2025,125,125-2-01,1528414.2857142857
TALCA,2025,125,125-2-03,67529.41176470589
TALCA,2025,125,125-2-04,94388.23529411765
TALCA,2025,125,125-2-05,2738700.0
TALCA,2025,125,125-2-06,147992.43697478992
TALCA,2025,126,126-1-01,893389.0756302521
TALCA,2025,126,126-1-02,45643479.831932776
TALCA,2025,126,126-1-04,29619726.05042017
TALCA,2025,126,126-1-09,41804242.85714286
TALCA,2025,126,126-1-11,1140786.5546218487
TALCA,2025,126,126-1-12,1444994.1176470588
TALCA,2025,126,126-1-14,194369563.86554623
TALCA,2025,126,126-2-01,37310.9243697479
TALCA,2025,126,126-2-08,73499704.20168068
TALCA,2025,127,127-2-01,37807120.16806723
TALCA,2025,128,128-1-01,3219401.680672269
TALCA,2025,128,128-1-02,3241926.8907563025
TALCA,2025,128,128-1-03,955967.2268907564
TALCA,2025,128,128-1-04,90815483.19327731
TALCA,2025,128,128-1-05,15272446.218487395
TALCA,2025,151,151-1-01,6936776.470588236
TALCA,2025,151,151-1-02,123801430.25210086
TALCA,2025,151,151-1-03,192640652.94117647
TALCA,2025,151,151-1-04,60438994.957983196
TALCA,2025,151,151-1-05,15111349.579831934
TALCA,2025,151,151-1-06,13381446.218487397
TALCA,2025,151,151-1-07,31677695.79831933
TALCA,2025,151,151-1-08,4136598.319327731
TALCA,2025,151,151-1-09,5718615.966386555
TALCA,2025,151,151-1-10,64966650.42016807
TALCA,2025,151,151-1-11,10698368.06722689
TALCA,2025,151,151-1-12,40885240.336134456
TALCA,2025,151,151-1-13,18128464.705882356
TALCA,2025,151,151-1-14,325978524.3697479
TALCA,2025,151,151-1-15,17390778.99159664
TALCA,2025,151,151-1-16,32718080.67226891
TALCA,2025,151,151-1-17,2925668.067226891
TALCA,2025,151,151-1-18,7664815.126050421
TALCA,2025,151,151-1-19,40437947.05882353
TALCA,2025,151,151-1-20,13636568.907563025
TALCA,2025,151,151-1-21,7668106.722689075
TALCA,2025,151,151-1-22,9655859.663865548
TALCA,2025,151,151-1-23,15221752.941176472
TALCA,2025,151,151-1-24,52298621.8487395
TALCA,2025,151,151-1-25,17148578.99159664
TALCA,2025,151,151-1-26,6872833.613445379
TALCA,2025,151,151-1-27,1221375.630252101
TALCA,2025,151,151-1-29,2864226.8907563025
TALCA,2025,151,151-1-30,2403224.3697478995
TALCA,2025,151,151-1-31,5466679.831932774
TALCA,2025,154,154-1-01,4723605.042016807
TALCA,2025,155,155-1-01,920489.9159663866
TALCA,2025,155,155-1-03,241974.7899159664
TALCA,2025,155,155-1-04,753888.2352941177
TALCA,2025,155,155-1-05,1573486.5546218487
TALCA,2025,155,155-1-06,1189007.56302521
TALCA,2025,155,155-1-07,6088036.974789917
TALCA,2025,155,155-1-08,22130463.86554622
TALCA,2025,155,155-1-10,4676377.31092437
TALCA,2025,155,155-1-12,2814730.2521008407
TALCA,2025,155,155-1-14,2949529.411764706
TALCA,2025,155,155-1-15,5703278.1512605045
TALCA,2025,155,155-1-16,11575333.613445379
TALCA,2025,155,155-1-18,10251450.420168068
TALCA,2025,155,155-1-19,1915805.0420168068
TALCA,2025,155,155-1-20,7856054.62184874
TALCA,2025,155,155-1-21,13726927.731092438
TALCA,2025,155,155-2-01,248478.1512605042
TALCA,2025,180,180-1-01,230978.99159663866
TALCA,2025,200,200-1-01,50991426.8907563
TALCA,2025,200,200-1-04,3992047.0588235296
TALCA,2025,200,200-1-06,231000.0
TALCA,2025,201,201-1-01,5738231.092436975
TALCA,2025,201,201-1-05,90630.25210084034
TALCA,2025,201,201-1-06,28588.235294117647
TALCA,2025,201,201-2-01,6243099.159663866
TALCA,2025,201,201-2-05,5764731.9327731095
TALCA,2025,201,201-2-06,907268.9075630252
TALCA,2025,201,201-2-07,6849755.462184874
TALCA,2025,201,201-2-09,91117.64705882354
TALCA,2025,201,201-2-11,1421378.1512605043
TALCA,2025,201,201-2-12,1163900.0
TALCA,2025,202,202-1-03,7666395.798319328
TALCA,2025,202,202-1-07,289411.76470588235
TALCA,2025,202,202-1-08,2085058.8235294118
TALCA,2025,202,202-1-10,1187330.2521008404
TALCA,2025,203,203-1-02,4574070.588235294
TALCA,2025,203,203-1-03,6537594.117647059
TALCA,2025,203,203-1-09,14116869.74789916
TALCA,2025,204,204-1-01,2880104.2016806724
TALCA,2025,204,204-1-10,155798.3193277311
TALCA,2025,204,204-1-12,60583.19327731093
TALCA,2025,204,204-2-09,4420051.260504202
TALCA,2025,204,204-2-10,3251986.5546218487
TALCA,2025,204,204-2-11,2176994.117647059
TALCA,2025,205,205-1-10,341848.73949579836
TALCA,2025,205,205-1-12,933419.3277310925
TALCA,2025,205,205-2-01,3263423.529411765
TALCA,2025,205,205-2-03,7846003.361344539
TALCA,2025,205,205-2-04,4049663.8655462186
TALCA,2025,206,206-1-04,1195361.344537815
TALCA,2025,206,206-1-08,164000.84033613445
TALCA,2025,206,206-1-09,4051854.6218487397
TALCA,2025,206,206-1-10,5463236.974789917
TALCA,2025,206,206-2-01,2157317.6470588236
TALCA,2025,206,206-2-02,10927038.655462185
TALCA,2025,206,206-2-03,3514324.3697478995
TALCA,2025,206,206-2-04,5906580.672268908
TALCA,2025,206,206-2-05,1768126.050420168
TALCA,2025,206,206-2-09,1530673.9495798321
TALCA,2025,206,206-2-11,701126.0504201681
TALCA,2025,207,207-1-08,402420.1680672269
TALCA,2025,207,207-1-10,628126.8907563025
TALCA,2025,207,207-1-11,636635.294117647
TALCA,2025,207,207-2-01,3999336.1344537814
TALCA,2025,207,207-2-05,650336.1344537815
TALCA,2025,207,207-2-10,56080.67226890757
TALCA,2025,207,207-2-12,1510383.193277311
TALCA,2025,208,208-1-01,1721118.487394958
TALCA,2025,208,208-1-02,831633.6134453781
TALCA,2025,208,208-1-04,109638.65546218488
TALCA,2025,208,208-1-05,751289.0756302521
TALCA,2025,208,208-1-06,1358697.478991597
TALCA,2025,208,208-1-07,754613.4453781513
TALCA,2025,208,208-1-08,904607.56302521
TALCA,2025,208,208-1-09,612722.6890756303
TALCA,2025,208,208-1-10,1014615.9663865548
TALCA,2025,208,208-1-11,177386.55462184877
TALCA,2025,208,208-1-12,2532160.504201681
TALCA,2025,208,208-2-01,821084.0336134455
TALCA,2025,208,208-2-02,1809932.7731092437
TALCA,2025,208,208-2-05,1690649.579831933
TALCA,2025,208,208-2-07,167400.84033613445
TALCA,2025,208,208-2-08,542916.8067226891
TALCA,2025,208,208-2-09,1766841.1764705884
TALCA,2025,208,208-2-10,1034088.2352941177
TALCA,2025,208,208-2-11,3479377.3109243703
TALCA,2025,208,208-2-13,790680.6722689077
TALCA,2025,209,209-2-01,11736675.6302521
TALCA,2025,209,209-2-17,1721896.6386554623
TALCA,2025,209,209-2-20,2157342.8571428573
TALCA,2025,209,209-2-21,214897.47899159667
TALCA,2025,210,210-1-01,5804863.025210083
TALCA,2025,210,210-1-02,779565.5462184874
TALCA,2025,210,210-1-06,1470496.6386554623
TALCA,2025,211,211-1-03,4492210.924369748
TALCA,2025,211,211-1-06,828042.0168067227
TALCA,2025,214,214-1-05,442282.3529411765
TALCA,2025,214,214-1-06,437415.1260504202
TALCA,2025,214,214-1-08,81764.70588235295
TALCA,2025,214,214-1-09,78432.7731092437
TALCA,2025,214,214-1-10,53420.16806722689
TALCA,2025,214,214-1-11,22764.70588235294
TALCA,2025,214,214-1-14,1058.8235294117649
TALCA,2025,214,214-2-02,1236877.3109243698
TALCA,2025,214,214-2-04,2949771.4285714286
TALCA,2025,217,217-1-05,1589133.6134453781
TALCA,2025,219,219-1-02,2815915.9663865548
TALCA,2025,219,219-1-03,4314308.403361345
TALCA,2025,219,219-1-04,348504.20168067224
TALCA,2025,219,219-2-04,771038.6554621849
TALCA,2025,219,219-2-05,180781.51260504202
TALCA,2025,219,219-2-06,50524.36974789916
TALCA,2025,219,219-2-07,316335.2941176471
TALCA,2025,220,220-2-02,379100.0
TALCA,2025,220,220-2-03,162378.1512605042
TALCA,2025,220,220-2-04,77235.29411764706
TALCA,2025,222,222-1-01,1372638.655462185
TALCA,2025,222,222-1-02,46008.403361344535
TALCA,2025,222,222-1-04,212585.71428571432
TALCA,2025,222,222-1-05,33504.20168067227
TALCA,2025,222,222-1-06,211327.731092437
TALCA,2025,222,222-1-10,408537.81512605044
TALCA,2025,222,222-1-11,32932.7731092437
TALCA,2025,222,222-1-12,376798.3193277311
TALCA,2025,223,223-1-04,59764.705882352944
TALCA,2025,223,223-1-06,207874.7899159664
TALCA,2025,223,223-1-07,1007961.3445378152
TALCA,2025,223,223-1-08,329460.50420168065
TALCA,2025,223,223-1-09,183588.23529411765
TALCA,2025,223,223-1-10,867199.1596638656
TALCA,2025,223,223-1-12,2024898.3193277312
TALCA,2025,223,223-1-13,3249842.016806723
TALCA,2025,223,223-1-14,665289.9159663866
TALCA,2025,223,223-1-15,2770673.1092436975
TALCA,2025,223,223-1-18,24932.7731092437
TALCA,2025,223,223-1-19,403848.73949579836
TALCA,2025,224,224-2-01,4994989.075630252
TALCA,2025,224,224-2-03,2625283.193277311
TALCA,2025,224,224-2-07,757536.1344537815
TALCA,2025,224,224-2-08,60895.79831932773
TALCA,2025,224,224-2-09,1075835.2941176472
TALCA,2025,230,230-1-01,77369.74789915967
TALCA,2025,230,230-1-02,1121623.5294117648
TALCA,2025,230,230-1-04,94915.96638655463
TALCA,2025,230,230-1-09,2743685.7142857146
TALCA,2025,230,230-1-10,4128069.74789916
TALCA,2025,230,230-1-11,4717805.882352942
TALCA,2025,230,230-1-12,2962073.949579832
TALCA,2025,230,230-1-13,1965226.8907563025
TALCA,2025,230,230-1-14,871329.4117647059
TALCA,2025,230,230-1-17,655262.1848739496
TALCA,2025,240,240-1-01,650096.6386554622
TALCA,2025,240,240-1-02,3555355.4621848743
TALCA,2025,240,240-1-03,255016.8067226891
TALCA,2025,240,240-1-04,434498.3193277311
TALCA,2025,240,240-1-06,600700.8403361345
TALCA,2025,240,240-1-07,393852.1008403362
TALCA,2025,240,240-1-08,1069445.3781512605
TALCA,2025,240,240-1-09,60487.3949579832
TALCA,2025,240,240-1-11,2094274.7899159663
TALCA,2025,240,240-1-12,2172330.25210084
TALCA,2025,240,240-1-13,233403.3613445378
TALCA,2025,240,240-1-17,10915.966386554623
TALCA,2025,270,270-1-02,17095230.25210084
TALCA,2025,270,270-1-03,33525301.68067227
TALCA,2025,310,310-1-01,709554.6218487396
TALCA,2025,341,341-1-01,60900492.43697479
TALCA,2025,500,500-1-01,7521.008403361346
TALCA,2025,900,900-1-01,56547.05882352941
TALCA,2026,001,001-1-01,96759.66386554622
TALCA,2026,001,001-1-02,103754.62184873951
TALCA,2026,001,001-1-03,383031.9327731093
TALCA,2026,001,001-2-01,4112952.941176471
TALCA,2026,001,001-2-02,1913923.5294117648
TALCA,2026,002,002-1-01,2902740.336134454
TALCA,2026,002,002-1-02,892331.9327731093
TALCA,2026,002,002-1-03,11292289.915966388
TALCA,2026,002,002-2-02,40820.16806722689
TALCA,2026,002,002-2-03,129639.49579831933
TALCA,2026,003,003-1-01,3569910.0840336136
TALCA,2026,003,003-1-02,3332120.1680672267
TALCA,2026,003,003-2-01,864833.6134453783
TALCA,2026,003,003-2-02,134198.3193277311
TALCA,2026,003,003-2-03,612831.0924369749
TALCA,2026,003,003-2-04,2169041.1764705884
TALCA,2026,004,004-1-01,59892.43697478992
TALCA,2026,004,004-1-02,3662473.949579832
TALCA,2026,004,004-1-03,9433304.201680673
TALCA,2026,004,004-2-01,2240914.285714286
TALCA,2026,004,004-2-02,698871.4285714285
TALCA,2026,005,005-1-01,5377178.991596638
TALCA,2026,005,005-1-02,1869615.12605042
TALCA,2026,005,005-1-03,1481970.5882352942
TALCA,2026,005,005-2-01,693082.3529411764
TALCA,2026,005,005-2-02,636178.1512605043
TALCA,2026,005,005-2-03,294100.0
TALCA,2026,006,006-1-01,3697086.5546218487
TALCA,2026,006,006-2-01,516062.18487394956
TALCA,2026,006,006-2-02,587755.462184874
TALCA,2026,006,006-2-03,3964964.7058823532
TALCA,2026,007,007-1-01,6757779.831932774
TALCA,2026,007,007-1-02,1487778.1512605043
TALCA,2026,007,007-1-03,119247.05882352943
TALCA,2026,007,007-1-04,2210725.210084034
TALCA,2026,007,007-1-05,1445900.8403361344
TALCA,2026,007,007-1-06,722524.3697478991
TALCA,2026,007,007-2-01,2564172.2689075633
TALCA,2026,007,007-2-02,9139100.0
TALCA,2026,008,008-1-01,2812549.579831933
TALCA,2026,008,008-1-02,2730891.5966386558
TALCA,2026,008,008-1-03,4459500.0
TALCA,2026,008,008-1-04,1095128.5714285716
TALCA,2026,008,008-2-01,1583805.0420168068
TALCA,2026,008,008-2-02,2564308.4033613447
TALCA,2026,008,008-2-03,624700.0
TALCA,2026,008,008-2-04,5527079.831932774
TALCA,2026,008,008-2-05,4454867.226890757
TALCA,2026,009,009-1-01,88507.56302521008
TALCA,2026,009,009-1-02,992914.2857142857
TALCA,2026,009,009-1-03,323547.8991596639
TALCA,2026,009,009-1-04,15235.29411764706
TALCA,2026,009,009-1-05,302228.5714285714
TALCA,2026,009,009-1-06,359440.33613445377
TALCA,2026,009,009-2-01,441336.97478991596
TALCA,2026,009,009-2-02,2953526.0504201683
TALCA,2026,009,009-2-03,1711769.7478991598
TALCA,2026,009,009-2-05,1201703.361344538
TALCA,2026,009,009-2-06,6008898.319327732
TALCA,2026,010,010-1-01,7878646.218487395
TALCA,2026,010,010-1-02,622843.6974789916
TALCA,2026,011,011-1-01,7394065.546218487
TALCA,2026,011,011-1-02,14692600.840336135
TALCA,2026,011,011-1-03,11708412.605042018
TALCA,2026,011,011-2-02,1825918.487394958
TALCA,2026,011,011-2-03,1262115.9663865548
TALCA,2026,011,011-2-04,1364774.7899159666
TALCA,2026,011,011-2-05,2329187.3949579834
TALCA,2026,011,011-2-06,4077575.630252101
TALCA,2026,012,012-1-01,36042.01680672269
TALCA,2026,012,012-1-02,77592.43697478992
TALCA,2026,012,012-2-02,97058.82352941178
TALCA,2026,012,012-2-03,3065342.8571428573
TALCA,2026,013,013-1-01,5860937.815126051
TALCA,2026,013,013-1-02,3844646.218487395
TALCA,2026,013,013-1-03,2923155.462184874
TALCA,2026,013,013-1-04,1342242.0168067229
TALCA,2026,013,013-2-01,3400421.848739496
TALCA,2026,013,013-2-02,2148361.344537815
TALCA,2026,013,013-2-03,4088782.352941177
TALCA,2026,013,013-2-04,2080017.6470588236
TALCA,2026,014,014-1-01,15675631.092436975
TALCA,2026,014,014-1-02,145355.46218487396
TALCA,2026,014,014-2-01,79678.15126050421
TALCA,2026,014,014-2-02,2562432.7731092437
TALCA,2026,014,014-2-03,750976.4705882353
TALCA,2026,015,015-1-01,1138034.4537815126
TALCA,2026,015,015-2-04,3660147.899159664
TALCA,2026,015,015-2-05,584268.9075630252
TALCA,2026,016,016-1-01,896218.487394958
TALCA,2026,016,016-1-02,1500561.344537815
TALCA,2026,016,016-2-02,2345010.924369748
TALCA,2026,016,016-2-03,859268.0672268908
TALCA,2026,017,017-1-01,5793151.260504202
TALCA,2026,017,017-1-02,18339657.142857146
TALCA,2026,017,017-1-03,6254148.739495799
TALCA,2026,017,017-1-04,8633289.915966386
TALCA,2026,017,017-2-02,1899553.781512605
TALCA,2026,017,017-2-03,2009683.193277311
TALCA,2026,018,018-1-01,2846518.4873949583
TALCA,2026,018,018-1-02,6176200.0
TALCA,2026,018,018-2-01,388900.0
TALCA,2026,018,018-2-02,723453.781512605
TALCA,2026,019,019-1-01,4409833.613445378
TALCA,2026,019,019-1-02,3903733.6134453784
TALCA,2026,019,019-1-03,6169468.067226891
TALCA,2026,019,019-1-04,604026.8907563025
TALCA,2026,019,019-2-01,3778093.2773109246
TALCA,2026,019,019-2-02,912812.6050420168
TALCA,2026,019,019-2-03,11924989.075630253
TALCA,2026,019,019-2-04,6262590.756302522
TALCA,2026,020,020-1-01,184857.14285714287
TALCA,2026,020,020-1-02,1084126.050420168
TALCA,2026,020,020-1-03,892635.2941176471
TALCA,2026,020,020-2-01,1746815.9663865548
TALCA,2026,020,020-2-02,1111477.3109243698
TALCA,2026,021,021-1-01,1467615.9663865548
TALCA,2026,021,021-1-02,6970286.554621849
TALCA,2026,021,021-1-03,5352489.075630252
TALCA,2026,021,021-1-04,5245858.823529412
TALCA,2026,021,021-2-01,1774786.5546218487
TALCA,2026,021,021-2-02,1808148.7394957985
TALCA,2026,021,021-2-03,5729705.042016807
TALCA,2026,021,021-2-04,1970344.5378151261
TALCA,2026,022,022-1-01,550320.1680672269
TALCA,2026,022,022-1-02,783906.7226890756
TALCA,2026,022,022-1-14,3663.8655462184875
TALCA,2026,022,022-2-01,2949036.134453782
TALCA,2026,022,022-2-02,3894631.092436975
TALCA,2026,023,023-1-01,1574194.1176470588
TALCA,2026,023,023-1-02,2356428.5714285714
TALCA,2026,023,023-1-03,1653168.067226891
TALCA,2026,023,023-1-04,1980192.43697479
TALCA,2026,023,023-1-05,93655.46218487396
TALCA,2026,023,023-2-01,5129916.806722689
TALCA,2026,023,023-2-02,3788784.0336134457
TALCA,2026,023,023-2-03,3747602.5210084035
TALCA,2026,023,023-2-04,1721130.2521008404
TALCA,2026,024,024-1-01,113932.77310924369
TALCA,2026,024,024-1-02,579478.9915966387
TALCA,2026,024,024-2-01,865581.5126050421
TALCA,2026,024,024-2-02,1011347.8991596638
TALCA,2026,025,025-1-01,1422265.5462184874
TALCA,2026,025,025-1-02,770928.5714285715
TALCA,2026,025,025-1-03,468062.1848739496
TALCA,2026,025,025-1-04,547617.6470588236
TALCA,2026,025,025-2-01,932420.1680672269
TALCA,2026,025,025-2-02,1013329.4117647059
TALCA,2026,025,025-2-03,4040090.756302521
TALCA,2026,025,025-2-04,1925306.7226890756
TALCA,2026,026,026-1-01,4093913.4453781517
TALCA,2026,026,026-1-02,2531957.142857143
TALCA,2026,026,026-2-01,2367278.9915966387
TALCA,2026,026,026-2-02,3051802.5210084035
TALCA,2026,027,027-1-01,3182967.2268907563
TALCA,2026,027,027-1-02,3553365.5462184874
TALCA,2026,027,027-1-03,760895.7983193278
TALCA,2026,027,027-1-04,507211.7647058824
TALCA,2026,027,027-2-01,4652586.554621849
TALCA,2026,027,027-2-02,1197274.7899159663
TALCA,2026,027,027-2-03,728956.3025210084
TALCA,2026,027,027-2-04,1219894.9579831935
TALCA,2026,028,028-1-01,3136007.56302521
TALCA,2026,028,028-1-02,6393586.554621849
TALCA,2026,028,028-1-03,4404292.43697479
TALCA,2026,028,028-1-04,8148018.487394958
TALCA,2026,028,028-1-05,10775673.949579833
TALCA,2026,028,028-2-01,1374178.1512605043
TALCA,2026,028,028-2-02,2697644.537815126
TALCA,2026,028,028-2-03,294347.0588235294
TALCA,2026,028,028-2-04,906534.4537815127
TALCA,2026,029,029-1-01,6580452.100840337
TALCA,2026,029,029-1-02,25913214.285714287
TALCA,2026,029,029-1-03,7083289.915966387
TALCA,2026,029,029-1-04,225947.89915966388
TALCA,2026,029,029-2-01,16833333.61344538
TALCA,2026,029,029-2-02,9835418.487394959
TALCA,2026,029,029-2-03,2697925.2100840337
TALCA,2026,029,029-2-04,4131668.067226891
TALCA,2026,030,030-1-01,1561705.8823529412
TALCA,2026,030,030-1-02,1584554.6218487395
TALCA,2026,030,030-1-03,2524605.042016807
TALCA,2026,030,030-1-04,1429323.5294117648
TALCA,2026,030,030-2-02,11835125.210084034
TALCA,2026,030,030-2-03,11959581.512605043
TALCA,2026,030,030-2-04,10441883.193277312
TALCA,2026,030,030-2-05,9341934.453781513
TALCA,2026,031,031-1-01,19559871.42857143
TALCA,2026,031,031-1-02,48643954.62184874
TALCA,2026,031,031-1-03,12382311.764705883
TALCA,2026,031,031-1-04,3057225.2100840337
TALCA,2026,031,031-2-02,67098690.75630252
TALCA,2026,031,031-2-03,21553394.11764706
TALCA,2026,031,031-2-04,2969617.6470588236
TALCA,2026,032,032-1-01,162671.42857142858
TALCA,2026,032,032-1-02,1111018.487394958
TALCA,2026,032,032-1-03,1215386.5546218487
TALCA,2026,032,032-1-04,631689.0756302521
TALCA,2026,032,032-2-02,321672.26890756306
TALCA,2026,032,032-2-04,665936.974789916
TALCA,2026,032,032-2-05,679301.680672269
TALCA,2026,033,033-1-01,21748761.344537817
TALCA,2026,033,033-1-02,18389086.55462185
TALCA,2026,033,033-1-03,16779225.210084036
TALCA,2026,033,033-1-04,15378772.268907564
TALCA,2026,033,033-1-05,1708883.193277311
TALCA,2026,033,033-1-06,2158492.43697479
TALCA,2026,033,033-1-07,2905441.1764705884
TALCA,2026,033,033-2-02,3754426.8907563025
TALCA,2026,033,033-2-03,4374943.697478992
TALCA,2026,033,033-2-04,34949.57983193277
TALCA,2026,033,033-2-05,858851.2605042018
TALCA,2026,034,034-1-01,4718797.478991597
TALCA,2026,034,034-1-02,3666141.1764705884
TALCA,2026,034,034-1-03,1187142.8571428573
TALCA,2026,034,034-1-04,1794284.0336134455
TALCA,2026,034,034-1-05,320924.3697478992
TALCA,2026,034,034-1-06,169747.89915966388
TALCA,2026,034,034-1-07,1227815.9663865548
TALCA,2026,034,034-1-08,1223744.5378151261
TALCA,2026,034,034-1-09,2429962.1848739497
TALCA,2026,034,034-1-10,439923.5294117647
TALCA,2026,035,035-2-02,2791341.1764705884
TALCA,2026,035,035-2-03,800398.3193277312
TALCA,2026,035,035-2-04,6183613.445378152
TALCA,2026,035,035-2-05,618551.2605042018
TALCA,2026,035,035-2-06,2822142.0168067226
TALCA,2026,035,035-2-07,2919372.2689075633
TALCA,2026,035,035-2-08,928899.1596638656
TALCA,2026,035,035-2-09,2927409.243697479
TALCA,2026,035,035-2-10,3355501.680672269
TALCA,2026,035,035-2-11,4764990.756302522
TALCA,2026,035,035-2-12,1106502.5210084035
TALCA,2026,036,036-1-01,568431.9327731093
TALCA,2026,036,036-1-02,1412900.8403361347
TALCA,2026,036,036-1-03,5918145.378151261
TALCA,2026,036,036-1-04,1797319.3277310925
TALCA,2026,036,036-1-05,849638.6554621849
TALCA,2026,036,036-1-06,2393067.2268907563
TALCA,2026,036,036-1-07,7347105.882352942
TALCA,2026,036,036-1-08,547681.5126050421
TALCA,2026,051,051-1-01,31664158.823529415
TALCA,2026,070,070-1-02,983838.6554621849
TALCA,2026,070,070-1-21,7554.621848739496
TALCA,2026,080,080-1-01,248327.73109243697
TALCA,2026,101,101-1-35,120559.66386554622
TALCA,2026,101,101-2-35,92394.9579831933
TALCA,2026,102,102-2-05,237258.82352941178
TALCA,2026,103,103-1-04,168928.57142857142
TALCA,2026,104,104-2-01,10435437.81512605
TALCA,2026,105,105-1-02,1249205.0420168068
TALCA,2026,105,105-2-01,80662.18487394959
TALCA,2026,105,105-2-03,305855.462184874
TALCA,2026,106,106-1-06,879260.5042016807
TALCA,2026,106,106-2-01,48499.15966386555
TALCA,2026,106,106-2-02,13588.235294117649
TALCA,2026,106,106-2-03,320351.2605042017
TALCA,2026,106,106-2-04,164647.05882352943
TALCA,2026,106,106-2-05,228873.94957983194
TALCA,2026,107,107-1-01,991037.8151260505
TALCA,2026,107,107-1-02,152196.6386554622
TALCA,2026,107,107-1-03,7069327.731092437
TALCA,2026,107,107-1-04,1154726.050420168
TALCA,2026,107,107-1-05,2946673.949579832
TALCA,2026,107,107-2-01,696141.1764705883
TALCA,2026,107,107-2-02,651194.9579831933
TALCA,2026,107,107-2-03,228.57142857142858
TALCA,2026,107,107-2-04,96727.73109243698
TALCA,2026,108,108-1-03,1975938.655462185
TALCA,2026,108,108-1-05,3247756.3025210085
TALCA,2026,108,108-2-01,180722.68907563027
TALCA,2026,108,108-2-04,478243.69747899164
TALCA,2026,108,108-2-05,47857.14285714286
TALCA,2026,109,109-1-01,96882.35294117648
TALCA,2026,109,109-1-02,854311.7647058824
TALCA,2026,109,109-1-03,1577380.6722689078
TALCA,2026,109,109-1-04,481051.2605042017
TALCA,2026,109,109-1-05,19465546.218487397
TALCA,2026,110,110-1-01,2836356.3025210085
TALCA,2026,111,111-2-01,685514.2857142858
TALCA,2026,111,111-2-03,61613.445378151264
TALCA,2026,111,111-2-04,25588.23529411765
TALCA,2026,112,112-1-01,23067.226890756305
TALCA,2026,112,112-1-02,66323.52941176471
TALCA,2026,112,112-1-03,73175.63025210083
TALCA,2026,112,112-2-01,27512.605042016807
TALCA,2026,112,112-2-02,115210.08403361346
TALCA,2026,112,112-2-03,891864.705882353
TALCA,2026,112,112-2-04,72393.27731092437
TALCA,2026,113,113-1-02,17291.596638655465
TALCA,2026,113,113-1-03,10057.142857142857
TALCA,2026,113,113-2-01,457991.5966386554
TALCA,2026,113,113-2-03,164567.22689075628
TALCA,2026,114,114-1-02,8731.09243697479
TALCA,2026,114,114-1-03,17421.008403361346
TALCA,2026,114,114-1-04,63840.336134453784
TALCA,2026,114,114-2-02,4361.344537815126
TALCA,2026,115,115-1-01,3327.731092436975
TALCA,2026,115,115-2-01,28171.428571428572
TALCA,2026,115,115-2-04,16966.38655462185
TALCA,2026,116,116-1-03,1686.5546218487395
TALCA,2026,116,116-2-01,201165.5462184874
TALCA,2026,116,116-2-02,396807.5630252101
TALCA,2026,116,116-2-03,215084.03361344538
TALCA,2026,116,116-2-04,2846.218487394958
TALCA,2026,117,117-1-04,67386.55462184874
TALCA,2026,117,117-1-07,184031.0924369748
TALCA,2026,117,117-2-03,562439.4957983193
TALCA,2026,117,117-2-04,367387.3949579832
TALCA,2026,117,117-2-05,137560.50420168068
TALCA,2026,117,117-2-06,134500.84033613445
TALCA,2026,118,118-1-01,428651.2605042017
TALCA,2026,118,118-1-04,140220.16806722688
TALCA,2026,118,118-1-05,181131.93277310926
TALCA,2026,118,118-1-06,32268.907563025212
TALCA,2026,118,118-1-07,67302.52100840336
TALCA,2026,118,118-1-08,2532538.655462185
TALCA,2026,118,118-2-01,11668.067226890757
TALCA,2026,118,118-2-02,13588.235294117649
TALCA,2026,118,118-2-03,6746.218487394958
TALCA,2026,118,118-2-04,381762.1848739496
TALCA,2026,118,118-2-05,12588.235294117647
TALCA,2026,119,119-1-01,1134487.3949579832
TALCA,2026,119,119-1-04,37502762.18487395
TALCA,2026,119,119-1-05,4556497.478991597
TALCA,2026,119,119-1-06,579428.5714285715
TALCA,2026,120,120-1-02,10141.176470588236
TALCA,2026,120,120-1-04,137980.67226890757
TALCA,2026,120,120-1-05,40563.02521008404
TALCA,2026,120,120-2-02,177791.59663865546
TALCA,2026,120,120-2-04,763252.9411764706
TALCA,2026,120,120-2-05,1210073.949579832
TALCA,2026,121,121-1-01,171756.30252100842
TALCA,2026,121,121-1-02,5873.949579831933
TALCA,2026,121,121-1-03,101793.27731092437
TALCA,2026,121,121-1-04,1616382.3529411766
TALCA,2026,121,121-2-02,21983.193277310926
TALCA,2026,121,121-2-03,678.9915966386554
TALCA,2026,122,122-1-01,1264468.9075630254
TALCA,2026,122,122-1-03,1012.6050420168067
TALCA,2026,122,122-1-04,1144279.831932773
TALCA,2026,122,122-1-05,1014167.2268907564
TALCA,2026,122,122-2-01,2086586.554621849
TALCA,2026,122,122-2-02,937351.2605042018
TALCA,2026,122,122-2-03,364621.84873949585
TALCA,2026,123,123-1-01,84343.6974789916
TALCA,2026,123,123-1-02,4686.55462184874
TALCA,2026,123,123-1-03,120367.22689075631
TALCA,2026,123,123-2-01,1170536.974789916
TALCA,2026,123,123-2-02,8319.327731092437
TALCA,2026,123,123-2-03,527470.5882352942
TALCA,2026,123,123-2-05,12989.915966386556
TALCA,2026,124,124-1-02,1791.5966386554624
TALCA,2026,124,124-1-03,93983.19327731093
TALCA,2026,124,124-1-04,1212963.0252100842
TALCA,2026,124,124-1-05,693.2773109243698
TALCA,2026,125,125-1-01,2278473.949579832
TALCA,2026,125,125-1-02,548141.1764705883
TALCA,2026,125,125-1-05,22705.882352941175
TALCA,2026,125,125-2-01,1542802.5210084035
TALCA,2026,125,125-2-03,50647.05882352941
TALCA,2026,125,125-2-04,82647.05882352941
TALCA,2026,125,125-2-05,2128345.378151261
TALCA,2026,125,125-2-06,213010.92436974793
TALCA,2026,126,126-1-01,4239717.647058824
TALCA,2026,126,126-1-02,206875124.3697479
TALCA,2026,126,126-1-04,32628315.126050424
TALCA,2026,126,126-1-09,21801959.663865548
TALCA,2026,126,126-1-12,2336803.361344538
TALCA,2026,126,126-1-13,43352.94117647059
TALCA,2026,126,126-1-14,83570205.04201682
TALCA,2026,126,126-2-01,722689.0756302521
TALCA,2026,126,126-2-08,64769708.40336135
TALCA,2026,127,127-2-01,50845995.79831933
TALCA,2026,128,128-1-01,3043660.504201681
TALCA,2026,128,128-1-02,817957.9831932774
TALCA,2026,128,128-1-03,350433.6134453782
TALCA,2026,128,128-1-04,128899048.7394958
TALCA,2026,128,128-1-05,7922814.285714286
TALCA,2026,150,150-1-01,2869362.1848739497
TALCA,2026,150,150-1-22,79403.36134453781
TALCA,2026,150,150-1-32,791782.3529411765
TALCA,2026,151,151-1-01,7011562.18487395
TALCA,2026,151,151-1-02,117671934.45378152
TALCA,2026,151,151-1-03,135108982.3529412
TALCA,2026,151,151-1-04,46612193.27731092
TALCA,2026,151,151-1-05,12067548.739495799
TALCA,2026,151,151-1-06,15217817.647058824
TALCA,2026,151,151-1-07,26737798.31932773
TALCA,2026,151,151-1-08,3463463.025210084
TALCA,2026,151,151-1-09,5720857.142857143
TALCA,2026,151,151-1-10,55491927.73109244
TALCA,2026,151,151-1-11,9462942.857142858
TALCA,2026,151,151-1-12,36450721.8487395
TALCA,2026,151,151-1-13,19203945.37815126
TALCA,2026,151,151-1-14,393631892.4369748
TALCA,2026,151,151-1-15,20549628.571428575
TALCA,2026,151,151-1-16,30768315.966386557
TALCA,2026,151,151-1-17,2203544.537815126
TALCA,2026,151,151-1-18,5182313.445378152
TALCA,2026,151,151-1-19,28104615.966386557
TALCA,2026,151,151-1-20,11987282.352941178
TALCA,2026,151,151-1-21,15952100.000000002
TALCA,2026,151,151-1-22,15888831.93277311
TALCA,2026,151,151-1-23,14381606.722689077
TALCA,2026,151,151-1-24,56978725.210084036
TALCA,2026,151,151-1-25,18166139.49579832
TALCA,2026,151,151-1-26,6266405.042016807
TALCA,2026,151,151-1-29,2936956.3025210085
TALCA,2026,151,151-1-30,1616555.462184874
TALCA,2026,151,151-1-31,9278159.663865546
TALCA,2026,154,154-1-01,5205214.285714285
TALCA,2026,155,155-1-01,670663.8655462185
TALCA,2026,155,155-1-03,544882.3529411765
TALCA,2026,155,155-1-04,2522256.3025210085
TALCA,2026,155,155-1-05,1697495.7983193279
TALCA,2026,155,155-1-06,1145304.2016806724
TALCA,2026,155,155-1-07,4979114.285714285
TALCA,2026,155,155-1-08,27452178.99159664
TALCA,2026,155,155-1-10,3966882.352941177
TALCA,2026,155,155-1-12,5743534.453781513
TALCA,2026,155,155-1-14,1939146.218487395
TALCA,2026,155,155-1-15,6254986.554621849
TALCA,2026,155,155-1-16,12008112.605042018
TALCA,2026,155,155-1-18,12128084.033613445
TALCA,2026,155,155-1-19,2272654.6218487397
TALCA,2026,155,155-1-20,7313866.386554622
TALCA,2026,155,155-1-21,9392446.218487395
TALCA,2026,180,180-1-01,2570004.2016806724
TALCA,2026,200,200-1-01,84497752.10084035
TALCA,2026,200,200-1-04,954464.705882353
TALCA,2026,201,201-1-01,1866600.8403361344
TALCA,2026,201,201-1-02,244001.6806722689
TALCA,2026,201,201-1-05,243974.7899159664
TALCA,2026,201,201-1-06,99554.62184873951
TALCA,2026,201,201-1-15,73051253.7815126
TALCA,2026,201,201-2-01,4461708.403361345
TALCA,2026,201,201-2-05,898989.9159663867
TALCA,2026,201,201-2-06,1190037.8151260505
TALCA,2026,201,201-2-07,8944635.294117648
TALCA,2026,201,201-2-09,1161631.0924369749
TALCA,2026,201,201-2-11,2835921.848739496
TALCA,2026,201,201-2-12,8583822.68907563
TALCA,2026,202,202-1-02,880092.43697479
TALCA,2026,202,202-1-03,17782668.907563027
TALCA,2026,202,202-1-07,868235.2941176471
TALCA,2026,202,202-1-08,1556482.3529411764
TALCA,2026,202,202-1-09,3165904.2016806724
TALCA,2026,202,202-1-10,428252.9411764706
TALCA,2026,202,202-1-12,504978.1512605042
TALCA,2026,203,203-1-02,6551297.478991597
TALCA,2026,203,203-1-03,5490106.722689075
TALCA,2026,203,203-1-09,11910245.378151262
TALCA,2026,203,203-2-05,29866.38655462185
TALCA,2026,203,203-2-10,1560290.756302521
TALCA,2026,204,204-1-01,3952440.3361344542
TALCA,2026,204,204-1-02,310331.9327731093
TALCA,2026,204,204-1-04,755133.6134453781
TALCA,2026,204,204-1-05,61933.613445378156
TALCA,2026,204,204-1-07,509508.40336134454
TALCA,2026,204,204-1-09,242249.5798319328
TALCA,2026,204,204-1-10,2176791.5966386558
TALCA,2026,204,204-1-11,533269.7478991597
TALCA,2026,204,204-2-01,1736699.1596638656
TALCA,2026,204,204-2-02,6614963.865546219
TALCA,2026,204,204-2-03,313586.55462184874
TALCA,2026,204,204-2-04,1731680.6722689075
TALCA,2026,204,204-2-05,1546331.0924369749
TALCA,2026,204,204-2-07,19522258.82352941
TALCA,2026,204,204-2-08,3886251.260504202
TALCA,2026,204,204-2-09,3849055.4621848743
TALCA,2026,204,204-2-10,8108031.092436975
TALCA,2026,204,204-2-11,3048821.0084033613
TALCA,2026,205,205-1-10,853949.5798319328
TALCA,2026,205,205-1-12,548571.4285714286
TALCA,2026,205,205-2-01,5487563.865546219
TALCA,2026,205,205-2-03,6363991.596638656
TALCA,2026,205,205-2-04,4112594.1176470593
TALCA,2026,206,206-1-04,1188819.3277310925
TALCA,2026,206,206-1-08,915957.142857143
TALCA,2026,206,206-1-09,1190470.5882352942
TALCA,2026,206,206-1-10,18988968.907563023
TALCA,2026,206,206-2-01,2578267.2268907563
TALCA,2026,206,206-2-02,16172459.663865548
TALCA,2026,206,206-2-03,4252465.546218487
TALCA,2026,206,206-2-04,8088130.252100841
TALCA,2026,206,206-2-05,3278102.5210084035
TALCA,2026,206,206-2-09,3500936.134453782
TALCA,2026,206,206-2-10,501840.3361344538
TALCA,2026,206,206-2-11,17022328.571428575
TALCA,2026,206,206-2-12,12442492.43697479
TALCA,2026,207,207-1-02,493915.96638655465
TALCA,2026,207,207-1-08,604890.7563025211
TALCA,2026,207,207-1-10,540201.6806722688
TALCA,2026,207,207-1-11,144504.20168067227
TALCA,2026,207,207-2-01,7465447.05882353
TALCA,2026,207,207-2-05,615336.1344537815
TALCA,2026,207,207-2-10,3814712.605042017
TALCA,2026,207,207-2-12,498987.3949579832
TALCA,2026,208,208-1-01,2270373.1092436975
TALCA,2026,208,208-1-02,926857.9831932774
TALCA,2026,208,208-1-04,36546.21848739496
TALCA,2026,208,208-1-05,2779257.142857143
TALCA,2026,208,208-1-06,758104.2016806724
TALCA,2026,208,208-1-07,380117.64705882355
TALCA,2026,208,208-1-08,1441692.43697479
TALCA,2026,208,208-1-09,735168.9075630251
TALCA,2026,208,208-1-10,327768.90756302525
TALCA,2026,208,208-1-11,290942.85714285716
TALCA,2026,208,208-1-12,1393386.5546218487
TALCA,2026,208,208-2-01,2013875.630252101
TALCA,2026,208,208-2-02,6728058.823529412
TALCA,2026,208,208-2-03,47613.44537815126
TALCA,2026,208,208-2-05,1454060.504201681
TALCA,2026,208,208-2-06,1222303.361344538
TALCA,2026,208,208-2-07,539601.680672269
TALCA,2026,208,208-2-08,245747.89915966388
TALCA,2026,208,208-2-09,1608220.168067227
TALCA,2026,208,208-2-10,3281445.378151261
TALCA,2026,208,208-2-11,929435.2941176471
TALCA,2026,208,208-2-12,211856.30252100842
TALCA,2026,208,208-2-13,218248.73949579833
TALCA,2026,208,208-2-14,2172607.56302521
TALCA,2026,209,209-2-01,43856175.6302521
TALCA,2026,209,209-2-02,1156692.43697479
TALCA,2026,209,209-2-11,20115.966386554624
TALCA,2026,209,209-2-17,2314115.9663865548
TALCA,2026,209,209-2-20,253705.8823529412
TALCA,2026,209,209-2-21,340462.1848739496
TALCA,2026,209,209-2-22,5374152.100840337
TALCA,2026,209,209-2-25,623570.5882352942
TALCA,2026,210,210-1-01,1727403.3613445377
TALCA,2026,210,210-1-02,347685.7142857143
TALCA,2026,210,210-1-06,11078148.739495799
TALCA,2026,210,210-1-10,1142066.3865546219
TALCA,2026,210,210-2-02,182949.5798319328
TALCA,2026,211,211-1-01,239453.78151260503
TALCA,2026,211,211-1-03,4646935.294117647
TALCA,2026,211,211-1-06,944521.0084033614
TALCA,2026,211,211-1-07,49226.89075630252
TALCA,2026,214,214-1-05,405571.4285714286
TALCA,2026,214,214-1-06,802030.2521008403
TALCA,2026,214,214-1-08,236243.6974789916
TALCA,2026,214,214-1-09,101966.38655462186
TALCA,2026,214,214-1-10,9388.235294117647
TALCA,2026,214,214-1-11,32705.88235294118
TALCA,2026,214,214-1-12,584.0336134453783
TALCA,2026,214,214-2-02,1171319.3277310925
TALCA,2026,214,214-2-04,1659836.974789916
TALCA,2026,217,217-1-05,1351903.361344538
TALCA,2026,218,218-1-04,39756.30252100841
TALCA,2026,218,218-2-05,265238.65546218486
TALCA,2026,219,219-1-02,2283344.537815126
TALCA,2026,219,219-1-03,2764143.697478992
TALCA,2026,219,219-1-04,538201.680672269
TALCA,2026,219,219-2-04,581571.4285714286
TALCA,2026,219,219-2-05,157911.76470588235
TALCA,2026,219,219-2-06,151386.55462184874
TALCA,2026,219,219-2-07,391817.64705882355
TALCA,2026,220,220-2-02,264296.6386554622
TALCA,2026,220,220-2-03,377529.4117647059
TALCA,2026,220,220-2-04,118092.43697478992
TALCA,2026,222,222-1-01,1207224.3697478992
TALCA,2026,222,222-1-02,100501.6806722689
TALCA,2026,222,222-1-04,305575.6302521009
TALCA,2026,222,222-1-05,58453.78151260504
TALCA,2026,222,222-1-06,117588.23529411765
TALCA,2026,222,222-1-10,161792.43697478992
TALCA,2026,222,222-1-11,575200.0
TALCA,2026,222,222-1-12,517376.4705882353
TALCA,2026,223,223-1-03,87921.84873949579
TALCA,2026,223,223-1-04,449705.8823529412
TALCA,2026,223,223-1-05,440326.0504201681
TALCA,2026,223,223-1-06,572326.8907563025
TALCA,2026,223,223-1-07,900929.4117647059
TALCA,2026,223,223-1-08,480989.91596638656
TALCA,2026,223,223-1-09,405847.8991596639
TALCA,2026,223,223-1-10,808079.8319327731
TALCA,2026,223,223-1-11,45934.45378151261
TALCA,2026,223,223-1-12,2338569.74789916
TALCA,2026,223,223-1-13,3662005.042016807
TALCA,2026,223,223-1-14,1162368.9075630254
TALCA,2026,223,223-1-15,2828697.478991597
TALCA,2026,223,223-1-18,99731.0924369748
TALCA,2026,223,223-1-19,499159.66386554623
TALCA,2026,224,224-2-01,3137352.941176471
TALCA,2026,224,224-2-03,1947978.9915966387
TALCA,2026,224,224-2-06,23512.605042016807
TALCA,2026,224,224-2-07,314976.4705882353
TALCA,2026,224,224-2-08,78297.47899159664
TALCA,2026,224,224-2-09,1049886.5546218487
TALCA,2026,230,230-1-01,2974.7899159663866
TALCA,2026,230,230-1-02,794313.4453781513
TALCA,2026,230,230-1-06,180840.3361344538
TALCA,2026,230,230-1-09,1361820.168067227
TALCA,2026,230,230-1-10,4547415.966386555
TALCA,2026,230,230-1-11,2921390.756302521
TALCA,2026,230,230-1-12,1633946.218487395
TALCA,2026,230,230-1-13,976243.6974789917
TALCA,2026,230,230-1-14,1893187.3949579832
TALCA,2026,230,230-1-17,144714.2857142857
TALCA,2026,230,230-1-18,1843364.705882353
TALCA,2026,230,230-1-22,1746562.1848739497
TALCA,2026,240,240-1-01,2208719.3277310925
TALCA,2026,240,240-1-02,2674033.6134453784
TALCA,2026,240,240-1-03,450795.79831932776
TALCA,2026,240,240-1-04,567781.512605042
TALCA,2026,240,240-1-05,534628.5714285715
TALCA,2026,240,240-1-06,1376176.4705882354
TALCA,2026,240,240-1-07,1678693.2773109246
TALCA,2026,240,240-1-08,826104.2016806722
TALCA,2026,240,240-1-09,442225.21008403366
TALCA,2026,240,240-1-10,331678.9915966387
TALCA,2026,240,240-1-11,1880302.5210084035
TALCA,2026,240,240-1-12,2321162.1848739497
TALCA,2026,240,240-1-13,148529.41176470587
TALCA,2026,240,240-1-17,61666951.2605042
TALCA,2026,270,270-1-02,16648610.924369749
TALCA,2026,270,270-1-03,23964691.596638657
TALCA,2026,310,310-1-01,274403.3613445378
TALCA,2026,341,341-1-01,61057995.79831933
TALCA,2026,900,900-1-01,280420.1680672269
TEMUC,2025,001,001-1-01,48882043.697478995
TEMUC,2025,001,001-1-02,6523668.067226891
TEMUC,2025,001,001-1-03,79272613.44537815
TEMUC,2025,001,001-1-04,12126333.613445379
TEMUC,2025,001,001-1-05,49968078.1512605
TEMUC,2025,001,001-1-06,16551700.840336135
TEMUC,2025,001,001-1-07,12791875.6302521
TEMUC,2025,001,001-1-08,13697131.092436975
TEMUC,2025,001,001-1-09,38294120.168067224
TEMUC,2025,001,001-1-10,32039999.159663867
TEMUC,2025,001,001-2-01,13457247.899159664
TEMUC,2025,001,001-2-02,36457066.38655462
TEMUC,2025,001,001-2-03,39638013.445378155
TEMUC,2025,001,001-2-04,20468112.605042018
TEMUC,2025,001,001-2-05,7629270.588235294
TEMUC,2025,001,001-2-06,25773530.25210084
TEMUC,2025,002,002-1-01,101108228.57142858
TEMUC,2025,002,002-1-02,113907698.31932774
TEMUC,2025,002,002-1-03,19104514.285714287
TEMUC,2025,002,002-1-06,601976.4705882353
TEMUC,2025,002,002-1-07,8545166.386554623
TEMUC,2025,002,002-1-08,3576583.193277311
TEMUC,2025,002,002-1-09,5174292.43697479
TEMUC,2025,002,002-1-10,1482995.7983193279
TEMUC,2025,002,002-1-11,310961776.47058827
TEMUC,2025,002,002-1-12,9315025.210084034
TEMUC,2025,002,002-1-13,17959202.521008406
TEMUC,2025,002,002-1-16,13464990.75630252
TEMUC,2025,002,002-2-01,3657417.6470588236
TEMUC,2025,002,002-2-02,3429039.4957983196
TEMUC,2025,002,002-2-03,8951688.235294119
TEMUC,2025,002,002-2-04,26021775.6302521
TEMUC,2025,002,002-2-05,54147259.66386555
TEMUC,2025,002,002-2-06,9577123.529411765
TEMUC,2025,002,002-2-07,143648621.8487395
TEMUC,2025,002,002-2-08,5248188.2352941185
TEMUC,2025,002,002-2-09,10893217.647058824
TEMUC,2025,002,002-2-10,5754975.630252101
TEMUC,2025,002,002-2-11,111932.7731092437
TEMUC,2025,002,002-2-12,9881494.957983194
TEMUC,2025,002,002-2-13,24048248.7394958
TEMUC,2025,003,003-1-01,13316530.25210084
TEMUC,2025,003,003-1-02,4313934.453781513
TEMUC,2025,003,003-1-03,251908.40336134454
TEMUC,2025,003,003-1-06,2336184.0336134457
TEMUC,2025,003,003-1-07,37474994.11764706
TEMUC,2025,003,003-1-08,10668277.31092437
TEMUC,2025,003,003-2-01,13578405.88235294
TEMUC,2025,003,003-2-02,8599238.655462185
TEMUC,2025,003,003-2-03,22234102.521008406
TEMUC,2025,003,003-2-04,7445105.882352942
TEMUC,2025,003,003-2-05,7969219.327731092
TEMUC,2025,003,003-2-06,6467292.43697479
TEMUC,2025,003,003-2-07,4016463.0252100844
TEMUC,2025,003,003-2-08,18291935.29411765
TEMUC,2025,003,003-2-09,4143162.1848739497
TEMUC,2025,003,003-2-10,24003858.823529415
TEMUC,2025,003,003-2-11,4896357.983193277
TEMUC,2025,004,004-1-01,1298225.2100840337
TEMUC,2025,004,004-1-02,6164478.1512605045
TEMUC,2025,004,004-1-04,3589765.5462184874
TEMUC,2025,004,004-1-05,5559826.8907563025
TEMUC,2025,004,004-1-06,7678876.470588236
TEMUC,2025,004,004-1-07,21161115.12605042
TEMUC,2025,004,004-1-08,14191251.260504201
TEMUC,2025,004,004-1-09,24203609.24369748
TEMUC,2025,004,004-1-10,146892139.49579832
TEMUC,2025,004,004-1-12,4174503.361344538
TEMUC,2025,004,004-1-13,80291026.89075631
TEMUC,2025,004,004-1-14,4439922.68907563
TEMUC,2025,004,004-1-15,2981570.588235294
TEMUC,2025,004,004-1-16,1506359.6638655465
TEMUC,2025,004,004-1-18,7125957.983193278
TEMUC,2025,004,004-2-02,154658587.394958
TEMUC,2025,004,004-2-03,2365592.43697479
TEMUC,2025,004,004-2-04,5365128.571428572
TEMUC,2025,004,004-2-05,10283058.823529413
TEMUC,2025,004,004-2-06,20006942.85714286
TEMUC,2025,004,004-2-07,3102034.4537815126
TEMUC,2025,004,004-2-08,31961374.789915968
TEMUC,2025,004,004-2-09,2906121.0084033613
TEMUC,2025,004,004-2-10,7666812.605042017
TEMUC,2025,004,004-2-11,18679800.0
TEMUC,2025,004,004-2-12,16386531.93277311
TEMUC,2025,004,004-2-13,588463.8655462186
TEMUC,2025,004,004-2-14,2153705.882352941
TEMUC,2025,004,004-2-15,11138615.12605042
TEMUC,2025,004,004-2-16,7266622.68907563
TEMUC,2025,004,004-2-18,5251354.62184874
TEMUC,2025,005,005-1-01,12524624.3697479
TEMUC,2025,005,005-1-02,16993394.957983196
TEMUC,2025,005,005-1-03,2696869.74789916
TEMUC,2025,005,005-2-01,8459906.722689075
TEMUC,2025,005,005-2-02,29577724.3697479
TEMUC,2025,005,005-2-03,25178971.42857143
TEMUC,2025,005,005-2-04,48065163.86554622
TEMUC,2025,005,005-2-06,5484372.268907563
TEMUC,2025,005,005-2-07,8956215.12605042
TEMUC,2025,005,005-2-09,1635717.6470588236
TEMUC,2025,005,005-2-10,4447847.05882353
TEMUC,2025,005,005-2-11,143932.77310924372
TEMUC,2025,005,005-2-12,10356604.201680673
TEMUC,2025,006,006-1-01,23604824.3697479
TEMUC,2025,006,006-1-02,7770022.68907563
TEMUC,2025,006,006-1-03,41244017.64705882
TEMUC,2025,006,006-1-04,2419071.4285714286
TEMUC,2025,006,006-2-01,108939036.97478992
TEMUC,2025,006,006-2-02,10634933.613445379
TEMUC,2025,006,006-2-03,1493941.1764705884
TEMUC,2025,006,006-2-04,7288758.823529412
TEMUC,2025,006,006-2-05,3293752.100840336
TEMUC,2025,006,006-2-06,18313226.8907563
TEMUC,2025,006,006-2-07,23842453.781512607
TEMUC,2025,006,006-2-08,48008160.50420168
TEMUC,2025,006,006-2-09,25684529.411764707
TEMUC,2025,007,007-1-01,13878301.68067227
TEMUC,2025,007,007-1-02,40985368.90756303
TEMUC,2025,007,007-2-01,52054912.60504202
TEMUC,2025,007,007-2-02,210526.0504201681
TEMUC,2025,007,007-2-03,2332816.8067226894
TEMUC,2025,007,007-2-04,8529220.168067228
TEMUC,2025,007,007-2-06,4521.008403361345
TEMUC,2025,007,007-2-07,79350.42016806724
TEMUC,2025,007,007-2-08,12461830.25210084
TEMUC,2025,007,007-2-09,6454592.43697479
TEMUC,2025,007,007-2-10,16672509.24369748
TEMUC,2026,001,001-1-01,14164837.81512605
TEMUC,2026,001,001-1-02,6662081.512605042
TEMUC,2026,001,001-1-03,76625447.05882354
TEMUC,2026,001,001-1-04,22713309.24369748
TEMUC,2026,001,001-1-05,49140300.84033614
TEMUC,2026,001,001-1-06,19208037.81512605
TEMUC,2026,001,001-1-07,17303632.773109246
TEMUC,2026,001,001-1-08,16111356.302521009
TEMUC,2026,001,001-1-09,31221946.218487397
TEMUC,2026,001,001-1-10,30470186.55462185
TEMUC,2026,001,001-2-01,21562251.2605042
TEMUC,2026,001,001-2-02,19310415.966386557
TEMUC,2026,001,001-2-03,10612778.151260504
TEMUC,2026,001,001-2-04,18949455.462184876
TEMUC,2026,001,001-2-05,4158436.1344537814
TEMUC,2026,001,001-2-06,23389623.529411767
TEMUC,2026,002,002-1-01,76026230.25210084
TEMUC,2026,002,002-1-02,79586429.41176471
TEMUC,2026,002,002-1-03,3955888.235294118
TEMUC,2026,002,002-1-06,20029683.19327731
TEMUC,2026,002,002-1-07,4430314.285714285
TEMUC,2026,002,002-1-08,11086786.55462185
TEMUC,2026,002,002-1-09,4158497.478991597
TEMUC,2026,002,002-1-10,2174104.2016806724
TEMUC,2026,002,002-1-11,236751783.19327733
TEMUC,2026,002,002-1-12,4296811.764705882
TEMUC,2026,002,002-1-13,4837344.537815127
TEMUC,2026,002,002-1-16,8820567.226890756
TEMUC,2026,002,002-2-01,2770777.31092437
TEMUC,2026,002,002-2-02,2538945.378151261
TEMUC,2026,002,002-2-03,8438502.521008404
TEMUC,2026,002,002-2-04,28212463.86554622
TEMUC,2026,002,002-2-05,60563290.75630252
TEMUC,2026,002,002-2-06,11747319.327731092
TEMUC,2026,002,002-2-07,126539569.74789916
TEMUC,2026,002,002-2-08,3886882.352941177
TEMUC,2026,002,002-2-09,9694952.94117647
TEMUC,2026,002,002-2-10,977357.142857143
TEMUC,2026,002,002-2-11,152084.87394957984
TEMUC,2026,002,002-2-12,10820681.512605041
TEMUC,2026,002,002-2-13,24144222.689075634
TEMUC,2026,003,003-1-01,4576619.327731092
TEMUC,2026,003,003-1-02,8518076.470588235
TEMUC,2026,003,003-1-06,1884154.6218487397
TEMUC,2026,003,003-1-07,34718375.6302521
TEMUC,2026,003,003-1-08,18143046.218487397
TEMUC,2026,003,003-2-01,11804989.075630253
TEMUC,2026,003,003-2-02,9186580.672268908
TEMUC,2026,003,003-2-03,14459511.764705883
TEMUC,2026,003,003-2-04,4122400.0
TEMUC,2026,003,003-2-05,6526033.613445379
TEMUC,2026,003,003-2-06,5394101.680672269
TEMUC,2026,003,003-2-07,5791663.025210084
TEMUC,2026,003,003-2-08,20335342.85714286
TEMUC,2026,003,003-2-09,3437556.3025210085
TEMUC,2026,003,003-2-10,23290857.98319328
TEMUC,2026,003,003-2-11,5516169.74789916
TEMUC,2026,004,004-1-01,1010958.8235294118
TEMUC,2026,004,004-1-02,3814189.915966387
TEMUC,2026,004,004-1-03,3272966.386554622
TEMUC,2026,004,004-1-04,971231.0924369748
TEMUC,2026,004,004-1-05,5429861.344537816
TEMUC,2026,004,004-1-06,39831694.11764706
TEMUC,2026,004,004-1-07,10977086.55462185
TEMUC,2026,004,004-1-08,6175440.336134454
TEMUC,2026,004,004-1-09,13654815.12605042
TEMUC,2026,004,004-1-10,92039622.68907563
TEMUC,2026,004,004-1-12,103168.06722689077
TEMUC,2026,004,004-1-13,25747482.352941178
TEMUC,2026,004,004-1-14,3985657.142857143
TEMUC,2026,004,004-1-15,3167805.042016807
TEMUC,2026,004,004-1-16,7436.9747899159665
TEMUC,2026,004,004-1-18,3185242.0168067226
TEMUC,2026,004,004-2-02,206883341.17647058
TEMUC,2026,004,004-2-03,6017561.344537815
TEMUC,2026,004,004-2-04,3829645.378151261
TEMUC,2026,004,004-2-05,6420391.596638656
TEMUC,2026,004,004-2-06,13363200.840336135
TEMUC,2026,004,004-2-07,2159615.1260504206
TEMUC,2026,004,004-2-08,19782102.521008406
TEMUC,2026,004,004-2-09,2155001.680672269
TEMUC,2026,004,004-2-10,11854773.949579833
TEMUC,2026,004,004-2-11,7909436.134453782
TEMUC,2026,004,004-2-12,22496350.42016807
TEMUC,2026,004,004-2-13,2239138.655462185
TEMUC,2026,004,004-2-14,3247389.9159663864
TEMUC,2026,004,004-2-15,7738754.62184874
TEMUC,2026,004,004-2-17,29142.857142857145
TEMUC,2026,004,004-2-18,6119997.478991597
TEMUC,2026,005,005-1-01,17473887.394957986
TEMUC,2026,005,005-1-02,17680740.336134456
TEMUC,2026,005,005-1-03,2916005.882352941
TEMUC,2026,005,005-2-01,9366803.361344539
TEMUC,2026,005,005-2-02,31545741.17647059
TEMUC,2026,005,005-2-03,19562248.7394958
TEMUC,2026,005,005-2-04,26738386.55462185
TEMUC,2026,005,005-2-06,3467221.848739496
TEMUC,2026,005,005-2-07,4069626.050420168
TEMUC,2026,005,005-2-09,1577482.3529411766
TEMUC,2026,005,005-2-10,7599436.974789916
TEMUC,2026,005,005-2-11,2465951.260504202
TEMUC,2026,005,005-2-12,10943608.403361345
TEMUC,2026,005,005-2-13,2152651.2605042015
TEMUC,2026,006,006-1-01,22670707.56302521
TEMUC,2026,006,006-1-02,8092813.445378152
TEMUC,2026,006,006-1-03,37468388.23529412
TEMUC,2026,006,006-1-04,13144.53781512605
TEMUC,2026,006,006-2-01,71207645.37815127
TEMUC,2026,006,006-2-02,10089330.25210084
TEMUC,2026,006,006-2-03,392457.1428571429
TEMUC,2026,006,006-2-04,8214842.016806723
TEMUC,2026,006,006-2-05,3348302.5210084035
TEMUC,2026,006,006-2-06,12903983.193277312
TEMUC,2026,006,006-2-07,16319778.99159664
TEMUC,2026,006,006-2-08,24163020.168067228
TEMUC,2026,006,006-2-09,2251486.5546218487
TEMUC,2026,007,007-1-01,10569647.899159664
TEMUC,2026,007,007-1-02,41294316.80672269
TEMUC,2026,007,007-2-01,12876080.672268908
TEMUC,2026,007,007-2-02,348950.4201680672
TEMUC,2026,007,007-2-03,6244478.1512605045
TEMUC,2026,007,007-2-04,7585818.487394959
TEMUC,2026,007,007-2-07,54520.16806722689
TEMUC,2026,007,007-2-08,21107714.285714287
TEMUC,2026,007,007-2-09,3602478.9915966387
TEMUC,2026,007,007-2-10,8604305.882352943
VALPA,2025,001,001-1-01,286215.96638655465
VALPA,2025,001,001-1-02,381722.6890756303
VALPA,2025,001,001-1-03,16108967.226890758
VALPA,2025,001,001-1-05,28932.7731092437
VALPA,2025,001,001-1-06,2041086.554621849
VALPA,2025,001,001-2-02,459861.34453781514
VALPA,2025,001,001-2-03,554252.1008403362
VALPA,2025,002,002-1-03,1695886.554621849
VALPA,2025,002,002-1-04,589715.1260504202
VALPA,2025,002,002-2-07,362517.64705882355
VALPA,2025,002,002-2-08,428836.97478991596
VALPA,2025,002,002-2-09,514862.1848739496
VALPA,2025,003,003-1-02,3958961.344537815
VALPA,2025,003,003-1-03,505340.3361344538
VALPA,2025,003,003-1-04,4323273.949579832
VALPA,2025,003,003-1-05,1069254.6218487397
VALPA,2025,003,003-1-06,9906538.655462185
VALPA,2025,003,003-1-07,1127238.655462185
VALPA,2025,003,003-1-08,192994.95798319328
VALPA,2025,003,003-1-11,312490.756302521
VALPA,2025,003,003-1-13,824763.0252100842
VALPA,2025,003,003-1-14,16143543.697478991
VALPA,2025,003,003-1-17,988906.7226890756
VALPA,2025,003,003-1-18,1065992.43697479
VALPA,2025,003,003-2-01,8557454.62184874
VALPA,2025,003,003-2-07,979689.9159663866
VALPA,2025,003,003-2-09,2499407.56302521
VALPA,2025,003,003-2-13,42047481.51260504
VALPA,2025,003,003-2-15,4872801.680672269
VALPA,2025,003,003-2-17,73924.36974789917
VALPA,2025,003,003-2-18,42008.40336134454
VALPA,2025,003,003-2-19,1004292.43697479
VALPA,2025,003,003-2-20,70488.23529411765
VALPA,2025,004,004-2-01,5503711.764705882
VALPA,2025,004,004-2-02,5001.680672268908
VALPA,2025,004,004-2-04,65286.55462184874
VALPA,2025,005,005-1-01,5126942.857142857
VALPA,2025,005,005-1-02,1999169.7478991598
VALPA,2025,007,007-1-01,12808682.352941178
VALPA,2025,007,007-1-02,13680489.075630253
VALPA,2025,007,007-1-03,7004979.831932773
VALPA,2025,007,007-2-01,8809792.43697479
VALPA,2025,007,007-2-02,15742218.487394959
VALPA,2025,007,007-2-03,9269347.899159664
VALPA,2025,008,008-2-01,5025673.949579832
VALPA,2025,008,008-2-02,2538754.6218487397
VALPA,2025,008,008-2-03,4268422.68907563
VALPA,2025,008,008-2-04,1466042.0168067229
VALPA,2025,009,009-1-01,1234495.7983193279
VALPA,2025,009,009-1-02,1016974.7899159665
VALPA,2025,009,009-1-03,2004844.5378151261
VALPA,2025,009,009-1-04,2654774.7899159663
VALPA,2025,009,009-2-01,4175292.43697479
VALPA,2025,009,009-2-02,3431377.31092437
VALPA,2025,009,009-2-03,342105.8823529412
VALPA,2025,009,009-2-04,1300594.9579831935
VALPA,2025,010,010-1-01,1539588.2352941178
VALPA,2025,010,010-1-02,1404060.5042016807
VALPA,2025,010,010-1-03,1003748.7394957984
VALPA,2025,010,010-1-04,865629.4117647059
VALPA,2025,010,010-2-01,1356359.6638655462
VALPA,2025,010,010-2-02,1624789.0756302522
VALPA,2025,010,010-2-03,864226.8907563025
VALPA,2025,010,010-2-04,1531784.87394958
VALPA,2025,011,011-1-01,3409952.941176471
VALPA,2025,011,011-1-02,3281023.529411765
VALPA,2025,011,011-1-03,1542474.7899159666
VALPA,2025,011,011-1-04,3212468.907563025
VALPA,2025,011,011-1-05,2190264.705882353
VALPA,2025,011,011-1-06,3692126.0504201683
VALPA,2025,011,011-1-07,3608444.537815126
VALPA,2025,011,011-1-08,602381.5126050421
VALPA,2025,011,011-2-01,2195220.168067227
VALPA,2025,011,011-2-02,277477.3109243697
VALPA,2025,011,011-2-03,894678.1512605043
VALPA,2025,011,011-2-04,665189.0756302521
VALPA,2025,011,011-2-05,2316736.974789916
VALPA,2025,011,011-2-06,4430934.453781513
VALPA,2025,012,012-1-01,6775238.655462185
VALPA,2025,012,012-1-02,6403431.092436975
VALPA,2025,012,012-1-04,5126973.1092436975
VALPA,2025,012,012-1-05,3664253.781512605
VALPA,2025,012,012-1-06,5031205.882352942
VALPA,2025,012,012-1-07,4236831.092436975
VALPA,2025,012,012-1-08,3210223.529411765
VALPA,2025,012,012-1-09,3684725.2100840337
VALPA,2025,012,012-2-01,4263222.68907563
VALPA,2025,012,012-2-02,4511920.168067227
VALPA,2025,012,012-2-03,2596305.042016807
VALPA,2025,012,012-2-04,3535809.2436974794
VALPA,2025,012,012-2-05,2552484.0336134457
VALPA,2025,012,012-2-06,1996719.3277310925
VALPA,2025,012,012-2-07,1493846.218487395
VALPA,2025,012,012-2-08,1116771.4285714286
VALPA,2025,012,012-2-09,870974.7899159665
VALPA,2025,012,012-2-10,673922.6890756303
VALPA,2025,012,012-2-11,1545300.8403361344
VALPA,2025,012,012-2-12,817334.4537815127
VALPA,2025,012,012-2-13,2035565.5462184874
VALPA,2025,012,012-2-14,1663631.0924369749
VALPA,2025,012,012-2-15,587531.0924369748
VALPA,2025,013,013-1-01,3778587.3949579834
VALPA,2025,013,013-1-02,1441535.2941176472
VALPA,2025,013,013-1-04,364285.7142857143
VALPA,2025,013,013-1-06,269288.23529411765
VALPA,2025,013,013-2-01,2073050.4201680673
VALPA,2025,013,013-2-02,1590489.0756302522
VALPA,2025,013,013-2-03,2394686.5546218487
VALPA,2025,013,013-2-04,1353491.5966386555
VALPA,2025,014,014-1-01,4070710.0840336136
VALPA,2025,014,014-2-01,4177425.2100840337
VALPA,2025,015,015-1-01,3133026.8907563025
VALPA,2025,015,015-2-01,3868123.529411765
VALPA,2025,016,016-1-01,1242454.6218487395
VALPA,2025,016,016-2-01,1730479.831932773
VALPA,2025,017,017-1-01,24198084.033613447
VALPA,2025,017,017-1-02,2994190.756302521
VALPA,2025,017,017-2-01,27543772.268907566
VALPA,2025,029,029-2-01,7252583.1932773115
VALPA,2025,029,029-2-02,281858.8235294118
VALPA,2025,029,029-2-03,5826056.302521009
VALPA,2025,029,029-2-04,1161373.1092436975
VALPA,2025,029,029-2-06,315430.2521008403
VALPA,2025,030,030-1-01,2925722.68907563
VALPA,2025,030,030-2-01,34844360.50420168
VALPA,2025,030,030-2-02,674890.7563025211
VALPA,2025,040,040-2-01,10493899.159663865
VALPA,2025,040,040-2-02,1628384.87394958
VALPA,2025,040,040-2-03,3670265.5462184874
VALPA,2025,040,040-2-04,4869021.008403362
VALPA,2025,040,040-2-05,54100.84033613445
VALPA,2025,040,040-2-06,193800.0
VALPA,2025,050,050-1-01,590858.8235294118
VALPA,2025,060,060-1-01,18006.722689075632
VALPA,2025,060,060-1-02,317869.7478991597
VALPA,2025,060,060-1-03,180366.38655462186
VALPA,2025,060,060-1-04,542381.5126050421
VALPA,2025,060,060-1-05,360865.54621848743
VALPA,2025,060,060-1-06,704967.2268907564
VALPA,2025,061,061-1-03,1540211.7647058824
VALPA,2025,061,061-1-04,2037794.9579831935
VALPA,2025,063,063-1-01,7124081.512605042
VALPA,2025,063,063-1-02,5613194.957983194
VALPA,2025,063,063-2-01,563027.731092437
VALPA,2025,063,063-2-03,15219246.218487395
VALPA,2025,063,063-2-04,11309150.420168068
VALPA,2025,064,064-1-01,7666661.344537815
VALPA,2025,064,064-1-02,5079309.243697479
VALPA,2025,064,064-1-03,1025757.142857143
VALPA,2025,064,064-1-04,4622563.865546218
VALPA,2025,064,064-1-05,653893.2773109244
VALPA,2025,064,064-1-06,852329.4117647059
VALPA,2025,064,064-1-07,2313832.7731092437
VALPA,2025,064,064-2-01,1923949.579831933
VALPA,2025,064,064-2-02,2901357.142857143
VALPA,2025,064,064-2-03,503470.58823529416
VALPA,2025,064,064-2-04,2642720.168067227
VALPA,2025,100,100-1-01,124165688.23529412
VALPA,2025,100,100-2-01,4323804.201680672
VALPA,2025,101,101-1-01,488391.59663865546
VALPA,2025,101,101-1-02,70900.0
VALPA,2025,101,101-1-04,277713.44537815126
VALPA,2025,101,101-2-01,22103138.655462187
VALPA,2025,101,101-2-02,6844859.663865547
VALPA,2025,101,101-2-03,3770643.697478992
VALPA,2025,101,101-2-04,9110218.487394959
VALPA,2025,101,101-2-05,168273.94957983194
VALPA,2025,102,102-1-01,6004373.1092436975
VALPA,2025,102,102-1-02,34813327.73109244
VALPA,2025,102,102-1-03,10468724.3697479
VALPA,2025,102,102-1-04,201127522.68907565
VALPA,2025,102,102-1-05,26160284.033613447
VALPA,2025,102,102-1-06,50931824.3697479
VALPA,2025,102,102-1-07,246182363.86554623
VALPA,2025,102,102-1-08,5271199.159663866
VALPA,2025,102,102-2-01,10148223.529411765
VALPA,2025,102,102-2-02,5991854.62184874
VALPA,2025,102,102-2-03,184578736.13445377
VALPA,2025,103,103-2-01,174433.61344537817
VALPA,2025,103,103-2-02,194866.38655462186
VALPA,2025,103,103-2-03,13936.134453781513
VALPA,2025,104,104-1-01,738172.2689075631
VALPA,2025,104,104-1-02,44016.80672268908
VALPA,2025,104,104-1-03,308581.512605042
VALPA,2025,104,104-1-04,40319.32773109244
VALPA,2025,104,104-2-01,398436.97478991596
VALPA,2025,105,105-1-02,208899.15966386555
VALPA,2025,105,105-1-03,611061.3445378151
VALPA,2025,106,106-1-01,22613.44537815126
VALPA,2025,106,106-1-02,1753636.974789916
VALPA,2025,106,106-1-03,188399.15966386555
VALPA,2025,106,106-2-01,40151.26050420168
VALPA,2025,106,106-2-02,337243.6974789916
VALPA,2025,106,106-2-03,346956.3025210084
VALPA,2025,107,107-1-01,26601.680672268907
VALPA,2025,107,107-1-02,1395079.831932773
VALPA,2025,107,107-1-03,1288659.6638655462
VALPA,2025,107,107-2-01,81610.9243697479
VALPA,2025,107,107-2-03,274566.3865546219
VALPA,2025,107,107-2-04,15088.235294117647
VALPA,2025,108,108-1-01,21672.268907563026
VALPA,2025,108,108-1-02,541379.8319327731
VALPA,2025,108,108-1-03,327569.7478991597
VALPA,2025,108,108-1-04,157209.243697479
VALPA,2025,110,110-1-01,54349700.0
VALPA,2025,110,110-1-02,6159146.218487395
VALPA,2025,110,110-2-01,1372629.4117647058
VALPA,2025,112,112-1-01,18878035.29411765
VALPA,2025,112,112-1-02,8647.058823529413
VALPA,2025,500,500-1-01,40930436.97478992
VALPA,2026,001,001-1-01,2195059.663865546
VALPA,2026,001,001-1-02,3895784.87394958
VALPA,2026,001,001-1-03,34905645.37815126
VALPA,2026,001,001-1-05,44714.28571428572
VALPA,2026,001,001-1-06,2031912.6050420168
VALPA,2026,001,001-2-02,18695773.1092437
VALPA,2026,001,001-2-03,616199.1596638656
VALPA,2026,002,002-1-01,5426455.462184874
VALPA,2026,002,002-1-03,1381991.5966386555
VALPA,2026,002,002-1-04,38583.19327731093
VALPA,2026,002,002-1-05,819145.3781512605
VALPA,2026,002,002-2-01,3646774.789915967
VALPA,2026,002,002-2-02,136084.03361344538
VALPA,2026,002,002-2-03,2432029.411764706
VALPA,2026,002,002-2-05,4284710.924369748
VALPA,2026,002,002-2-06,261862.1848739496
VALPA,2026,002,002-2-07,1188245.3781512608
VALPA,2026,002,002-2-09,1578280.6722689075
VALPA,2026,003,003-1-02,2077546.2184873952
VALPA,2026,003,003-1-03,118025.21008403364
VALPA,2026,003,003-1-04,6015364.705882353
VALPA,2026,003,003-1-06,9323558.823529413
VALPA,2026,003,003-1-07,228564.70588235295
VALPA,2026,003,003-1-08,302768.90756302525
VALPA,2026,003,003-1-13,1205372.268907563
VALPA,2026,003,003-1-14,20865900.0
VALPA,2026,003,003-1-15,44746.21848739496
VALPA,2026,003,003-1-18,2702181.512605042
VALPA,2026,003,003-2-01,7785925.210084034
VALPA,2026,003,003-2-02,1214025.2100840337
VALPA,2026,003,003-2-07,28217.64705882353
VALPA,2026,003,003-2-08,1006578.9915966387
VALPA,2026,003,003-2-09,8854871.42857143
VALPA,2026,003,003-2-11,1176068.9075630251
VALPA,2026,003,003-2-12,1678014.285714286
VALPA,2026,003,003-2-13,15189764.705882354
VALPA,2026,003,003-2-15,3562970.588235294
VALPA,2026,003,003-2-17,122882.35294117648
VALPA,2026,003,003-2-20,158068.06722689077
VALPA,2026,004,004-2-01,6488450.420168068
VALPA,2026,005,005-1-01,4752299.159663866
VALPA,2026,005,005-1-02,900734.4537815126
VALPA,2026,006,006-1-01,5344.537815126051
VALPA,2026,006,006-1-03,22680.672268907565
VALPA,2026,007,007-1-01,13534107.56302521
VALPA,2026,007,007-1-02,12022303.361344539
VALPA,2026,007,007-1-03,6126915.12605042
VALPA,2026,007,007-2-01,6935552.941176471
VALPA,2026,007,007-2-02,16585213.445378153
VALPA,2026,007,007-2-03,8835221.848739496
VALPA,2026,008,008-2-01,3959126.0504201683
VALPA,2026,008,008-2-02,2168273.949579832
VALPA,2026,008,008-2-03,2947393.2773109246
VALPA,2026,008,008-2-04,1221248.7394957985
VALPA,2026,009,009-1-01,1203505.0420168068
VALPA,2026,009,009-1-02,1817412.6050420168
VALPA,2026,009,009-1-03,478067.22689075634
VALPA,2026,009,009-1-04,3036901.6806722693
VALPA,2026,009,009-2-01,3617553.781512605
VALPA,2026,009,009-2-02,3319741.1764705884
VALPA,2026,009,009-2-03,309352.9411764706
VALPA,2026,009,009-2-04,1380788.2352941176
VALPA,2026,010,010-1-01,1046225.2100840337
VALPA,2026,010,010-1-02,2127629.411764706
VALPA,2026,010,010-1-03,1029015.1260504202
VALPA,2026,010,010-1-04,864131.0924369749
VALPA,2026,010,010-2-01,1151406.7226890756
VALPA,2026,010,010-2-02,1945070.5882352942
VALPA,2026,010,010-2-03,693878.9915966387
VALPA,2026,010,010-2-04,1587315.9663865545
VALPA,2026,011,011-1-01,2813146.218487395
VALPA,2026,011,011-1-02,3233031.932773109
VALPA,2026,011,011-1-03,1301963.8655462186
VALPA,2026,011,011-1-04,3186810.0840336136
VALPA,2026,011,011-1-05,1184757.9831932774
VALPA,2026,011,011-1-06,2064097.4789915967
VALPA,2026,011,011-1-07,2908936.1344537814
VALPA,2026,011,011-1-08,516361.34453781514
VALPA,2026,011,011-2-01,2515742.8571428573
VALPA,2026,011,011-2-02,397778.9915966387
VALPA,2026,011,011-2-03,995659.6638655462
VALPA,2026,011,011-2-04,663184.0336134455
VALPA,2026,011,011-2-05,1727049.579831933
VALPA,2026,011,011-2-06,4153020.168067227
VALPA,2026,012,012-1-01,5490778.1512605045
VALPA,2026,012,012-1-02,7780238.655462185
VALPA,2026,012,012-1-04,4568727.731092437
VALPA,2026,012,012-1-05,3039205.882352941
VALPA,2026,012,012-1-06,5189914.285714286
VALPA,2026,012,012-1-07,5562543.697478992
VALPA,2026,012,012-1-08,2737259.663865546
VALPA,2026,012,012-1-09,3558545.378151261
VALPA,2026,012,012-2-01,4122604.2016806724
VALPA,2026,012,012-2-02,6337329.4117647065
VALPA,2026,012,012-2-03,2509907.56302521
VALPA,2026,012,012-2-04,1608625.2100840337
VALPA,2026,012,012-2-05,3448697.4789915965
VALPA,2026,012,012-2-06,1518865.5462184874
VALPA,2026,012,012-2-07,1154663.0252100842
VALPA,2026,012,012-2-08,718146.218487395
VALPA,2026,012,012-2-09,925196.6386554622
VALPA,2026,012,012-2-10,824046.218487395
VALPA,2026,012,012-2-11,1351958.8235294118
VALPA,2026,012,012-2-12,966040.3361344538
VALPA,2026,012,012-2-13,1949303.361344538
VALPA,2026,012,012-2-14,1324610.0840336136
VALPA,2026,012,012-2-15,319655.46218487393
VALPA,2026,013,013-1-01,8089008.403361345
VALPA,2026,013,013-1-02,1793888.2352941176
VALPA,2026,013,013-1-04,448300.0
VALPA,2026,013,013-1-06,142936.97478991596
VALPA,2026,013,013-2-01,1006025.2100840337
VALPA,2026,013,013-2-02,1015144.5378151261
VALPA,2026,013,013-2-03,1676248.7394957985
VALPA,2026,013,013-2-04,1157711.7647058824
VALPA,2026,014,014-1-01,3668639.4957983196
VALPA,2026,014,014-2-01,3833334.4537815126
VALPA,2026,015,015-1-01,2232457.9831932774
VALPA,2026,015,015-2-01,3546694.117647059
VALPA,2026,016,016-1-01,1007359.6638655463
VALPA,2026,016,016-2-01,1589592.43697479
VALPA,2026,017,017-1-01,22746605.042016808
VALPA,2026,017,017-1-02,1625163.0252100842
VALPA,2026,017,017-2-01,24313252.100840338
VALPA,2026,029,029-2-01,850984.8739495798
VALPA,2026,029,029-2-02,1352589.9159663867
VALPA,2026,029,029-2-03,8410948.739495799
VALPA,2026,029,029-2-04,392122.6890756303
VALPA,2026,030,030-1-01,5005158.823529413
VALPA,2026,030,030-1-02,1675274.7899159663
VALPA,2026,030,030-2-01,29475178.151260503
VALPA,2026,040,040-1-02,427746.218487395
VALPA,2026,040,040-2-01,10222041.176470589
VALPA,2026,040,040-2-02,1778352.1008403362
VALPA,2026,040,040-2-03,3584700.0
VALPA,2026,040,040-2-04,5018879.831932773
VALPA,2026,040,040-2-05,841156.3025210084
VALPA,2026,040,040-2-06,250903.3613445378
VALPA,2026,050,050-1-01,1418682.3529411764
VALPA,2026,060,060-1-01,222672.26890756303
VALPA,2026,060,060-1-02,500494.95798319334
VALPA,2026,060,060-1-03,725164.705882353
VALPA,2026,060,060-1-04,184894.95798319328
VALPA,2026,060,060-1-05,164343.6974789916
VALPA,2026,060,060-1-06,902835.2941176471
VALPA,2026,060,060-2-01,533119.3277310925
VALPA,2026,061,061-1-03,1462739.4957983193
VALPA,2026,061,061-1-04,2138895.7983193276
VALPA,2026,063,063-1-01,5362607.563025211
VALPA,2026,063,063-1-02,4219524.3697478995
VALPA,2026,063,063-2-01,547178.1512605043
VALPA,2026,063,063-2-03,14683851.260504203
VALPA,2026,063,063-2-04,10571589.075630253
VALPA,2026,064,064-1-01,8768563.865546219
VALPA,2026,064,064-1-02,4702664.705882353
VALPA,2026,064,064-1-03,630789.9159663866
VALPA,2026,064,064-1-04,4170105.882352941
VALPA,2026,064,064-1-05,1706442.0168067226
VALPA,2026,064,064-1-06,607039.4957983193
VALPA,2026,064,064-1-07,1639497.4789915967
VALPA,2026,064,064-2-01,1967864.705882353
VALPA,2026,064,064-2-02,3322957.142857143
VALPA,2026,064,064-2-03,1024506.7226890757
VALPA,2026,064,064-2-04,2221719.3277310925
VALPA,2026,100,100-1-01,124687576.47058824
VALPA,2026,100,100-2-01,3501781.512605042
VALPA,2026,101,101-1-01,279753.781512605
VALPA,2026,101,101-1-02,26246.21848739496
VALPA,2026,101,101-1-04,403946.218487395
VALPA,2026,101,101-2-01,19080583.19327731
VALPA,2026,101,101-2-02,7420811.764705882
VALPA,2026,101,101-2-03,10183389.075630253
VALPA,2026,101,101-2-04,11374940.336134454
VALPA,2026,101,101-2-05,2180461.344537815
VALPA,2026,102,102-1-01,7730747.899159664
VALPA,2026,102,102-1-02,34496587.39495798
VALPA,2026,102,102-1-03,7739209.243697479
VALPA,2026,102,102-1-04,203705944.53781512
VALPA,2026,102,102-1-05,28002921.008403365
VALPA,2026,102,102-1-06,51741958.823529415
VALPA,2026,102,102-1-07,200235897.4789916
VALPA,2026,102,102-1-08,10220913.44537815
VALPA,2026,102,102-2-01,10081481.512605043
VALPA,2026,102,102-2-02,3337844.537815126
VALPA,2026,102,102-2-03,162195006.7226891
VALPA,2026,103,103-2-01,43121.8487394958
VALPA,2026,103,103-2-02,4159.663865546218
VALPA,2026,104,104-1-01,383992.43697478995
VALPA,2026,104,104-1-03,284230.2521008403
VALPA,2026,104,104-1-04,47261.34453781513
VALPA,2026,104,104-2-01,256050.42016806724
VALPA,2026,104,104-2-03,49294.117647058825
VALPA,2026,105,105-1-02,19391.596638655465
VALPA,2026,105,105-1-03,109537.81512605042
VALPA,2026,106,106-1-02,867963.8655462185
VALPA,2026,106,106-1-03,66941.17647058824
VALPA,2026,106,106-2-01,200313.44537815126
VALPA,2026,106,106-2-02,107953.78151260506
VALPA,2026,106,106-2-03,212190.756302521
VALPA,2026,107,107-1-01,14657.142857142859
VALPA,2026,107,107-1-02,1053148.7394957985
VALPA,2026,107,107-1-03,585915.1260504202
VALPA,2026,107,107-2-01,46314.28571428572
VALPA,2026,107,107-2-02,2064205.0420168068
VALPA,2026,107,107-2-03,254357.98319327732
VALPA,2026,107,107-2-04,352580.6722689076
VALPA,2026,108,108-1-01,20588.235294117647
VALPA,2026,108,108-1-02,2596.638655462185
VALPA,2026,108,108-1-03,258702.5210084034
VALPA,2026,108,108-1-04,88430.25210084033
VALPA,2026,110,110-1-01,43451259.66386555
VALPA,2026,110,110-1-02,8489552.94117647
VALPA,2026,110,110-2-01,2187439.495798319
VALPA,2026,112,112-1-01,14836330.25210084
VALPA,2026,500,500-1-01,22744290.75630252
VESPU,2025,001,001-1-01,643960.5042016807
VESPU,2025,001,001-2-01,1217616.8067226892
VESPU,2025,002,002-1-01,1211581.512605042
VESPU,2025,002,002-1-02,7138339.49579832
VESPU,2025,002,002-1-03,250290.75630252104
VESPU,2025,002,002-1-06,216531.0924369748
VESPU,2025,002,002-1-07,179978.1512605042
VESPU,2025,002,002-2-01,2835215.12605042
VESPU,2025,002,002-2-02,7501391.596638655
VESPU,2025,002,002-2-03,1459901.680672269
VESPU,2025,003,003-1-01,12663528.571428573
VESPU,2025,003,003-1-02,10434157.142857144
VESPU,2025,003,003-1-03,11261970.588235294
VESPU,2025,003,003-1-04,1548123.5294117648
VESPU,2025,003,003-2-01,2402240.336134454
VESPU,2025,003,003-2-02,3327752.100840336
VESPU,2025,003,003-2-03,949467.2268907564
VESPU,2025,003,003-2-04,4922891.596638655
VESPU,2025,003,003-2-05,2914785.7142857146
VESPU,2025,004,004-1-01,1059670.5882352942
VESPU,2025,004,004-2-01,1064860.5042016807
VESPU,2025,004,004-2-02,166953.78151260503
VESPU,2025,004,004-2-03,876952.9411764706
VESPU,2025,004,004-2-04,383169.7478991597
VESPU,2025,005,005-1-01,5687535.294117647
VESPU,2025,005,005-1-02,5483883.1932773115
VESPU,2025,005,005-1-03,4960336.134453782
VESPU,2025,005,005-1-04,1790635.2941176472
VESPU,2025,005,005-2-01,1903675.630252101
VESPU,2025,005,005-2-02,4700434.453781513
VESPU,2025,005,005-2-03,1663304.2016806724
VESPU,2025,005,005-2-04,2811936.974789916
VESPU,2025,006,006-1-01,2074705.0420168068
VESPU,2025,006,006-1-02,597471.4285714286
VESPU,2025,006,006-1-03,1209081.5126050422
VESPU,2025,006,006-1-04,1889063.0252100842
VESPU,2025,006,006-2-01,7842451.260504202
VESPU,2025,006,006-2-02,7732618.487394959
VESPU,2025,006,006-2-03,5424039.49579832
VESPU,2025,006,006-2-04,5376101.680672269
VESPU,2025,007,007-2-01,129721.00840336135
VESPU,2025,007,007-2-02,605215.1260504202
VESPU,2025,007,007-2-03,453751.2605042017
VESPU,2025,007,007-2-04,569283.1932773109
VESPU,2025,008,008-1-01,7167388.235294118
VESPU,2025,008,008-1-02,12590207.56302521
VESPU,2025,008,008-1-03,2362276.470588235
VESPU,2025,008,008-1-04,161736.13445378153
VESPU,2025,009,009-1-02,58815.12605042017
VESPU,2025,009,009-1-05,3594673.949579832
VESPU,2025,009,009-1-06,4164222.6890756306
VESPU,2025,009,009-2-04,1876296.6386554623
VESPU,2025,009,009-2-05,5530532.773109244
VESPU,2025,010,010-1-04,15100.840336134454
VESPU,2025,010,010-1-05,1955294.1176470588
VESPU,2025,010,010-1-06,2066904.2016806724
VESPU,2025,010,010-1-07,13374001.68067227
VESPU,2025,010,010-2-06,30298840.336134456
VESPU,2025,010,010-2-07,12141876.470588235
VESPU,2025,011,011-1-01,1980549.579831933
VESPU,2025,011,011-2-01,1825488.2352941178
VESPU,2025,011,011-2-02,87388.23529411765
VESPU,2025,011,011-2-03,1054784.0336134455
VESPU,2025,011,011-2-04,3323557.9831932774
VESPU,2025,011,011-2-05,1618124.3697478992
VESPU,2025,012,012-1-05,701657.1428571428
VESPU,2025,012,012-1-06,1466498.3193277312
VESPU,2025,012,012-1-07,3466815.9663865548
VESPU,2025,012,012-1-08,569970.5882352941
VESPU,2025,012,012-1-09,2280135.294117647
VESPU,2025,012,012-2-05,9900877.31092437
VESPU,2025,012,012-2-06,12205460.50420168
VESPU,2025,012,012-2-07,13685639.49579832
VESPU,2025,012,012-2-08,4748324.3697478995
VESPU,2025,012,012-2-09,4892473.949579832
VESPU,2025,012,012-2-10,2048359.6638655462
VESPU,2025,013,013-1-05,20575915.966386557
VESPU,2025,013,013-1-06,18710881.51260504
VESPU,2025,013,013-1-07,5933385.714285715
VESPU,2025,013,013-2-05,9952355.462184874
VESPU,2025,013,013-2-06,15631126.890756303
VESPU,2025,013,013-2-07,4378410.924369748
VESPU,2025,013,013-2-08,4468953.781512605
VESPU,2025,014,014-1-05,1344068.9075630254
VESPU,2025,014,014-1-06,2049405.8823529412
VESPU,2025,014,014-1-07,327555.462184874
VESPU,2025,014,014-1-08,2348781.512605042
VESPU,2025,015,015-1-01,8455470.588235294
VESPU,2025,015,015-1-02,16901368.06722689
VESPU,2025,015,015-1-03,10652770.588235294
VESPU,2025,015,015-1-04,21459284.033613447
VESPU,2025,015,015-1-05,900794.9579831933
VESPU,2025,015,015-1-06,1668762.1848739497
VESPU,2025,015,015-1-07,3304408.4033613447
VESPU,2025,015,015-1-08,3363700.0
VESPU,2025,015,015-1-09,1421445.3781512605
VESPU,2025,015,015-1-10,20966.38655462185
VESPU,2025,015,015-2-02,340067.2268907563
VESPU,2025,016,016-1-01,5765176.470588235
VESPU,2025,016,016-1-08,266632.7731092437
VESPU,2025,016,016-2-01,10263721.848739496
VESPU,2025,016,016-2-06,2352734.4537815126
VESPU,2025,016,016-2-07,170798.3193277311
VESPU,2025,017,017-1-02,3657868.9075630256
VESPU,2025,017,017-1-03,7016558.823529412
VESPU,2025,017,017-1-05,12224783.19327731
VESPU,2025,017,017-1-06,12097309.24369748
VESPU,2025,017,017-1-07,15754155.462184874
VESPU,2025,017,017-1-08,6092852.94117647
VESPU,2025,017,017-1-09,9566420.168067228
VESPU,2025,017,017-1-12,5139889.075630252
VESPU,2025,017,017-1-13,504981.512605042
VESPU,2025,017,017-1-14,3165820.168067227
VESPU,2025,017,017-2-03,4055773.949579832
VESPU,2025,017,017-2-10,98483770.5882353
VESPU,2025,018,018-1-01,145406.72268907563
VESPU,2025,018,018-1-06,3624018.4873949583
VESPU,2025,018,018-1-07,15146317.647058824
VESPU,2025,018,018-1-09,1194176.4705882352
VESPU,2025,018,018-1-10,1837112.6050420168
VESPU,2025,018,018-2-04,111546.21848739496
VESPU,2025,018,018-2-06,765336.9747899161
VESPU,2025,018,018-2-11,5117433.613445379
VESPU,2025,019,019-1-01,148821.00840336137
VESPU,2025,070,070-1-01,2287642.0168067226
VESPU,2025,070,070-1-02,4209016.806722689
VESPU,2025,070,070-1-03,3335547.0588235296
VESPU,2025,070,070-1-04,668899.1596638656
VESPU,2025,070,070-1-05,185521.00840336137
VESPU,2025,070,070-1-06,538789.9159663866
VESPU,2025,070,070-1-10,7626598.319327732
VESPU,2025,070,070-1-11,304157.1428571429
VESPU,2025,100,100-1-02,40319.32773109244
VESPU,2025,100,100-1-03,6369.7478991596645
VESPU,2025,100,100-1-05,12932.773109243699
VESPU,2025,100,100-1-11,74154.62184873951
VESPU,2025,100,100-2-02,341823.5294117647
VESPU,2025,101,101-1-01,58706.722689075636
VESPU,2025,101,101-1-02,70276.4705882353
VESPU,2025,101,101-1-03,504629.4117647059
VESPU,2025,101,101-1-15,10815.12605042017
VESPU,2025,101,101-2-03,5033.6134453781515
VESPU,2025,101,101-2-05,906988.2352941177
VESPU,2025,101,101-2-13,102294.11764705883
VESPU,2025,103,103-1-03,91611.76470588235
VESPU,2025,104,104-1-03,25845.378151260506
VESPU,2025,104,104-1-04,5184.873949579833
VESPU,2025,104,104-1-05,27134.453781512602
VESPU,2025,104,104-2-02,6705.882352941177
VESPU,2025,105,105-1-05,506204.2016806723
VESPU,2025,105,105-2-03,7554.621848739496
VESPU,2025,106,106-1-02,120063.8655462185
VESPU,2025,106,106-1-03,1906005.8823529414
VESPU,2025,106,106-1-06,25535.29411764706
VESPU,2025,106,106-1-07,16433.613445378152
VESPU,2025,107,107-1-02,60949.57983193277
VESPU,2025,107,107-1-06,36428.571428571435
VESPU,2025,107,107-1-07,5344.53781512605
VESPU,2025,107,107-2-02,634187.3949579832
VESPU,2025,107,107-2-07,962155.462184874
VESPU,2025,108,108-1-08,98557.14285714287
VESPU,2025,108,108-2-08,96799.15966386555
VESPU,2025,109,109-2-09,558206.7226890756
VESPU,2025,110,110-1-01,777829.4117647059
VESPU,2025,110,110-1-02,163928.57142857145
VESPU,2025,110,110-1-04,4525883.1932773115
VESPU,2025,110,110-1-06,73243.6974789916
VESPU,2025,110,110-1-10,434212.60504201683
VESPU,2025,110,110-2-01,1079455.4621848739
VESPU,2025,111,111-1-01,19723711.764705885
VESPU,2025,111,111-1-11,181026.89075630254
VESPU,2025,111,111-2-11,52798.31932773109
VESPU,2025,113,113-1-13,1321852.1008403362
VESPU,2025,114,114-2-14,860793.2773109244
VESPU,2025,115,115-1-02,403662.1848739496
VESPU,2025,115,115-1-16,38034.45378151261
VESPU,2025,115,115-2-15,13058.823529411766
VESPU,2025,116,116-1-16,169021.8487394958
VESPU,2025,116,116-1-17,78011.76470588235
VESPU,2025,116,116-2-02,10739.495798319327
VESPU,2025,130,130-1-01,216354547.05882353
VESPU,2025,150,150-1-04,864603.3613445379
VESPU,2025,150,150-1-06,35243.6974789916
VESPU,2025,150,150-1-10,5802683.193277311
VESPU,2025,150,150-1-13,276131.9327731093
VESPU,2025,150,150-1-15,15957.983193277312
VESPU,2025,150,150-2-01,12428.57142857143
VESPU,2025,150,150-2-04,2405990.756302521
VESPU,2025,150,150-2-05,26823.529411764706
VESPU,2025,150,150-2-06,1586795.7983193279
VESPU,2025,150,150-2-11,1097277.3109243698
VESPU,2025,150,150-2-14,1137210.0840336136
VESPU,2025,151,151-1-01,169844.53781512607
VESPU,2025,151,151-2-01,361851160.5042017
VESPU,2025,151,151-2-02,44025578.1512605
VESPU,2025,151,151-2-03,89411589.91596639
VESPU,2025,151,151-2-04,195100557.98319328
VESPU,2025,151,151-2-05,545800058.8235295
VESPU,2025,151,151-2-06,94726020.16806723
VESPU,2025,151,151-2-07,1414065.5462184874
VESPU,2025,152,152-1-01,58608447.89915967
VESPU,2025,152,152-1-02,23793.27731092437
VESPU,2025,152,152-2-01,5182346.218487395
VESPU,2025,152,152-2-02,10034284.87394958
VESPU,2025,152,152-2-03,1540147.899159664
VESPU,2025,152,152-2-04,1172129.411764706
VESPU,2025,152,152-2-05,421502.5210084034
VESPU,2025,152,152-2-06,238315.1260504202
VESPU,2025,152,152-2-07,255197.47899159667
VESPU,2025,152,152-2-08,3054410.924369748
VESPU,2025,152,152-2-09,123437.81512605042
VESPU,2025,152,152-2-10,1894747.8991596638
VESPU,2025,152,152-2-11,4921531.9327731095
VESPU,2025,152,152-2-12,4338694.117647059
VESPU,2025,152,152-2-13,453420.1680672269
VESPU,2025,152,152-2-14,504115.1260504202
VESPU,2025,152,152-2-16,3246332.7731092437
VESPU,2025,152,152-2-17,176352.9411764706
VESPU,2025,152,152-2-19,4478650.420168067
VESPU,2025,152,152-2-20,18188507.56302521
VESPU,2025,152,152-2-21,17130970.588235296
VESPU,2025,152,152-2-22,17000717.647058826
VESPU,2025,152,152-2-23,3233386.554621849
VESPU,2025,153,153-1-05,420316.80672268907
VESPU,2025,153,153-1-06,654505.8823529412
VESPU,2025,153,153-1-07,65115.966386554624
VESPU,2025,153,153-1-08,12191.596638655463
VESPU,2025,155,155-1-01,71713592.4369748
VESPU,2025,160,160-1-01,19375881.51260504
VESPU,2025,180,180-1-01,710630.2521008403
VESPU,2025,180,180-1-02,27638.655462184874
VESPU,2025,180,180-1-03,166405.04201680672
VESPU,2025,180,180-1-04,23218.487394957985
VESPU,2025,180,180-1-05,16941.176470588238
VESPU,2025,360,360-1-01,657094.1176470588
VESPU,2025,360,360-1-06,38663.86554621849
VESPU,2025,360,360-1-07,103426.05042016807
VESPU,2025,360,360-1-08,17155.46218487395
VESPU,2025,600,600-1-01,197374.7899159664
VESPU,2026,001,001-1-01,1966241.1764705882
VESPU,2026,001,001-2-01,1418487.3949579832
VESPU,2026,002,002-1-01,544289.9159663866
VESPU,2026,002,002-1-02,5214613.445378152
VESPU,2026,002,002-1-03,1561399.1596638656
VESPU,2026,002,002-1-04,235704.20168067227
VESPU,2026,002,002-1-05,322754.6218487395
VESPU,2026,002,002-1-06,384544.53781512607
VESPU,2026,002,002-1-07,1321115.12605042
VESPU,2026,002,002-2-01,3566578.9915966387
VESPU,2026,002,002-2-02,8280293.277310925
VESPU,2026,002,002-2-03,3513050.4201680673
VESPU,2026,003,003-1-01,7812303.361344538
VESPU,2026,003,003-1-02,19151793.277310926
VESPU,2026,003,003-1-03,10018421.008403363
VESPU,2026,003,003-1-04,2139673.949579832
VESPU,2026,003,003-2-01,3437142.8571428573
VESPU,2026,003,003-2-02,4276123.529411765
VESPU,2026,003,003-2-03,1918169.7478991598
VESPU,2026,003,003-2-04,5429652.100840337
VESPU,2026,003,003-2-05,3047271.4285714286
VESPU,2026,004,004-1-01,1251633.6134453781
VESPU,2026,004,004-1-02,289623.52941176476
VESPU,2026,004,004-2-01,1038160.5042016807
VESPU,2026,004,004-2-02,886966.3865546219
VESPU,2026,004,004-2-03,556045.3781512605
VESPU,2026,004,004-2-04,678531.0924369749
VESPU,2026,005,005-1-01,8805926.890756303
VESPU,2026,005,005-1-02,8694817.647058824
VESPU,2026,005,005-1-03,8306582.352941177
VESPU,2026,005,005-1-04,3558180.6722689075
VESPU,2026,005,005-2-01,4060576.4705882357
VESPU,2026,005,005-2-02,5413105.882352942
VESPU,2026,005,005-2-03,4070580.672268908
VESPU,2026,005,005-2-04,2191570.5882352944
VESPU,2026,006,006-1-01,506743.6974789916
VESPU,2026,006,006-1-02,239491.59663865546
VESPU,2026,006,006-1-03,1303090.756302521
VESPU,2026,006,006-1-04,1457528.5714285716
VESPU,2026,006,006-2-01,9055895.798319329
VESPU,2026,006,006-2-02,7292092.43697479
VESPU,2026,006,006-2-03,4756971.428571429
VESPU,2026,006,006-2-04,4998930.25210084
VESPU,2026,007,007-2-01,1688660.5042016807
VESPU,2026,007,007-2-02,525060.5042016807
VESPU,2026,007,007-2-03,1356067.2268907563
VESPU,2026,007,007-2-04,2308104.2016806724
VESPU,2026,008,008-1-01,6483616.806722689
VESPU,2026,008,008-1-02,10312093.277310925
VESPU,2026,008,008-1-03,2671471.4285714286
VESPU,2026,008,008-1-04,698115.9663865546
VESPU,2026,009,009-1-02,278941.17647058825
VESPU,2026,009,009-1-05,3702888.2352941176
VESPU,2026,009,009-1-06,5175315.12605042
VESPU,2026,009,009-2-04,4118180.672268908
VESPU,2026,009,009-2-05,7184734.453781513
VESPU,2026,010,010-1-04,60403.361344537814
VESPU,2026,010,010-1-05,2223991.5966386558
VESPU,2026,010,010-1-06,2476170.588235294
VESPU,2026,010,010-1-07,16200445.378151262
VESPU,2026,010,010-2-06,33370495.79831933
VESPU,2026,010,010-2-07,14449059.663865548
VESPU,2026,011,011-1-01,1182300.8403361344
VESPU,2026,011,011-2-01,4302122.68907563
VESPU,2026,011,011-2-02,888823.5294117648
VESPU,2026,011,011-2-03,1428285.7142857146
VESPU,2026,011,011-2-04,3650721.0084033613
VESPU,2026,011,011-2-05,2822278.1512605045
VESPU,2026,012,012-1-05,2804716.8067226894
VESPU,2026,012,012-1-06,2416580.6722689075
VESPU,2026,012,012-1-07,4600235.294117647
VESPU,2026,012,012-1-08,781364.705882353
VESPU,2026,012,012-1-09,2835339.4957983196
VESPU,2026,012,012-2-05,11267437.81512605
VESPU,2026,012,012-2-06,13649209.24369748
VESPU,2026,012,012-2-07,10725818.487394959
VESPU,2026,012,012-2-08,4647923.529411765
VESPU,2026,012,012-2-09,4612990.756302522
VESPU,2026,012,012-2-10,2241006.722689076
VESPU,2026,013,013-1-05,29389394.11764706
VESPU,2026,013,013-1-06,18702830.25210084
VESPU,2026,013,013-1-07,8411047.899159664
VESPU,2026,013,013-2-05,10064342.016806724
VESPU,2026,013,013-2-06,19566699.159663867
VESPU,2026,013,013-2-07,5045986.554621849
VESPU,2026,013,013-2-08,4421549.579831933
VESPU,2026,014,014-1-05,1908612.6050420168
VESPU,2026,014,014-1-06,1825047.0588235294
VESPU,2026,014,014-1-07,1066561.344537815
VESPU,2026,014,014-1-08,2299275.630252101
VESPU,2026,015,015-1-01,17783262.18487395
VESPU,2026,015,015-1-02,23381303.36134454
VESPU,2026,015,015-1-03,17629695.79831933
VESPU,2026,015,015-1-04,22537288.23529412
VESPU,2026,015,015-1-05,1324100.8403361344
VESPU,2026,015,015-1-06,2919513.4453781513
VESPU,2026,015,015-1-07,4886076.470588235
VESPU,2026,015,015-1-08,3389661.344537815
VESPU,2026,015,015-1-09,1571976.4705882354
VESPU,2026,015,015-1-10,4684677.31092437
VESPU,2026,015,015-2-02,443692.4369747899
VESPU,2026,016,016-1-01,284857.14285714284
VESPU,2026,016,016-1-08,267332.7731092437
VESPU,2026,016,016-2-01,6951235.294117647
VESPU,2026,016,016-2-05,271588.23529411765
VESPU,2026,016,016-2-06,1861477.3109243698
VESPU,2026,016,016-2-07,35270.58823529412
VESPU,2026,017,017-1-02,3373342.8571428573
VESPU,2026,017,017-1-03,4449838.655462185
VESPU,2026,017,017-1-05,21730030.25210084
VESPU,2026,017,017-1-06,5203437.81512605
VESPU,2026,017,017-1-07,17141557.142857146
VESPU,2026,017,017-1-08,4728001.680672269
VESPU,2026,017,017-1-09,11131240.336134454
VESPU,2026,017,017-1-11,61714.28571428572
VESPU,2026,017,017-1-12,9341429.411764706
VESPU,2026,017,017-1-13,791338.6554621849
VESPU,2026,017,017-1-14,4177685.7142857146
VESPU,2026,017,017-2-03,1717712.6050420168
VESPU,2026,017,017-2-08,1319713.4453781515
VESPU,2026,017,017-2-10,135171399.1596639
VESPU,2026,018,018-1-01,2374650.4201680673
VESPU,2026,018,018-1-06,5143568.907563026
VESPU,2026,018,018-1-07,9418868.06722689
VESPU,2026,018,018-1-09,256260.50420168068
VESPU,2026,018,018-1-10,789426.0504201681
VESPU,2026,018,018-2-04,401800.0
VESPU,2026,018,018-2-06,170827.731092437
VESPU,2026,018,018-2-11,4570560.504201681
VESPU,2026,019,019-1-01,8554.621848739496
VESPU,2026,070,070-1-01,3597191.5966386558
VESPU,2026,070,070-1-02,4012253.7815126055
VESPU,2026,070,070-1-03,3863652.941176471
VESPU,2026,070,070-1-04,661542.8571428572
VESPU,2026,070,070-1-05,544394.9579831933
VESPU,2026,070,070-1-06,2983568.907563025
VESPU,2026,070,070-1-07,231070.58823529413
VESPU,2026,070,070-1-10,15593099.159663865
VESPU,2026,070,070-1-11,231210.08403361344
VESPU,2026,070,070-2-01,203873.94957983194
VESPU,2026,090,090-1-01,783353.781512605
VESPU,2026,100,100-1-02,23521.008403361346
VESPU,2026,100,100-1-03,31848.739495798323
VESPU,2026,100,100-1-05,178554.6218487395
VESPU,2026,100,100-1-06,15117.64705882353
VESPU,2026,100,100-1-11,16500.0
VESPU,2026,100,100-1-15,22411.764705882353
VESPU,2026,100,100-2-02,21176.470588235294
VESPU,2026,100,100-2-04,26571.428571428572
VESPU,2026,101,101-1-01,166872.26890756303
VESPU,2026,101,101-1-02,235764.70588235295
VESPU,2026,101,101-1-03,371383.19327731093
VESPU,2026,101,101-2-01,30661.34453781513
VESPU,2026,101,101-2-03,227708.40336134454
VESPU,2026,101,101-2-05,1730982.3529411766
VESPU,2026,101,101-2-12,303600.0
VESPU,2026,101,101-2-13,207328.57142857145
VESPU,2026,103,103-1-03,152697.47899159667
VESPU,2026,105,105-1-05,22753.78151260504
VESPU,2026,106,106-1-03,390104.2016806723
VESPU,2026,106,106-1-06,5705.882352941177
VESPU,2026,107,107-1-06,7781.512605042018
VESPU,2026,107,107-2-02,110335.29411764708
VESPU,2026,107,107-2-07,121428.57142857143
VESPU,2026,108,108-1-08,28850.420168067227
VESPU,2026,108,108-2-08,301152.9411764706
VESPU,2026,109,109-2-09,60963.02521008404
VESPU,2026,110,110-1-01,2099659.663865546
VESPU,2026,110,110-1-02,711605.8823529412
VESPU,2026,110,110-1-04,6154717.647058824
VESPU,2026,110,110-1-06,1203857.9831932774
VESPU,2026,110,110-1-10,309050.42016806727
VESPU,2026,110,110-2-01,1882776.4705882354
VESPU,2026,111,111-1-01,23829737.81512605
VESPU,2026,111,111-1-02,18655.462184873948
VESPU,2026,111,111-1-11,36320.16806722689
VESPU,2026,112,112-2-02,9739.495798319329
VESPU,2026,113,113-1-13,610685.7142857143
VESPU,2026,114,114-2-14,38117.64705882353
VESPU,2026,115,115-1-02,23588.235294117647
VESPU,2026,115,115-1-16,75605.04201680672
VESPU,2026,130,130-1-01,241387100.0
VESPU,2026,150,150-1-04,875539.4957983193
VESPU,2026,150,150-1-06,19470.58823529412
VESPU,2026,150,150-1-10,5636568.0672268905
VESPU,2026,150,150-1-13,2322116.806722689
VESPU,2026,150,150-1-15,50394.95798319328
VESPU,2026,150,150-2-01,12428.57142857143
VESPU,2026,150,150-2-04,4581151.260504202
VESPU,2026,150,150-2-05,2028963.0252100842
VESPU,2026,150,150-2-06,2391743.697478992
VESPU,2026,150,150-2-11,3211351.260504202
VESPU,2026,150,150-2-14,670515.1260504202
VESPU,2026,151,151-1-01,733640.3361344539
VESPU,2026,151,151-2-01,331435006.7226891
VESPU,2026,151,151-2-02,35383853.78151261
VESPU,2026,151,151-2-03,93216005.88235295
VESPU,2026,151,151-2-04,193137957.14285713
VESPU,2026,151,151-2-05,550599175.6302521
VESPU,2026,151,151-2-06,124427710.08403362
VESPU,2026,151,151-2-07,1100730.2521008404
VESPU,2026,152,152-1-01,34850887.39495798
VESPU,2026,152,152-2-01,2571344.537815126
VESPU,2026,152,152-2-02,5687008.403361345
VESPU,2026,152,152-2-03,3160749.579831933
VESPU,2026,152,152-2-04,2880856.3025210085
VESPU,2026,152,152-2-05,2115707.56302521
VESPU,2026,152,152-2-06,2169542.016806723
VESPU,2026,152,152-2-07,74714.28571428571
VESPU,2026,152,152-2-08,100258.82352941176
VESPU,2026,152,152-2-10,1204338.655462185
VESPU,2026,152,152-2-11,7311405.042016807
VESPU,2026,152,152-2-12,10531355.462184874
VESPU,2026,152,152-2-13,160702.5210084034
VESPU,2026,152,152-2-14,1159716.806722689
VESPU,2026,152,152-2-16,1926447.899159664
VESPU,2026,152,152-2-18,955588.2352941177
VESPU,2026,152,152-2-19,188168.06722689077
VESPU,2026,152,152-2-20,34692162.18487395
VESPU,2026,152,152-2-21,9615534.453781513
VESPU,2026,152,152-2-22,20641705.88235294
VESPU,2026,152,152-2-23,25636768.06722689
VESPU,2026,153,153-1-06,73235.29411764706
VESPU,2026,155,155-1-01,71313138.65546219
VESPU,2026,160,160-1-01,13181751.260504203
VESPU,2026,162,162-1-02,721721.8487394959
VESPU,2026,180,180-1-01,3138433.6134453784
VESPU,2026,180,180-1-02,598638.6554621849
VESPU,2026,180,180-1-03,462336.13445378153
VESPU,2026,180,180-1-04,305655.462184874
VESPU,2026,180,180-1-05,194739.49579831935
VESPU,2026,360,360-1-01,293391.59663865546
VESPU,2026,360,360-1-06,3441.1764705882356
VESPU,2026,360,360-1-08,269378.1512605042
VESPU,2026,360,360-1-09,2684.8739495798322
VESPU,2026,360,360-1-10,12930.252100840336
VESPU,2026,500,500-2-01,1270.5882352941178
VESPU,2026,600,600-1-01,47882.352941176476
