cod_tienda,sku_a,sku_b,boletas,soporte,confianza_a_b,confianza_b_a,lift,desc_a,desc_b
SANRO,115846,1205,884,0.0054,0.1727,0.2124,6.788,MELAMINA BLANCA VESTO 15MM 2.50 X 1.83,"DUROLAC UNICOLOR BLANCO 2,8MM 1.52 X 2.44"
CONCE,1205,122563,547,0.006,0.3024,0.2291,11.551,"DUROLAC UNICOLOR BLANCO 2,8MM 1.52 X 2.44",MELAMINA BLANCA CLASICA 15MM 1.83 X 2.50 MASISA
SANRO,115846,115847,465,0.00284,0.0908,0.1889,6.039,MELAMINA BLANCA VESTO 15MM 2.50 X 1.83,MELAMINA BLANCA VESTO 18MM 2.50 X 1.83
MAPOC,115846,1205,393,0.00254,0.1918,0.1843,13.929,MELAMINA BLANCA VESTO 15MM 2.50 X 1.83,"DUROLAC UNICOLOR BLANCO 2,8MM 1.52 X 2.44"
SANRO,102517,143601,380,0.00232,0.3846,0.533,88.268,BARRA CLOSET OVALADA CROMADA 3MTS KUTZ,SOPORTE BARRA OVALADA CROMADO 2 UND KUTZ
MAPOC,83297,87998,371,0.0024,0.6225,0.6163,160.097,TAB. ESTRUCTURAL C 2X3X8X0.85X6MT 60X38,TAB. CANAL ESTRUCTURAL U 2X3X0.85X6MT 62X25
MAIPU,115846,1205,368,0.00749,0.191,0.2234,5.696,MELAMINA BLANCA VESTO 15MM 2.50 X 1.83,"DUROLAC UNICOLOR BLANCO 2,8MM 1.52 X 2.44"
SANRO,126115,126116,359,0.00219,0.1537,0.3294,23.081,BISAG. 35 RECTA CLIP C/SUAVE-TORN -2UNDS KUTZ,BISAG. 35 S/CURVA C/SUAVE-CLIP-TORN -2UNDS KUTZ
SANRO,115847,1205,359,0.00219,0.1459,0.0863,5.735,MELAMINA BLANCA VESTO 18MM 2.50 X 1.83,"DUROLAC UNICOLOR BLANCO 2,8MM 1.52 X 2.44"
HUECH,115846,1205,344,0.00361,0.1587,0.2381,10.466,MELAMINA BLANCA VESTO 15MM 2.50 X 1.83,"DUROLAC UNICOLOR BLANCO 2,8MM 1.52 X 2.44"
PMONT,115846,1205,340,0.00531,0.1316,0.3241,8.036,MELAMINA BLANCA VESTO 15MM 2.50 X 1.83,"DUROLAC UNICOLOR BLANCO 2,8MM 1.52 X 2.44"
MAPOC,115847,1205,338,0.00218,0.2247,0.1585,16.321,MELAMINA BLANCA VESTO 18MM 2.50 X 1.83,"DUROLAC UNICOLOR BLANCO 2,8MM 1.52 X 2.44"
SANRO,1205,122563,326,0.00199,0.0783,0.1116,4.386,"DUROLAC UNICOLOR BLANCO 2,8MM 1.52 X 2.44",MELAMINA BLANCA CLASICA 15MM 1.83 X 2.50 MASISA
PMONT,115846,131026,326,0.00509,0.1262,0.3108,7.705,MELAMINA BLANCA VESTO 15MM 2.50 X 1.83,"TAPACANTO PVC BLANCO 22X0,45MM RO 25MT"
HUECH,102517,143601,324,0.0034,0.6011,0.5482,96.897,BARRA CLOSET OVALADA CROMADA 3MTS KUTZ,SOPORTE BARRA OVALADA CROMADO 2 UND KUTZ
SANRO,115846,124032,322,0.00197,0.0629,0.1753,5.602,MELAMINA BLANCA VESTO 15MM 2.50 X 1.83,DUROLAC UNICOLOR BLANCO 3MM 1.83 X 2.50
SEREN,115846,1205,310,0.00618,0.1843,0.2426,7.235,MELAMINA BLANCA VESTO 15MM 2.50 X 1.83,"DUROLAC UNICOLOR BLANCO 2,8MM 1.52 X 2.44"
MAPOC,115846,115847,300,0.00194,0.1464,0.1995,15.072,MELAMINA BLANCA VESTO 15MM 2.50 X 1.83,MELAMINA BLANCA VESTO 18MM 2.50 X 1.83
SANRO,83297,87998,292,0.00178,0.6389,0.6854,245.427,TAB. ESTRUCTURAL C 2X3X8X0.85X6MT 60X38,TAB. CANAL ESTRUCTURAL U 2X3X0.85X6MT 62X25
TALCA,115846,131026,286,0.0072,0.1823,0.4145,10.499,MELAMINA BLANCA VESTO 15MM 2.50 X 1.83,"TAPACANTO PVC BLANCO 22X0,45MM RO 25MT"
RENAC,128645,32823,284,0.00373,0.2659,0.1815,12.951,ESCUADRA PLASTICA BLANCA 50UNDS,TORNILLO AGLOMERADO 3.5 X 15 100 UNIDADES
CONCE,115846,1205,273,0.00299,0.1975,0.1509,9.961,MELAMINA BLANCA VESTO 15MM 2.50 X 1.83,"DUROLAC UNICOLOR BLANCO 2,8MM 1.52 X 2.44"
VESPU,115846,1205,267,0.00658,0.151,0.1854,4.253,MELAMINA BLANCA VESTO 15MM 2.50 X 1.83,"DUROLAC UNICOLOR BLANCO 2,8MM 1.52 X 2.44"
TALCA,102517,143601,266,0.00669,0.5278,0.6318,49.822,BARRA CLOSET OVALADA CROMADA 3MTS KUTZ,SOPORTE BARRA OVALADA CROMADO 2 UND KUTZ
TALCA,115846,1205,264,0.00664,0.1683,0.2821,7.144,MELAMINA BLANCA VESTO 15MM 2.50 X 1.83,"DUROLAC UNICOLOR BLANCO 2,8MM 1.52 X 2.44"
MAIPU,102517,143601,263,0.00535,0.5793,0.643,69.575,BARRA CLOSET OVALADA CROMADA 3MTS KUTZ,SOPORTE BARRA OVALADA CROMADO 2 UND KUTZ
RANCA,115846,1205,262,0.00535,0.1217,0.213,4.848,MELAMINA BLANCA VESTO 15MM 2.50 X 1.83,"DUROLAC UNICOLOR BLANCO 2,8MM 1.52 X 2.44"
SANRO,128645,32823,258,0.00158,0.1373,0.1299,11.313,ESCUADRA PLASTICA BLANCA 50UNDS,TORNILLO AGLOMERADO 3.5 X 15 100 UNIDADES
HUECH,115846,115847,253,0.00266,0.1168,0.215,9.45,MELAMINA BLANCA VESTO 15MM 2.50 X 1.83,MELAMINA BLANCA VESTO 18MM 2.50 X 1.83
SEREN,115846,131026,253,0.00504,0.1504,0.3248,9.687,MELAMINA BLANCA VESTO 15MM 2.50 X 1.83,"TAPACANTO PVC BLANCO 22X0,45MM RO 25MT"
MAPOC,125055,126115,247,0.0016,0.2568,0.1057,17.01,TELESCOPICA H45-CS 30KG 450MM ZINCADO KUTZ,BISAG. 35 RECTA CLIP C/SUAVE-TORN -2UNDS KUTZ
SANRO,72328,72713,238,0.00145,0.202,0.1292,17.948,PLANCHA MDF  9MM 1.52 X 2.44,PLANCHA MDF 500 15MM 1.52 X 2.44
MAPOC,102517,126528,234,0.00151,0.3071,0.5021,102.03,BARRA CLOSET OVALADA CROMADA 3MTS KUTZ,SOPORTE BARRA OVALADA ALUMINIO 2 UND KUTZ
MAIPU,115846,131026,232,0.00472,0.1204,0.2698,6.877,MELAMINA BLANCA VESTO 15MM 2.50 X 1.83,"TAPACANTO PVC BLANCO 22X0,45MM RO 25MT"
MAPOC,152618,152619,232,0.0015,0.331,0.2311,51.037,PACK 10 PILAS ALCALINAS AA 1.5V DAIRU,PACK 10 PILAS ALCALINAS AAA 1.5V DAIRU
MAPOC,19868,33903,231,0.00149,0.4125,0.5804,160.47,TAB. CANAL NORMAL 61X20X0.5X3.0MT,TAB. MONTANTE NORMAL 60X38X6X0.5X2.4MT
RENAC,115846,1205,225,0.00295,0.1562,0.2545,13.472,MELAMINA BLANCA VESTO 15MM 2.50 X 1.83,"DUROLAC UNICOLOR BLANCO 2,8MM 1.52 X 2.44"
RANCA,102517,143601,224,0.00457,0.5103,0.6038,67.367,BARRA CLOSET OVALADA CROMADA 3MTS KUTZ,SOPORTE BARRA OVALADA CROMADO 2 UND KUTZ
MAPOC,100639,100648,223,0.00144,0.6371,0.5792,256.229,BAJADA CEMENTAR (10) P25 BLANCO,GANCHO TRADICIONAL P25 BLANCO
RANCA,115846,131026,222,0.00453,0.1032,0.3633,8.27,MELAMINA BLANCA VESTO 15MM 2.50 X 1.83,"TAPACANTO PVC BLANCO 22X0,45MM RO 25MT"
HUECH,83297,87998,222,0.00233,0.5068,0.6549,142.437,TAB. ESTRUCTURAL C 2X3X8X0.85X6MT 60X38,TAB. CANAL ESTRUCTURAL U 2X3X0.85X6MT 62X25
TEMUC,115846,1205,217,0.01876,0.1586,0.2568,2.171,MELAMINA BLANCA VESTO 15MM 2.50 X 1.83,"DUROLAC UNICOLOR BLANCO 2,8MM 1.52 X 2.44"
TEMUC,115846,124032,216,0.01868,0.1579,0.2992,2.529,MELAMINA BLANCA VESTO 15MM 2.50 X 1.83,DUROLAC UNICOLOR BLANCO 3MM 1.83 X 2.50
MAPOC,74900,76860,215,0.00139,0.1532,0.2081,22.969,PINO SECO CEPILLADO 1 X 2 X 3.20 MTS.,PINO SECO CEPILLADO 1 X 3 X 3.20 MTS.
MAPOC,19868,19869,213,0.00138,0.3804,0.5561,153.761,TAB. CANAL NORMAL 61X20X0.5X3.0MT,TAB. MONTANTE NORMAL 60X38X6X0.5X3.0MT
SANRO,114693,32823,208,0.00127,0.161,0.1047,13.264,SOBERBIO 3 16 X 2 100UNDS A.SCREW,TORNILLO AGLOMERADO 3.5 X 15 100 UNIDADES
MAPOC,1205,122563,206,0.00133,0.0966,0.1892,13.737,"DUROLAC UNICOLOR BLANCO 2,8MM 1.52 X 2.44",MELAMINA BLANCA CLASICA 15MM 1.83 X 2.50 MASISA
MAIPU,126115,32823,201,0.00409,0.1341,0.1494,4.897,BISAG. 35 RECTA CLIP C/SUAVE-TORN -2UNDS KUTZ,TORNILLO AGLOMERADO 3.5 X 15 100 UNIDADES
MAPOC,100640,100648,201,0.0013,0.5776,0.5221,232.278,CANALETA LARGO 4 MT (10) P25 BLANCO,GANCHO TRADICIONAL P25 BLANCO
SANRO,72713,72714,198,0.00121,0.1075,0.1722,15.295,PLANCHA MDF 500 15MM 1.52 X 2.44,PLANCHA MDF 500 18MM 1.52 X 2.44
MAIPU,133926,32823,198,0.00403,0.1614,0.1472,5.894,TAPA SOBERBIO ADHES 12MM BLANCO MATE SET 50 UN,TORNILLO AGLOMERADO 3.5 X 15 100 UNIDADES
VALPA,115846,1205,197,0.00733,0.2539,0.3064,10.611,MELAMINA BLANCA VESTO 15MM 2.50 X 1.83,"DUROLAC UNICOLOR BLANCO 2,8MM 1.52 X 2.44"
RENAC,128645,133926,197,0.00258,0.1845,0.1603,11.439,ESCUADRA PLASTICA BLANCA 50UNDS,TAPA SOBERBIO ADHES 12MM BLANCO MATE SET 50 UN
CONCE,122563,124032,194,0.00213,0.0812,0.2392,9.138,MELAMINA BLANCA CLASICA 15MM 1.83 X 2.50 MASISA,DUROLAC UNICOLOR BLANCO 3MM 1.83 X 2.50
SANRO,74900,76860,194,0.00119,0.1591,0.2323,31.187,PINO SECO CEPILLADO 1 X 2 X 3.20 MTS.,PINO SECO CEPILLADO 1 X 3 X 3.20 MTS.
SANRO,125055,126115,193,0.00118,0.1631,0.0827,11.433,TELESCOPICA H45-CS 30KG 450MM ZINCADO KUTZ,BISAG. 35 RECTA CLIP C/SUAVE-TORN -2UNDS KUTZ
HUECH,152618,152619,193,0.00203,0.3238,0.2822,45.102,PACK 10 PILAS ALCALINAS AA 1.5V DAIRU,PACK 10 PILAS ALCALINAS AAA 1.5V DAIRU
MAIPU,114693,32823,191,0.00389,0.218,0.142,7.963,SOBERBIO 3 16 X 2 100UNDS A.SCREW,TORNILLO AGLOMERADO 3.5 X 15 100 UNIDADES
MAPOC,100639,100640,189,0.00122,0.54,0.5431,240.252,BAJADA CEMENTAR (10) P25 BLANCO,CANALETA LARGO 4 MT (10) P25 BLANCO
SANRO,122563,124032,188,0.00115,0.0643,0.1023,5.731,MELAMINA BLANCA CLASICA 15MM 1.83 X 2.50 MASISA,DUROLAC UNICOLOR BLANCO 3MM 1.83 X 2.50
SANRO,32823,72272,188,0.00115,0.0947,0.3602,29.674,TORNILLO AGLOMERADO 3.5 X 15 100 UNIDADES,TORNILLO AGLOMERADO 3.5 X 25 100 UNIDADES
PMONT,115846,124032,187,0.00292,0.0724,0.3031,7.514,MELAMINA BLANCA VESTO 15MM 2.50 X 1.83,DUROLAC UNICOLOR BLANCO 3MM 1.83 X 2.50
RENAC,133926,32823,185,0.00243,0.1505,0.1182,7.331,TAPA SOBERBIO ADHES 12MM BLANCO MATE SET 50 UN,TORNILLO AGLOMERADO 3.5 X 15 100 UNIDADES
VESPU,115847,1205,183,0.00451,0.1556,0.1271,4.382,MELAMINA BLANCA VESTO 18MM 2.50 X 1.83,"DUROLAC UNICOLOR BLANCO 2,8MM 1.52 X 2.44"
MAPOC,74900,74901,182,0.00118,0.1297,0.1376,15.181,PINO SECO CEPILLADO 1 X 2 X 3.20 MTS.,PINO SECO CEPILLADO 1 X 4 X 3.20 MTS.
MAIPU,128645,32823,181,0.00368,0.2785,0.1346,10.17,ESCUADRA PLASTICA BLANCA 50UNDS,TORNILLO AGLOMERADO 3.5 X 15 100 UNIDADES
PMONT,128645,32823,179,0.00279,0.1588,0.1751,9.956,ESCUADRA PLASTICA BLANCA 50UNDS,TORNILLO AGLOMERADO 3.5 X 15 100 UNIDADES
MAPOC,133499,5620,178,0.00115,0.1476,0.0931,11.952,YESO ROMERAL SACO 25KG,YESO-CARTON 10MM 2.4MT X 1.2MT
MAPOC,102517,143432,177,0.00114,0.2323,0.5655,114.902,BARRA CLOSET OVALADA CROMADA 3MTS KUTZ,SOPORTE BARRA METALICO OVALADA CROMADO 2 UNI DVP
SANRO,125832,125833,177,0.00108,0.1069,0.4527,44.757,BISAG. 35 RECTA C/SUAVE-3D-CLIP-TORN -2UNDS KUTZ,BISAG. 35 S/CURVA C/SUAVE-3D-CLIP-TORN 2UNID KUTZ
MAPOC,126115,126116,177,0.00114,0.0757,0.3365,22.294,BISAG. 35 RECTA CLIP C/SUAVE-TORN -2UNDS KUTZ,BISAG. 35 S/CURVA C/SUAVE-CLIP-TORN -2UNDS KUTZ
MAPOC,126115,128645,175,0.00113,0.0749,0.1287,8.525,BISAG. 35 RECTA CLIP C/SUAVE-TORN -2UNDS KUTZ,ESCUADRA PLASTICA BLANCA 50UNDS
HUECH,126115,128645,175,0.00184,0.0846,0.146,6.724,BISAG. 35 RECTA CLIP C/SUAVE-TORN -2UNDS KUTZ,ESCUADRA PLASTICA BLANCA 50UNDS
MAPOC,19868,5620,174,0.00112,0.3107,0.091,25.161,TAB. CANAL NORMAL 61X20X0.5X3.0MT,YESO-CARTON 10MM 2.4MT X 1.2MT
HUECH,115846,131026,174,0.00183,0.0803,0.1777,7.814,MELAMINA BLANCA VESTO 15MM 2.50 X 1.83,"TAPACANTO PVC BLANCO 22X0,45MM RO 25MT"
SANRO,126115,32823,171,0.00105,0.0732,0.0861,6.034,BISAG. 35 RECTA CLIP C/SUAVE-TORN -2UNDS KUTZ,TORNILLO AGLOMERADO 3.5 X 15 100 UNIDADES
MAIPU,126115,126116,168,0.00342,0.1121,0.5,16.385,BISAG. 35 RECTA CLIP C/SUAVE-TORN -2UNDS KUTZ,BISAG. 35 S/CURVA C/SUAVE-CLIP-TORN -2UNDS KUTZ
MAPOC,139684,86792,167,0.00108,0.6302,0.2642,154.385,CURVA CONDUIT 90º 16MM 10UN,TUBO CONDUIT PVC  16MM  TIRA 3MT
CONCE,102517,143601,166,0.00182,0.3585,0.4511,88.875,BARRA CLOSET OVALADA CROMADA 3MTS KUTZ,SOPORTE BARRA OVALADA CROMADO 2 UND KUTZ
MAPOC,100663,95255,165,0.00107,0.5,0.6762,317.273,GANCHO TRADICIONAL  P25 MARRON,CANALETA LARGO 4 MT (10) P25 MARRON
SANRO,126115,143258,165,0.00101,0.0707,0.0901,6.315,BISAG. 35 RECTA CLIP C/SUAVE-TORN -2UNDS KUTZ,BOLSA VEGETAL 45X40X12 KUTZ
SANRO,72386,72713,164,0.001,0.306,0.089,27.18,MDF MELAMINA BLANCO 1CARA 15MM 1.52 X 2.44,PLANCHA MDF 500 15MM 1.52 X 2.44
SANRO,126115,128645,164,0.001,0.0702,0.0873,6.116,BISAG. 35 RECTA CLIP C/SUAVE-TORN -2UNDS KUTZ,ESCUADRA PLASTICA BLANCA 50UNDS
HUECH,115847,1205,164,0.00172,0.1393,0.1135,9.186,MELAMINA BLANCA VESTO 18MM 2.50 X 1.83,"DUROLAC UNICOLOR BLANCO 2,8MM 1.52 X 2.44"
MAPOC,100648,100653,164,0.00106,0.426,0.6332,254.645,GANCHO TRADICIONAL P25 BLANCO,UNION CANALETA (10) P25 BLANCO
VESPU,115846,115847,164,0.00404,0.0928,0.1395,3.199,MELAMINA BLANCA VESTO 15MM 2.50 X 1.83,MELAMINA BLANCA VESTO 18MM 2.50 X 1.83
SANRO,128645,137182,162,0.00099,0.0862,0.2812,24.492,ESCUADRA PLASTICA BLANCA 50UNDS,SOPORTE REPISA FIJO BLANCO BOLSA 50 UN
HUECH,128645,133926,161,0.00169,0.1343,0.0969,7.702,ESCUADRA PLASTICA BLANCA 50UNDS,TAPA SOBERBIO ADHES 12MM BLANCO MATE SET 50 UN
MAPOC,81115,81947,160,0.00103,0.613,0.5405,320.657,TAB. CANAL ESTRUCTURAL U 2X4X0.85X6MT 92X30,TAB. ESTRUCTURAL C 2X4X12X0.85X6MT 90X38
TALCA,115846,124032,160,0.00403,0.102,0.2484,6.293,MELAMINA BLANCA VESTO 15MM 2.50 X 1.83,DUROLAC UNICOLOR BLANCO 3MM 1.83 X 2.50
TEMUC,122563,124032,160,0.01383,0.2195,0.2216,3.516,MELAMINA BLANCA CLASICA 15MM 1.83 X 2.50 MASISA,DUROLAC UNICOLOR BLANCO 3MM 1.83 X 2.50
MAPOC,74901,76860,159,0.00103,0.1202,0.1539,18.013,PINO SECO CEPILLADO 1 X 4 X 3.20 MTS.,PINO SECO CEPILLADO 1 X 3 X 3.20 MTS.
MAPOC,22960,5620,159,0.00103,0.1297,0.0832,10.502,PINO BRUTO 2 X 2 X 3.20 MTS.,YESO-CARTON 10MM 2.4MT X 1.2MT
SEREN,128645,32823,157,0.00313,0.1912,0.1677,10.25,ESCUADRA PLASTICA BLANCA 50UNDS,TORNILLO AGLOMERADO 3.5 X 15 100 UNIDADES
MAIPU,126115,133926,157,0.0032,0.1047,0.128,4.193,BISAG. 35 RECTA CLIP C/SUAVE-TORN -2UNDS KUTZ,TAPA SOBERBIO ADHES 12MM BLANCO MATE SET 50 UN
MAPOC,128645,32823,157,0.00101,0.1154,0.1229,13.997,ESCUADRA PLASTICA BLANCA 50UNDS,TORNILLO AGLOMERADO 3.5 X 15 100 UNIDADES
SANRO,102517,143432,156,0.00095,0.1579,0.5512,91.295,BARRA CLOSET OVALADA CROMADA 3MTS KUTZ,SOPORTE BARRA METALICO OVALADA CROMADO 2 UNI DVP
SANRO,1205,128315,156,0.00095,0.0375,0.1347,5.296,"DUROLAC UNICOLOR BLANCO 2,8MM 1.52 X 2.44","MELAMINA BLANCA 15MM 1,83 X 2,44 SWED"
SANRO,128645,133926,156,0.00095,0.083,0.0949,8.263,ESCUADRA PLASTICA BLANCA 50UNDS,TAPA SOBERBIO ADHES 12MM BLANCO MATE SET 50 UN
MAIPU,114693,126115,156,0.00318,0.1781,0.1041,5.836,SOBERBIO 3 16 X 2 100UNDS A.SCREW,BISAG. 35 RECTA CLIP C/SUAVE-TORN -2UNDS KUTZ
SANRO,19868,33903,154,0.00094,0.4843,0.6135,315.708,TAB. CANAL NORMAL 61X20X0.5X3.0MT,TAB. MONTANTE NORMAL 60X38X6X0.5X2.4MT
MAPOC,100663,100669,154,0.00099,0.4667,0.7333,344.064,GANCHO TRADICIONAL  P25 MARRON,UNION CANALETA (10) P25 MARRON
TALCA,126115,133926,153,0.00385,0.1186,0.15,4.621,BISAG. 35 RECTA CLIP C/SUAVE-TORN -2UNDS KUTZ,TAPA SOBERBIO ADHES 12MM BLANCO MATE SET 50 UN
MAIPU,115847,1205,153,0.00311,0.1962,0.0929,5.85,MELAMINA BLANCA VESTO 18MM 2.50 X 1.83,"DUROLAC UNICOLOR BLANCO 2,8MM 1.52 X 2.44"
MAPOC,126115,32823,153,0.00099,0.0655,0.1198,7.938,BISAG. 35 RECTA CLIP C/SUAVE-TORN -2UNDS KUTZ,TORNILLO AGLOMERADO 3.5 X 15 100 UNIDADES
MAPOC,5620,5621,152,0.00098,0.0795,0.2852,23.093,YESO-CARTON 10MM 2.4MT X 1.2MT,YESO-CARTON 15 MM  2.4MT X 1.2MT
PMONT,128645,133926,151,0.00236,0.134,0.1074,6.105,ESCUADRA PLASTICA BLANCA 50UNDS,TAPA SOBERBIO ADHES 12MM BLANCO MATE SET 50 UN
TALCA,126115,126116,150,0.00377,0.1163,0.4298,13.241,BISAG. 35 RECTA CLIP C/SUAVE-TORN -2UNDS KUTZ,BISAG. 35 S/CURVA C/SUAVE-CLIP-TORN -2UNDS KUTZ
MAPOC,100639,100653,150,0.00097,0.4286,0.5792,256.198,BAJADA CEMENTAR (10) P25 BLANCO,UNION CANALETA (10) P25 BLANCO
SANRO,10474,79038,150,0.00092,0.3268,0.1559,55.586,HUAIPE SEDA BLANCO 1RA 1 KILO,DILUYENTE DP-100 DILOX 5 LTS.
MAPOC,134039,91440,149,0.00096,0.1262,0.3379,44.295,PASTA MURO F-15 TAJAMAR TI,CINTA VOLCANITA 2 X 90 MT
SANRO,115847,124032,149,0.00091,0.0605,0.0811,5.393,MELAMINA BLANCA VESTO 18MM 2.50 X 1.83,DUROLAC UNICOLOR BLANCO 3MM 1.83 X 2.50
HUECH,126115,133926,147,0.00154,0.0711,0.0885,4.077,BISAG. 35 RECTA CLIP C/SUAVE-TORN -2UNDS KUTZ,TAPA SOBERBIO ADHES 12MM BLANCO MATE SET 50 UN
VALPA,128645,32823,147,0.00547,0.3568,0.1717,11.202,ESCUADRA PLASTICA BLANCA 50UNDS,TORNILLO AGLOMERADO 3.5 X 15 100 UNIDADES
VESPU,115846,131026,147,0.00362,0.0831,0.1528,3.505,MELAMINA BLANCA VESTO 15MM 2.50 X 1.83,"TAPACANTO PVC BLANCO 22X0,45MM RO 25MT"
MAPOC,126037,138144,147,0.00095,0.1007,0.1546,16.392,CINTA ENMASCARAR ESTÁNDAR TESA 48MMX40M,RODILLO CONDOR CORTA GOTAS 18 CM
SANRO,73276,76727,147,0.0009,0.4682,0.2658,138.525,LAM. RECTA F6 GRANITINO NEGRO 3014 BR 122 X 306,LAM. RECTA F6 CLASSIC 3111 BR 122 X 306
MAPOC,72328,72713,146,0.00094,0.2019,0.1312,28.091,PLANCHA MDF  9MM 1.52 X 2.44,PLANCHA MDF 500 15MM 1.52 X 2.44
MAPOC,134039,5530,146,0.00094,0.1236,0.132,17.306,PASTA MURO F-15 TAJAMAR TI,LIJA MADERA GRANO 120 PLIEGO
MAPOC,100654,100663,146,0.00094,0.73,0.4424,342.501,BAJADA CEMENTAR (10) P25 MARRON,GANCHO TRADICIONAL  P25 MARRON
MAPOC,115846,131026,146,0.00094,0.0713,0.1309,9.894,MELAMINA BLANCA VESTO 15MM 2.50 X 1.83,"TAPACANTO PVC BLANCO 22X0,45MM RO 25MT"
SANRO,128645,150002,146,0.00089,0.0777,0.1518,13.217,ESCUADRA PLASTICA BLANCA 50UNDS,TORNILLO AGLOMERADO 3.5 X 15 BOLSA 100UN KHOR
MAIPU,32823,72272,145,0.00295,0.1078,0.4739,17.306,TORNILLO AGLOMERADO 3.5 X 15 100 UNIDADES,TORNILLO AGLOMERADO 3.5 X 25 100 UNIDADES
RENAC,133629,133630,143,0.00188,0.3773,0.5543,111.464,ARENA GRUESA SACO 25 K,GRAVILLA SACO 25 K
MAPOC,100639,79813,143,0.00092,0.4086,0.662,292.864,BAJADA CEMENTAR (10) P25 BLANCO,TAPA ACCESORIO UNIV P25 BLANCO
CONCE,133080,134039,142,0.00156,0.229,0.2773,40.806,YESO VOLCAN SACO 25KG.,PASTA MURO F-15 TAJAMAR TI
MAPOC,100639,100651,142,0.00092,0.4057,0.6667,294.912,BAJADA CEMENTAR (10) P25 BLANCO,TAPA CANALETA UNIV (10) P25 BLANCO
RANCA,128645,32823,142,0.0029,0.2403,0.1473,12.208,ESCUADRA PLASTICA BLANCA 50UNDS,TORNILLO AGLOMERADO 3.5 X 15 100 UNIDADES
MAPOC,5620,86077,142,0.00092,0.0743,0.3191,25.84,YESO-CARTON 10MM 2.4MT X 1.2MT,TABIGAL CIELO PORTANTE 40X18X10X05X3MT
VALPA,115846,131026,141,0.00525,0.1817,0.2765,9.575,MELAMINA BLANCA VESTO 15MM 2.50 X 1.83,"TAPACANTO PVC BLANCO 22X0,45MM RO 25MT"
SEREN,126115,32823,141,0.00281,0.1069,0.1506,5.73,BISAG. 35 RECTA CLIP C/SUAVE-TORN -2UNDS KUTZ,TORNILLO AGLOMERADO 3.5 X 15 100 UNIDADES
SANRO,125056,126115,140,0.00086,0.1683,0.06,11.792,TELESCOPICA H45-CS 30KG 500MM ZINCADO KUTZ,BISAG. 35 RECTA CLIP C/SUAVE-TORN -2UNDS KUTZ
MAPOC,10474,79038,140,0.0009,0.284,0.1449,45.515,HUAIPE SEDA BLANCO 1RA 1 KILO,DILUYENTE DP-100 DILOX 5 LTS.
MAPOC,16417,25632,140,0.0009,0.5344,0.5809,343.291,TABIGAL CANAL ECONOMICA 39X20X0.5X3.0MT,TAB. MONTANTE ECONOMICO 38X38X6X0.5X2.4MT
CONCE,125055,126115,140,0.00153,0.1961,0.0849,10.847,TELESCOPICA H45-CS 30KG 450MM ZINCADO KUTZ,BISAG. 35 RECTA CLIP C/SUAVE-TORN -2UNDS KUTZ
RENAC,132429,133629,139,0.00182,0.1506,0.3668,30.285,CEMENTO MELON SACO 25KG.,ARENA GRUESA SACO 25 K
RANCA,126115,126116,139,0.00284,0.142,0.3248,16.249,BISAG. 35 RECTA CLIP C/SUAVE-TORN -2UNDS KUTZ,BISAG. 35 S/CURVA C/SUAVE-CLIP-TORN -2UNDS KUTZ
TALCA,110307,115846,138,0.00347,0.3441,0.088,8.717,"TAPACANTO PVC BLANCO 22X0,45MM  RO 50MT",MELAMINA BLANCA VESTO 15MM 2.50 X 1.83
MAPOC,116983,94478,137,0.00088,0.109,0.2404,29.605,TORNILLO LENTEJA 8 X 1/2 PTA BROCA (CJ-100UND),TORNILLO VOLCANITA PTA BROCA 1.1/4X6 ZINCADO 100UN
SANRO,114693,126115,137,0.00084,0.106,0.0587,7.431,SOBERBIO 3 16 X 2 100UNDS A.SCREW,BISAG. 35 RECTA CLIP C/SUAVE-TORN -2UNDS KUTZ
MAPOC,115846,124032,137,0.00088,0.0669,0.1846,13.952,MELAMINA BLANCA VESTO 15MM 2.50 X 1.83,DUROLAC UNICOLOR BLANCO 3MM 1.83 X 2.50
SANRO,76727,76730,137,0.00084,0.2477,0.3948,116.824,LAM. RECTA F6 CLASSIC 3111 BR 122 X 306,LAM. RECTA F6 FLORENTINO NEGRO 0513 BR 122 X 306
RENAC,115846,131026,136,0.00178,0.0944,0.2054,10.874,MELAMINA BLANCA VESTO 15MM 2.50 X 1.83,"TAPACANTO PVC BLANCO 22X0,45MM RO 25MT"
MAPOC,146532,146543,136,0.00088,0.4416,0.68,341.83,CODO 90° FUSION PPR 20MM CCS,TEE FUSION PPR 20MM CCS
RENAC,126115,32823,135,0.00177,0.1487,0.0863,7.241,BISAG. 35 RECTA CLIP C/SUAVE-TORN -2UNDS KUTZ,TORNILLO AGLOMERADO 3.5 X 15 100 UNIDADES
MAPOC,100648,100651,135,0.00087,0.3506,0.6338,254.886,GANCHO TRADICIONAL P25 BLANCO,TAPA CANALETA UNIV (10) P25 BLANCO
PMONT,102517,126528,135,0.00211,0.3553,0.4515,76.12,BARRA CLOSET OVALADA CROMADA 3MTS KUTZ,SOPORTE BARRA OVALADA ALUMINIO 2 UND KUTZ
RENAC,150968,32823,134,0.00176,0.2226,0.0856,10.841,BISAG. 35 RECTA C/SUAVE-CLIP-2UNDS KHOR,TORNILLO AGLOMERADO 3.5 X 15 100 UNIDADES
HUECH,72328,72713,134,0.00141,0.2557,0.1384,25.168,PLANCHA MDF  9MM 1.52 X 2.44,PLANCHA MDF 500 15MM 1.52 X 2.44
SANRO,133926,32823,133,0.00081,0.0809,0.067,6.666,TAPA SOBERBIO ADHES 12MM BLANCO MATE SET 50 UN,TORNILLO AGLOMERADO 3.5 X 15 100 UNIDADES
MAPOC,100640,100653,132,0.00085,0.3793,0.5097,226.75,CANALETA LARGO 4 MT (10) P25 BLANCO,UNION CANALETA (10) P25 BLANCO
SANRO,131026,5294,132,0.00081,0.0722,0.1125,10.068,"TAPACANTO PVC BLANCO 22X0,45MM RO 25MT",ADHES. CONTACTO AGOREX 60 HENKEL 1 LT.
HUECH,19868,19869,132,0.00139,0.4765,0.5789,199.114,TAB. CANAL NORMAL 61X20X0.5X3.0MT,TAB. MONTANTE NORMAL 60X38X6X0.5X3.0MT
PMONT,82677,82679,132,0.00206,0.4853,0.2629,61.933,CLAVO CORRIENTE 3 BOLSA 1 KILO,CLAVO CORRIENTE 4 BOLSA 1 KILO
SANRO,21012,32823,131,0.0008,0.3061,0.066,25.218,TORNILLO AGLOMERADO 3.5 X 30 100 UNIDADES,TORNILLO AGLOMERADO 3.5 X 15 100 UNIDADES
MAPOC,100639,79364,131,0.00085,0.3743,0.4226,186.936,BAJADA CEMENTAR (10) P25 BLANCO,TUBO BAJADA D 80X3MT (3) P25 BLANCO
MAPOC,146522,146532,131,0.00085,0.4006,0.4253,201.384,TUBO FUSION PPR 20MM X 3MT PN-16,CODO 90° FUSION PPR 20MM CCS
SANRO,102517,128645,131,0.0008,0.1326,0.0697,11.547,BARRA CLOSET OVALADA CROMADA 3MTS KUTZ,ESCUADRA PLASTICA BLANCA 50UNDS
RENAC,139309,32823,130,0.00171,0.1955,0.0831,9.521,BISAG. 35 RECTA C/SUAVE-CLIP 10UNDS KUTZ,TORNILLO AGLOMERADO 3.5 X 15 100 UNIDADES
CONCE,115846,131026,130,0.00143,0.0941,0.1564,10.326,MELAMINA BLANCA VESTO 15MM 2.50 X 1.83,"TAPACANTO PVC BLANCO 22X0,45MM RO 25MT"
SANRO,74900,74901,130,0.00079,0.1066,0.1137,15.267,PINO SECO CEPILLADO 1 X 2 X 3.20 MTS.,PINO SECO CEPILLADO 1 X 4 X 3.20 MTS.
MAPOC,126037,5530,130,0.00084,0.089,0.1175,12.465,CINTA ENMASCARAR ESTÁNDAR TESA 48MMX40M,LIJA MADERA GRANO 120 PLIEGO
MAPOC,33903,5620,130,0.00084,0.3266,0.068,26.45,TAB. MONTANTE NORMAL 60X38X6X0.5X2.4MT,YESO-CARTON 10MM 2.4MT X 1.2MT
CONCE,126115,133926,130,0.00143,0.0788,0.0833,4.61,BISAG. 35 RECTA CLIP C/SUAVE-TORN -2UNDS KUTZ,TAPA SOBERBIO ADHES 12MM BLANCO MATE SET 50 UN
HUECH,133499,134039,130,0.00136,0.1831,0.1781,23.895,YESO ROMERAL SACO 25KG,PASTA MURO F-15 TAJAMAR TI
RENAC,102517,143601,130,0.00171,0.2564,0.5439,81.77,BARRA CLOSET OVALADA CROMADA 3MTS KUTZ,SOPORTE BARRA OVALADA CROMADO 2 UND KUTZ
SANRO,150002,150003,129,0.00079,0.1341,0.4069,69.218,TORNILLO AGLOMERADO 3.5 X 15 BOLSA 100UN KHOR,TORNILLO AGLOMERADO 3.5 X 25 BOLSA 100UN KHOR
SANRO,126115,126117,128,0.00078,0.0548,0.1954,13.695,BISAG. 35 RECTA CLIP C/SUAVE-TORN -2UNDS KUTZ,BISAG. 35 CURVA C/SUAVE-CLIP-TORN -2UNDS KUTZ
HUECH,114693,126115,128,0.00134,0.149,0.0619,6.864,SOBERBIO 3 16 X 2 100UNDS A.SCREW,BISAG. 35 RECTA CLIP C/SUAVE-TORN -2UNDS KUTZ
MAPOC,137411,147151,128,0.00083,0.3469,0.4794,201.152,TAB. CANAL ESTRUCTURAL U 2X3X0.85X3MT 62X25,TAB. ESTRUCTURAL C 2X3X8X0.85X3MT 60X38
SANRO,125054,126115,128,0.00078,0.1331,0.0548,9.324,TELESCOPICA H45-CS 30KG 400MM ZINCADO KUTZ,BISAG. 35 RECTA CLIP C/SUAVE-TORN -2UNDS KUTZ
PMONT,126115,126116,128,0.002,0.1414,0.3821,27.048,BISAG. 35 RECTA CLIP C/SUAVE-TORN -2UNDS KUTZ,BISAG. 35 S/CURVA C/SUAVE-CLIP-TORN -2UNDS KUTZ
MAPOC,125054,126115,127,0.00082,0.2201,0.0543,14.582,TELESCOPICA H45-CS 30KG 400MM ZINCADO KUTZ,BISAG. 35 RECTA CLIP C/SUAVE-TORN -2UNDS KUTZ
MAPOC,100648,79813,127,0.00082,0.3299,0.588,236.451,GANCHO TRADICIONAL P25 BLANCO,TAPA ACCESORIO UNIV P25 BLANCO
SANRO,76727,76742,126,0.00077,0.2278,0.4809,142.302,LAM. RECTA F6 CLASSIC 3111 BR 122 X 306,LAM. RECTA F6 GRANITO KOMBI 0670 BR 122 X 306
CONCE,115846,124032,126,0.00138,0.0912,0.1554,10.255,MELAMINA BLANCA VESTO 15MM 2.50 X 1.83,DUROLAC UNICOLOR BLANCO 3MM 1.83 X 2.50
SANRO,6107,6152,125,0.00076,0.3264,0.5841,249.553,CODO SO SO BRONCE 1/2,TEE SO (3) BRONCE 1/2
SANRO,81115,81947,125,0.00076,0.6039,0.558,441.12,TAB. CANAL ESTRUCTURAL U 2X4X0.85X6MT 92X30,TAB. ESTRUCTURAL C 2X4X12X0.85X6MT 90X38
VALPA,95625,95628,125,0.00465,0.209,0.1309,5.882,TORNILLO VOLCANITA PTA AGUJA 1 1/4X6 ZINC R.GR 100,TORNILLO VOLCANITA PTA AGUJA 2X6 ZINC R.GR 100UN
MAPOC,146783,86792,124,0.0008,0.2495,0.1962,61.122,CAJA ELECTRICA CORRIENTE NARANJA 16-20 MM.,TUBO CONDUIT PVC  16MM  TIRA 3MT
VESPU,115847,131026,124,0.00306,0.1054,0.1289,4.445,MELAMINA BLANCA VESTO 18MM 2.50 X 1.83,"TAPACANTO PVC BLANCO 22X0,45MM RO 25MT"
CONCE,128645,32823,123,0.00135,0.1534,0.1192,13.557,ESCUADRA PLASTICA BLANCA 50UNDS,TORNILLO AGLOMERADO 3.5 X 15 100 UNIDADES
VESPU,126115,126116,123,0.00303,0.1249,0.3856,15.874,BISAG. 35 RECTA CLIP C/SUAVE-TORN -2UNDS KUTZ,BISAG. 35 S/CURVA C/SUAVE-CLIP-TORN -2UNDS KUTZ
RANCA,133926,32823,123,0.00251,0.1338,0.1276,6.801,TAPA SOBERBIO ADHES 12MM BLANCO MATE SET 50 UN,TORNILLO AGLOMERADO 3.5 X 15 100 UNIDADES
MAPOC,32392,98920,123,0.00079,0.49,0.2611,161.088,SALIDA CAJA CONDUIT 20MM,TUBO CONDUIT PVC  20MM  TIRA 3MT
MAPOC,74900,74906,123,0.00079,0.0877,0.1457,16.083,PINO SECO CEPILLADO 1 X 2 X 3.20 MTS.,PINO SECO CEPILLADO 2 X 2 X 3.20 MTS.
MAPOC,100640,100651,123,0.00079,0.3534,0.5775,256.92,CANALETA LARGO 4 MT (10) P25 BLANCO,TAPA CANALETA UNIV (10) P25 BLANCO
SANRO,125055,139309,123,0.00075,0.104,0.0991,13.709,TELESCOPICA H45-CS 30KG 450MM ZINCADO KUTZ,BISAG. 35 RECTA C/SUAVE-CLIP 10UNDS KUTZ
TEMUC,1205,122563,122,0.01055,0.1444,0.1674,2.29,"DUROLAC UNICOLOR BLANCO 2,8MM 1.52 X 2.44",MELAMINA BLANCA CLASICA 15MM 1.83 X 2.50 MASISA
SANRO,128645,131026,122,0.00075,0.0649,0.0667,5.809,ESCUADRA PLASTICA BLANCA 50UNDS,"TAPACANTO PVC BLANCO 22X0,45MM RO 25MT"
SANRO,131026,133926,122,0.00075,0.0667,0.0742,6.639,"TAPACANTO PVC BLANCO 22X0,45MM RO 25MT",TAPA SOBERBIO ADHES 12MM BLANCO MATE SET 50 UN
MAPOC,72713,72714,122,0.00079,0.1096,0.2125,29.567,PLANCHA MDF 500 15MM 1.52 X 2.44,PLANCHA MDF 500 18MM 1.52 X 2.44
TALCA,125055,126115,122,0.00307,0.2884,0.0946,8.885,TELESCOPICA H45-CS 30KG 450MM ZINCADO KUTZ,BISAG. 35 RECTA CLIP C/SUAVE-TORN -2UNDS KUTZ
VALPA,95627,95628,122,0.00454,0.1644,0.1277,4.627,TORNILLO VOLCANITA PTA AGUJA 1.5/8X6 ZINC R.GR 100,TORNILLO VOLCANITA PTA AGUJA 2X6 ZINC R.GR 100UN
MAPOC,100663,100667,121,0.00078,0.3667,0.7035,330.062,GANCHO TRADICIONAL  P25 MARRON,TAPA CANALETA UNIV (10) P25 MARRON
SANRO,126116,126117,121,0.00074,0.111,0.1847,27.732,BISAG. 35 S/CURVA C/SUAVE-CLIP-TORN -2UNDS KUTZ,BISAG. 35 CURVA C/SUAVE-CLIP-TORN -2UNDS KUTZ
HUECH,72713,72714,121,0.00127,0.125,0.22,21.652,PLANCHA MDF 500 15MM 1.52 X 2.44,PLANCHA MDF 500 18MM 1.52 X 2.44
MAPOC,5620,87998,120,0.00078,0.0628,0.1993,16.142,YESO-CARTON 10MM 2.4MT X 1.2MT,TAB. CANAL ESTRUCTURAL U 2X3X0.85X6MT 62X25
SANRO,139309,32823,120,0.00073,0.0967,0.0604,7.967,BISAG. 35 RECTA C/SUAVE-CLIP 10UNDS KUTZ,TORNILLO AGLOMERADO 3.5 X 15 100 UNIDADES
MAPOC,100669,95255,120,0.00078,0.5714,0.4918,362.597,UNION CANALETA (10) P25 MARRON,CANALETA LARGO 4 MT (10) P25 MARRON
VESPU,128645,133926,120,0.00296,0.1525,0.1055,5.438,ESCUADRA PLASTICA BLANCA 50UNDS,TAPA SOBERBIO ADHES 12MM BLANCO MATE SET 50 UN
MAPOC,100648,79364,120,0.00078,0.3117,0.3871,155.672,GANCHO TRADICIONAL P25 BLANCO,TUBO BAJADA D 80X3MT (3) P25 BLANCO
SANRO,128645,72273,120,0.00073,0.0639,0.1517,13.211,ESCUADRA PLASTICA BLANCA 50UNDS,TORNILLO AGLOMERADO 4 X 15 CAJA 100 UN
HUECH,126115,126116,120,0.00126,0.058,0.2778,12.796,BISAG. 35 RECTA CLIP C/SUAVE-TORN -2UNDS KUTZ,BISAG. 35 S/CURVA C/SUAVE-CLIP-TORN -2UNDS KUTZ
RANCA,32823,95628,120,0.00245,0.1245,0.1821,9.252,TORNILLO AGLOMERADO 3.5 X 15 100 UNIDADES,TORNILLO VOLCANITA PTA AGUJA 2X6 ZINC R.GR 100UN
SANRO,128645,90040,119,0.00073,0.0633,0.099,8.621,ESCUADRA PLASTICA BLANCA 50UNDS,PERILLA METALICA CILIND. 23X20MM NIQUEL SATIN
MAIPU,125055,126115,119,0.00242,0.2874,0.0794,9.419,TELESCOPICA H45-CS 30KG 450MM ZINCADO KUTZ,BISAG. 35 RECTA CLIP C/SUAVE-TORN -2UNDS KUTZ
MAIPU,115846,115847,119,0.00242,0.0618,0.1526,3.889,MELAMINA BLANCA VESTO 15MM 2.50 X 1.83,MELAMINA BLANCA VESTO 18MM 2.50 X 1.83
SANRO,125832,143258,119,0.00073,0.0719,0.065,6.426,BISAG. 35 RECTA C/SUAVE-3D-CLIP-TORN -2UNDS KUTZ,BOLSA VEGETAL 45X40X12 KUTZ
MAPOC,115847,124032,119,0.00077,0.0791,0.1604,16.51,MELAMINA BLANCA VESTO 18MM 2.50 X 1.83,DUROLAC UNICOLOR BLANCO 3MM 1.83 X 2.50
CONCE,126115,140802,119,0.0013,0.0722,0.2429,13.435,BISAG. 35 RECTA CLIP C/SUAVE-TORN -2UNDS KUTZ,BISAG. 35 165º CLIP / CIERRE SUAVE 2UNDS  KUTZ
SANRO,126433,32823,118,0.00072,0.1363,0.0594,11.227,BISAG. 35  RECTA SIN TORNILLOS - 10UNDS KUTZ,TORNILLO AGLOMERADO 3.5 X 15 100 UNIDADES
SANRO,122563,154044,118,0.00072,0.0404,0.1486,8.322,MELAMINA BLANCA CLASICA 15MM 1.83 X 2.50 MASISA,"DUROLAC BLANCO 2,8MM 1.85X2,44"
VESPU,73276,76727,117,0.00289,0.6257,0.5132,111.281,LAM. RECTA F6 GRANITINO NEGRO 3014 BR 122 X 306,LAM. RECTA F6 CLASSIC 3111 BR 122 X 306
MAPOC,146525,146532,117,0.00076,0.629,0.3799,316.209,COPLA SIMPLE FUSION PPR 20MM CCS,CODO 90° FUSION PPR 20MM CCS
TALCA,115846,130966,117,0.00294,0.0746,0.3008,7.618,MELAMINA BLANCA VESTO 15MM 2.50 X 1.83,"TAPACANTO PVC BLANCO 22X0,45MM RO 100MT"
SANRO,128645,143601,117,0.00072,0.0623,0.1641,14.29,ESCUADRA PLASTICA BLANCA 50UNDS,SOPORTE BARRA OVALADA CROMADO 2 UND KUTZ
MAPOC,100124,138591,116,0.00075,0.1014,0.2654,35.926,MONTAJE AFIX 370 GR. ARTECOLA CART,MOLDURA POLIEST F 30X35MM TIRA 2MTS NOMASTYL
SANRO,125055,125056,116,0.00071,0.0981,0.1394,19.285,TELESCOPICA H45-CS 30KG 450MM ZINCADO KUTZ,TELESCOPICA H45-CS 30KG 500MM ZINCADO KUTZ
SANRO,71161,76727,116,0.00071,0.4735,0.2098,140.098,LAM. RECTA F6 GRANITO 3012 BR 122 X 306,LAM. RECTA F6 CLASSIC 3111 BR 122 X 306
MAPOC,32823,72272,116,0.00075,0.0908,0.3452,41.858,TORNILLO AGLOMERADO 3.5 X 15 100 UNIDADES,TORNILLO AGLOMERADO 3.5 X 25 100 UNIDADES
MAPOC,124327,16858,116,0.00075,0.2046,0.1937,52.881,MOLDURA PVC  20 X 10  TIRA 2 MTS C/AUTOADHESIVO,CAJA CHUQUI BLANCA PVC CANALETA Y TUBO
MAPOC,100640,79364,116,0.00075,0.3333,0.3742,166.483,CANALETA LARGO 4 MT (10) P25 BLANCO,TUBO BAJADA D 80X3MT (3) P25 BLANCO
SANRO,102517,126528,115,0.0007,0.1164,0.4152,68.759,BARRA CLOSET OVALADA CROMADA 3MTS KUTZ,SOPORTE BARRA OVALADA ALUMINIO 2 UND KUTZ
SANRO,126115,133926,115,0.0007,0.0493,0.07,4.902,BISAG. 35 RECTA CLIP C/SUAVE-TORN -2UNDS KUTZ,TAPA SOBERBIO ADHES 12MM BLANCO MATE SET 50 UN
MAPOC,100654,95255,115,0.00074,0.575,0.4713,364.863,BAJADA CEMENTAR (10) P25 MARRON,CANALETA LARGO 4 MT (10) P25 MARRON
SANRO,115846,72713,115,0.0007,0.0225,0.0624,1.995,MELAMINA BLANCA VESTO 15MM 2.50 X 1.83,PLANCHA MDF 500 15MM 1.52 X 2.44
MAPOC,6107,6152,114,0.00074,0.2633,0.4254,152.102,CODO SO SO BRONCE 1/2,TEE SO (3) BRONCE 1/2
SANRO,126116,139309,114,0.0007,0.1046,0.0919,13.79,BISAG. 35 S/CURVA C/SUAVE-CLIP-TORN -2UNDS KUTZ,BISAG. 35 RECTA C/SUAVE-CLIP 10UNDS KUTZ
MAPOC,133629,134250,114,0.00074,0.3314,0.0984,44.271,ARENA GRUESA SACO 25 K,CEMENTO ESPECIAL TRANSEX SACO 25 KG
CONCE,133926,74236,114,0.00125,0.0731,0.1792,10.481,TAPA SOBERBIO ADHES 12MM BLANCO MATE SET 50 UN,"TAPACANTO ENCOLADO BLANCO 22X0,45MM RO 25 MT"
PMONT,102517,143432,114,0.00178,0.3,0.479,80.754,BARRA CLOSET OVALADA CROMADA 3MTS KUTZ,SOPORTE BARRA METALICO OVALADA CROMADO 2 UNI DVP
VESPU,128645,150002,114,0.00281,0.1449,0.1184,6.1,ESCUADRA PLASTICA BLANCA 50UNDS,TORNILLO AGLOMERADO 3.5 X 15 BOLSA 100UN KHOR
RANCA,110307,115846,114,0.00233,0.236,0.053,5.372,"TAPACANTO PVC BLANCO 22X0,45MM  RO 50MT",MELAMINA BLANCA VESTO 15MM 2.50 X 1.83
SANRO,417,554,113,0.00069,0.2943,0.2399,102.233,RIEL GALVANIZADO DUCASSE U-20 TIRA 2.00MTS,CORREDERA DUCASSE D7-D14 SIMPLE CON POLIN
MAIPU,115846,124032,113,0.0023,0.0586,0.1638,4.175,MELAMINA BLANCA VESTO 15MM 2.50 X 1.83,DUROLAC UNICOLOR BLANCO 3MM 1.83 X 2.50
SANRO,126115,150435,113,0.00069,0.0484,0.1507,10.558,BISAG. 35 RECTA CLIP C/SUAVE-TORN -2UNDS KUTZ,SISTEMA PUSH MECANICO 30N PARA PUERTA KUTZ
HUECH,115846,124032,113,0.00119,0.0521,0.2369,10.415,MELAMINA BLANCA VESTO 15MM 2.50 X 1.83,DUROLAC UNICOLOR BLANCO 3MM 1.83 X 2.50
SANRO,126115,90040,113,0.00069,0.0484,0.094,6.588,BISAG. 35 RECTA CLIP C/SUAVE-TORN -2UNDS KUTZ,PERILLA METALICA CILIND. 23X20MM NIQUEL SATIN
SANRO,128645,139309,113,0.00069,0.0601,0.0911,7.929,ESCUADRA PLASTICA BLANCA 50UNDS,BISAG. 35 RECTA C/SUAVE-CLIP 10UNDS KUTZ
MAPOC,100640,79813,113,0.00073,0.3247,0.5231,232.754,CANALETA LARGO 4 MT (10) P25 BLANCO,TAPA ACCESORIO UNIV P25 BLANCO
MAPOC,128645,133926,112,0.00072,0.0824,0.1064,12.109,ESCUADRA PLASTICA BLANCA 50UNDS,TAPA SOBERBIO ADHES 12MM BLANCO MATE SET 50 UN
MAPOC,115847,131026,112,0.00072,0.0745,0.1004,10.341,MELAMINA BLANCA VESTO 18MM 2.50 X 1.83,"TAPACANTO PVC BLANCO 22X0,45MM RO 25MT"
MAPOC,74901,74906,112,0.00072,0.0847,0.1327,15.53,PINO SECO CEPILLADO 1 X 4 X 3.20 MTS.,PINO SECO CEPILLADO 2 X 2 X 3.20 MTS.
SANRO,115846,131026,112,0.00068,0.0219,0.0612,1.957,MELAMINA BLANCA VESTO 15MM 2.50 X 1.83,"TAPACANTO PVC BLANCO 22X0,45MM RO 25MT"
CONCE,126115,126116,112,0.00123,0.0679,0.3836,21.218,BISAG. 35 RECTA CLIP C/SUAVE-TORN -2UNDS KUTZ,BISAG. 35 S/CURVA C/SUAVE-CLIP-TORN -2UNDS KUTZ
SANRO,22960,5620,112,0.00068,0.1086,0.0989,15.689,PINO BRUTO 2 X 2 X 3.20 MTS.,YESO-CARTON 10MM 2.4MT X 1.2MT
CONCE,83297,87998,112,0.00123,0.6054,0.7179,354.015,TAB. ESTRUCTURAL C 2X3X8X0.85X6MT 60X38,TAB. CANAL ESTRUCTURAL U 2X3X0.85X6MT 62X25
SANRO,128645,128648,112,0.00068,0.0596,0.2353,20.49,ESCUADRA PLASTICA BLANCA 50UNDS,SOPORTE REPISA PLASTICO/METAL BLANCO 50UNID
SANRO,114693,131026,111,0.00068,0.0859,0.0607,7.686,SOBERBIO 3 16 X 2 100UNDS A.SCREW,"TAPACANTO PVC BLANCO 22X0,45MM RO 25MT"
SANRO,125832,5294,111,0.00068,0.0671,0.0946,9.356,BISAG. 35 RECTA C/SUAVE-3D-CLIP-TORN -2UNDS KUTZ,ADHES. CONTACTO AGOREX 60 HENKEL 1 LT.
HUECH,72386,72713,111,0.00117,0.37,0.1147,36.414,MDF MELAMINA BLANCO 1CARA 15MM 1.52 X 2.44,PLANCHA MDF 500 15MM 1.52 X 2.44
VALPA,102517,143601,111,0.00413,0.6,0.5904,85.771,BARRA CLOSET OVALADA CROMADA 3MTS KUTZ,SOPORTE BARRA OVALADA CROMADO 2 UND KUTZ
MAPOC,22960,22961,110,0.00071,0.0897,0.1412,17.833,PINO BRUTO 2 X 2 X 3.20 MTS.,PINO BRUTO 2 X 3 X 3.20 MTS.
SANRO,125832,128645,110,0.00067,0.0665,0.0585,5.788,BISAG. 35 RECTA C/SUAVE-3D-CLIP-TORN -2UNDS KUTZ,ESCUADRA PLASTICA BLANCA 50UNDS
SANRO,114693,125832,110,0.00067,0.0851,0.0665,8.418,SOBERBIO 3 16 X 2 100UNDS A.SCREW,BISAG. 35 RECTA C/SUAVE-3D-CLIP-TORN -2UNDS KUTZ
CONCE,82677,82679,110,0.00121,0.4825,0.2345,93.839,CLAVO CORRIENTE 3 BOLSA 1 KILO,CLAVO CORRIENTE 4 BOLSA 1 KILO
TEMUC,74902,76860,110,0.00951,0.3806,0.4365,17.468,PINO SECO CEPILLADO 1 X 5 X 3.20 MTS,PINO SECO CEPILLADO 1 X 3 X 3.20 MTS.
MAPOC,5260,86407,109,0.0007,0.1282,0.1817,33.091,PASTA MURO F-15 TAJAMAR GL,YESO CORRIENTE BOLSA 5.0 KG
CONCE,125056,126115,109,0.00119,0.2444,0.0661,13.52,TELESCOPICA H45-CS 30KG 500MM ZINCADO KUTZ,BISAG. 35 RECTA CLIP C/SUAVE-TORN -2UNDS KUTZ
RENAC,102517,143432,109,0.00143,0.215,0.5477,82.342,BARRA CLOSET OVALADA CROMADA 3MTS KUTZ,SOPORTE BARRA METALICO OVALADA CROMADO 2 UNI DVP
PMONT,133926,32823,109,0.0017,0.0775,0.1067,4.86,TAPA SOBERBIO ADHES 12MM BLANCO MATE SET 50 UN,TORNILLO AGLOMERADO 3.5 X 15 100 UNIDADES
MAPOC,100663,100666,109,0.0007,0.3303,0.6855,321.638,GANCHO TRADICIONAL  P25 MARRON,TAPA ACCESORIO UNIV P25 MARRON
VALPA,126115,32823,108,0.00402,0.1274,0.1262,3.999,BISAG. 35 RECTA CLIP C/SUAVE-TORN -2UNDS KUTZ,TORNILLO AGLOMERADO 3.5 X 15 100 UNIDADES
SANRO,126115,130966,108,0.00066,0.0463,0.0925,6.485,BISAG. 35 RECTA CLIP C/SUAVE-TORN -2UNDS KUTZ,"TAPACANTO PVC BLANCO 22X0,45MM RO 100MT"
SANRO,125031,32823,108,0.00066,0.1306,0.0544,10.76,TELESCOPICA H35-STD 25KG 400MM ZINCADO KUTZ,TORNILLO AGLOMERADO 3.5 X 15 100 UNIDADES
SANRO,76730,76742,108,0.00066,0.3112,0.4122,194.383,LAM. RECTA F6 FLORENTINO NEGRO 0513 BR 122 X 306,LAM. RECTA F6 GRANITO KOMBI 0670 BR 122 X 306
SANRO,125055,125832,108,0.00066,0.0913,0.0653,9.026,TELESCOPICA H45-CS 30KG 450MM ZINCADO KUTZ,BISAG. 35 RECTA C/SUAVE-3D-CLIP-TORN -2UNDS KUTZ
SANRO,114693,128645,108,0.00066,0.0836,0.0575,7.279,SOBERBIO 3 16 X 2 100UNDS A.SCREW,ESCUADRA PLASTICA BLANCA 50UNDS
SANRO,131026,32823,108,0.00066,0.059,0.0544,4.865,"TAPACANTO PVC BLANCO 22X0,45MM RO 25MT",TORNILLO AGLOMERADO 3.5 X 15 100 UNIDADES
SANRO,20232,554,108,0.00066,0.3473,0.2293,120.645,RIEL GALVANIZADO DUCASSE U-20 TIRA 1.50MTS,CORREDERA DUCASSE D7-D14 SIMPLE CON POLIN
HUECH,128645,150002,108,0.00113,0.0901,0.2139,16.992,ESCUADRA PLASTICA BLANCA 50UNDS,TORNILLO AGLOMERADO 3.5 X 15 BOLSA 100UN KHOR
SANRO,114693,5294,107,0.00065,0.0828,0.0912,11.553,SOBERBIO 3 16 X 2 100UNDS A.SCREW,ADHES. CONTACTO AGOREX 60 HENKEL 1 LT.
MAIPU,32823,95628,107,0.00218,0.0796,0.1555,5.68,TORNILLO AGLOMERADO 3.5 X 15 100 UNIDADES,TORNILLO VOLCANITA PTA AGUJA 2X6 ZINC R.GR 100UN
MAPOC,100654,100666,107,0.00069,0.535,0.673,520.966,BAJADA CEMENTAR (10) P25 MARRON,TAPA ACCESORIO UNIV P25 MARRON
MAIPU,32823,95627,107,0.00218,0.0796,0.1499,5.473,TORNILLO AGLOMERADO 3.5 X 15 100 UNIDADES,TORNILLO VOLCANITA PTA AGUJA 1.5/8X6 ZINC R.GR 100
RENAC,126115,128645,107,0.0014,0.1178,0.1002,8.41,BISAG. 35 RECTA CLIP C/SUAVE-TORN -2UNDS KUTZ,ESCUADRA PLASTICA BLANCA 50UNDS
HUECH,32823,72272,107,0.00112,0.1571,0.3702,51.794,TORNILLO AGLOMERADO 3.5 X 15 100 UNIDADES,TORNILLO AGLOMERADO 3.5 X 25 100 UNIDADES
MAPOC,5528,5530,107,0.00069,0.1924,0.0967,26.941,LIJA MADERA GRANO 80 PLIEGO,LIJA MADERA GRANO 120 PLIEGO
HUECH,115847,131026,107,0.00112,0.0909,0.1093,8.846,MELAMINA BLANCA VESTO 18MM 2.50 X 1.83,"TAPACANTO PVC BLANCO 22X0,45MM RO 25MT"
MAIPU,125056,126115,107,0.00218,0.3333,0.0714,10.923,TELESCOPICA H45-CS 30KG 500MM ZINCADO KUTZ,BISAG. 35 RECTA CLIP C/SUAVE-TORN -2UNDS KUTZ
HUECH,128645,32823,106,0.00111,0.0884,0.1557,12.368,ESCUADRA PLASTICA BLANCA 50UNDS,TORNILLO AGLOMERADO 3.5 X 15 100 UNIDADES
SANRO,21012,72272,106,0.00065,0.2477,0.2031,77.635,TORNILLO AGLOMERADO 3.5 X 30 100 UNIDADES,TORNILLO AGLOMERADO 3.5 X 25 100 UNIDADES
RENAC,102517,126528,106,0.00139,0.2091,0.4398,66.121,BARRA CLOSET OVALADA CROMADA 3MTS KUTZ,SOPORTE BARRA OVALADA ALUMINIO 2 UND KUTZ
PMONT,22960,22961,106,0.00165,0.2107,0.1701,21.671,PINO BRUTO 2 X 2 X 3.20 MTS.,PINO BRUTO 2 X 3 X 3.20 MTS.
RANCA,115846,124032,106,0.00216,0.0493,0.1931,4.395,MELAMINA BLANCA VESTO 15MM 2.50 X 1.83,DUROLAC UNICOLOR BLANCO 3MM 1.83 X 2.50
VESPU,102517,143601,106,0.00261,0.3222,0.4274,52.683,BARRA CLOSET OVALADA CROMADA 3MTS KUTZ,SOPORTE BARRA OVALADA CROMADO 2 UND KUTZ
MAPOC,126115,133926,105,0.00068,0.0449,0.0997,6.606,BISAG. 35 RECTA CLIP C/SUAVE-TORN -2UNDS KUTZ,TAPA SOBERBIO ADHES 12MM BLANCO MATE SET 50 UN
SANRO,115846,154044,105,0.00064,0.0205,0.1322,4.226,MELAMINA BLANCA VESTO 15MM 2.50 X 1.83,"DUROLAC BLANCO 2,8MM 1.85X2,44"
TALCA,103743,126115,105,0.00264,0.1959,0.0814,6.035,TIRADOR MET. MADRID AC/INOX 128X12MM TUBULAR KUTZ,BISAG. 35 RECTA CLIP C/SUAVE-TORN -2UNDS KUTZ
SANRO,125832,126116,105,0.00064,0.0634,0.0963,9.524,BISAG. 35 RECTA C/SUAVE-3D-CLIP-TORN -2UNDS KUTZ,BISAG. 35 S/CURVA C/SUAVE-CLIP-TORN -2UNDS KUTZ
MAPOC,81417,86077,105,0.00068,0.4357,0.236,151.588,TABIGAL CIELO PERIMETRAL AT 20X25X4X0.5X3MT,TABIGAL CIELO PORTANTE 40X18X10X05X3MT
RENAC,115846,124032,105,0.00138,0.0729,0.2258,11.952,MELAMINA BLANCA VESTO 15MM 2.50 X 1.83,DUROLAC UNICOLOR BLANCO 3MM 1.83 X 2.50
SANRO,143258,32823,105,0.00064,0.0573,0.0529,4.725,BOLSA VEGETAL 45X40X12 KUTZ,TORNILLO AGLOMERADO 3.5 X 15 100 UNIDADES
SANRO,128645,143258,104,0.00064,0.0553,0.0568,4.946,ESCUADRA PLASTICA BLANCA 50UNDS,BOLSA VEGETAL 45X40X12 KUTZ
SANRO,125036,32823,104,0.00064,0.1062,0.0524,8.753,TELESCOPICA H45-STD 40KG 450MM ZINCADO KUTZ,TORNILLO AGLOMERADO 3.5 X 15 100 UNIDADES
RENAC,126115,133926,104,0.00136,0.1145,0.0846,7.103,BISAG. 35 RECTA CLIP C/SUAVE-TORN -2UNDS KUTZ,TAPA SOBERBIO ADHES 12MM BLANCO MATE SET 50 UN
SANRO,128645,130966,104,0.00064,0.0553,0.0891,7.761,ESCUADRA PLASTICA BLANCA 50UNDS,"TAPACANTO PVC BLANCO 22X0,45MM RO 100MT"
RANCA,139309,32823,104,0.00212,0.1877,0.1079,9.539,BISAG. 35 RECTA C/SUAVE-CLIP 10UNDS KUTZ,TORNILLO AGLOMERADO 3.5 X 15 100 UNIDADES
SANRO,16858,7083,104,0.00064,0.1884,0.2842,84.232,CAJA CHUQUI BLANCA PVC CANALETA Y TUBO,TAPA CIEGA PLASTICA CORRIENTE
VALPA,95628,98235,104,0.00387,0.1089,0.2237,6.294,TORNILLO VOLCANITA PTA AGUJA 2X6 ZINC R.GR 100UN,TORNILLO VOLCANITA PTA AGUJA 1X6 ZINC R.GR  100UN
CONCE,133926,32823,104,0.00114,0.0667,0.1008,5.893,TAPA SOBERBIO ADHES 12MM BLANCO MATE SET 50 UN,TORNILLO AGLOMERADO 3.5 X 15 100 UNIDADES
CONCE,126115,32823,104,0.00114,0.0631,0.1008,5.575,BISAG. 35 RECTA CLIP C/SUAVE-TORN -2UNDS KUTZ,TORNILLO AGLOMERADO 3.5 X 15 100 UNIDADES
TALCA,133926,149983,103,0.00259,0.101,0.1447,5.636,TAPA SOBERBIO ADHES 12MM BLANCO MATE SET 50 UN,TORNILLO AGLOMERADO 3.5 X 15 BALDE 500UN KHOR
TALCA,126115,149983,103,0.00259,0.0798,0.1447,4.457,BISAG. 35 RECTA CLIP C/SUAVE-TORN -2UNDS KUTZ,TORNILLO AGLOMERADO 3.5 X 15 BALDE 500UN KHOR
TALCA,125056,126115,103,0.00259,0.2861,0.0798,8.814,TELESCOPICA H45-CS 30KG 500MM ZINCADO KUTZ,BISAG. 35 RECTA CLIP C/SUAVE-TORN -2UNDS KUTZ
MAPOC,100637,79364,102,0.00066,0.5829,0.329,291.107,ABRAZADERA TUBO 80 (10) P25 BLANCO,TUBO BAJADA D 80X3MT (3) P25 BLANCO
VALPA,95625,95627,102,0.0038,0.1706,0.1375,6.178,TORNILLO VOLCANITA PTA AGUJA 1 1/4X6 ZINC R.GR 100,TORNILLO VOLCANITA PTA AGUJA 1.5/8X6 ZINC R.GR 100
SANRO,19868,19869,102,0.00062,0.3208,0.5635,289.975,TAB. CANAL NORMAL 61X20X0.5X3.0MT,TAB. MONTANTE NORMAL 60X38X6X0.5X3.0MT
MAPOC,133629,133630,102,0.00066,0.2965,0.4,180.034,ARENA GRUESA SACO 25 K,GRAVILLA SACO 25 K
SANRO,74901,76860,102,0.00062,0.0892,0.1222,17.488,PINO SECO CEPILLADO 1 X 4 X 3.20 MTS.,PINO SECO CEPILLADO 1 X 3 X 3.20 MTS.
SANRO,115847,72714,102,0.00062,0.0414,0.0887,5.897,MELAMINA BLANCA VESTO 18MM 2.50 X 1.83,PLANCHA MDF 500 18MM 1.52 X 2.44
MAPOC,100663,93706,102,0.00066,0.3091,0.4397,206.277,GANCHO TRADICIONAL  P25 MARRON,TUBO BAJADA D 80X3MT (3) P25 MARRON
RANCA,115846,115847,101,0.00206,0.0469,0.1729,3.936,MELAMINA BLANCA VESTO 15MM 2.50 X 1.83,MELAMINA BLANCA VESTO 18MM 2.50 X 1.83
MAPOC,100651,100653,101,0.00065,0.4742,0.39,283.462,TAPA CANALETA UNIV (10) P25 BLANCO,UNION CANALETA (10) P25 BLANCO
MAPOC,137895,137899,101,0.00065,0.8211,0.3811,479.759,CUÑA NIVELADORA INSTALACION PORCELANATOS 100 UN,NIVELADOR PARA SISTEMA NIVELACION 100 UND
PMONT,115846,130966,101,0.00158,0.0391,0.2813,6.975,MELAMINA BLANCA VESTO 15MM 2.50 X 1.83,"TAPACANTO PVC BLANCO 22X0,45MM RO 100MT"
HUECH,139685,98920,101,0.00106,0.6558,0.2672,165.292,CURVA CONDUIT 90º 20MM 10UN,TUBO CONDUIT PVC  20MM  TIRA 3MT
MAPOC,100654,100669,101,0.00065,0.505,0.481,372.327,BAJADA CEMENTAR (10) P25 MARRON,UNION CANALETA (10) P25 MARRON
VESPU,122563,72719,101,0.00249,0.1173,0.7014,33.035,MELAMINA BLANCA CLASICA 15MM 1.83 X 2.50 MASISA,PLANCHA MDF 3MM 2.12 X 2.44
VALPA,133926,32823,101,0.00376,0.1667,0.118,5.233,TAPA SOBERBIO ADHES 12MM BLANCO MATE SET 50 UN,TORNILLO AGLOMERADO 3.5 X 15 100 UNIDADES
SANRO,125054,125055,101,0.00062,0.105,0.0854,14.522,TELESCOPICA H45-CS 30KG 400MM ZINCADO KUTZ,TELESCOPICA H45-CS 30KG 450MM ZINCADO KUTZ
MAPOC,5529,5530,100,0.00065,0.165,0.0904,23.101,LIJA MADERA GRANO 100 PLIEGO,LIJA MADERA GRANO 120 PLIEGO
MAPOC,19869,5620,100,0.00065,0.2611,0.0523,21.143,TAB. MONTANTE NORMAL 60X38X6X0.5X3.0MT,YESO-CARTON 10MM 2.4MT X 1.2MT
MAPOC,100667,95255,100,0.00065,0.5814,0.4098,368.922,TAPA CANALETA UNIV (10) P25 MARRON,CANALETA LARGO 4 MT (10) P25 MARRON
SANRO,32823,5294,100,0.00061,0.0504,0.0853,7.024,TORNILLO AGLOMERADO 3.5 X 15 100 UNIDADES,ADHES. CONTACTO AGOREX 60 HENKEL 1 LT.
MAPOC,5620,83297,100,0.00065,0.0523,0.1678,13.587,YESO-CARTON 10MM 2.4MT X 1.2MT,TAB. ESTRUCTURAL C 2X3X8X0.85X6MT 60X38
VALPA,126433,32823,100,0.00372,0.2257,0.1168,7.087,BISAG. 35  RECTA SIN TORNILLOS - 10UNDS KUTZ,TORNILLO AGLOMERADO 3.5 X 15 100 UNIDADES
MAIPU,133926,74236,100,0.00204,0.0815,0.1751,7.011,TAPA SOBERBIO ADHES 12MM BLANCO MATE SET 50 UN,"TAPACANTO ENCOLADO BLANCO 22X0,45MM RO 25 MT"
PMONT,128645,150002,100,0.00156,0.0887,0.1686,9.586,ESCUADRA PLASTICA BLANCA 50UNDS,TORNILLO AGLOMERADO 3.5 X 15 BOLSA 100UN KHOR
SANRO,126115,140802,99,0.00061,0.0424,0.1864,13.065,BISAG. 35 RECTA CLIP C/SUAVE-TORN -2UNDS KUTZ,BISAG. 35 165º CLIP / CIERRE SUAVE 2UNDS  KUTZ
SANRO,72713,72754,99,0.00061,0.0537,0.1042,9.257,PLANCHA MDF 500 15MM 1.52 X 2.44,PLANCHA MDF 3MM 1.52 X 2.44
SANRO,32823,90040,99,0.00061,0.0498,0.0824,6.786,TORNILLO AGLOMERADO 3.5 X 15 100 UNIDADES,PERILLA METALICA CILIND. 23X20MM NIQUEL SATIN
SANRO,124327,16858,99,0.00061,0.2276,0.1793,67.464,MOLDURA PVC  20 X 10  TIRA 2 MTS C/AUTOADHESIVO,CAJA CHUQUI BLANCA PVC CANALETA Y TUBO
SANRO,125056,125832,99,0.00061,0.119,0.0598,11.765,TELESCOPICA H45-CS 30KG 500MM ZINCADO KUTZ,BISAG. 35 RECTA C/SUAVE-3D-CLIP-TORN -2UNDS KUTZ
MAIPU,110307,114693,99,0.00202,0.1833,0.113,10.28,"TAPACANTO PVC BLANCO 22X0,45MM  RO 50MT",SOBERBIO 3 16 X 2 100UNDS A.SCREW
VESPU,122563,72713,98,0.00242,0.1138,0.2559,12.051,MELAMINA BLANCA CLASICA 15MM 1.83 X 2.50 MASISA,PLANCHA MDF 500 15MM 1.52 X 2.44
VESPU,76727,76730,98,0.00242,0.4298,0.6012,106.934,LAM. RECTA F6 CLASSIC 3111 BR 122 X 306,LAM. RECTA F6 FLORENTINO NEGRO 0513 BR 122 X 306
VALPA,32823,95628,98,0.00365,0.1145,0.1026,3.222,TORNILLO AGLOMERADO 3.5 X 15 100 UNIDADES,TORNILLO VOLCANITA PTA AGUJA 2X6 ZINC R.GR 100UN
RENAC,128645,139309,98,0.00129,0.0918,0.1474,10.517,ESCUADRA PLASTICA BLANCA 50UNDS,BISAG. 35 RECTA C/SUAVE-CLIP 10UNDS KUTZ
CONCE,128645,133926,98,0.00107,0.1222,0.0628,7.145,ESCUADRA PLASTICA BLANCA 50UNDS,TAPA SOBERBIO ADHES 12MM BLANCO MATE SET 50 UN
RANCA,95625,95628,97,0.00198,0.2261,0.1472,16.806,TORNILLO VOLCANITA PTA AGUJA 1 1/4X6 ZINC R.GR 100,TORNILLO VOLCANITA PTA AGUJA 2X6 ZINC R.GR 100UN
TEMUC,74901,74902,97,0.00839,0.221,0.3356,8.842,PINO SECO CEPILLADO 1 X 4 X 3.20 MTS.,PINO SECO CEPILLADO 1 X 5 X 3.20 MTS
SANRO,134039,5530,97,0.00059,0.1292,0.136,29.642,PASTA MURO F-15 TAJAMAR TI,LIJA MADERA GRANO 120 PLIEGO
SANRO,126115,131026,97,0.00059,0.0415,0.053,3.717,BISAG. 35 RECTA CLIP C/SUAVE-TORN -2UNDS KUTZ,"TAPACANTO PVC BLANCO 22X0,45MM RO 25MT"
VESPU,1205,122563,97,0.00239,0.0674,0.1127,3.173,"DUROLAC UNICOLOR BLANCO 2,8MM 1.52 X 2.44",MELAMINA BLANCA CLASICA 15MM 1.83 X 2.50 MASISA
RENAC,132429,133630,97,0.00127,0.1051,0.376,31.046,CEMENTO MELON SACO 25KG.,GRAVILLA SACO 25 K
MAPOC,93706,95255,97,0.00063,0.4181,0.3975,265.305,TUBO BAJADA D 80X3MT (3) P25 MARRON,CANALETA LARGO 4 MT (10) P25 MARRON
MAPOC,146562,152646,96,0.00062,0.2133,0.5714,196.608,CODO PVC SANITARIO GRIS 50MM,TUBO PVC GRIS 50 MM X 3MTS
RENAC,125055,126115,96,0.00126,0.1794,0.1057,15.062,TELESCOPICA H45-CS 30KG 450MM ZINCADO KUTZ,BISAG. 35 RECTA CLIP C/SUAVE-TORN -2UNDS KUTZ
MAPOC,137411,137968,96,0.00062,0.2602,0.4465,187.352,TAB. CANAL ESTRUCTURAL U 2X3X0.85X3MT 62X25,"TAB. ESTRUCTURAL C 2X3X8X0.85X2,4MT 60X38"
TALCA,81115,81947,96,0.00242,0.7385,0.6076,185.746,TAB. CANAL ESTRUCTURAL U 2X4X0.85X6MT 92X30,TAB. ESTRUCTURAL C 2X4X12X0.85X6MT 90X38
HUECH,126115,32823,96,0.00101,0.0464,0.141,6.494,BISAG. 35 RECTA CLIP C/SUAVE-TORN -2UNDS KUTZ,TORNILLO AGLOMERADO 3.5 X 15 100 UNIDADES
MAIPU,114693,133926,96,0.00195,0.1096,0.0782,4.387,SOBERBIO 3 16 X 2 100UNDS A.SCREW,TAPA SOBERBIO ADHES 12MM BLANCO MATE SET 50 UN
MAPOC,125055,139309,96,0.00062,0.0998,0.0937,15.074,TELESCOPICA H45-CS 30KG 450MM ZINCADO KUTZ,BISAG. 35 RECTA C/SUAVE-CLIP 10UNDS KUTZ
RENAC,100639,100648,95,0.00125,0.5307,0.4657,198.289,BAJADA CEMENTAR (10) P25 BLANCO,GANCHO TRADICIONAL P25 BLANCO
SANRO,125832,32823,95,0.00058,0.0574,0.0478,4.729,BISAG. 35 RECTA C/SUAVE-3D-CLIP-TORN -2UNDS KUTZ,TORNILLO AGLOMERADO 3.5 X 15 100 UNIDADES
RANCA,74901,76838,95,0.00194,0.145,0.1527,11.422,PINO SECO CEPILLADO 1 X 4 X 3.20 MTS.,TAPA PINO 1 X 4 X 3.20 MT
SANRO,128645,5294,95,0.00058,0.0506,0.081,7.053,ESCUADRA PLASTICA BLANCA 50UNDS,ADHES. CONTACTO AGOREX 60 HENKEL 1 LT.
MAPOC,102517,128645,95,0.00061,0.1247,0.0699,14.193,BARRA CLOSET OVALADA CROMADA 3MTS KUTZ,ESCUADRA PLASTICA BLANCA 50UNDS
TALCA,126115,32823,95,0.00239,0.0736,0.1338,4.122,BISAG. 35 RECTA CLIP C/SUAVE-TORN -2UNDS KUTZ,TORNILLO AGLOMERADO 3.5 X 15 100 UNIDADES
VALPA,126115,126116,95,0.00353,0.112,0.4657,14.759,BISAG. 35 RECTA CLIP C/SUAVE-TORN -2UNDS KUTZ,BISAG. 35 S/CURVA C/SUAVE-CLIP-TORN -2UNDS KUTZ
MAPOC,146748,86792,95,0.00061,0.5758,0.1503,141.051,SALIDA CAJA CONDUIT 16MM HOFF,TUBO CONDUIT PVC  16MM  TIRA 3MT
SANRO,115846,115852,95,0.00058,0.0186,0.1397,4.465,MELAMINA BLANCA VESTO 15MM 2.50 X 1.83,MELAMINA GRAFITO 15MM 2.50 X 1.83 VESTO
MAPOC,82677,82679,94,0.00061,0.379,0.2191,136.795,CLAVO CORRIENTE 3 BOLSA 1 KILO,CLAVO CORRIENTE 4 BOLSA 1 KILO
MAPOC,95625,95628,94,0.00061,0.144,0.1476,34.989,TORNILLO VOLCANITA PTA AGUJA 1 1/4X6 ZINC R.GR 100,TORNILLO VOLCANITA PTA AGUJA 2X6 ZINC R.GR 100UN
MAIPU,1205,131026,94,0.00191,0.0571,0.1093,3.26,"DUROLAC UNICOLOR BLANCO 2,8MM 1.52 X 2.44","TAPACANTO PVC BLANCO 22X0,45MM RO 25MT"
SANRO,125832,131026,94,0.00057,0.0568,0.0514,5.081,BISAG. 35 RECTA C/SUAVE-3D-CLIP-TORN -2UNDS KUTZ,"TAPACANTO PVC BLANCO 22X0,45MM RO 25MT"
SANRO,76727,89759,94,0.00057,0.17,0.5165,152.826,LAM. RECTA F6 CLASSIC 3111 BR 122 X 306,LAM. RECTA F6 ONIX BROWN 2721 BR 122 X 306
SANRO,120397,120398,94,0.00057,0.7642,0.8393,1116.53,LAVAMANOS CORONA ACUACER,PEDESTAL LAVAMANOS CORONA ACUACER
MAPOC,72713,76615,94,0.00061,0.0845,0.2368,32.938,PLANCHA MDF 500 15MM 1.52 X 2.44,PLANCHA MDF 5.5MM 1.52 X 2.44
RENAC,100640,100648,94,0.00123,0.5402,0.4608,201.839,CANALETA LARGO 4 MT (10) P25 BLANCO,GANCHO TRADICIONAL P25 BLANCO
HUECH,134039,5530,94,0.00099,0.1288,0.1226,15.994,PASTA MURO F-15 TAJAMAR TI,LIJA MADERA GRANO 120 PLIEGO
RANCA,125055,126115,93,0.0019,0.2257,0.095,11.294,TELESCOPICA H45-CS 30KG 450MM ZINCADO KUTZ,BISAG. 35 RECTA CLIP C/SUAVE-TORN -2UNDS KUTZ
SANRO,71161,76730,93,0.00057,0.3796,0.268,179.0,LAM. RECTA F6 GRANITO 3012 BR 122 X 306,LAM. RECTA F6 FLORENTINO NEGRO 0513 BR 122 X 306
PMONT,126115,128645,93,0.00145,0.1028,0.0825,5.842,BISAG. 35 RECTA CLIP C/SUAVE-TORN -2UNDS KUTZ,ESCUADRA PLASTICA BLANCA 50UNDS
VALPA,95627,98235,93,0.00346,0.1253,0.2,7.244,TORNILLO VOLCANITA PTA AGUJA 1.5/8X6 ZINC R.GR 100,TORNILLO VOLCANITA PTA AGUJA 1X6 ZINC R.GR  100UN
SANRO,72713,76615,93,0.00057,0.0505,0.1785,15.857,PLANCHA MDF 500 15MM 1.52 X 2.44,PLANCHA MDF 5.5MM 1.52 X 2.44
HUECH,126115,143258,93,0.00098,0.045,0.1398,6.442,BISAG. 35 RECTA CLIP C/SUAVE-TORN -2UNDS KUTZ,BOLSA VEGETAL 45X40X12 KUTZ
SEREN,32823,72272,93,0.00185,0.0994,0.4819,25.828,TORNILLO AGLOMERADO 3.5 X 15 100 UNIDADES,TORNILLO AGLOMERADO 3.5 X 25 100 UNIDADES
SEREN,1205,122563,93,0.00185,0.0728,0.2467,9.684,"DUROLAC UNICOLOR BLANCO 2,8MM 1.52 X 2.44",MELAMINA BLANCA CLASICA 15MM 1.83 X 2.50 MASISA
MAPOC,74906,74907,93,0.0006,0.1102,0.1571,28.818,PINO SECO CEPILLADO 2 X 2 X 3.20 MTS.,PINO SECO CEPILLADO 2 X 3 X 3.20 MTS.
PMONT,125029,150002,92,0.00144,0.2577,0.1551,27.841,TELESCOPICA H35-STD 25KG 250MM ZINCADO KUTZ,TORNILLO AGLOMERADO 3.5 X 15 BOLSA 100UN KHOR
VESPU,133926,150002,92,0.00227,0.0809,0.0955,3.407,TAPA SOBERBIO ADHES 12MM BLANCO MATE SET 50 UN,TORNILLO AGLOMERADO 3.5 X 15 BOLSA 100UN KHOR
SANRO,72328,76615,92,0.00056,0.0781,0.1766,24.528,PLANCHA MDF  9MM 1.52 X 2.44,PLANCHA MDF 5.5MM 1.52 X 2.44
PMONT,125832,125833,92,0.00144,0.1402,0.3036,29.653,BISAG. 35 RECTA C/SUAVE-3D-CLIP-TORN -2UNDS KUTZ,BISAG. 35 S/CURVA C/SUAVE-3D-CLIP-TORN 2UNID KUTZ
VESPU,71161,76727,92,0.00227,0.736,0.4035,130.905,LAM. RECTA F6 GRANITO 3012 BR 122 X 306,LAM. RECTA F6 CLASSIC 3111 BR 122 X 306
MAPOC,100653,79813,92,0.00059,0.3552,0.4259,254.617,UNION CANALETA (10) P25 BLANCO,TAPA ACCESORIO UNIV P25 BLANCO
RENAC,126115,126116,92,0.00121,0.1013,0.3472,29.142,BISAG. 35 RECTA CLIP C/SUAVE-TORN -2UNDS KUTZ,BISAG. 35 S/CURVA C/SUAVE-CLIP-TORN -2UNDS KUTZ
MAPOC,128645,139309,92,0.00059,0.0676,0.0898,10.218,ESCUADRA PLASTICA BLANCA 50UNDS,BISAG. 35 RECTA C/SUAVE-CLIP 10UNDS KUTZ
MAPOC,139685,98920,92,0.00059,0.538,0.1953,176.857,CURVA CONDUIT 90º 20MM 10UN,TUBO CONDUIT PVC  20MM  TIRA 3MT
HUECH,19868,33903,92,0.00097,0.3321,0.4973,171.033,TAB. CANAL NORMAL 61X20X0.5X3.0MT,TAB. MONTANTE NORMAL 60X38X6X0.5X2.4MT
SANRO,125054,125832,92,0.00056,0.0956,0.0556,9.455,TELESCOPICA H45-CS 30KG 400MM ZINCADO KUTZ,BISAG. 35 RECTA C/SUAVE-3D-CLIP-TORN -2UNDS KUTZ
SANRO,736,738,92,0.00056,0.6765,0.4053,487.628,MASILLA MAGICA MARSON LIVIANA S/CATAL 700M,ENDURECEDOR MARSO CREMA 28GR
SEREN,126115,143258,92,0.00183,0.0697,0.1549,5.891,BISAG. 35 RECTA CLIP C/SUAVE-TORN -2UNDS KUTZ,BOLSA VEGETAL 45X40X12 KUTZ
MAIPU,128645,133926,91,0.00185,0.14,0.0742,5.605,ESCUADRA PLASTICA BLANCA 50UNDS,TAPA SOBERBIO ADHES 12MM BLANCO MATE SET 50 UN
MAPOC,92282,93706,91,0.00059,0.5322,0.3922,355.148,ABRAZADERA TUBO 80 (10) P25 MARRON,TUBO BAJADA D 80X3MT (3) P25 MARRON
VESPU,122563,124032,91,0.00224,0.1057,0.6026,28.384,MELAMINA BLANCA CLASICA 15MM 1.83 X 2.50 MASISA,DUROLAC UNICOLOR BLANCO 3MM 1.83 X 2.50
TEMUC,74900,76860,91,0.00787,0.325,0.3611,14.915,PINO SECO CEPILLADO 1 X 2 X 3.20 MTS.,PINO SECO CEPILLADO 1 X 3 X 3.20 MTS.
RENAC,110307,32823,91,0.00119,0.1916,0.0581,9.33,"TAPACANTO PVC BLANCO 22X0,45MM  RO 50MT",TORNILLO AGLOMERADO 3.5 X 15 100 UNIDADES
MAPOC,22960,73463,91,0.00059,0.0742,0.1073,13.552,PINO BRUTO 2 X 2 X 3.20 MTS.,PINO BRUTO 1 X 2 X 3.20 MTS.
SANRO,133629,134250,91,0.00056,0.3669,0.1009,66.565,ARENA GRUESA SACO 25 K,CEMENTO ESPECIAL TRANSEX SACO 25 KG
HUECH,133629,133630,91,0.00096,0.2935,0.3922,120.541,ARENA GRUESA SACO 25 K,GRAVILLA SACO 25 K
SANRO,72328,72754,90,0.00055,0.0764,0.0947,13.159,PLANCHA MDF  9MM 1.52 X 2.44,PLANCHA MDF 3MM 1.52 X 2.44
SANRO,417,6311,90,0.00055,0.2344,0.2616,111.486,RIEL GALVANIZADO DUCASSE U-20 TIRA 2.00MTS,CORREDERA DUCASSE D7-D14 DOBLE CON POLIN
MAPOC,72713,72754,90,0.00058,0.0809,0.1456,20.259,PLANCHA MDF 500 15MM 1.52 X 2.44,PLANCHA MDF 3MM 1.52 X 2.44
VESPU,124032,72719,90,0.00222,0.596,0.625,167.848,DUROLAC UNICOLOR BLANCO 3MM 1.83 X 2.50,PLANCHA MDF 3MM 2.12 X 2.44
MAPOC,133806,134039,90,0.00058,0.1931,0.0762,25.32,LATEX EXTRACUBRIENTE SIPA BLANCO 4 GL,PASTA MURO F-15 TAJAMAR TI
MAPOC,138144,5530,90,0.00058,0.0946,0.0814,13.248,RODILLO CONDOR CORTA GOTAS 18 CM,LIJA MADERA GRANO 120 PLIEGO
VALPA,95625,98235,90,0.00335,0.1505,0.1935,8.698,TORNILLO VOLCANITA PTA AGUJA 1 1/4X6 ZINC R.GR 100,TORNILLO VOLCANITA PTA AGUJA 1X6 ZINC R.GR  100UN
MAIPU,32823,98235,90,0.00183,0.0669,0.2356,8.605,TORNILLO AGLOMERADO 3.5 X 15 100 UNIDADES,TORNILLO VOLCANITA PTA AGUJA 1X6 ZINC R.GR  100UN
MAPOC,120397,120398,90,0.00058,0.7438,0.8182,1046.928,LAVAMANOS CORONA ACUACER,PEDESTAL LAVAMANOS CORONA ACUACER
MAPOC,125056,126115,90,0.00058,0.1807,0.0385,11.973,TELESCOPICA H45-CS 30KG 500MM ZINCADO KUTZ,BISAG. 35 RECTA CLIP C/SUAVE-TORN -2UNDS KUTZ
TEMUC,74901,76860,90,0.00778,0.205,0.3571,9.409,PINO SECO CEPILLADO 1 X 4 X 3.20 MTS.,PINO SECO CEPILLADO 1 X 3 X 3.20 MTS.
SANRO,73276,76730,90,0.00055,0.2866,0.2594,135.16,LAM. RECTA F6 GRANITINO NEGRO 3014 BR 122 X 306,LAM. RECTA F6 FLORENTINO NEGRO 0513 BR 122 X 306
RANCA,126115,32823,90,0.00184,0.0919,0.0934,4.671,BISAG. 35 RECTA CLIP C/SUAVE-TORN -2UNDS KUTZ,TORNILLO AGLOMERADO 3.5 X 15 100 UNIDADES
SANRO,110307,5294,90,0.00055,0.0987,0.0767,13.766,"TAPACANTO PVC BLANCO 22X0,45MM  RO 50MT",ADHES. CONTACTO AGOREX 60 HENKEL 1 LT.
RANCA,128645,133926,90,0.00184,0.1523,0.0979,8.117,ESCUADRA PLASTICA BLANCA 50UNDS,TAPA SOBERBIO ADHES 12MM BLANCO MATE SET 50 UN
SANRO,125055,32823,90,0.00055,0.0761,0.0453,6.268,TELESCOPICA H45-CS 30KG 450MM ZINCADO KUTZ,TORNILLO AGLOMERADO 3.5 X 15 100 UNIDADES
RENAC,417,554,89,0.00117,0.3321,0.3134,89.124,RIEL GALVANIZADO DUCASSE U-20 TIRA 2.00MTS,CORREDERA DUCASSE D7-D14 SIMPLE CON POLIN
MAPOC,118607,126115,89,0.00057,0.1491,0.0381,9.877,SOBERBIO 3 16 X 2 - 100UNDS PATTA,BISAG. 35 RECTA CLIP C/SUAVE-TORN -2UNDS KUTZ
HUECH,5620,5621,89,0.00093,0.0972,0.2265,23.553,YESO-CARTON 10MM 2.4MT X 1.2MT,YESO-CARTON 15 MM  2.4MT X 1.2MT
MAPOC,122826,135135,89,0.00057,0.1878,0.2055,67.139,"20X30 MURO BLANCO BRILLANTE CON ENGOBE CJ 1,5 M2",FRAGUE BLANCO WEBER 1KG
MAPOC,122563,124032,89,0.00057,0.0817,0.1199,17.053,MELAMINA BLANCA CLASICA 15MM 1.83 X 2.50 MASISA,DUROLAC UNICOLOR BLANCO 3MM 1.83 X 2.50
SANRO,100639,100648,89,0.00054,0.5494,0.6268,633.071,BAJADA CEMENTAR (10) P25 BLANCO,GANCHO TRADICIONAL P25 BLANCO
MAPOC,100667,100669,89,0.00057,0.5174,0.4238,381.5,TAPA CANALETA UNIV (10) P25 MARRON,UNION CANALETA (10) P25 MARRON
SANRO,133926,133934,89,0.00054,0.0541,0.2689,26.762,TAPA SOBERBIO ADHES 12MM BLANCO MATE SET 50 UN,TAPA SOBERBIO ADHES 12MM GRIS GRAFITO SET 50 UN
MAIPU,115847,131026,89,0.00181,0.1141,0.1035,6.517,MELAMINA BLANCA VESTO 18MM 2.50 X 1.83,"TAPACANTO PVC BLANCO 22X0,45MM RO 25MT"
HUECH,133499,5620,89,0.00093,0.1254,0.0972,13.037,YESO ROMERAL SACO 25KG,YESO-CARTON 10MM 2.4MT X 1.2MT
VALPA,100096,95628,89,0.00331,0.25,0.0932,7.035,TORNILLO VOLCANITA PTA FINA R GR 3X8 ZINCA 100UNDS,TORNILLO VOLCANITA PTA AGUJA 2X6 ZINC R.GR 100UN
SANRO,5529,5530,89,0.00054,0.2472,0.1248,56.737,LIJA MADERA GRANO 100 PLIEGO,LIJA MADERA GRANO 120 PLIEGO
CONCE,125036,126115,88,0.00096,0.1279,0.0534,7.076,TELESCOPICA H45-STD 40KG 450MM ZINCADO KUTZ,BISAG. 35 RECTA CLIP C/SUAVE-TORN -2UNDS KUTZ
HUECH,128645,72273,88,0.00092,0.0734,0.1705,13.551,ESCUADRA PLASTICA BLANCA 50UNDS,TORNILLO AGLOMERADO 4 X 15 CAJA 100 UN
SANRO,125036,126115,88,0.00054,0.0899,0.0377,6.299,TELESCOPICA H45-STD 40KG 450MM ZINCADO KUTZ,BISAG. 35 RECTA CLIP C/SUAVE-TORN -2UNDS KUTZ
RENAC,125036,32823,88,0.00115,0.2245,0.0562,10.933,TELESCOPICA H45-STD 40KG 450MM ZINCADO KUTZ,TORNILLO AGLOMERADO 3.5 X 15 100 UNIDADES
TALCA,125036,126115,88,0.00221,0.1591,0.0682,4.902,TELESCOPICA H45-STD 40KG 450MM ZINCADO KUTZ,BISAG. 35 RECTA CLIP C/SUAVE-TORN -2UNDS KUTZ
MAPOC,6083,6107,88,0.00057,0.2953,0.2032,105.592,TERMINAL SO HE BRONCE 1/2,CODO SO SO BRONCE 1/2
SANRO,126115,126208,88,0.00054,0.0377,0.1571,11.012,BISAG. 35 RECTA CLIP C/SUAVE-TORN -2UNDS KUTZ,BISAG.35 RINCON FALSO 3DCLIP CIERRE SUAVE 2UN KUTZ
MAPOC,115846,72713,88,0.00057,0.0429,0.0791,5.974,MELAMINA BLANCA VESTO 15MM 2.50 X 1.83,PLANCHA MDF 500 15MM 1.52 X 2.44
RENAC,125055,32823,88,0.00115,0.1645,0.0562,8.011,TELESCOPICA H45-CS 30KG 450MM ZINCADO KUTZ,TORNILLO AGLOMERADO 3.5 X 15 100 UNIDADES
MAPOC,126036,126037,88,0.00057,0.1254,0.0603,13.294,CINTA ENMASCARAR ESTÁNDAR TESA 24MMX40M,CINTA ENMASCARAR ESTÁNDAR TESA 48MMX40M
MAPOC,126115,131026,88,0.00057,0.0377,0.0789,5.229,BISAG. 35 RECTA CLIP C/SUAVE-TORN -2UNDS KUTZ,"TAPACANTO PVC BLANCO 22X0,45MM RO 25MT"
MAPOC,22960,76850,88,0.00057,0.0718,0.1298,16.391,PINO BRUTO 2 X 2 X 3.20 MTS.,PINO BRUTO 1 X 4 X 3.20 MTS.
MAPOC,83297,87336,88,0.00057,0.1477,0.2372,61.619,TAB. ESTRUCTURAL C 2X3X8X0.85X6MT 60X38,TABIGAL ESTRUCTURAL OMEGA 38X35X15X8X0.85X 6MT
SANRO,21012,74789,88,0.00054,0.2056,0.2876,109.947,TORNILLO AGLOMERADO 3.5 X 30 100 UNIDADES,TORNILLO AGLOMERADO 3.5 X 50 100 UNIDADES
SANRO,130966,32823,87,0.00053,0.0746,0.0438,6.142,"TAPACANTO PVC BLANCO 22X0,45MM RO 100MT",TORNILLO AGLOMERADO 3.5 X 15 100 UNIDADES
CONCE,125054,126115,87,0.00095,0.2101,0.0528,11.625,TELESCOPICA H45-CS 30KG 400MM ZINCADO KUTZ,BISAG. 35 RECTA CLIP C/SUAVE-TORN -2UNDS KUTZ
SANRO,73276,76742,87,0.00053,0.2771,0.3321,173.043,LAM. RECTA F6 GRANITINO NEGRO 3014 BR 122 X 306,LAM. RECTA F6 GRANITO KOMBI 0670 BR 122 X 306
MAPOC,5620,81536,87,0.00056,0.0455,0.2143,17.352,YESO-CARTON 10MM 2.4MT X 1.2MT,ESQUINERO VOLCANITA 30X30X2.4MT
CONCE,5529,5530,87,0.00095,0.2939,0.1212,37.342,LIJA MADERA GRANO 100 PLIEGO,LIJA MADERA GRANO 120 PLIEGO
RENAC,146551,146591,87,0.00114,0.1912,0.5541,92.825,CODO PVC SANITARIO GRIS 40MM,COPLA PVC SANITARIO GRIS 40MM
SANRO,71161,76742,87,0.00053,0.3551,0.3321,221.777,LAM. RECTA F6 GRANITO 3012 BR 122 X 306,LAM. RECTA F6 GRANITO KOMBI 0670 BR 122 X 306
VALPA,126115,133926,87,0.00324,0.1026,0.1436,4.55,BISAG. 35 RECTA CLIP C/SUAVE-TORN -2UNDS KUTZ,TAPA SOBERBIO ADHES 12MM BLANCO MATE SET 50 UN
VALPA,32823,98235,87,0.00324,0.1016,0.1871,5.874,TORNILLO AGLOMERADO 3.5 X 15 100 UNIDADES,TORNILLO VOLCANITA PTA AGUJA 1X6 ZINC R.GR  100UN
HUECH,126037,5530,87,0.00091,0.1079,0.1134,13.407,CINTA ENMASCARAR ESTÁNDAR TESA 48MMX40M,LIJA MADERA GRANO 120 PLIEGO
HUECH,100663,95255,87,0.00091,0.5762,0.6304,397.746,GANCHO TRADICIONAL  P25 MARRON,CANALETA LARGO 4 MT (10) P25 MARRON
CONCE,5528,5530,87,0.00095,0.29,0.1212,36.845,LIJA MADERA GRANO 80 PLIEGO,LIJA MADERA GRANO 120 PLIEGO
SANRO,130966,5294,87,0.00053,0.0746,0.0742,10.4,"TAPACANTO PVC BLANCO 22X0,45MM RO 100MT",ADHES. CONTACTO AGOREX 60 HENKEL 1 LT.
TEMUC,74900,74902,87,0.00752,0.3107,0.301,12.434,PINO SECO CEPILLADO 1 X 2 X 3.20 MTS.,PINO SECO CEPILLADO 1 X 5 X 3.20 MTS
SEREN,102517,143432,86,0.00171,0.3496,0.5658,115.389,BARRA CLOSET OVALADA CROMADA 3MTS KUTZ,SOPORTE BARRA METALICO OVALADA CROMADO 2 UNI DVP
VALPA,83297,87998,86,0.0032,0.6825,0.7049,150.355,TAB. ESTRUCTURAL C 2X3X8X0.85X6MT 60X38,TAB. CANAL ESTRUCTURAL U 2X3X0.85X6MT 62X25
MAPOC,5260,5530,86,0.00056,0.1012,0.0778,14.164,PASTA MURO F-15 TAJAMAR GL,LIJA MADERA GRANO 120 PLIEGO
HUECH,146522,146532,86,0.0009,0.4095,0.4479,203.198,TUBO FUSION PPR 20MM X 3MT PN-16,CODO 90° FUSION PPR 20MM CCS
MAPOC,126037,95847,86,0.00056,0.0589,0.0901,9.55,CINTA ENMASCARAR ESTÁNDAR TESA 48MMX40M,SELLADOR ACRILICO PINTABLE BLANCO SOUDAL 300 ML.
MAPOC,100666,95255,86,0.00056,0.5409,0.3525,343.213,TAPA ACCESORIO UNIV P25 MARRON,CANALETA LARGO 4 MT (10) P25 MARRON
HUECH,139684,86792,86,0.0009,0.6825,0.2522,190.685,CURVA CONDUIT 90º 16MM 10UN,TUBO CONDUIT PVC  16MM  TIRA 3MT
MAPOC,118607,32823,86,0.00056,0.1441,0.0673,17.466,SOBERBIO 3 16 X 2 - 100UNDS PATTA,TORNILLO AGLOMERADO 3.5 X 15 100 UNIDADES
MAPOC,126116,139309,86,0.00056,0.1635,0.0839,24.697,BISAG. 35 S/CURVA C/SUAVE-CLIP-TORN -2UNDS KUTZ,BISAG. 35 RECTA C/SUAVE-CLIP 10UNDS KUTZ
SANRO,100663,95255,86,0.00053,0.6099,0.6667,773.669,GANCHO TRADICIONAL  P25 MARRON,CANALETA LARGO 4 MT (10) P25 MARRON
TEMUC,74900,74901,86,0.00744,0.3071,0.1959,8.091,PINO SECO CEPILLADO 1 X 2 X 3.20 MTS.,PINO SECO CEPILLADO 1 X 4 X 3.20 MTS.
HUECH,114693,128645,86,0.0009,0.1001,0.0717,7.955,SOBERBIO 3 16 X 2 100UNDS A.SCREW,ESCUADRA PLASTICA BLANCA 50UNDS
MAPOC,146562,146596,86,0.00056,0.1911,0.4057,139.573,CODO PVC SANITARIO GRIS 50MM,CURVA PVC SANITARIO GRIS 50MM
MAIPU,32823,74236,86,0.00175,0.0639,0.1506,5.501,TORNILLO AGLOMERADO 3.5 X 15 100 UNIDADES,"TAPACANTO ENCOLADO BLANCO 22X0,45MM RO 25 MT"
CONCE,122563,131026,86,0.00094,0.036,0.1035,3.953,MELAMINA BLANCA CLASICA 15MM 1.83 X 2.50 MASISA,"TAPACANTO PVC BLANCO 22X0,45MM RO 25MT"
CONCE,133629,133831,86,0.00094,0.4624,0.0966,47.391,ARENA GRUESA SACO 25 K,CEMENTO BIO BIO SACO 25KG.
RENAC,146551,152649,86,0.00113,0.189,0.589,98.672,CODO PVC SANITARIO GRIS 40MM,TUBO PVC GRIS 40 MM X 1MT
MAPOC,114693,126115,85,0.00055,0.1312,0.0364,8.69,SOBERBIO 3 16 X 2 100UNDS A.SCREW,BISAG. 35 RECTA CLIP C/SUAVE-TORN -2UNDS KUTZ
MAPOC,126115,126178,85,0.00055,0.0364,0.2522,16.71,BISAG. 35 RECTA CLIP C/SUAVE-TORN -2UNDS KUTZ,BOMBIN NEUMATICO 60N - 1 UNID KUTZ
MAIPU,125054,126115,85,0.00173,0.2891,0.0567,9.474,TELESCOPICA H45-CS 30KG 400MM ZINCADO KUTZ,BISAG. 35 RECTA CLIP C/SUAVE-TORN -2UNDS KUTZ
MAPOC,76889,77172,85,0.00055,0.1545,0.3864,108.764,"JGO MARCO PUERTA PINO 30  X 70 MM X 5,4 MT",PUERTA TERCIADO INTERIOR 0.70 X 2.00
MAPOC,100654,93706,85,0.00055,0.425,0.3664,283.631,BAJADA CEMENTAR (10) P25 MARRON,TUBO BAJADA D 80X3MT (3) P25 MARRON
MAPOC,74902,76860,85,0.00055,0.1347,0.0823,20.19,PINO SECO CEPILLADO 1 X 5 X 3.20 MTS,PINO SECO CEPILLADO 1 X 3 X 3.20 MTS.
SANRO,139684,86792,85,0.00052,0.6204,0.2191,261.657,CURVA CONDUIT 90º 16MM 10UN,TUBO CONDUIT PVC  16MM  TIRA 3MT
SANRO,21740,32823,85,0.00052,0.3125,0.0428,25.748,TORNILLO AGLOMERADO 3.5 X 40 100 UNIDADES,TORNILLO AGLOMERADO 3.5 X 15 100 UNIDADES
HUECH,125055,126115,85,0.00089,0.1954,0.0411,9.002,TELESCOPICA H45-CS 30KG 450MM ZINCADO KUTZ,BISAG. 35 RECTA CLIP C/SUAVE-TORN -2UNDS KUTZ
TALCA,149983,149984,85,0.00214,0.1194,0.509,28.41,TORNILLO AGLOMERADO 3.5 X 15 BALDE 500UN KHOR,TORNILLO AGLOMERADO 3.5 X 25 BALDE 500UN KHOR
VESPU,102517,143432,85,0.0021,0.2584,0.5152,63.497,BARRA CLOSET OVALADA CROMADA 3MTS KUTZ,SOPORTE BARRA METALICO OVALADA CROMADO 2 UNI DVP
TEMUC,72713,72754,85,0.00735,0.2471,0.2322,7.808,PLANCHA MDF 500 15MM 1.52 X 2.44,PLANCHA MDF 3MM 1.52 X 2.44
RANCA,115847,131026,85,0.00174,0.1455,0.1391,11.668,MELAMINA BLANCA VESTO 18MM 2.50 X 1.83,"TAPACANTO PVC BLANCO 22X0,45MM RO 25MT"
PMONT,126433,32823,85,0.00133,0.1554,0.0832,9.741,BISAG. 35  RECTA SIN TORNILLOS - 10UNDS KUTZ,TORNILLO AGLOMERADO 3.5 X 15 100 UNIDADES
TALCA,83297,87998,85,0.00214,0.4942,0.5667,130.933,TAB. ESTRUCTURAL C 2X3X8X0.85X6MT 60X38,TAB. CANAL ESTRUCTURAL U 2X3X0.85X6MT 62X25
MAPOC,5530,95847,85,0.00055,0.0769,0.089,12.46,LIJA MADERA GRANO 120 PLIEGO,SELLADOR ACRILICO PINTABLE BLANCO SOUDAL 300 ML.
CONCE,102517,126528,85,0.00093,0.1836,0.3602,70.962,BARRA CLOSET OVALADA CROMADA 3MTS KUTZ,SOPORTE BARRA OVALADA ALUMINIO 2 UND KUTZ
HUECH,137895,137899,85,0.00089,0.8333,0.4521,422.283,CUÑA NIVELADORA INSTALACION PORCELANATOS 100 UN,NIVELADOR PARA SISTEMA NIVELACION 100 UND
HUECH,72713,72754,84,0.00088,0.0868,0.166,16.338,PLANCHA MDF 500 15MM 1.52 X 2.44,PLANCHA MDF 3MM 1.52 X 2.44
HUECH,126115,131026,84,0.00088,0.0406,0.0858,3.953,BISAG. 35 RECTA CLIP C/SUAVE-TORN -2UNDS KUTZ,"TAPACANTO PVC BLANCO 22X0,45MM RO 25MT"
CONCE,20232,554,84,0.00092,0.3146,0.2593,88.577,RIEL GALVANIZADO DUCASSE U-20 TIRA 1.50MTS,CORREDERA DUCASSE D7-D14 SIMPLE CON POLIN
HUECH,100654,100663,84,0.00088,0.6043,0.5563,381.268,BAJADA CEMENTAR (10) P25 MARRON,GANCHO TRADICIONAL  P25 MARRON
RENAC,137182,32823,84,0.0011,0.2877,0.0537,14.01,SOPORTE REPISA FIJO BLANCO BOLSA 50 UN,TORNILLO AGLOMERADO 3.5 X 15 100 UNIDADES
PMONT,103743,125029,84,0.00131,0.153,0.2353,27.457,TIRADOR MET. MADRID AC/INOX 128X12MM TUBULAR KUTZ,TELESCOPICA H35-STD 25KG 250MM ZINCADO KUTZ
SANRO,5528,5530,84,0.00051,0.2897,0.1178,66.475,LIJA MADERA GRANO 80 PLIEGO,LIJA MADERA GRANO 120 PLIEGO
MAIPU,95625,98235,84,0.00171,0.1492,0.2199,19.186,TORNILLO VOLCANITA PTA AGUJA 1 1/4X6 ZINC R.GR 100,TORNILLO VOLCANITA PTA AGUJA 1X6 ZINC R.GR  100UN
MAIPU,133926,95627,84,0.00171,0.0685,0.1176,4.71,TAPA SOBERBIO ADHES 12MM BLANCO MATE SET 50 UN,TORNILLO VOLCANITA PTA AGUJA 1.5/8X6 ZINC R.GR 100
SANRO,19868,5620,84,0.00051,0.2642,0.0741,38.149,TAB. CANAL NORMAL 61X20X0.5X3.0MT,YESO-CARTON 10MM 2.4MT X 1.2MT
RENAC,81115,81947,84,0.0011,0.6364,0.6131,354.032,TAB. CANAL ESTRUCTURAL U 2X4X0.85X6MT 92X30,TAB. ESTRUCTURAL C 2X4X12X0.85X6MT 90X38
MAPOC,100654,100667,84,0.00054,0.42,0.4884,378.071,BAJADA CEMENTAR (10) P25 MARRON,TAPA CANALETA UNIV (10) P25 MARRON
SANRO,114693,130966,84,0.00051,0.065,0.072,9.116,SOBERBIO 3 16 X 2 100UNDS A.SCREW,"TAPACANTO PVC BLANCO 22X0,45MM RO 100MT"
PMONT,32823,95628,84,0.00131,0.0822,0.1508,9.454,TORNILLO AGLOMERADO 3.5 X 15 100 UNIDADES,TORNILLO VOLCANITA PTA AGUJA 2X6 ZINC R.GR 100UN
SANRO,11080,128645,84,0.00051,0.1958,0.0447,17.051,TARUGO PARA VOLCANITA 100 UNIDADES,ESCUADRA PLASTICA BLANCA 50UNDS
MAPOC,32780,7909,83,0.00054,0.0523,0.1599,15.612,"FILM STRETCH TRANS ROLLO 1,5K NETO 0,5MT",CINTA EMBALAJE TRANSPARENTE  48MMX40 MT UNID
SANRO,22960,22961,83,0.00051,0.0805,0.1317,20.91,PINO BRUTO 2 X 2 X 3.20 MTS.,PINO BRUTO 2 X 3 X 3.20 MTS.
MAPOC,125055,128645,83,0.00054,0.0863,0.061,9.822,TELESCOPICA H45-CS 30KG 450MM ZINCADO KUTZ,ESCUADRA PLASTICA BLANCA 50UNDS
SANRO,133499,5620,83,0.00051,0.101,0.0733,14.583,YESO ROMERAL SACO 25KG,YESO-CARTON 10MM 2.4MT X 1.2MT
SANRO,128645,149983,83,0.00051,0.0442,0.1529,13.311,ESCUADRA PLASTICA BLANCA 50UNDS,TORNILLO AGLOMERADO 3.5 X 15 BALDE 500UN KHOR
MAPOC,137411,5620,83,0.00054,0.2249,0.0434,18.214,TAB. CANAL ESTRUCTURAL U 2X3X0.85X3MT 62X25,YESO-CARTON 10MM 2.4MT X 1.2MT
SANRO,126433,128645,83,0.00051,0.0958,0.0442,8.346,BISAG. 35  RECTA SIN TORNILLOS - 10UNDS KUTZ,ESCUADRA PLASTICA BLANCA 50UNDS
SANRO,133499,134039,83,0.00051,0.101,0.1105,22.0,YESO ROMERAL SACO 25KG,PASTA MURO F-15 TAJAMAR TI
RANCA,74901,74906,83,0.00169,0.1267,0.2196,16.42,PINO SECO CEPILLADO 1 X 4 X 3.20 MTS.,PINO SECO CEPILLADO 2 X 2 X 3.20 MTS.
MAPOC,32823,74789,83,0.00054,0.065,0.3156,38.263,TORNILLO AGLOMERADO 3.5 X 15 100 UNIDADES,TORNILLO AGLOMERADO 3.5 X 50 100 UNIDADES
SANRO,126115,126178,83,0.00051,0.0355,0.1618,11.338,BISAG. 35 RECTA CLIP C/SUAVE-TORN -2UNDS KUTZ,BOMBIN NEUMATICO 60N - 1 UNID KUTZ
HUECH,146551,152649,83,0.00087,0.2345,0.5321,143.183,CODO PVC SANITARIO GRIS 40MM,TUBO PVC GRIS 40 MM X 1MT
RENAC,5529,5530,83,0.00109,0.2331,0.1416,30.324,LIJA MADERA GRANO 100 PLIEGO,LIJA MADERA GRANO 120 PLIEGO
MAPOC,128645,150002,83,0.00054,0.061,0.1869,21.282,ESCUADRA PLASTICA BLANCA 50UNDS,TORNILLO AGLOMERADO 3.5 X 15 BOLSA 100UN KHOR
SANRO,33903,5620,83,0.00051,0.3307,0.0733,47.757,TAB. MONTANTE NORMAL 60X38X6X0.5X2.4MT,YESO-CARTON 10MM 2.4MT X 1.2MT
MAPOC,74901,74902,83,0.00054,0.0627,0.1315,15.394,PINO SECO CEPILLADO 1 X 4 X 3.20 MTS.,PINO SECO CEPILLADO 1 X 5 X 3.20 MTS
TALCA,1205,131026,82,0.00206,0.0876,0.1188,5.046,"DUROLAC UNICOLOR BLANCO 2,8MM 1.52 X 2.44","TAPACANTO PVC BLANCO 22X0,45MM RO 25MT"
TALCA,126115,140802,82,0.00206,0.0636,0.2752,8.477,BISAG. 35 RECTA CLIP C/SUAVE-TORN -2UNDS KUTZ,BISAG. 35 165º CLIP / CIERRE SUAVE 2UNDS  KUTZ
SANRO,74734,95091,82,0.0005,0.0943,0.114,21.45,TERCIADO ESTRUCTURAL 15MM 1.20 X 2.40 PL,TERCIADO EUCALIPTUS ROSADO 3MM 1.62 X 2.20
HUECH,134039,91440,82,0.00086,0.1123,0.3071,40.079,PASTA MURO F-15 TAJAMAR TI,CINTA VOLCANITA 2 X 90 MT
RENAC,32823,95628,82,0.00108,0.0524,0.122,5.943,TORNILLO AGLOMERADO 3.5 X 15 100 UNIDADES,TORNILLO VOLCANITA PTA AGUJA 2X6 ZINC R.GR 100UN
MAPOC,102517,126115,82,0.00053,0.1076,0.0351,7.129,BARRA CLOSET OVALADA CROMADA 3MTS KUTZ,BISAG. 35 RECTA CLIP C/SUAVE-TORN -2UNDS KUTZ
MAPOC,146783,98920,82,0.00053,0.165,0.1741,54.236,CAJA ELECTRICA CORRIENTE NARANJA 16-20 MM.,TUBO CONDUIT PVC  20MM  TIRA 3MT
SANRO,126115,150002,82,0.0005,0.0351,0.0852,5.973,BISAG. 35 RECTA CLIP C/SUAVE-TORN -2UNDS KUTZ,TORNILLO AGLOMERADO 3.5 X 15 BOLSA 100UN KHOR
HUECH,72713,76615,82,0.00086,0.0847,0.2539,24.985,PLANCHA MDF 500 15MM 1.52 X 2.44,PLANCHA MDF 5.5MM 1.52 X 2.44
SANRO,110307,128645,82,0.0005,0.0899,0.0436,7.83,"TAPACANTO PVC BLANCO 22X0,45MM  RO 50MT",ESCUADRA PLASTICA BLANCA 50UNDS
CONCE,126115,128645,82,0.0009,0.0497,0.1022,5.656,BISAG. 35 RECTA CLIP C/SUAVE-TORN -2UNDS KUTZ,ESCUADRA PLASTICA BLANCA 50UNDS
RENAC,5528,5530,82,0.00108,0.2377,0.1399,30.914,LIJA MADERA GRANO 80 PLIEGO,LIJA MADERA GRANO 120 PLIEGO
MAPOC,138144,34532,82,0.00053,0.0862,0.1962,31.938,RODILLO CONDOR CORTA GOTAS 18 CM,BANDEJA LIZCAL PINTURA UNID
VESPU,128645,32823,81,0.002,0.1029,0.1555,8.011,ESCUADRA PLASTICA BLANCA 50UNDS,TORNILLO AGLOMERADO 3.5 X 15 100 UNIDADES
SANRO,143258,90040,81,0.0005,0.0442,0.0674,6.022,BOLSA VEGETAL 45X40X12 KUTZ,PERILLA METALICA CILIND. 23X20MM NIQUEL SATIN
MAPOC,146522,146543,81,0.00052,0.2477,0.405,191.761,TUBO FUSION PPR 20MM X 3MT PN-16,TEE FUSION PPR 20MM CCS
MAPOC,133499,134039,81,0.00052,0.0672,0.0686,8.805,YESO ROMERAL SACO 25KG,PASTA MURO F-15 TAJAMAR TI
SEREN,125055,126115,81,0.00161,0.2477,0.0614,9.422,TELESCOPICA H45-CS 30KG 450MM ZINCADO KUTZ,BISAG. 35 RECTA CLIP C/SUAVE-TORN -2UNDS KUTZ
SANRO,115847,131026,81,0.0005,0.0329,0.0443,2.945,MELAMINA BLANCA VESTO 18MM 2.50 X 1.83,"TAPACANTO PVC BLANCO 22X0,45MM RO 25MT"
MAPOC,100651,79364,81,0.00052,0.3803,0.2613,189.931,TAPA CANALETA UNIV (10) P25 BLANCO,TUBO BAJADA D 80X3MT (3) P25 BLANCO
SANRO,100639,100640,81,0.0005,0.5,0.6231,629.35,BAJADA CEMENTAR (10) P25 BLANCO,CANALETA LARGO 4 MT (10) P25 BLANCO
MAPOC,6037,6107,81,0.00052,0.3375,0.1871,120.681,COPLA SO SO BRONCE 1/2,CODO SO SO BRONCE 1/2
CONCE,22960,22961,81,0.00089,0.127,0.1311,18.74,PINO BRUTO 2 X 2 X 3.20 MTS.,PINO BRUTO 2 X 3 X 3.20 MTS.
RENAC,100639,100640,81,0.00106,0.4525,0.4655,198.217,BAJADA CEMENTAR (10) P25 BLANCO,CANALETA LARGO 4 MT (10) P25 BLANCO
CONCE,152618,152619,81,0.00089,0.332,0.2563,95.831,PACK 10 PILAS ALCALINAS AA 1.5V DAIRU,PACK 10 PILAS ALCALINAS AAA 1.5V DAIRU
TALCA,102517,133926,81,0.00204,0.1607,0.0794,6.262,BARRA CLOSET OVALADA CROMADA 3MTS KUTZ,TAPA SOBERBIO ADHES 12MM BLANCO MATE SET 50 UN
HUECH,100654,95255,81,0.00085,0.5827,0.587,402.285,BAJADA CEMENTAR (10) P25 MARRON,CANALETA LARGO 4 MT (10) P25 MARRON
SANRO,125832,125834,81,0.0005,0.0489,0.2462,24.342,BISAG. 35 RECTA C/SUAVE-3D-CLIP-TORN -2UNDS KUTZ,BISAG. 35 CURVA C/SUAVE-3D-CLIP-TORN -2 UNDS KUTZ
MAPOC,126115,150435,81,0.00052,0.0347,0.201,13.316,BISAG. 35 RECTA CLIP C/SUAVE-TORN -2UNDS KUTZ,SISTEMA PUSH MECANICO 30N PARA PUERTA KUTZ
SANRO,5620,87998,81,0.0005,0.0715,0.1901,27.461,YESO-CARTON 10MM 2.4MT X 1.2MT,TAB. CANAL ESTRUCTURAL U 2X3X0.85X6MT 62X25
VALPA,32823,95627,81,0.00301,0.0946,0.1092,3.427,TORNILLO AGLOMERADO 3.5 X 15 100 UNIDADES,TORNILLO VOLCANITA PTA AGUJA 1.5/8X6 ZINC R.GR 100
MAPOC,72386,72713,81,0.00052,0.2956,0.0728,41.124,MDF MELAMINA BLANCO 1CARA 15MM 1.52 X 2.44,PLANCHA MDF 500 15MM 1.52 X 2.44
PMONT,126433,128645,81,0.00126,0.1481,0.0719,8.418,BISAG. 35  RECTA SIN TORNILLOS - 10UNDS KUTZ,ESCUADRA PLASTICA BLANCA 50UNDS
CONCE,5268,85373,81,0.00089,0.2295,0.2201,56.88,PASTA MURO F-6 TAJAMAR KG,YESO CORRIENTE BOLSA 1KG.
MAPOC,736,738,81,0.00052,0.6807,0.2736,356.04,MASILLA MAGICA MARSON LIVIANA S/CATAL 700M,ENDURECEDOR MARSO CREMA 28GR
RANCA,133926,95628,81,0.00165,0.0881,0.1229,6.551,TAPA SOBERBIO ADHES 12MM BLANCO MATE SET 50 UN,TORNILLO VOLCANITA PTA AGUJA 2X6 ZINC R.GR 100UN
MAPOC,417,554,81,0.00052,0.2812,0.2432,130.768,RIEL GALVANIZADO DUCASSE U-20 TIRA 2.00MTS,CORREDERA DUCASSE D7-D14 SIMPLE CON POLIN
MAPOC,5528,5529,81,0.00052,0.1457,0.1337,37.221,LIJA MADERA GRANO 80 PLIEGO,LIJA MADERA GRANO 100 PLIEGO
MAPOC,22960,76838,81,0.00052,0.0661,0.1229,15.522,PINO BRUTO 2 X 2 X 3.20 MTS.,TAPA PINO 1 X 4 X 3.20 MT
MAPOC,100659,93706,81,0.00052,0.526,0.3491,351.017,CODO 87.5º M - H (10) P25 MARRON,TUBO BAJADA D 80X3MT (3) P25 MARRON
MAPOC,72328,76615,81,0.00052,0.112,0.204,43.693,PLANCHA MDF  9MM 1.52 X 2.44,PLANCHA MDF 5.5MM 1.52 X 2.44
MAIPU,83297,87998,80,0.00163,0.5405,0.6349,210.734,TAB. ESTRUCTURAL C 2X3X8X0.85X6MT 60X38,TAB. CANAL ESTRUCTURAL U 2X3X0.85X6MT 62X25
RENAC,126433,32823,80,0.00105,0.2454,0.0511,11.951,BISAG. 35  RECTA SIN TORNILLOS - 10UNDS KUTZ,TORNILLO AGLOMERADO 3.5 X 15 100 UNIDADES
MAPOC,5620,73463,80,0.00052,0.0418,0.0943,7.639,YESO-CARTON 10MM 2.4MT X 1.2MT,PINO BRUTO 1 X 2 X 3.20 MTS.
HUECH,146525,146532,80,0.00084,0.6299,0.4167,312.556,COPLA SIMPLE FUSION PPR 20MM CCS,CODO 90° FUSION PPR 20MM CCS
HUECH,114693,133926,80,0.00084,0.0931,0.0482,5.342,SOBERBIO 3 16 X 2 100UNDS A.SCREW,TAPA SOBERBIO ADHES 12MM BLANCO MATE SET 50 UN
MAPOC,3822,3824,80,0.00052,0.3846,0.9195,684.478,CUBIERTA 60X60 AR,MARCO 60X60 AR
SANRO,128645,128646,80,0.00049,0.0426,0.3053,26.591,ESCUADRA PLASTICA BLANCA 50UNDS,ESCUADRA PLASTICA CAFE 50UNDS
MAPOC,125055,32823,80,0.00052,0.0832,0.0626,10.083,TELESCOPICA H45-CS 30KG 450MM ZINCADO KUTZ,TORNILLO AGLOMERADO 3.5 X 15 100 UNIDADES
MAPOC,123690,6107,80,0.00052,0.2847,0.1848,101.8,CAÑERIA COBRE M 1/2 X 3.0 MT AGUA,CODO SO SO BRONCE 1/2
MAPOC,146532,146577,80,0.00052,0.2597,0.5442,273.574,CODO 90° FUSION PPR 20MM CCS,CODO 90 TRANS HE FUSION PPR 20X1/2 CCS
SANRO,125832,133926,80,0.00049,0.0483,0.0487,4.811,BISAG. 35 RECTA C/SUAVE-3D-CLIP-TORN -2UNDS KUTZ,TAPA SOBERBIO ADHES 12MM BLANCO MATE SET 50 UN
RENAC,128645,150968,80,0.00105,0.0749,0.1329,9.484,ESCUADRA PLASTICA BLANCA 50UNDS,BISAG. 35 RECTA C/SUAVE-CLIP-2UNDS KHOR
SEREN,126115,133926,80,0.00159,0.0607,0.0897,3.411,BISAG. 35 RECTA CLIP C/SUAVE-TORN -2UNDS KUTZ,TAPA SOBERBIO ADHES 12MM BLANCO MATE SET 50 UN
HUECH,133806,134039,80,0.00084,0.2247,0.1096,29.326,LATEX EXTRACUBRIENTE SIPA BLANCO 4 GL,PASTA MURO F-15 TAJAMAR TI
MAPOC,133631,134250,79,0.00051,0.297,0.0682,39.675,ARENA FINA SACO 25 K,CEMENTO ESPECIAL TRANSEX SACO 25 KG
CONCE,125050,126115,79,0.00087,0.2669,0.0479,14.764,TELESCOPICA H35-CS 25KG 450MM ZINCADO KUTZ,BISAG. 35 RECTA CLIP C/SUAVE-TORN -2UNDS KUTZ
MAPOC,22961,5620,79,0.00051,0.1014,0.0413,8.212,PINO BRUTO 2 X 3 X 3.20 MTS.,YESO-CARTON 10MM 2.4MT X 1.2MT
MAIPU,103742,133926,79,0.00161,0.201,0.0644,8.048,TIRADOR MET. MADRID AC/INOX  96X12MM TUBULAR KUTZ,TAPA SOBERBIO ADHES 12MM BLANCO MATE SET 50 UN
MAPOC,112695,79039,79,0.00051,0.2453,0.0903,43.413,HUAIPE SEDA BLANCO 1RA 1/2 KILO,DILUYENTE DP-100 DILOX 1 LT.
MAPOC,126115,90040,79,0.00051,0.0338,0.1105,7.32,BISAG. 35 RECTA CLIP C/SUAVE-TORN -2UNDS KUTZ,PERILLA METALICA CILIND. 23X20MM NIQUEL SATIN
MAPOC,125832,125833,79,0.00051,0.0997,0.2358,46.101,BISAG. 35 RECTA C/SUAVE-3D-CLIP-TORN -2UNDS KUTZ,BISAG. 35 S/CURVA C/SUAVE-3D-CLIP-TORN 2UNID KUTZ
SANRO,32823,74789,79,0.00048,0.0398,0.2582,21.271,TORNILLO AGLOMERADO 3.5 X 15 100 UNIDADES,TORNILLO AGLOMERADO 3.5 X 50 100 UNIDADES
VESPU,114693,32823,79,0.00195,0.1421,0.1516,11.059,SOBERBIO 3 16 X 2 100UNDS A.SCREW,TORNILLO AGLOMERADO 3.5 X 15 100 UNIDADES
MAPOC,21012,32823,79,0.00051,0.2743,0.0619,33.258,TORNILLO AGLOMERADO 3.5 X 30 100 UNIDADES,TORNILLO AGLOMERADO 3.5 X 15 100 UNIDADES
SANRO,115846,115856,79,0.00048,0.0154,0.1021,3.262,MELAMINA BLANCA VESTO 15MM 2.50 X 1.83,MELAMINA NEGRA 15MM 2.50 X 1.83 VESTO
PMONT,32823,5294,79,0.00123,0.0773,0.1188,7.447,TORNILLO AGLOMERADO 3.5 X 15 100 UNIDADES,ADHES. CONTACTO AGOREX 60 HENKEL 1 LT.
SANRO,100640,100648,79,0.00048,0.6077,0.5563,700.263,CANALETA LARGO 4 MT (10) P25 BLANCO,GANCHO TRADICIONAL P25 BLANCO
CONCE,131026,133926,79,0.00087,0.0951,0.0506,5.559,"TAPACANTO PVC BLANCO 22X0,45MM RO 25MT",TAPA SOBERBIO ADHES 12MM BLANCO MATE SET 50 UN
VESPU,126115,133926,79,0.00195,0.0802,0.0695,2.861,BISAG. 35 RECTA CLIP C/SUAVE-TORN -2UNDS KUTZ,TAPA SOBERBIO ADHES 12MM BLANCO MATE SET 50 UN
MAPOC,126115,143258,79,0.00051,0.0338,0.0719,4.762,BISAG. 35 RECTA CLIP C/SUAVE-TORN -2UNDS KUTZ,BOLSA VEGETAL 45X40X12 KUTZ
SANRO,21740,72272,79,0.00048,0.2904,0.1513,91.044,TORNILLO AGLOMERADO 3.5 X 40 100 UNIDADES,TORNILLO AGLOMERADO 3.5 X 25 100 UNIDADES
RENAC,102517,32823,79,0.00104,0.1558,0.0505,7.589,BARRA CLOSET OVALADA CROMADA 3MTS KUTZ,TORNILLO AGLOMERADO 3.5 X 15 100 UNIDADES
SANRO,134039,91440,79,0.00048,0.1052,0.3086,67.238,PASTA MURO F-15 TAJAMAR TI,CINTA VOLCANITA 2 X 90 MT
SANRO,21012,21740,79,0.00048,0.1846,0.2904,111.04,TORNILLO AGLOMERADO 3.5 X 30 100 UNIDADES,TORNILLO AGLOMERADO 3.5 X 40 100 UNIDADES
MAIPU,122563,124032,79,0.00161,0.1622,0.1145,11.548,MELAMINA BLANCA CLASICA 15MM 1.83 X 2.50 MASISA,DUROLAC UNICOLOR BLANCO 3MM 1.83 X 2.50
MAIPU,103743,126115,79,0.00161,0.2423,0.0527,7.941,TIRADOR MET. MADRID AC/INOX 128X12MM TUBULAR KUTZ,BISAG. 35 RECTA CLIP C/SUAVE-TORN -2UNDS KUTZ
SANRO,115846,115853,79,0.00048,0.0154,0.1201,3.837,MELAMINA BLANCA VESTO 15MM 2.50 X 1.83,MELAMINA GRAFITO 18MM 2.50 X 1.83 VESTO
TALCA,102517,126115,79,0.00199,0.1567,0.0612,4.829,BARRA CLOSET OVALADA CROMADA 3MTS KUTZ,BISAG. 35 RECTA CLIP C/SUAVE-TORN -2UNDS KUTZ
MAPOC,126528,128645,79,0.00051,0.1695,0.0581,19.3,SOPORTE BARRA OVALADA ALUMINIO 2 UND KUTZ,ESCUADRA PLASTICA BLANCA 50UNDS
SANRO,72712,72713,79,0.00048,0.1736,0.0429,15.424,PLANCHA MDF 500 12MM 1.52 X 2.44,PLANCHA MDF 500 15MM 1.52 X 2.44
SANRO,89654,90040,79,0.00048,0.154,0.0657,20.964,CERRADURA CAJON REDONDA  109,PERILLA METALICA CILIND. 23X20MM NIQUEL SATIN
MAPOC,146551,146600,78,0.0005,0.194,0.312,120.166,CODO PVC SANITARIO GRIS 40MM,REDUCCION PVC SANITARIO GRIS 50X40MM
MAPOC,125036,126115,78,0.0005,0.1283,0.0334,8.499,TELESCOPICA H45-STD 40KG 450MM ZINCADO KUTZ,BISAG. 35 RECTA CLIP C/SUAVE-TORN -2UNDS KUTZ
MAIPU,103742,126433,78,0.00159,0.1985,0.2091,26.138,TIRADOR MET. MADRID AC/INOX  96X12MM TUBULAR KUTZ,BISAG. 35  RECTA SIN TORNILLOS - 10UNDS KUTZ
MAIPU,126115,128645,78,0.00159,0.052,0.12,3.932,BISAG. 35 RECTA CLIP C/SUAVE-TORN -2UNDS KUTZ,ESCUADRA PLASTICA BLANCA 50UNDS
RENAC,83297,87998,78,0.00102,0.5954,0.5821,338.669,TAB. ESTRUCTURAL C 2X3X8X0.85X6MT 60X38,TAB. CANAL ESTRUCTURAL U 2X3X0.85X6MT 62X25
CONCE,122563,133068,78,0.00086,0.0327,0.2826,10.796,MELAMINA BLANCA CLASICA 15MM 1.83 X 2.50 MASISA,"MELAMINA NODO 15MM 1,83 X 2,50 VESTO"
MAPOC,100653,79364,78,0.0005,0.3012,0.2516,150.413,UNION CANALETA (10) P25 BLANCO,TUBO BAJADA D 80X3MT (3) P25 BLANCO
RENAC,100639,79813,78,0.00102,0.4358,0.6094,259.471,BAJADA CEMENTAR (10) P25 BLANCO,TAPA ACCESORIO UNIV P25 BLANCO
HUECH,102517,128645,78,0.00082,0.1447,0.0651,11.498,BARRA CLOSET OVALADA CROMADA 3MTS KUTZ,ESCUADRA PLASTICA BLANCA 50UNDS
SANRO,100124,138591,78,0.00048,0.0929,0.2308,44.954,MONTAJE AFIX 370 GR. ARTECOLA CART,MOLDURA POLIEST F 30X35MM TIRA 2MTS NOMASTYL
MAPOC,146532,146564,78,0.0005,0.2532,0.5455,274.195,CODO 90° FUSION PPR 20MM CCS,TERMINAL HE FUSION PPR  20X1/2 CCS
MAPOC,74901,74907,78,0.0005,0.059,0.1318,15.419,PINO SECO CEPILLADO 1 X 4 X 3.20 MTS.,PINO SECO CEPILLADO 2 X 3 X 3.20 MTS.
HUECH,128645,6736,78,0.00082,0.0651,0.1175,9.334,ESCUADRA PLASTICA BLANCA 50UNDS,TARUGO PLASTICO 6MM   100 UNIDADES
VALPA,126115,95628,78,0.0029,0.092,0.0817,2.588,BISAG. 35 RECTA CLIP C/SUAVE-TORN -2UNDS KUTZ,TORNILLO VOLCANITA PTA AGUJA 2X6 ZINC R.GR 100UN
SANRO,74900,74906,78,0.00048,0.064,0.1191,15.985,PINO SECO CEPILLADO 1 X 2 X 3.20 MTS.,PINO SECO CEPILLADO 2 X 2 X 3.20 MTS.
VESPU,126115,150002,78,0.00192,0.0792,0.081,3.335,BISAG. 35 RECTA CLIP C/SUAVE-TORN -2UNDS KUTZ,TORNILLO AGLOMERADO 3.5 X 15 BOLSA 100UN KHOR
SANRO,71161,73276,77,0.00047,0.3143,0.2452,163.78,LAM. RECTA F6 GRANITO 3012 BR 122 X 306,LAM. RECTA F6 GRANITINO NEGRO 3014 BR 122 X 306
SANRO,71161,89759,77,0.00047,0.3143,0.4231,282.565,LAM. RECTA F6 GRANITO 3012 BR 122 X 306,LAM. RECTA F6 ONIX BROWN 2721 BR 122 X 306
SEREN,126115,128645,77,0.00153,0.0584,0.0938,3.567,BISAG. 35 RECTA CLIP C/SUAVE-TORN -2UNDS KUTZ,ESCUADRA PLASTICA BLANCA 50UNDS
MAIPU,126433,133926,77,0.00157,0.2064,0.0628,8.264,BISAG. 35  RECTA SIN TORNILLOS - 10UNDS KUTZ,TAPA SOBERBIO ADHES 12MM BLANCO MATE SET 50 UN
MAPOC,146532,146581,77,0.0005,0.25,0.4783,240.418,CODO 90° FUSION PPR 20MM CCS,CODO 90 TRANS HI FUSION PPR 20X1/2 CCS
SANRO,5620,83297,77,0.00047,0.068,0.1685,24.334,YESO-CARTON 10MM 2.4MT X 1.2MT,TAB. ESTRUCTURAL C 2X3X8X0.85X6MT 60X38
SANRO,125055,128645,77,0.00047,0.0651,0.041,5.668,TELESCOPICA H45-CS 30KG 450MM ZINCADO KUTZ,ESCUADRA PLASTICA BLANCA 50UNDS
RENAC,118607,32823,77,0.00101,0.1906,0.0492,9.282,SOBERBIO 3 16 X 2 - 100UNDS PATTA,TORNILLO AGLOMERADO 3.5 X 15 100 UNIDADES
MAPOC,11080,128645,77,0.0005,0.2278,0.0566,25.935,TARUGO PARA VOLCANITA 100 UNIDADES,ESCUADRA PLASTICA BLANCA 50UNDS
HUECH,100654,100667,77,0.00081,0.554,0.713,488.646,BAJADA CEMENTAR (10) P25 MARRON,TAPA CANALETA UNIV (10) P25 MARRON
CONCE,114693,32823,77,0.00084,0.1663,0.0746,14.7,SOBERBIO 3 16 X 2 100UNDS A.SCREW,TORNILLO AGLOMERADO 3.5 X 15 100 UNIDADES
MAIPU,110307,126115,77,0.00157,0.1426,0.0514,4.673,"TAPACANTO PVC BLANCO 22X0,45MM  RO 50MT",BISAG. 35 RECTA CLIP C/SUAVE-TORN -2UNDS KUTZ
PMONT,417,554,77,0.0012,0.3949,0.3319,109.041,RIEL GALVANIZADO DUCASSE U-20 TIRA 2.00MTS,CORREDERA DUCASSE D7-D14 SIMPLE CON POLIN
SANRO,32822,32823,77,0.00047,0.2711,0.0388,22.339,TORNILLO AGLOMERADO 3.5 X 20 100 UNIDADES,TORNILLO AGLOMERADO 3.5 X 15 100 UNIDADES
SANRO,1205,70251,77,0.00047,0.0185,0.2032,7.988,"DUROLAC UNICOLOR BLANCO 2,8MM 1.52 X 2.44",MELAMINA BLANCA PREMIUM 15MM 1.83 X 2.50 MASISA
MAPOC,110307,115846,77,0.0005,0.1053,0.0376,7.959,"TAPACANTO PVC BLANCO 22X0,45MM  RO 50MT",MELAMINA BLANCA VESTO 15MM 2.50 X 1.83
MAPOC,126037,5203,76,0.00049,0.0521,0.1431,15.178,CINTA ENMASCARAR ESTÁNDAR TESA 48MMX40M,RODILLO LIZCAL CHIPORRO NATURAL 18CM UNI
CONCE,417,554,76,0.00083,0.2714,0.2346,76.421,RIEL GALVANIZADO DUCASSE U-20 TIRA 2.00MTS,CORREDERA DUCASSE D7-D14 SIMPLE CON POLIN
SANRO,115847,72404,76,0.00046,0.0309,0.162,10.774,MELAMINA BLANCA VESTO 18MM 2.50 X 1.83,MDF MELAMINA BLANCO 1CARA 18MM 1.52 X 2.44
MAIPU,114693,128645,76,0.00155,0.0868,0.1169,6.557,SOBERBIO 3 16 X 2 100UNDS A.SCREW,ESCUADRA PLASTICA BLANCA 50UNDS
SEREN,143258,32823,76,0.00151,0.1279,0.0812,6.858,BOLSA VEGETAL 45X40X12 KUTZ,TORNILLO AGLOMERADO 3.5 X 15 100 UNIDADES
RENAC,146562,146592,76,0.001,0.199,0.4294,85.671,CODO PVC SANITARIO GRIS 50MM,COPLA PVC SANITARIO GRIS 50MM
SANRO,126116,128645,76,0.00046,0.0697,0.0404,6.072,BISAG. 35 S/CURVA C/SUAVE-CLIP-TORN -2UNDS KUTZ,ESCUADRA PLASTICA BLANCA 50UNDS
MAIPU,95625,95628,76,0.00155,0.135,0.1105,9.638,TORNILLO VOLCANITA PTA AGUJA 1 1/4X6 ZINC R.GR 100,TORNILLO VOLCANITA PTA AGUJA 2X6 ZINC R.GR 100UN
RENAC,133926,150968,76,0.001,0.0618,0.1262,7.829,TAPA SOBERBIO ADHES 12MM BLANCO MATE SET 50 UN,BISAG. 35 RECTA C/SUAVE-CLIP-2UNDS KHOR
RENAC,146551,146600,76,0.001,0.167,0.3486,58.399,CODO PVC SANITARIO GRIS 40MM,REDUCCION PVC SANITARIO GRIS 50X40MM
HUECH,133629,134250,76,0.0008,0.2452,0.1148,35.281,ARENA GRUESA SACO 25 K,CEMENTO ESPECIAL TRANSEX SACO 25 KG
SANRO,126116,32823,76,0.00046,0.0697,0.0383,5.745,BISAG. 35 S/CURVA C/SUAVE-CLIP-TORN -2UNDS KUTZ,TORNILLO AGLOMERADO 3.5 X 15 100 UNIDADES
SANRO,128645,74236,76,0.00046,0.0404,0.1031,8.98,ESCUADRA PLASTICA BLANCA 50UNDS,"TAPACANTO ENCOLADO BLANCO 22X0,45MM RO 25 MT"
MAPOC,116983,5620,76,0.00049,0.0605,0.0397,4.896,TORNILLO LENTEJA 8 X 1/2 PTA BROCA (CJ-100UND),YESO-CARTON 10MM 2.4MT X 1.2MT
SANRO,139309,150002,76,0.00046,0.0612,0.079,10.417,BISAG. 35 RECTA C/SUAVE-CLIP 10UNDS KUTZ,TORNILLO AGLOMERADO 3.5 X 15 BOLSA 100UN KHOR
RANCA,126115,133926,76,0.00155,0.0776,0.0827,4.138,BISAG. 35 RECTA CLIP C/SUAVE-TORN -2UNDS KUTZ,TAPA SOBERBIO ADHES 12MM BLANCO MATE SET 50 UN
MAIPU,119551,122106,76,0.00155,0.2836,0.2815,51.593,"ELECTRODO MH 6011 3/32"" BOLSA 1KG",DISCO CORTE KLINGSPOR METAL/INOX 4.1/2X1MM EXTRA
SEREN,1205,131026,76,0.00151,0.0595,0.0976,3.83,"DUROLAC UNICOLOR BLANCO 2,8MM 1.52 X 2.44","TAPACANTO PVC BLANCO 22X0,45MM RO 25MT"
CONCE,5260,5530,76,0.00083,0.1731,0.1058,21.995,PASTA MURO F-15 TAJAMAR GL,LIJA MADERA GRANO 120 PLIEGO
RENAC,142092,16408,76,0.001,0.4199,0.3028,127.503,SOPORTE BARRA REDONDO BLANCO BOLSA 2 UN.,BARRA CLOSET PLASTICA 1MT.BLANCA UNID
RENAC,125832,32823,76,0.001,0.11,0.0486,5.356,BISAG. 35 RECTA C/SUAVE-3D-CLIP-TORN -2UNDS KUTZ,TORNILLO AGLOMERADO 3.5 X 15 100 UNIDADES
HUECH,131026,133926,76,0.0008,0.0776,0.0458,4.452,"TAPACANTO PVC BLANCO 22X0,45MM RO 25MT",TAPA SOBERBIO ADHES 12MM BLANCO MATE SET 50 UN
RENAC,133926,139309,76,0.001,0.0618,0.1143,7.088,TAPA SOBERBIO ADHES 12MM BLANCO MATE SET 50 UN,BISAG. 35 RECTA C/SUAVE-CLIP 10UNDS KUTZ
HUECH,736,738,75,0.00079,0.7812,0.2757,273.63,MASILLA MAGICA MARSON LIVIANA S/CATAL 700M,ENDURECEDOR MARSO CREMA 28GR
SANRO,103742,126115,75,0.00046,0.1092,0.0321,7.65,TIRADOR MET. MADRID AC/INOX  96X12MM TUBULAR KUTZ,BISAG. 35 RECTA CLIP C/SUAVE-TORN -2UNDS KUTZ
RENAC,125832,133926,75,0.00098,0.1085,0.061,6.731,BISAG. 35 RECTA C/SUAVE-3D-CLIP-TORN -2UNDS KUTZ,TAPA SOBERBIO ADHES 12MM BLANCO MATE SET 50 UN
HUECH,110307,115846,75,0.00079,0.1376,0.0346,6.05,"TAPACANTO PVC BLANCO 22X0,45MM  RO 50MT",MELAMINA BLANCA VESTO 15MM 2.50 X 1.83
VESPU,122563,154044,75,0.00185,0.0871,0.2038,9.599,MELAMINA BLANCA CLASICA 15MM 1.83 X 2.50 MASISA,"DUROLAC BLANCO 2,8MM 1.85X2,44"
SANRO,22960,73463,75,0.00046,0.0727,0.1111,17.635,PINO BRUTO 2 X 2 X 3.20 MTS.,PINO BRUTO 1 X 2 X 3.20 MTS.
SANRO,74901,74902,75,0.00046,0.0656,0.1527,21.867,PINO SECO CEPILLADO 1 X 4 X 3.20 MTS.,PINO SECO CEPILLADO 1 X 5 X 3.20 MTS
PMONT,131026,5294,75,0.00117,0.0715,0.1128,6.888,"TAPACANTO PVC BLANCO 22X0,45MM RO 25MT",ADHES. CONTACTO AGOREX 60 HENKEL 1 LT.
MAPOC,72712,72713,75,0.00048,0.218,0.0674,30.329,PLANCHA MDF 500 12MM 1.52 X 2.44,PLANCHA MDF 500 15MM 1.52 X 2.44
HUECH,114693,32823,75,0.00079,0.0873,0.1101,12.214,SOBERBIO 3 16 X 2 100UNDS A.SCREW,TORNILLO AGLOMERADO 3.5 X 15 100 UNIDADES
RENAC,146525,146532,75,0.00098,0.5725,0.4545,264.462,COPLA SIMPLE FUSION PPR 20MM CCS,CODO 90° FUSION PPR 20MM CCS
SANRO,139309,143258,75,0.00046,0.0604,0.041,5.401,BISAG. 35 RECTA C/SUAVE-CLIP 10UNDS KUTZ,BOLSA VEGETAL 45X40X12 KUTZ
RENAC,82676,82679,74,0.00097,0.3442,0.1495,52.996,"CLAVO CORRIENTE 2.1/2"" BOLSA 1 KILO",CLAVO CORRIENTE 4 BOLSA 1 KILO
SANRO,125035,32823,74,0.00045,0.0883,0.0373,7.276,TELESCOPICA H45-STD 40KG 400MM ZINCADO KUTZ,TORNILLO AGLOMERADO 3.5 X 15 100 UNIDADES
CONCE,126433,32823,74,0.00081,0.1237,0.0717,10.938,BISAG. 35  RECTA SIN TORNILLOS - 10UNDS KUTZ,TORNILLO AGLOMERADO 3.5 X 15 100 UNIDADES
VESPU,131026,133926,74,0.00182,0.0769,0.0651,2.744,"TAPACANTO PVC BLANCO 22X0,45MM RO 25MT",TAPA SOBERBIO ADHES 12MM BLANCO MATE SET 50 UN
RENAC,22960,76838,74,0.00097,0.1338,0.1648,22.715,PINO BRUTO 2 X 2 X 3.20 MTS.,TAPA PINO 1 X 4 X 3.20 MT
RANCA,125056,126115,74,0.00151,0.2249,0.0756,11.254,TELESCOPICA H45-CS 30KG 500MM ZINCADO KUTZ,BISAG. 35 RECTA CLIP C/SUAVE-TORN -2UNDS KUTZ
SANRO,76730,89759,74,0.00045,0.2133,0.4066,191.733,LAM. RECTA F6 FLORENTINO NEGRO 0513 BR 122 X 306,LAM. RECTA F6 ONIX BROWN 2721 BR 122 X 306
MAIPU,126115,90040,74,0.00151,0.0494,0.131,4.292,BISAG. 35 RECTA CLIP C/SUAVE-TORN -2UNDS KUTZ,PERILLA METALICA CILIND. 23X20MM NIQUEL SATIN
SANRO,125035,126115,74,0.00045,0.0883,0.0317,6.188,TELESCOPICA H45-STD 40KG 400MM ZINCADO KUTZ,BISAG. 35 RECTA CLIP C/SUAVE-TORN -2UNDS KUTZ
MAPOC,149983,149984,74,0.00048,0.1827,0.3058,116.9,TORNILLO AGLOMERADO 3.5 X 15 BALDE 500UN KHOR,TORNILLO AGLOMERADO 3.5 X 25 BALDE 500UN KHOR
HUECH,11080,6736,74,0.00078,0.2263,0.1114,32.468,TARUGO PARA VOLCANITA 100 UNIDADES,TARUGO PLASTICO 6MM   100 UNIDADES
SANRO,6083,6107,74,0.00045,0.3558,0.1932,151.997,TERMINAL SO HE BRONCE 1/2,CODO SO SO BRONCE 1/2
SANRO,126116,143258,74,0.00045,0.0679,0.0404,6.067,BISAG. 35 S/CURVA C/SUAVE-CLIP-TORN -2UNDS KUTZ,BOLSA VEGETAL 45X40X12 KUTZ
SANRO,115847,115853,74,0.00045,0.0301,0.1125,7.478,MELAMINA BLANCA VESTO 18MM 2.50 X 1.83,MELAMINA GRAFITO 18MM 2.50 X 1.83 VESTO
SANRO,100639,100651,74,0.00045,0.4568,0.6727,679.5,BAJADA CEMENTAR (10) P25 BLANCO,TAPA CANALETA UNIV (10) P25 BLANCO
SANRO,72328,72714,74,0.00045,0.0628,0.0643,8.938,PLANCHA MDF  9MM 1.52 X 2.44,PLANCHA MDF 500 18MM 1.52 X 2.44
SANRO,16417,25632,74,0.00045,0.4512,0.5441,542.893,TABIGAL CANAL ECONOMICA 39X20X0.5X3.0MT,TAB. MONTANTE ECONOMICO 38X38X6X0.5X2.4MT
HUECH,72328,76615,74,0.00078,0.1412,0.2291,41.652,PLANCHA MDF  9MM 1.52 X 2.44,PLANCHA MDF 5.5MM 1.52 X 2.44
RENAC,133926,74236,74,0.00097,0.0602,0.1451,8.998,TAPA SOBERBIO ADHES 12MM BLANCO MATE SET 50 UN,"TAPACANTO ENCOLADO BLANCO 22X0,45MM RO 25 MT"
SANRO,142092,16408,74,0.00045,0.4431,0.2467,241.69,SOPORTE BARRA REDONDO BLANCO BOLSA 2 UN.,BARRA CLOSET PLASTICA 1MT.BLANCA UNID
MAPOC,143180,16858,74,0.00048,0.2552,0.1235,65.957,HEMBRA EMBUTIDA TRIPLE 10A BLANCO LUZICA BTICINO,CAJA CHUQUI BLANCA PVC CANALETA Y TUBO
HUECH,146551,146591,74,0.00078,0.209,0.5068,136.401,CODO PVC SANITARIO GRIS 40MM,COPLA PVC SANITARIO GRIS 40MM
MAPOC,126115,126528,74,0.00048,0.0317,0.1588,10.521,BISAG. 35 RECTA CLIP C/SUAVE-TORN -2UNDS KUTZ,SOPORTE BARRA OVALADA ALUMINIO 2 UND KUTZ
MAPOC,5203,5530,74,0.00048,0.1394,0.0669,19.509,RODILLO LIZCAL CHIPORRO NATURAL 18CM UNI,LIJA MADERA GRANO 120 PLIEGO
MAIPU,74900,74901,74,0.00151,0.1278,0.1535,13.025,PINO SECO CEPILLADO 1 X 2 X 3.20 MTS.,PINO SECO CEPILLADO 1 X 4 X 3.20 MTS.
SANRO,20232,6311,74,0.00045,0.2379,0.2151,113.182,RIEL GALVANIZADO DUCASSE U-20 TIRA 1.50MTS,CORREDERA DUCASSE D7-D14 DOBLE CON POLIN
SANRO,115846,72714,73,0.00045,0.0143,0.0635,2.029,MELAMINA BLANCA VESTO 15MM 2.50 X 1.83,PLANCHA MDF 500 18MM 1.52 X 2.44
CONCE,125832,125833,73,0.0008,0.1103,0.3004,41.396,BISAG. 35 RECTA C/SUAVE-3D-CLIP-TORN -2UNDS KUTZ,BISAG. 35 S/CURVA C/SUAVE-3D-CLIP-TORN 2UNID KUTZ
CONCE,95627,95628,73,0.0008,0.1141,0.1252,17.847,TORNILLO VOLCANITA PTA AGUJA 1.5/8X6 ZINC R.GR 100,TORNILLO VOLCANITA PTA AGUJA 2X6 ZINC R.GR 100UN
HUECH,137411,137968,73,0.00077,0.3427,0.474,212.014,TAB. CANAL ESTRUCTURAL U 2X3X0.85X3MT 62X25,"TAB. ESTRUCTURAL C 2X3X8X0.85X2,4MT 60X38"
SEREN,102517,126528,73,0.00146,0.2967,0.351,71.576,BARRA CLOSET OVALADA CROMADA 3MTS KUTZ,SOPORTE BARRA OVALADA ALUMINIO 2 UND KUTZ
HUECH,149983,149984,73,0.00077,0.1367,0.3527,62.915,TORNILLO AGLOMERADO 3.5 X 15 BALDE 500UN KHOR,TORNILLO AGLOMERADO 3.5 X 25 BALDE 500UN KHOR
PMONT,133926,150002,73,0.00114,0.0519,0.1231,5.609,TAPA SOBERBIO ADHES 12MM BLANCO MATE SET 50 UN,TORNILLO AGLOMERADO 3.5 X 15 BOLSA 100UN KHOR
CONCE,126115,126178,73,0.0008,0.0443,0.2092,11.571,BISAG. 35 RECTA CLIP C/SUAVE-TORN -2UNDS KUTZ,BOMBIN NEUMATICO 60N - 1 UNID KUTZ
SANRO,11080,6736,73,0.00045,0.1702,0.1123,42.837,TARUGO PARA VOLCANITA 100 UNIDADES,TARUGO PLASTICO 6MM   100 UNIDADES
HUECH,133926,143601,73,0.00077,0.0439,0.1235,7.084,TAPA SOBERBIO ADHES 12MM BLANCO MATE SET 50 UN,SOPORTE BARRA OVALADA CROMADO 2 UND KUTZ
RENAC,102517,128645,73,0.00096,0.144,0.0684,10.275,BARRA CLOSET OVALADA CROMADA 3MTS KUTZ,ESCUADRA PLASTICA BLANCA 50UNDS
SANRO,102517,32823,73,0.00045,0.0739,0.0368,6.088,BARRA CLOSET OVALADA CROMADA 3MTS KUTZ,TORNILLO AGLOMERADO 3.5 X 15 100 UNIDADES
RENAC,125031,32823,73,0.00096,0.171,0.0466,8.326,TELESCOPICA H35-STD 25KG 400MM ZINCADO KUTZ,TORNILLO AGLOMERADO 3.5 X 15 100 UNIDADES
SANRO,128645,6736,73,0.00045,0.0389,0.1123,9.78,ESCUADRA PLASTICA BLANCA 50UNDS,TARUGO PLASTICO 6MM   100 UNIDADES
RENAC,133926,137182,73,0.00096,0.0594,0.25,15.504,TAPA SOBERBIO ADHES 12MM BLANCO MATE SET 50 UN,SOPORTE REPISA FIJO BLANCO BOLSA 50 UN
SANRO,22960,76838,73,0.00045,0.0708,0.1159,18.39,PINO BRUTO 2 X 2 X 3.20 MTS.,TAPA PINO 1 X 4 X 3.20 MT
HUECH,146551,146600,73,0.00077,0.2062,0.3614,97.255,CODO PVC SANITARIO GRIS 40MM,REDUCCION PVC SANITARIO GRIS 50X40MM
PMONT,115846,115847,73,0.00114,0.0283,0.211,5.231,MELAMINA BLANCA VESTO 15MM 2.50 X 1.83,MELAMINA BLANCA VESTO 18MM 2.50 X 1.83
MAPOC,22961,76850,73,0.00047,0.0937,0.1077,21.4,PINO BRUTO 2 X 3 X 3.20 MTS.,PINO BRUTO 1 X 4 X 3.20 MTS.
SANRO,133806,134039,73,0.00045,0.2116,0.0972,46.103,LATEX EXTRACUBRIENTE SIPA BLANCO 4 GL,PASTA MURO F-15 TAJAMAR TI
SANRO,95627,95628,73,0.00045,0.1469,0.102,33.568,TORNILLO VOLCANITA PTA AGUJA 1.5/8X6 ZINC R.GR 100,TORNILLO VOLCANITA PTA AGUJA 2X6 ZINC R.GR 100UN
HUECH,81115,81947,73,0.00077,0.6083,0.4562,362.213,TAB. CANAL ESTRUCTURAL U 2X4X0.85X6MT 92X30,TAB. ESTRUCTURAL C 2X4X12X0.85X6MT 90X38
TALCA,133926,143601,73,0.00184,0.0716,0.1734,6.756,TAPA SOBERBIO ADHES 12MM BLANCO MATE SET 50 UN,SOPORTE BARRA OVALADA CROMADO 2 UND KUTZ
HUECH,100639,100640,73,0.00077,0.553,0.5659,408.415,BAJADA CEMENTAR (10) P25 BLANCO,CANALETA LARGO 4 MT (10) P25 BLANCO
MAPOC,146522,146577,72,0.00047,0.2202,0.4898,231.91,TUBO FUSION PPR 20MM X 3MT PN-16,CODO 90 TRANS HE FUSION PPR 20X1/2 CCS
HUECH,21012,72272,72,0.00076,0.3229,0.2491,106.432,TORNILLO AGLOMERADO 3.5 X 30 100 UNIDADES,TORNILLO AGLOMERADO 3.5 X 25 100 UNIDADES
VALPA,100640,100648,72,0.00268,0.6729,0.5496,138.047,CANALETA LARGO 4 MT (10) P25 BLANCO,GANCHO TRADICIONAL P25 BLANCO
SANRO,133926,150002,72,0.00044,0.0438,0.0748,7.449,TAPA SOBERBIO ADHES 12MM BLANCO MATE SET 50 UN,TORNILLO AGLOMERADO 3.5 X 15 BOLSA 100UN KHOR
HUECH,21012,32823,72,0.00076,0.3229,0.1057,45.167,TORNILLO AGLOMERADO 3.5 X 30 100 UNIDADES,TORNILLO AGLOMERADO 3.5 X 15 100 UNIDADES
VALPA,100639,100648,72,0.00268,0.595,0.5496,122.074,BAJADA CEMENTAR (10) P25 BLANCO,GANCHO TRADICIONAL P25 BLANCO
TALCA,128645,32823,72,0.00181,0.1596,0.1014,8.936,ESCUADRA PLASTICA BLANCA 50UNDS,TORNILLO AGLOMERADO 3.5 X 15 100 UNIDADES
VESPU,73276,76730,72,0.00178,0.385,0.4417,95.789,LAM. RECTA F6 GRANITINO NEGRO 3014 BR 122 X 306,LAM. RECTA F6 FLORENTINO NEGRO 0513 BR 122 X 306
SANRO,146522,146532,72,0.00044,0.4022,0.4472,408.808,TUBO FUSION PPR 20MM X 3MT PN-16,CODO 90° FUSION PPR 20MM CCS
HUECH,74900,76860,72,0.00076,0.127,0.1915,32.174,PINO SECO CEPILLADO 1 X 2 X 3.20 MTS.,PINO SECO CEPILLADO 1 X 3 X 3.20 MTS.
PMONT,128645,5294,72,0.00112,0.0639,0.1083,6.155,ESCUADRA PLASTICA BLANCA 50UNDS,ADHES. CONTACTO AGOREX 60 HENKEL 1 LT.
HUECH,100639,100648,72,0.00076,0.5455,0.5854,422.47,BAJADA CEMENTAR (10) P25 BLANCO,GANCHO TRADICIONAL P25 BLANCO
TALCA,133926,32823,72,0.00181,0.0706,0.1014,3.951,TAPA SOBERBIO ADHES 12MM BLANCO MATE SET 50 UN,TORNILLO AGLOMERADO 3.5 X 15 100 UNIDADES
SANRO,150001,150002,72,0.00044,0.1176,0.0748,20.011,SOBERBIO 3 16 X 2 - BOLSA 100UN KHOR,TORNILLO AGLOMERADO 3.5 X 15 BOLSA 100UN KHOR
MAPOC,127358,127361,72,0.00047,0.6729,0.75,1085.25,"ALAMBRE GENLIS NYA 1,5 MM ROJO H07V-U ROLLO 25MT","ALAMBRE GENLIS NYA 1,5 MM BLANCO H07V-U ROLLO 25MT"
PMONT,126115,32823,72,0.00112,0.0796,0.0705,4.987,BISAG. 35 RECTA CLIP C/SUAVE-TORN -2UNDS KUTZ,TORNILLO AGLOMERADO 3.5 X 15 100 UNIDADES
CONCE,5260,85373,72,0.00079,0.164,0.1957,40.656,PASTA MURO F-15 TAJAMAR GL,YESO CORRIENTE BOLSA 1KG.
MAPOC,125055,125056,72,0.00047,0.0748,0.1446,23.269,TELESCOPICA H45-CS 30KG 450MM ZINCADO KUTZ,TELESCOPICA H45-CS 30KG 500MM ZINCADO KUTZ
SANRO,72328,72386,72,0.00044,0.0611,0.1343,18.659,PLANCHA MDF  9MM 1.52 X 2.44,MDF MELAMINA BLANCO 1CARA 15MM 1.52 X 2.44
TALCA,32823,72272,72,0.00181,0.1014,0.4898,27.416,TORNILLO AGLOMERADO 3.5 X 15 100 UNIDADES,TORNILLO AGLOMERADO 3.5 X 25 100 UNIDADES
CONCE,134039,5530,72,0.00079,0.1406,0.1003,17.866,PASTA MURO F-15 TAJAMAR TI,LIJA MADERA GRANO 120 PLIEGO
MAPOC,11639,134039,72,0.00047,0.1714,0.061,22.474,CINTA VOLCANITA 2 X 45MT,PASTA MURO F-15 TAJAMAR TI
SANRO,126115,5294,72,0.00044,0.0308,0.0614,4.301,BISAG. 35 RECTA CLIP C/SUAVE-TORN -2UNDS KUTZ,ADHES. CONTACTO AGOREX 60 HENKEL 1 LT.
RENAC,146522,146532,72,0.00094,0.3913,0.4364,180.754,TUBO FUSION PPR 20MM X 3MT PN-16,CODO 90° FUSION PPR 20MM CCS
CONCE,125055,140802,72,0.00079,0.1008,0.1469,18.773,TELESCOPICA H45-CS 30KG 450MM ZINCADO KUTZ,BISAG. 35 165º CLIP / CIERRE SUAVE 2UNDS  KUTZ
HUECH,126115,150002,71,0.00075,0.0343,0.1406,6.477,BISAG. 35 RECTA CLIP C/SUAVE-TORN -2UNDS KUTZ,TORNILLO AGLOMERADO 3.5 X 15 BOLSA 100UN KHOR
HUECH,146749,98920,71,0.00075,0.483,0.1878,121.728,SALIDA CAJA CONDUIT 20MM HOFF,TUBO CONDUIT PVC  20MM  TIRA 3MT
MAIPU,74236,95627,71,0.00145,0.1243,0.0994,8.555,"TAPACANTO ENCOLADO BLANCO 22X0,45MM RO 25 MT",TORNILLO VOLCANITA PTA AGUJA 1.5/8X6 ZINC R.GR 100
MAIPU,126115,130966,71,0.00145,0.0474,0.1711,5.606,BISAG. 35 RECTA CLIP C/SUAVE-TORN -2UNDS KUTZ,"TAPACANTO PVC BLANCO 22X0,45MM RO 100MT"
TALCA,32823,95628,71,0.00179,0.1,0.169,9.462,TORNILLO AGLOMERADO 3.5 X 15 100 UNIDADES,TORNILLO VOLCANITA PTA AGUJA 2X6 ZINC R.GR 100UN
CONCE,417,6311,71,0.00078,0.2536,0.262,85.355,RIEL GALVANIZADO DUCASSE U-20 TIRA 2.00MTS,CORREDERA DUCASSE D7-D14 DOBLE CON POLIN
MAPOC,128645,137182,71,0.00046,0.0522,0.263,29.937,ESCUADRA PLASTICA BLANCA 50UNDS,SOPORTE REPISA FIJO BLANCO BOLSA 50 UN
MAPOC,100666,100669,71,0.00046,0.4465,0.3381,329.226,TAPA ACCESORIO UNIV P25 MARRON,UNION CANALETA (10) P25 MARRON
HUECH,100640,100648,71,0.00075,0.5504,0.5772,426.291,CANALETA LARGO 4 MT (10) P25 BLANCO,GANCHO TRADICIONAL P25 BLANCO
HUECH,6107,6152,71,0.00075,0.2572,0.5462,188.516,CODO SO SO BRONCE 1/2,TEE SO (3) BRONCE 1/2
HUECH,72712,72713,71,0.00075,0.263,0.0733,25.88,PLANCHA MDF 500 12MM 1.52 X 2.44,PLANCHA MDF 500 15MM 1.52 X 2.44
MAPOC,21012,72272,71,0.00046,0.2465,0.2113,113.6,TORNILLO AGLOMERADO 3.5 X 30 100 UNIDADES,TORNILLO AGLOMERADO 3.5 X 25 100 UNIDADES
TALCA,103743,133926,71,0.00179,0.1325,0.0696,5.161,TIRADOR MET. MADRID AC/INOX 128X12MM TUBULAR KUTZ,TAPA SOBERBIO ADHES 12MM BLANCO MATE SET 50 UN
MAPOC,146522,146525,71,0.00046,0.2171,0.3817,180.738,TUBO FUSION PPR 20MM X 3MT PN-16,COPLA SIMPLE FUSION PPR 20MM CCS
HUECH,128645,143601,71,0.00075,0.0592,0.1201,9.545,ESCUADRA PLASTICA BLANCA 50UNDS,SOPORTE BARRA OVALADA CROMADO 2 UND KUTZ
MAPOC,16417,5620,71,0.00046,0.271,0.0371,21.944,TABIGAL CANAL ECONOMICA 39X20X0.5X3.0MT,YESO-CARTON 10MM 2.4MT X 1.2MT
CONCE,125031,126115,71,0.00078,0.0979,0.0431,5.418,TELESCOPICA H35-STD 25KG 400MM ZINCADO KUTZ,BISAG. 35 RECTA CLIP C/SUAVE-TORN -2UNDS KUTZ
CONCE,134039,91440,71,0.00078,0.1387,0.3397,60.526,PASTA MURO F-15 TAJAMAR TI,CINTA VOLCANITA 2 X 90 MT
MAPOC,5620,81417,71,0.00046,0.0371,0.2946,23.856,YESO-CARTON 10MM 2.4MT X 1.2MT,TABIGAL CIELO PERIMETRAL AT 20X25X4X0.5X3MT
VESPU,72713,72719,71,0.00175,0.1854,0.4931,52.205,PLANCHA MDF 500 15MM 1.52 X 2.44,PLANCHA MDF 3MM 2.12 X 2.44
CONCE,125055,125056,71,0.00078,0.0994,0.1592,20.339,TELESCOPICA H45-CS 30KG 450MM ZINCADO KUTZ,TELESCOPICA H45-CS 30KG 500MM ZINCADO KUTZ
MAPOC,79364,79813,70,0.00045,0.2258,0.3241,161.858,TUBO BAJADA D 80X3MT (3) P25 BLANCO,TAPA ACCESORIO UNIV P25 BLANCO
MAPOC,25632,5620,70,0.00045,0.2905,0.0366,23.52,TAB. MONTANTE ECONOMICO 38X38X6X0.5X2.4MT,YESO-CARTON 10MM 2.4MT X 1.2MT
HUECH,1205,122563,70,0.00073,0.0484,0.1483,9.778,"DUROLAC UNICOLOR BLANCO 2,8MM 1.52 X 2.44",MELAMINA BLANCA CLASICA 15MM 1.83 X 2.50 MASISA
RANCA,32823,95627,70,0.00143,0.0726,0.1437,7.303,TORNILLO AGLOMERADO 3.5 X 15 100 UNIDADES,TORNILLO VOLCANITA PTA AGUJA 1.5/8X6 ZINC R.GR 100
RENAC,128645,72273,70,0.00092,0.0655,0.1683,12.009,ESCUADRA PLASTICA BLANCA 50UNDS,TORNILLO AGLOMERADO 4 X 15 CAJA 100 UN
CONCE,103742,126115,70,0.00077,0.1184,0.0424,6.552,TIRADOR MET. MADRID AC/INOX  96X12MM TUBULAR KUTZ,BISAG. 35 RECTA CLIP C/SUAVE-TORN -2UNDS KUTZ
MAPOC,128645,72273,70,0.00045,0.0515,0.1195,13.599,ESCUADRA PLASTICA BLANCA 50UNDS,TORNILLO AGLOMERADO 4 X 15 CAJA 100 UN
RENAC,102517,133926,70,0.00092,0.1381,0.057,8.562,BARRA CLOSET OVALADA CROMADA 3MTS KUTZ,TAPA SOBERBIO ADHES 12MM BLANCO MATE SET 50 UN
MAIPU,417,79050,70,0.00143,0.2602,0.3704,67.633,RIEL GALVANIZADO DUCASSE U-20 TIRA 2.00MTS,CORREDERA DUCLOSET SIMPLE
HUECH,128645,149983,70,0.00073,0.0584,0.1311,10.415,ESCUADRA PLASTICA BLANCA 50UNDS,TORNILLO AGLOMERADO 3.5 X 15 BALDE 500UN KHOR
RENAC,114693,32823,70,0.00092,0.2326,0.0447,11.326,SOBERBIO 3 16 X 2 100UNDS A.SCREW,TORNILLO AGLOMERADO 3.5 X 15 100 UNIDADES
VALPA,100639,100651,70,0.0026,0.5785,0.6931,153.936,BAJADA CEMENTAR (10) P25 BLANCO,TAPA CANALETA UNIV (10) P25 BLANCO
RENAC,131026,32823,70,0.00092,0.1057,0.0447,5.15,"TAPACANTO PVC BLANCO 22X0,45MM RO 25MT",TORNILLO AGLOMERADO 3.5 X 15 100 UNIDADES
RANCA,114693,32823,70,0.00143,0.1862,0.0726,9.46,SOBERBIO 3 16 X 2 100UNDS A.SCREW,TORNILLO AGLOMERADO 3.5 X 15 100 UNIDADES
CONCE,133926,150002,69,0.00076,0.0442,0.1184,6.921,TAPA SOBERBIO ADHES 12MM BLANCO MATE SET 50 UN,TORNILLO AGLOMERADO 3.5 X 15 BOLSA 100UN KHOR
CONCE,5528,5529,69,0.00076,0.23,0.2331,70.882,LIJA MADERA GRANO 80 PLIEGO,LIJA MADERA GRANO 100 PLIEGO
HUECH,126037,137934,69,0.00072,0.0856,0.1691,19.989,CINTA ENMASCARAR ESTÁNDAR TESA 48MMX40M,RODILLO LIZCAL ANTIGOTA TERMOFUSIONADO 18 CM UNI
HUECH,5530,95847,69,0.00072,0.09,0.1148,14.26,LIJA MADERA GRANO 120 PLIEGO,SELLADOR ACRILICO PINTABLE BLANCO SOUDAL 300 ML.
HUECH,115847,124032,69,0.00072,0.0586,0.1447,11.708,MELAMINA BLANCA VESTO 18MM 2.50 X 1.83,DUROLAC UNICOLOR BLANCO 3MM 1.83 X 2.50
PMONT,126433,133926,69,0.00108,0.1261,0.0491,5.748,BISAG. 35  RECTA SIN TORNILLOS - 10UNDS KUTZ,TAPA SOBERBIO ADHES 12MM BLANCO MATE SET 50 UN
CONCE,20232,6311,69,0.00076,0.2584,0.2546,86.99,RIEL GALVANIZADO DUCASSE U-20 TIRA 1.50MTS,CORREDERA DUCASSE D7-D14 DOBLE CON POLIN
PMONT,128645,131026,69,0.00108,0.0612,0.0658,3.739,ESCUADRA PLASTICA BLANCA 50UNDS,"TAPACANTO PVC BLANCO 22X0,45MM RO 25MT"
HUECH,126115,149983,69,0.00072,0.0334,0.1292,5.953,BISAG. 35 RECTA CLIP C/SUAVE-TORN -2UNDS KUTZ,TORNILLO AGLOMERADO 3.5 X 15 BALDE 500UN KHOR
HUECH,125036,126115,69,0.00072,0.1459,0.0334,6.72,TELESCOPICA H45-STD 40KG 450MM ZINCADO KUTZ,BISAG. 35 RECTA CLIP C/SUAVE-TORN -2UNDS KUTZ
HUECH,5620,83297,69,0.00072,0.0753,0.1575,16.384,YESO-CARTON 10MM 2.4MT X 1.2MT,TAB. ESTRUCTURAL C 2X3X8X0.85X6MT 60X38
RENAC,417,6311,69,0.00091,0.2575,0.3194,90.849,RIEL GALVANIZADO DUCASSE U-20 TIRA 2.00MTS,CORREDERA DUCASSE D7-D14 DOBLE CON POLIN
HUECH,126115,72273,69,0.00072,0.0334,0.1337,6.16,BISAG. 35 RECTA CLIP C/SUAVE-TORN -2UNDS KUTZ,TORNILLO AGLOMERADO 4 X 15 CAJA 100 UN
TALCA,125035,126115,69,0.00174,0.1667,0.0535,5.135,TELESCOPICA H45-STD 40KG 400MM ZINCADO KUTZ,BISAG. 35 RECTA CLIP C/SUAVE-TORN -2UNDS KUTZ
PMONT,103743,150002,69,0.00108,0.1257,0.1164,13.578,TIRADOR MET. MADRID AC/INOX 128X12MM TUBULAR KUTZ,TORNILLO AGLOMERADO 3.5 X 15 BOLSA 100UN KHOR
SEREN,133926,32823,69,0.00138,0.0774,0.0737,4.146,TAPA SOBERBIO ADHES 12MM BLANCO MATE SET 50 UN,TORNILLO AGLOMERADO 3.5 X 15 100 UNIDADES
RENAC,150061,32823,69,0.00091,0.1537,0.0441,7.484,BISAG. 35 RECTA  S/TORN - 2UNDS KHOR,TORNILLO AGLOMERADO 3.5 X 15 100 UNIDADES
RANCA,126116,139309,68,0.00139,0.1589,0.1227,14.047,BISAG. 35 S/CURVA C/SUAVE-CLIP-TORN -2UNDS KUTZ,BISAG. 35 RECTA C/SUAVE-CLIP 10UNDS KUTZ
HUECH,100663,100669,68,0.00071,0.4503,0.6415,404.733,GANCHO TRADICIONAL  P25 MARRON,UNION CANALETA (10) P25 MARRON
HUECH,146522,146525,68,0.00071,0.3238,0.5354,242.9,TUBO FUSION PPR 20MM X 3MT PN-16,COPLA SIMPLE FUSION PPR 20MM CCS
MAIPU,20232,554,68,0.00138,0.4331,0.2857,89.394,RIEL GALVANIZADO DUCASSE U-20 TIRA 1.50MTS,CORREDERA DUCASSE D7-D14 SIMPLE CON POLIN
PMONT,115846,149403,68,0.00106,0.0263,0.4892,12.129,MELAMINA BLANCA VESTO 15MM 2.50 X 1.83,"MELAMINA JADE VV 15MM 1,83 X 2,50 VESTO"
HUECH,148898,148905,68,0.00071,0.2957,0.4789,198.351,ESCOBILLON ECONÓMICO  AZUL CLÁSICA VIRUTEX,PALA FIJA C/MANGO Y BANDA- IMPEKE
TALCA,126115,143601,68,0.00171,0.0527,0.1615,4.976,BISAG. 35 RECTA CLIP C/SUAVE-TORN -2UNDS KUTZ,SOPORTE BARRA OVALADA CROMADO 2 UND KUTZ
RENAC,100648,100651,68,0.00089,0.3333,0.6018,224.832,GANCHO TRADICIONAL P25 BLANCO,TAPA CANALETA UNIV (10) P25 BLANCO
PMONT,131026,133926,68,0.00106,0.0648,0.0484,2.954,"TAPACANTO PVC BLANCO 22X0,45MM RO 25MT",TAPA SOBERBIO ADHES 12MM BLANCO MATE SET 50 UN
HUECH,124327,16858,68,0.00071,0.1709,0.2118,50.706,MOLDURA PVC  20 X 10  TIRA 2 MTS C/AUTOADHESIVO,CAJA CHUQUI BLANCA PVC CANALETA Y TUBO
HUECH,116983,94478,68,0.00071,0.131,0.2446,44.899,TORNILLO LENTEJA 8 X 1/2 PTA BROCA (CJ-100UND),TORNILLO VOLCANITA PTA BROCA 1.1/4X6 ZINCADO 100UN
RENAC,100648,79813,68,0.00089,0.3333,0.5312,198.484,GANCHO TRADICIONAL P25 BLANCO,TAPA ACCESORIO UNIV P25 BLANCO
CONCE,114693,126115,68,0.00075,0.1469,0.0412,8.125,SOBERBIO 3 16 X 2 100UNDS A.SCREW,BISAG. 35 RECTA CLIP C/SUAVE-TORN -2UNDS KUTZ
RANCA,74901,74908,68,0.00139,0.1038,0.3953,29.565,PINO SECO CEPILLADO 1 X 4 X 3.20 MTS.,PINO SECO CEPILLADO 2 X 4 X 3.20 MTS.
RENAC,100639,100651,68,0.00089,0.3799,0.6018,256.233,BAJADA CEMENTAR (10) P25 BLANCO,TAPA CANALETA UNIV (10) P25 BLANCO
RENAC,82677,82679,68,0.00089,0.3799,0.1374,58.494,CLAVO CORRIENTE 3 BOLSA 1 KILO,CLAVO CORRIENTE 4 BOLSA 1 KILO
RENAC,110307,128645,68,0.00089,0.1432,0.0637,10.216,"TAPACANTO PVC BLANCO 22X0,45MM  RO 50MT",ESCUADRA PLASTICA BLANCA 50UNDS
HUECH,19868,5620,68,0.00071,0.2455,0.0742,25.531,TAB. CANAL NORMAL 61X20X0.5X3.0MT,YESO-CARTON 10MM 2.4MT X 1.2MT
MAIPU,148931,95625,68,0.00138,0.1514,0.1208,13.214,"YESO-CARTON VOLCAN ST BR 10MM X 1,2MT X 2,4MT",TORNILLO VOLCANITA PTA AGUJA 1 1/4X6 ZINC R.GR 100
HUECH,100663,100667,68,0.00071,0.4503,0.6296,397.238,GANCHO TRADICIONAL  P25 MARRON,TAPA CANALETA UNIV (10) P25 MARRON
TALCA,128645,133926,68,0.00171,0.1508,0.0667,5.875,ESCUADRA PLASTICA BLANCA 50UNDS,TAPA SOBERBIO ADHES 12MM BLANCO MATE SET 50 UN
VESPU,114693,133926,67,0.00165,0.1205,0.0589,4.298,SOBERBIO 3 16 X 2 100UNDS A.SCREW,TAPA SOBERBIO ADHES 12MM BLANCO MATE SET 50 UN
MAIPU,95627,98235,67,0.00136,0.0938,0.1754,12.067,TORNILLO VOLCANITA PTA AGUJA 1.5/8X6 ZINC R.GR 100,TORNILLO VOLCANITA PTA AGUJA 1X6 ZINC R.GR  100UN
HUECH,146532,146543,67,0.0007,0.349,0.6091,302.22,CODO 90° FUSION PPR 20MM CCS,TEE FUSION PPR 20MM CCS
RENAC,146551,146595,67,0.00088,0.1473,0.4926,82.524,CODO PVC SANITARIO GRIS 40MM,CURVA PVC SANITARIO GRIS 40MM
PMONT,133926,74236,67,0.00105,0.0477,0.1074,4.892,TAPA SOBERBIO ADHES 12MM BLANCO MATE SET 50 UN,"TAPACANTO ENCOLADO BLANCO 22X0,45MM RO 25 MT"
RANCA,126433,32823,67,0.00137,0.1801,0.0695,9.151,BISAG. 35  RECTA SIN TORNILLOS - 10UNDS KUTZ,TORNILLO AGLOMERADO 3.5 X 15 100 UNIDADES
MAIPU,32823,95625,67,0.00136,0.0498,0.119,4.346,TORNILLO AGLOMERADO 3.5 X 15 100 UNIDADES,TORNILLO VOLCANITA PTA AGUJA 1 1/4X6 ZINC R.GR 100
HUECH,128645,131026,67,0.0007,0.0559,0.0684,5.438,ESCUADRA PLASTICA BLANCA 50UNDS,"TAPACANTO PVC BLANCO 22X0,45MM RO 25MT"
RENAC,19868,33903,67,0.00088,0.5447,0.5776,357.906,TAB. CANAL NORMAL 61X20X0.5X3.0MT,TAB. MONTANTE NORMAL 60X38X6X0.5X2.4MT
RENAC,128645,131026,67,0.00088,0.0627,0.1012,7.223,ESCUADRA PLASTICA BLANCA 50UNDS,"TAPACANTO PVC BLANCO 22X0,45MM RO 25MT"
MAIPU,114693,5294,67,0.00136,0.0765,0.2068,11.596,SOBERBIO 3 16 X 2 100UNDS A.SCREW,ADHES. CONTACTO AGOREX 60 HENKEL 1 LT.
PMONT,115846,154044,67,0.00105,0.0259,0.5317,13.184,MELAMINA BLANCA VESTO 15MM 2.50 X 1.83,"DUROLAC BLANCO 2,8MM 1.85X2,44"
RANCA,126115,95628,66,0.00135,0.0674,0.1002,5.011,BISAG. 35 RECTA CLIP C/SUAVE-TORN -2UNDS KUTZ,TORNILLO VOLCANITA PTA AGUJA 2X6 ZINC R.GR 100UN
CONCE,125035,125036,66,0.00072,0.161,0.0959,21.344,TELESCOPICA H45-STD 40KG 400MM ZINCADO KUTZ,TELESCOPICA H45-STD 40KG 450MM ZINCADO KUTZ
CONCE,95628,98235,66,0.00072,0.1132,0.2268,35.488,TORNILLO VOLCANITA PTA AGUJA 2X6 ZINC R.GR 100UN,TORNILLO VOLCANITA PTA AGUJA 1X6 ZINC R.GR  100UN
HUECH,126115,90040,66,0.00069,0.0319,0.1401,6.455,BISAG. 35 RECTA CLIP C/SUAVE-TORN -2UNDS KUTZ,PERILLA METALICA CILIND. 23X20MM NIQUEL SATIN
HUECH,5528,5530,66,0.00069,0.2739,0.086,34.015,LIJA MADERA GRANO 80 PLIEGO,LIJA MADERA GRANO 120 PLIEGO
VALPA,100639,100640,66,0.00246,0.5455,0.6168,137.001,BAJADA CEMENTAR (10) P25 BLANCO,CANALETA LARGO 4 MT (10) P25 BLANCO
VALPA,100648,100651,66,0.00246,0.5038,0.6535,134.06,GANCHO TRADICIONAL P25 BLANCO,TAPA CANALETA UNIV (10) P25 BLANCO
VALPA,100640,100651,66,0.00246,0.6168,0.6535,164.13,CANALETA LARGO 4 MT (10) P25 BLANCO,TAPA CANALETA UNIV (10) P25 BLANCO
HUECH,146562,146592,66,0.00069,0.1941,0.4286,120.084,CODO PVC SANITARIO GRIS 50MM,COPLA PVC SANITARIO GRIS 50MM
RENAC,20232,554,66,0.00087,0.375,0.2324,100.64,RIEL GALVANIZADO DUCASSE U-20 TIRA 1.50MTS,CORREDERA DUCASSE D7-D14 SIMPLE CON POLIN
MAIPU,139309,32823,66,0.00134,0.2491,0.0491,9.096,BISAG. 35 RECTA C/SUAVE-CLIP 10UNDS KUTZ,TORNILLO AGLOMERADO 3.5 X 15 100 UNIDADES
HUECH,100669,95255,66,0.00069,0.6226,0.4783,429.835,UNION CANALETA (10) P25 MARRON,CANALETA LARGO 4 MT (10) P25 MARRON
RENAC,139684,86792,66,0.00087,0.5946,0.2308,158.457,CURVA CONDUIT 90º 16MM 10UN,TUBO CONDUIT PVC  16MM  TIRA 3MT
MAIPU,74900,76860,66,0.00134,0.114,0.1697,14.394,PINO SECO CEPILLADO 1 X 2 X 3.20 MTS.,PINO SECO CEPILLADO 1 X 3 X 3.20 MTS.
CONCE,125031,125032,66,0.00072,0.091,0.1361,17.122,TELESCOPICA H35-STD 25KG 400MM ZINCADO KUTZ,TELESCOPICA H35-STD 25KG 450MM ZINCADO KUTZ
CONCE,125054,125055,65,0.00071,0.157,0.091,20.059,TELESCOPICA H45-CS 30KG 400MM ZINCADO KUTZ,TELESCOPICA H45-CS 30KG 450MM ZINCADO KUTZ
MAIPU,95627,95628,65,0.00132,0.091,0.0945,6.5,TORNILLO VOLCANITA PTA AGUJA 1.5/8X6 ZINC R.GR 100,TORNILLO VOLCANITA PTA AGUJA 2X6 ZINC R.GR 100UN
RENAC,125832,125833,65,0.00085,0.0941,0.279,30.771,BISAG. 35 RECTA C/SUAVE-3D-CLIP-TORN -2UNDS KUTZ,BISAG. 35 S/CURVA C/SUAVE-3D-CLIP-TORN 2UNID KUTZ
HUECH,16417,25632,65,0.00068,0.3939,0.5372,310.161,TABIGAL CANAL ECONOMICA 39X20X0.5X3.0MT,TAB. MONTANTE ECONOMICO 38X38X6X0.5X2.4MT
PMONT,133926,133934,65,0.00101,0.0462,0.2876,13.105,TAPA SOBERBIO ADHES 12MM BLANCO MATE SET 50 UN,TAPA SOBERBIO ADHES 12MM GRIS GRAFITO SET 50 UN
RENAC,143258,32823,65,0.00085,0.1171,0.0415,5.704,BOLSA VEGETAL 45X40X12 KUTZ,TORNILLO AGLOMERADO 3.5 X 15 100 UNIDADES
RANCA,115847,1205,65,0.00133,0.1113,0.0528,4.432,MELAMINA BLANCA VESTO 18MM 2.50 X 1.83,"DUROLAC UNICOLOR BLANCO 2,8MM 1.52 X 2.44"
TALCA,102517,126528,65,0.00164,0.129,0.4114,32.44,BARRA CLOSET OVALADA CROMADA 3MTS KUTZ,SOPORTE BARRA OVALADA ALUMINIO 2 UND KUTZ
VALPA,115847,1205,65,0.00242,0.3171,0.1011,13.252,MELAMINA BLANCA VESTO 18MM 2.50 X 1.83,"DUROLAC UNICOLOR BLANCO 2,8MM 1.52 X 2.44"
CONCE,103742,133926,65,0.00071,0.11,0.0417,6.431,TIRADOR MET. MADRID AC/INOX  96X12MM TUBULAR KUTZ,TAPA SOBERBIO ADHES 12MM BLANCO MATE SET 50 UN
CONCE,126115,150435,65,0.00071,0.0394,0.1917,10.607,BISAG. 35 RECTA CLIP C/SUAVE-TORN -2UNDS KUTZ,SISTEMA PUSH MECANICO 30N PARA PUERTA KUTZ
HUECH,5621,83297,65,0.00068,0.1654,0.1484,35.974,YESO-CARTON 15 MM  2.4MT X 1.2MT,TAB. ESTRUCTURAL C 2X3X8X0.85X6MT 60X38
CONCE,120397,120398,65,0.00071,0.8228,0.9286,1072.23,LAVAMANOS CORONA ACUACER,PEDESTAL LAVAMANOS CORONA ACUACER
MAIPU,21012,32823,65,0.00132,0.3963,0.0483,14.475,TORNILLO AGLOMERADO 3.5 X 30 100 UNIDADES,TORNILLO AGLOMERADO 3.5 X 15 100 UNIDADES
MAIPU,126433,32823,65,0.00132,0.1743,0.0483,6.364,BISAG. 35  RECTA SIN TORNILLOS - 10UNDS KUTZ,TORNILLO AGLOMERADO 3.5 X 15 100 UNIDADES
TALCA,115847,131026,65,0.00164,0.2031,0.0942,11.699,MELAMINA BLANCA VESTO 18MM 2.50 X 1.83,"TAPACANTO PVC BLANCO 22X0,45MM RO 25MT"
PMONT,126115,133926,65,0.00101,0.0718,0.0462,3.273,BISAG. 35 RECTA CLIP C/SUAVE-TORN -2UNDS KUTZ,TAPA SOBERBIO ADHES 12MM BLANCO MATE SET 50 UN
TALCA,1205,122563,65,0.00164,0.0694,0.1441,6.119,"DUROLAC UNICOLOR BLANCO 2,8MM 1.52 X 2.44",MELAMINA BLANCA CLASICA 15MM 1.83 X 2.50 MASISA
RANCA,32823,98235,65,0.00133,0.0674,0.2355,11.966,TORNILLO AGLOMERADO 3.5 X 15 100 UNIDADES,TORNILLO VOLCANITA PTA AGUJA 1X6 ZINC R.GR  100UN
SEREN,128645,72273,65,0.0013,0.0792,0.1448,8.846,ESCUADRA PLASTICA BLANCA 50UNDS,TORNILLO AGLOMERADO 4 X 15 CAJA 100 UN
MAIPU,95625,95627,65,0.00132,0.1155,0.091,7.943,TORNILLO VOLCANITA PTA AGUJA 1 1/4X6 ZINC R.GR 100,TORNILLO VOLCANITA PTA AGUJA 1.5/8X6 ZINC R.GR 100
PMONT,125832,128645,64,0.001,0.0976,0.0568,5.546,BISAG. 35 RECTA C/SUAVE-3D-CLIP-TORN -2UNDS KUTZ,ESCUADRA PLASTICA BLANCA 50UNDS
MAIPU,1205,137738,64,0.0013,0.0389,0.1633,4.869,"DUROLAC UNICOLOR BLANCO 2,8MM 1.52 X 2.44",MELAMINA BLANCA 15MM 2.50 X 1.83
TALCA,125054,126115,64,0.00161,0.2327,0.0496,7.17,TELESCOPICA H45-CS 30KG 400MM ZINCADO KUTZ,BISAG. 35 RECTA CLIP C/SUAVE-TORN -2UNDS KUTZ
SEREN,126115,86266,64,0.00128,0.0485,0.2319,8.82,BISAG. 35 RECTA CLIP C/SUAVE-TORN -2UNDS KUTZ,TIRADOR MET. MADRID NIQ/SAT  96X12MM MACIZO KUTZ
PMONT,128645,72273,64,0.001,0.0568,0.162,9.21,ESCUADRA PLASTICA BLANCA 50UNDS,TORNILLO AGLOMERADO 4 X 15 CAJA 100 UN
VALPA,128645,133926,64,0.00238,0.1553,0.1056,6.889,ESCUADRA PLASTICA BLANCA 50UNDS,TAPA SOBERBIO ADHES 12MM BLANCO MATE SET 50 UN
HUECH,133926,74236,64,0.00067,0.0385,0.1662,9.534,TAPA SOBERBIO ADHES 12MM BLANCO MATE SET 50 UN,"TAPACANTO ENCOLADO BLANCO 22X0,45MM RO 25 MT"
HUECH,32780,83793,64,0.00067,0.0697,0.2215,22.982,"FILM STRETCH TRANS ROLLO 1,5K NETO 0,5MT",CARTON CORRUGADO (1.20 MTS ANCHO) X 10 KGS ROLLO
CONCE,32823,95628,64,0.0007,0.062,0.1098,9.704,TORNILLO AGLOMERADO 3.5 X 15 100 UNIDADES,TORNILLO VOLCANITA PTA AGUJA 2X6 ZINC R.GR 100UN
HUECH,100654,100669,64,0.00067,0.4604,0.6038,413.811,BAJADA CEMENTAR (10) P25 MARRON,UNION CANALETA (10) P25 MARRON
RENAC,5268,85373,64,0.00084,0.1725,0.2471,50.765,PASTA MURO F-6 TAJAMAR KG,YESO CORRIENTE BOLSA 1KG.
RENAC,100640,79364,64,0.00084,0.3678,0.4103,179.706,CANALETA LARGO 4 MT (10) P25 BLANCO,TUBO BAJADA D 80X3MT (3) P25 BLANCO
RENAC,139509,5620,64,0.00084,0.1788,0.1107,23.574,"PLANCHA LISA VOLCANBOARD 4.0MM 1,20X2,40 ML",YESO-CARTON 10MM 2.4MT X 1.2MT
RENAC,22961,76838,64,0.00084,0.1067,0.1425,18.107,PINO BRUTO 2 X 3 X 3.20 MTS.,TAPA PINO 1 X 4 X 3.20 MT
MAIPU,74262,75168,64,0.0013,0.8421,0.9143,590.941,PINO BRUTO SECO 1 X 3 X 3.20,PINO BRUTO SECO 1 X 6 X 3.20
MAIPU,110307,32823,64,0.0013,0.1185,0.0476,4.329,"TAPACANTO PVC BLANCO 22X0,45MM  RO 50MT",TORNILLO AGLOMERADO 3.5 X 15 100 UNIDADES
CONCE,103742,126433,64,0.0007,0.1083,0.107,16.519,TIRADOR MET. MADRID AC/INOX  96X12MM TUBULAR KUTZ,BISAG. 35  RECTA SIN TORNILLOS - 10UNDS KUTZ
RANCA,125035,32823,63,0.00129,0.1318,0.0654,6.697,TELESCOPICA H45-STD 40KG 400MM ZINCADO KUTZ,TORNILLO AGLOMERADO 3.5 X 15 100 UNIDADES
MAIPU,74262,75166,63,0.00128,0.8289,0.6429,415.506,PINO BRUTO SECO 1 X 3 X 3.20,PINO BRUTO SECO 1 X 2 X 3.20
PMONT,103742,126433,63,0.00098,0.1135,0.1152,13.295,TIRADOR MET. MADRID AC/INOX  96X12MM TUBULAR KUTZ,BISAG. 35  RECTA SIN TORNILLOS - 10UNDS KUTZ
CONCE,128645,150002,63,0.00069,0.0786,0.1081,12.291,ESCUADRA PLASTICA BLANCA 50UNDS,TORNILLO AGLOMERADO 3.5 X 15 BOLSA 100UN KHOR
SEREN,125056,126115,63,0.00126,0.2727,0.0478,10.374,TELESCOPICA H45-CS 30KG 500MM ZINCADO KUTZ,BISAG. 35 RECTA CLIP C/SUAVE-TORN -2UNDS KUTZ
TALCA,417,79050,63,0.00159,0.2917,0.3728,68.588,RIEL GALVANIZADO DUCASSE U-20 TIRA 2.00MTS,CORREDERA DUCLOSET SIMPLE
HUECH,100667,95255,63,0.00066,0.5833,0.4565,402.699,TAPA CANALETA UNIV (10) P25 MARRON,CANALETA LARGO 4 MT (10) P25 MARRON
CONCE,5530,5532,63,0.00069,0.0877,0.2593,32.939,LIJA MADERA GRANO 120 PLIEGO,LIJA MADERA GRANO 180 PLIEGO
RANCA,125055,139309,63,0.00129,0.1529,0.1137,13.52,TELESCOPICA H45-CS 30KG 450MM ZINCADO KUTZ,BISAG. 35 RECTA C/SUAVE-CLIP 10UNDS KUTZ
VALPA,114693,126115,63,0.00234,0.1933,0.0743,6.125,SOBERBIO 3 16 X 2 100UNDS A.SCREW,BISAG. 35 RECTA CLIP C/SUAVE-TORN -2UNDS KUTZ
RENAC,149978,32823,63,0.00083,0.215,0.0403,10.472,TORN.VOLCANITA PTA AGUJA 2X6 ZINC RG 100UN KHOR,TORNILLO AGLOMERADO 3.5 X 15 100 UNIDADES
VESPU,128645,131026,63,0.00155,0.0801,0.0655,3.374,ESCUADRA PLASTICA BLANCA 50UNDS,"TAPACANTO PVC BLANCO 22X0,45MM RO 25MT"
CONCE,122563,148859,63,0.00069,0.0264,0.2013,7.689,MELAMINA BLANCA CLASICA 15MM 1.83 X 2.50 MASISA,MELAMINA BLANCA CLASICA 18MM 1.83 X 2.50 MASISA
HUECH,125056,126115,63,0.00066,0.1909,0.0305,8.795,TELESCOPICA H45-CS 30KG 500MM ZINCADO KUTZ,BISAG. 35 RECTA CLIP C/SUAVE-TORN -2UNDS KUTZ
MAIPU,126115,140802,62,0.00126,0.0414,0.2638,8.646,BISAG. 35 RECTA CLIP C/SUAVE-TORN -2UNDS KUTZ,BISAG. 35 165º CLIP / CIERRE SUAVE 2UNDS  KUTZ
TALCA,133926,74236,62,0.00156,0.0608,0.1509,5.878,TAPA SOBERBIO ADHES 12MM BLANCO MATE SET 50 UN,"TAPACANTO ENCOLADO BLANCO 22X0,45MM RO 25 MT"
TEMUC,22960,22961,62,0.00536,0.1867,0.1746,6.084,PINO BRUTO 2 X 2 X 3.20 MTS.,PINO BRUTO 2 X 3 X 3.20 MTS.
RENAC,128648,133926,62,0.00081,0.2375,0.0504,14.732,SOPORTE REPISA PLASTICO/METAL BLANCO 50UNID,TAPA SOBERBIO ADHES 12MM BLANCO MATE SET 50 UN
MAIPU,75166,75168,62,0.00126,0.6327,0.8857,443.96,PINO BRUTO SECO 1 X 2 X 3.20,PINO BRUTO SECO 1 X 6 X 3.20
VALPA,126115,95627,62,0.00231,0.0731,0.0836,2.648,BISAG. 35 RECTA CLIP C/SUAVE-TORN -2UNDS KUTZ,TORNILLO VOLCANITA PTA AGUJA 1.5/8X6 ZINC R.GR 100
RENAC,5528,5529,62,0.00081,0.1797,0.1742,38.475,LIJA MADERA GRANO 80 PLIEGO,LIJA MADERA GRANO 100 PLIEGO
PMONT,417,6311,62,0.00097,0.3179,0.3605,118.427,RIEL GALVANIZADO DUCASSE U-20 TIRA 2.00MTS,CORREDERA DUCASSE D7-D14 DOBLE CON POLIN
PMONT,128645,149983,62,0.00097,0.055,0.1509,8.575,ESCUADRA PLASTICA BLANCA 50UNDS,TORNILLO AGLOMERADO 3.5 X 15 BALDE 500UN KHOR
TALCA,103743,125036,62,0.00156,0.1157,0.1121,8.313,TIRADOR MET. MADRID AC/INOX 128X12MM TUBULAR KUTZ,TELESCOPICA H45-STD 40KG 450MM ZINCADO KUTZ
RENAC,146562,146600,62,0.00081,0.1623,0.2844,56.745,CODO PVC SANITARIO GRIS 50MM,REDUCCION PVC SANITARIO GRIS 50X40MM
HUECH,125054,126115,62,0.00065,0.1761,0.03,8.114,TELESCOPICA H45-CS 30KG 400MM ZINCADO KUTZ,BISAG. 35 RECTA CLIP C/SUAVE-TORN -2UNDS KUTZ
RENAC,125055,125832,62,0.00081,0.1159,0.0897,12.783,TELESCOPICA H45-CS 30KG 450MM ZINCADO KUTZ,BISAG. 35 RECTA C/SUAVE-3D-CLIP-TORN -2UNDS KUTZ
CONCE,125030,125031,62,0.00068,0.1188,0.0855,14.945,TELESCOPICA H35-STD 25KG 350MM ZINCADO KUTZ,TELESCOPICA H35-STD 25KG 400MM ZINCADO KUTZ
VESPU,122563,76727,62,0.00153,0.072,0.2719,12.808,MELAMINA BLANCA CLASICA 15MM 1.83 X 2.50 MASISA,LAM. RECTA F6 CLASSIC 3111 BR 122 X 306
RENAC,125055,128645,62,0.00081,0.1159,0.0581,8.27,TELESCOPICA H45-CS 30KG 450MM ZINCADO KUTZ,ESCUADRA PLASTICA BLANCA 50UNDS
PMONT,120397,120398,62,0.00097,0.8378,0.8732,756.001,LAVAMANOS CORONA ACUACER,PEDESTAL LAVAMANOS CORONA ACUACER
RANCA,74906,76838,61,0.00125,0.1614,0.0981,12.708,PINO SECO CEPILLADO 2 X 2 X 3.20 MTS.,TAPA PINO 1 X 4 X 3.20 MT
MAIPU,95628,98235,61,0.00124,0.0887,0.1597,11.401,TORNILLO VOLCANITA PTA AGUJA 2X6 ZINC R.GR 100UN,TORNILLO VOLCANITA PTA AGUJA 1X6 ZINC R.GR  100UN
CONCE,100663,95255,61,0.00067,0.5596,0.6932,580.123,GANCHO TRADICIONAL  P25 MARRON,CANALETA LARGO 4 MT (10) P25 MARRON
VESPU,71161,76730,61,0.0015,0.488,0.3742,121.407,LAM. RECTA F6 GRANITO 3012 BR 122 X 306,LAM. RECTA F6 FLORENTINO NEGRO 0513 BR 122 X 306
VESPU,76727,76742,61,0.0015,0.2675,0.5545,98.631,LAM. RECTA F6 CLASSIC 3111 BR 122 X 306,LAM. RECTA F6 GRANITO KOMBI 0670 BR 122 X 306
PMONT,139404,16408,61,0.00095,0.4094,0.2194,94.345,SOPORTE BARRA U BLANCO BOLSA 10 UN.,BARRA CLOSET PLASTICA 1MT.BLANCA UNID
MAIPU,125056,32823,61,0.00124,0.19,0.0454,6.94,TELESCOPICA H45-CS 30KG 500MM ZINCADO KUTZ,TORNILLO AGLOMERADO 3.5 X 15 100 UNIDADES
MAIPU,417,554,61,0.00124,0.2268,0.2563,46.803,RIEL GALVANIZADO DUCASSE U-20 TIRA 2.00MTS,CORREDERA DUCASSE D7-D14 SIMPLE CON POLIN
RANCA,95628,98235,61,0.00125,0.0926,0.221,16.428,TORNILLO VOLCANITA PTA AGUJA 2X6 ZINC R.GR 100UN,TORNILLO VOLCANITA PTA AGUJA 1X6 ZINC R.GR  100UN
MAIPU,126115,95628,61,0.00124,0.0407,0.0887,2.905,BISAG. 35 RECTA CLIP C/SUAVE-TORN -2UNDS KUTZ,TORNILLO VOLCANITA PTA AGUJA 2X6 ZINC R.GR 100UN
MAIPU,102517,126115,61,0.00124,0.1344,0.0407,4.403,BARRA CLOSET OVALADA CROMADA 3MTS KUTZ,BISAG. 35 RECTA CLIP C/SUAVE-TORN -2UNDS KUTZ
MAIPU,126432,133926,61,0.00124,0.1525,0.0497,6.105,BISAG. 35  RECTA C/TORN - 2UNDS KUTZ,TAPA SOBERBIO ADHES 12MM BLANCO MATE SET 50 UN
RANCA,95625,95627,61,0.00125,0.1422,0.1253,14.301,TORNILLO VOLCANITA PTA AGUJA 1 1/4X6 ZINC R.GR 100,TORNILLO VOLCANITA PTA AGUJA 1.5/8X6 ZINC R.GR 100
RENAC,128645,554,61,0.0008,0.0571,0.2148,15.328,ESCUADRA PLASTICA BLANCA 50UNDS,CORREDERA DUCASSE D7-D14 SIMPLE CON POLIN
HUECH,6083,6107,61,0.00064,0.3408,0.221,117.628,TERMINAL SO HE BRONCE 1/2,CODO SO SO BRONCE 1/2
RENAC,100640,100651,61,0.0008,0.3506,0.5398,236.461,CANALETA LARGO 4 MT (10) P25 BLANCO,TAPA CANALETA UNIV (10) P25 BLANCO
MAIPU,125030,32823,61,0.00124,0.2061,0.0454,7.526,TELESCOPICA H35-STD 25KG 350MM ZINCADO KUTZ,TORNILLO AGLOMERADO 3.5 X 15 100 UNIDADES
PMONT,125832,32823,61,0.00095,0.093,0.0597,5.829,BISAG. 35 RECTA C/SUAVE-3D-CLIP-TORN -2UNDS KUTZ,TORNILLO AGLOMERADO 3.5 X 15 100 UNIDADES
RENAC,100648,100653,61,0.0008,0.299,0.4656,173.975,GANCHO TRADICIONAL P25 BLANCO,UNION CANALETA (10) P25 BLANCO
MAIPU,126115,131026,60,0.00122,0.04,0.0698,2.286,BISAG. 35 RECTA CLIP C/SUAVE-TORN -2UNDS KUTZ,"TAPACANTO PVC BLANCO 22X0,45MM RO 25MT"
PMONT,103743,133926,60,0.00094,0.1093,0.0427,4.98,TIRADOR MET. MADRID AC/INOX 128X12MM TUBULAR KUTZ,TAPA SOBERBIO ADHES 12MM BLANCO MATE SET 50 UN
MAIPU,100663,95255,60,0.00122,0.6818,0.7895,440.688,GANCHO TRADICIONAL  P25 MARRON,CANALETA LARGO 4 MT (10) P25 MARRON
VESPU,72713,73276,60,0.00148,0.1567,0.3209,33.972,PLANCHA MDF 500 15MM 1.52 X 2.44,LAM. RECTA F6 GRANITINO NEGRO 3014 BR 122 X 306
HUECH,146562,146596,60,0.00063,0.1765,0.4511,126.405,CODO PVC SANITARIO GRIS 50MM,CURVA PVC SANITARIO GRIS 50MM
HUECH,102517,133926,60,0.00063,0.1113,0.0361,6.385,BARRA CLOSET OVALADA CROMADA 3MTS KUTZ,TAPA SOBERBIO ADHES 12MM BLANCO MATE SET 50 UN
VALPA,114693,32823,60,0.00223,0.184,0.0701,5.778,SOBERBIO 3 16 X 2 100UNDS A.SCREW,TORNILLO AGLOMERADO 3.5 X 15 100 UNIDADES
HUECH,145966,145967,60,0.00063,0.0962,0.1987,30.332,ADHESIVO CERAMICO SIKACERAM 50 NORMAL SACO 25KG,ADHESIVO CERAMICO SIKACERAM 100 D.A. SACO 25KG
HUECH,16416,16417,60,0.00063,0.5941,0.3636,342.995,TAB. MONTANTE ECONOMICO 38X38X6X0.5X3.0MT,TABIGAL CANAL ECONOMICA 39X20X0.5X3.0MT
MAIPU,1205,122563,60,0.00122,0.0364,0.1232,3.675,"DUROLAC UNICOLOR BLANCO 2,8MM 1.52 X 2.44",MELAMINA BLANCA CLASICA 15MM 1.83 X 2.50 MASISA
PMONT,125030,32823,60,0.00094,0.1392,0.0587,8.727,TELESCOPICA H35-STD 25KG 350MM ZINCADO KUTZ,TORNILLO AGLOMERADO 3.5 X 15 100 UNIDADES
HUECH,133926,32823,60,0.00063,0.0361,0.0881,5.053,TAPA SOBERBIO ADHES 12MM BLANCO MATE SET 50 UN,TORNILLO AGLOMERADO 3.5 X 15 100 UNIDADES
MAIPU,110307,133926,60,0.00122,0.1111,0.0489,4.448,"TAPACANTO PVC BLANCO 22X0,45MM  RO 50MT",TAPA SOBERBIO ADHES 12MM BLANCO MATE SET 50 UN
MAIPU,19868,19869,60,0.00122,0.531,0.5825,253.228,TAB. CANAL NORMAL 61X20X0.5X3.0MT,TAB. MONTANTE NORMAL 60X38X6X0.5X3.0MT
VESPU,72713,76727,60,0.00148,0.1567,0.2632,27.863,PLANCHA MDF 500 15MM 1.52 X 2.44,LAM. RECTA F6 CLASSIC 3111 BR 122 X 306
RENAC,128645,16408,60,0.00079,0.0562,0.239,17.059,ESCUADRA PLASTICA BLANCA 50UNDS,BARRA CLOSET PLASTICA 1MT.BLANCA UNID
SEREN,128645,137182,60,0.0012,0.0731,0.2247,13.732,ESCUADRA PLASTICA BLANCA 50UNDS,SOPORTE REPISA FIJO BLANCO BOLSA 50 UN
RANCA,125055,125056,60,0.00122,0.1456,0.1824,21.682,TELESCOPICA H45-CS 30KG 450MM ZINCADO KUTZ,TELESCOPICA H45-CS 30KG 500MM ZINCADO KUTZ
VALPA,32823,95625,60,0.00223,0.0701,0.1003,3.15,TORNILLO AGLOMERADO 3.5 X 15 100 UNIDADES,TORNILLO VOLCANITA PTA AGUJA 1 1/4X6 ZINC R.GR 100
SEREN,128645,150002,60,0.0012,0.0731,0.1948,11.904,ESCUADRA PLASTICA BLANCA 50UNDS,TORNILLO AGLOMERADO 3.5 X 15 BOLSA 100UN KHOR
VESPU,114693,126115,59,0.00145,0.1061,0.0599,4.369,SOBERBIO 3 16 X 2 100UNDS A.SCREW,BISAG. 35 RECTA CLIP C/SUAVE-TORN -2UNDS KUTZ
TALCA,126115,126117,59,0.00148,0.0457,0.3138,9.668,BISAG. 35 RECTA CLIP C/SUAVE-TORN -2UNDS KUTZ,BISAG. 35 CURVA C/SUAVE-CLIP-TORN -2UNDS KUTZ
HUECH,134039,5620,59,0.00062,0.0808,0.0644,8.406,PASTA MURO F-15 TAJAMAR TI,YESO-CARTON 10MM 2.4MT X 1.2MT
VESPU,122563,73276,59,0.00145,0.0685,0.3155,14.86,MELAMINA BLANCA CLASICA 15MM 1.83 X 2.50 MASISA,LAM. RECTA F6 GRANITINO NEGRO 3014 BR 122 X 306
PMONT,20232,554,59,0.00092,0.4683,0.2543,129.305,RIEL GALVANIZADO DUCASSE U-20 TIRA 1.50MTS,CORREDERA DUCASSE D7-D14 SIMPLE CON POLIN
CONCE,126115,95627,59,0.00065,0.0358,0.0922,5.1,BISAG. 35 RECTA CLIP C/SUAVE-TORN -2UNDS KUTZ,TORNILLO VOLCANITA PTA AGUJA 1.5/8X6 ZINC R.GR 100
HUECH,115846,72713,59,0.00062,0.0272,0.061,2.68,MELAMINA BLANCA VESTO 15MM 2.50 X 1.83,PLANCHA MDF 500 15MM 1.52 X 2.44
RENAC,32823,95627,59,0.00077,0.0377,0.1561,7.602,TORNILLO AGLOMERADO 3.5 X 15 100 UNIDADES,TORNILLO VOLCANITA PTA AGUJA 1.5/8X6 ZINC R.GR 100
MAIPU,74901,76860,59,0.0012,0.1224,0.1517,15.457,PINO SECO CEPILLADO 1 X 4 X 3.20 MTS.,PINO SECO CEPILLADO 1 X 3 X 3.20 MTS.
VALPA,22961,82679,59,0.0022,0.149,0.2305,15.641,PINO BRUTO 2 X 3 X 3.20 MTS.,CLAVO CORRIENTE 4 BOLSA 1 KILO
MAIPU,102517,133926,59,0.0012,0.13,0.0481,5.203,BARRA CLOSET OVALADA CROMADA 3MTS KUTZ,TAPA SOBERBIO ADHES 12MM BLANCO MATE SET 50 UN
RANCA,95627,95628,59,0.0012,0.1211,0.0895,9.005,TORNILLO VOLCANITA PTA AGUJA 1.5/8X6 ZINC R.GR 100,TORNILLO VOLCANITA PTA AGUJA 2X6 ZINC R.GR 100UN
HUECH,146780,86792,59,0.00062,0.3073,0.173,85.85,CAJA ELECTRICA TABIQUE C/OREJA METAL NARANJA 16-20,TUBO CONDUIT PVC  16MM  TIRA 3MT
MAIPU,128645,143601,59,0.0012,0.0908,0.1443,10.902,ESCUADRA PLASTICA BLANCA 50UNDS,SOPORTE BARRA OVALADA CROMADO 2 UND KUTZ
PMONT,128645,74236,59,0.00092,0.0524,0.0946,5.375,ESCUADRA PLASTICA BLANCA 50UNDS,"TAPACANTO ENCOLADO BLANCO 22X0,45MM RO 25 MT"
HUECH,5529,5530,59,0.00062,0.185,0.0769,22.973,LIJA MADERA GRANO 100 PLIEGO,LIJA MADERA GRANO 120 PLIEGO
PMONT,131026,32823,59,0.00092,0.0562,0.0577,3.526,"TAPACANTO PVC BLANCO 22X0,45MM RO 25MT",TORNILLO AGLOMERADO 3.5 X 15 100 UNIDADES
CONCE,126115,149983,59,0.00065,0.0358,0.1341,7.418,BISAG. 35 RECTA CLIP C/SUAVE-TORN -2UNDS KUTZ,TORNILLO AGLOMERADO 3.5 X 15 BALDE 500UN KHOR
PMONT,125055,126115,59,0.00092,0.1494,0.0652,10.574,TELESCOPICA H45-CS 30KG 450MM ZINCADO KUTZ,BISAG. 35 RECTA CLIP C/SUAVE-TORN -2UNDS KUTZ
CONCE,126115,126182,59,0.00065,0.0358,0.2056,11.372,BISAG. 35 RECTA CLIP C/SUAVE-TORN -2UNDS KUTZ,BOMBIN NEUMATICO 80N - 1 UNID
RENAC,125056,32823,59,0.00077,0.1772,0.0377,8.629,TELESCOPICA H45-CS 30KG 500MM ZINCADO KUTZ,TORNILLO AGLOMERADO 3.5 X 15 100 UNIDADES
HUECH,81417,86077,59,0.00062,0.4126,0.2757,183.673,TABIGAL CIELO PERIMETRAL AT 20X25X4X0.5X3MT,TABIGAL CIELO PORTANTE 40X18X10X05X3MT
VESPU,110307,115846,59,0.00145,0.0959,0.0334,2.2,"TAPACANTO PVC BLANCO 22X0,45MM  RO 50MT",MELAMINA BLANCA VESTO 15MM 2.50 X 1.83
HUECH,134039,5203,59,0.00062,0.0808,0.1705,22.253,PASTA MURO F-15 TAJAMAR TI,RODILLO LIZCAL CHIPORRO NATURAL 18CM UNI
MAIPU,22960,82679,59,0.0012,0.095,0.3371,26.668,PINO BRUTO 2 X 2 X 3.20 MTS.,CLAVO CORRIENTE 4 BOLSA 1 KILO
SEREN,83297,87998,59,0.00118,0.59,0.602,302.044,TAB. ESTRUCTURAL C 2X3X8X0.85X6MT 60X38,TAB. CANAL ESTRUCTURAL U 2X3X0.85X6MT 62X25
TALCA,118607,126115,59,0.00148,0.1827,0.0457,5.627,SOBERBIO 3 16 X 2 - 100UNDS PATTA,BISAG. 35 RECTA CLIP C/SUAVE-TORN -2UNDS KUTZ
MAIPU,114693,131026,59,0.0012,0.0674,0.0686,3.847,SOBERBIO 3 16 X 2 100UNDS A.SCREW,"TAPACANTO PVC BLANCO 22X0,45MM RO 25MT"
PMONT,125031,32823,59,0.00092,0.1266,0.0577,7.937,TELESCOPICA H35-STD 25KG 400MM ZINCADO KUTZ,TORNILLO AGLOMERADO 3.5 X 15 100 UNIDADES
VESPU,128645,137182,59,0.00145,0.075,0.2489,12.827,ESCUADRA PLASTICA BLANCA 50UNDS,SOPORTE REPISA FIJO BLANCO BOLSA 50 UN
TALCA,126115,128645,58,0.00146,0.045,0.1286,3.962,BISAG. 35 RECTA CLIP C/SUAVE-TORN -2UNDS KUTZ,ESCUADRA PLASTICA BLANCA 50UNDS
VESPU,1205,131026,58,0.00143,0.0403,0.0603,1.698,"DUROLAC UNICOLOR BLANCO 2,8MM 1.52 X 2.44","TAPACANTO PVC BLANCO 22X0,45MM RO 25MT"
TEMUC,72713,77806,58,0.00502,0.1686,0.4567,15.354,PLANCHA MDF 500 15MM 1.52 X 2.44,MDF ENCHA. EUCA COLOR 16MM 2.40X1.50
TEMUC,74901,74903,58,0.00502,0.1321,0.3718,9.795,PINO SECO CEPILLADO 1 X 4 X 3.20 MTS.,PINO SECO CEPILLADO 1 X 6 X 3.20 MTS.
CONCE,126115,150002,58,0.00064,0.0352,0.0995,5.503,BISAG. 35 RECTA CLIP C/SUAVE-TORN -2UNDS KUTZ,TORNILLO AGLOMERADO 3.5 X 15 BOLSA 100UN KHOR
VESPU,133926,32823,58,0.00143,0.051,0.1113,3.97,TAPA SOBERBIO ADHES 12MM BLANCO MATE SET 50 UN,TORNILLO AGLOMERADO 3.5 X 15 100 UNIDADES
HUECH,5620,86077,58,0.00061,0.0633,0.271,28.188,YESO-CARTON 10MM 2.4MT X 1.2MT,TABIGAL CIELO PORTANTE 40X18X10X05X3MT
VESPU,124032,72713,58,0.00143,0.3841,0.1514,40.669,DUROLAC UNICOLOR BLANCO 3MM 1.83 X 2.50,PLANCHA MDF 500 15MM 1.52 X 2.44
RENAC,146482,146516,58,0.00076,0.3494,0.2929,134.497,TEE PRESION 20MM,TUBO CLASE 16 PRESION 20MM PARA CEMENTAR 3MT
PMONT,118607,32823,58,0.00091,0.194,0.0568,12.16,SOBERBIO 3 16 X 2 - 100UNDS PATTA,TORNILLO AGLOMERADO 3.5 X 15 100 UNIDADES
PMONT,103742,128645,58,0.00091,0.1045,0.0515,5.941,TIRADOR MET. MADRID AC/INOX  96X12MM TUBULAR KUTZ,ESCUADRA PLASTICA BLANCA 50UNDS
HUECH,133499,91440,58,0.00061,0.0817,0.2172,29.147,YESO ROMERAL SACO 25KG,CINTA VOLCANITA 2 X 90 MT
TALCA,417,554,58,0.00146,0.2685,0.2802,51.553,RIEL GALVANIZADO DUCASSE U-20 TIRA 2.00MTS,CORREDERA DUCASSE D7-D14 SIMPLE CON POLIN
SEREN,126433,32823,58,0.00116,0.1667,0.062,8.933,BISAG. 35  RECTA SIN TORNILLOS - 10UNDS KUTZ,TORNILLO AGLOMERADO 3.5 X 15 100 UNIDADES
RANCA,32823,95625,58,0.00118,0.0602,0.1352,6.87,TORNILLO AGLOMERADO 3.5 X 15 100 UNIDADES,TORNILLO VOLCANITA PTA AGUJA 1 1/4X6 ZINC R.GR 100
VESPU,115846,154044,58,0.00143,0.0328,0.1576,3.615,MELAMINA BLANCA VESTO 15MM 2.50 X 1.83,"DUROLAC BLANCO 2,8MM 1.85X2,44"
VESPU,110307,133926,58,0.00143,0.0943,0.051,3.364,"TAPACANTO PVC BLANCO 22X0,45MM  RO 50MT",TAPA SOBERBIO ADHES 12MM BLANCO MATE SET 50 UN
HUECH,112695,79039,58,0.00061,0.3473,0.1045,59.616,HUAIPE SEDA BLANCO 1RA 1/2 KILO,DILUYENTE DP-100 DILOX 1 LT.
MAIPU,100096,22960,58,0.00118,0.2007,0.0934,15.875,TORNILLO VOLCANITA PTA FINA R GR 3X8 ZINCA 100UNDS,PINO BRUTO 2 X 2 X 3.20 MTS.
MAIPU,126115,126178,58,0.00118,0.0387,0.2723,8.923,BISAG. 35 RECTA CLIP C/SUAVE-TORN -2UNDS KUTZ,BOMBIN NEUMATICO 60N - 1 UNID KUTZ
MAIPU,103742,74236,58,0.00118,0.1476,0.1016,12.696,TIRADOR MET. MADRID AC/INOX  96X12MM TUBULAR KUTZ,"TAPACANTO ENCOLADO BLANCO 22X0,45MM RO 25 MT"
PMONT,22961,73520,58,0.00091,0.0931,0.4234,43.535,PINO BRUTO 2 X 3 X 3.20 MTS.,PINO BRUTO 2 X 4 X 3.20 MTS.
MAIPU,32823,79039,58,0.00118,0.0431,0.1563,5.71,TORNILLO AGLOMERADO 3.5 X 15 100 UNIDADES,DILUYENTE DP-100 DILOX 1 LT.
MAIPU,126115,143601,58,0.00118,0.0387,0.1418,4.647,BISAG. 35 RECTA CLIP C/SUAVE-TORN -2UNDS KUTZ,SOPORTE BARRA OVALADA CROMADO 2 UND KUTZ
HUECH,125050,126115,58,0.00061,0.2125,0.028,9.787,TELESCOPICA H35-CS 25KG 450MM ZINCADO KUTZ,BISAG. 35 RECTA CLIP C/SUAVE-TORN -2UNDS KUTZ
VALPA,100124,138591,57,0.00212,0.1827,0.3132,26.977,MONTAJE AFIX 370 GR. ARTECOLA CART,MOLDURA POLIEST F 30X35MM TIRA 2MTS NOMASTYL
PMONT,150002,98235,57,0.00089,0.0961,0.2036,21.993,TORNILLO AGLOMERADO 3.5 X 15 BOLSA 100UN KHOR,TORNILLO VOLCANITA PTA AGUJA 1X6 ZINC R.GR  100UN
MAIPU,125055,32823,57,0.00116,0.1377,0.0424,5.028,TELESCOPICA H45-CS 30KG 450MM ZINCADO KUTZ,TORNILLO AGLOMERADO 3.5 X 15 100 UNIDADES
SEREN,128645,133926,57,0.00114,0.0694,0.0639,3.905,ESCUADRA PLASTICA BLANCA 50UNDS,TAPA SOBERBIO ADHES 12MM BLANCO MATE SET 50 UN
PMONT,150002,150003,57,0.00089,0.0961,0.3314,35.802,TORNILLO AGLOMERADO 3.5 X 15 BOLSA 100UN KHOR,TORNILLO AGLOMERADO 3.5 X 25 BOLSA 100UN KHOR
TALCA,103743,149983,57,0.00143,0.1063,0.0801,5.936,TIRADOR MET. MADRID AC/INOX 128X12MM TUBULAR KUTZ,TORNILLO AGLOMERADO 3.5 X 15 BALDE 500UN KHOR
HUECH,32780,7909,57,0.0006,0.0621,0.2355,24.443,"FILM STRETCH TRANS ROLLO 1,5K NETO 0,5MT",CINTA EMBALAJE TRANSPARENTE  48MMX40 MT UNID
HUECH,133631,134250,57,0.0006,0.228,0.0861,32.811,ARENA FINA SACO 25 K,CEMENTO ESPECIAL TRANSEX SACO 25 KG
VESPU,110307,5294,57,0.00141,0.0927,0.1465,9.662,"TAPACANTO PVC BLANCO 22X0,45MM  RO 50MT",ADHES. CONTACTO AGOREX 60 HENKEL 1 LT.
MAIPU,131026,133926,57,0.00116,0.0663,0.0465,2.653,"TAPACANTO PVC BLANCO 22X0,45MM RO 25MT",TAPA SOBERBIO ADHES 12MM BLANCO MATE SET 50 UN
RENAC,1205,122563,57,0.00075,0.0645,0.1354,11.673,"DUROLAC UNICOLOR BLANCO 2,8MM 1.52 X 2.44",MELAMINA BLANCA CLASICA 15MM 1.83 X 2.50 MASISA
VESPU,126115,128645,57,0.00141,0.0579,0.0724,2.982,BISAG. 35 RECTA CLIP C/SUAVE-TORN -2UNDS KUTZ,ESCUADRA PLASTICA BLANCA 50UNDS
MAIPU,148931,22960,57,0.00116,0.1269,0.0918,10.042,"YESO-CARTON VOLCAN ST BR 10MM X 1,2MT X 2,4MT",PINO BRUTO 2 X 2 X 3.20 MTS.
RENAC,100639,79364,57,0.00075,0.3184,0.3654,155.58,BAJADA CEMENTAR (10) P25 BLANCO,TUBO BAJADA D 80X3MT (3) P25 BLANCO
MAIPU,114693,98014,57,0.00116,0.0651,0.1727,9.686,SOBERBIO 3 16 X 2 100UNDS A.SCREW,ADHES. CONTACTO AFIX PREN ARTECOLA 1/4 GLN.
RENAC,130966,32823,57,0.00075,0.1821,0.0364,8.869,"TAPACANTO PVC BLANCO 22X0,45MM RO 100MT",TORNILLO AGLOMERADO 3.5 X 15 100 UNIDADES
HUECH,115846,130966,57,0.0006,0.0263,0.1065,4.684,MELAMINA BLANCA VESTO 15MM 2.50 X 1.83,"TAPACANTO PVC BLANCO 22X0,45MM RO 100MT"
VALPA,5620,95625,57,0.00212,0.1335,0.0953,5.999,YESO-CARTON 10MM 2.4MT X 1.2MT,TORNILLO VOLCANITA PTA AGUJA 1 1/4X6 ZINC R.GR 100
HUECH,22961,76838,57,0.0006,0.136,0.1348,30.638,PINO BRUTO 2 X 3 X 3.20 MTS.,TAPA PINO 1 X 4 X 3.20 MT
VALPA,126433,133926,57,0.00212,0.1287,0.0941,5.706,BISAG. 35  RECTA SIN TORNILLOS - 10UNDS KUTZ,TAPA SOBERBIO ADHES 12MM BLANCO MATE SET 50 UN
HUECH,125832,128645,57,0.0006,0.0631,0.0475,5.015,BISAG. 35 RECTA C/SUAVE-3D-CLIP-TORN -2UNDS KUTZ,ESCUADRA PLASTICA BLANCA 50UNDS
HUECH,149983,149985,57,0.0006,0.1067,0.3519,62.771,TORNILLO AGLOMERADO 3.5 X 15 BALDE 500UN KHOR,TORNILLO AGLOMERADO 3.5 X 30 BALDE 500UN KHOR
MAIPU,137182,32823,57,0.00116,0.274,0.0424,10.008,SOPORTE REPISA FIJO BLANCO BOLSA 50 UN,TORNILLO AGLOMERADO 3.5 X 15 100 UNIDADES
RENAC,22961,5620,57,0.00075,0.095,0.0986,12.527,PINO BRUTO 2 X 3 X 3.20 MTS.,YESO-CARTON 10MM 2.4MT X 1.2MT
VESPU,126115,143258,57,0.00141,0.0579,0.0947,3.898,BISAG. 35 RECTA CLIP C/SUAVE-TORN -2UNDS KUTZ,BOLSA VEGETAL 45X40X12 KUTZ
MAIPU,100096,95628,57,0.00116,0.1972,0.0828,14.082,TORNILLO VOLCANITA PTA FINA R GR 3X8 ZINCA 100UNDS,TORNILLO VOLCANITA PTA AGUJA 2X6 ZINC R.GR 100UN
RENAC,22960,22961,57,0.00075,0.1031,0.095,13.094,PINO BRUTO 2 X 2 X 3.20 MTS.,PINO BRUTO 2 X 3 X 3.20 MTS.
CONCE,133926,150062,57,0.00062,0.0365,0.0966,5.649,TAPA SOBERBIO ADHES 12MM BLANCO MATE SET 50 UN,BISAG. 35 RECTA C/SUAVE INSEPARABLE S/TOR-2UN KHOR
HUECH,114693,125832,57,0.0006,0.0664,0.0631,7.001,SOBERBIO 3 16 X 2 100UNDS A.SCREW,BISAG. 35 RECTA C/SUAVE-3D-CLIP-TORN -2UNDS KUTZ
RENAC,22961,76850,57,0.00075,0.095,0.1748,22.211,PINO BRUTO 2 X 3 X 3.20 MTS.,PINO BRUTO 1 X 4 X 3.20 MTS.
RENAC,125055,125056,57,0.00075,0.1065,0.1712,24.386,TELESCOPICA H45-CS 30KG 450MM ZINCADO KUTZ,TELESCOPICA H45-CS 30KG 500MM ZINCADO KUTZ
VESPU,76727,89759,57,0.00141,0.25,0.6333,112.644,LAM. RECTA F6 CLASSIC 3111 BR 122 X 306,LAM. RECTA F6 ONIX BROWN 2721 BR 122 X 306
MAIPU,114693,125055,56,0.00114,0.0639,0.1353,7.585,SOBERBIO 3 16 X 2 100UNDS A.SCREW,TELESCOPICA H45-CS 30KG 450MM ZINCADO KUTZ
SEREN,125036,126115,56,0.00112,0.1614,0.0425,6.138,TELESCOPICA H45-STD 40KG 450MM ZINCADO KUTZ,BISAG. 35 RECTA CLIP C/SUAVE-TORN -2UNDS KUTZ
RENAC,146540,146594,56,0.00073,0.1873,0.3011,76.747,CODO PVC SANITARIO GRIS 110MM,CURVA PVC SANITARIO GRIS 110MM
HUECH,133630,134250,56,0.00059,0.2414,0.0846,34.736,GRAVILLA SACO 25 K,CEMENTO ESPECIAL TRANSEX SACO 25 KG
RENAC,146562,146596,56,0.00073,0.1466,0.4088,81.557,CODO PVC SANITARIO GRIS 50MM,CURVA PVC SANITARIO GRIS 50MM
CONCE,32823,95627,56,0.00061,0.0543,0.0875,7.734,TORNILLO AGLOMERADO 3.5 X 15 100 UNIDADES,TORNILLO VOLCANITA PTA AGUJA 1.5/8X6 ZINC R.GR 100
CONCE,133080,5530,56,0.00061,0.0903,0.078,11.475,YESO VOLCAN SACO 25KG.,LIJA MADERA GRANO 120 PLIEGO
CONCE,81115,81947,56,0.00061,0.5385,0.6829,599.019,TAB. CANAL ESTRUCTURAL U 2X4X0.85X6MT 92X30,TAB. ESTRUCTURAL C 2X4X12X0.85X6MT 90X38
CONCE,137895,137899,56,0.00061,0.8,0.4516,588.529,CUÑA NIVELADORA INSTALACION PORCELANATOS 100 UN,NIVELADOR PARA SISTEMA NIVELACION 100 UND
RANCA,22960,5620,56,0.00114,0.1197,0.102,10.676,PINO BRUTO 2 X 2 X 3.20 MTS.,YESO-CARTON 10MM 2.4MT X 1.2MT
RANCA,81115,81947,56,0.00114,0.6588,0.5714,329.291,TAB. CANAL ESTRUCTURAL U 2X4X0.85X6MT 92X30,TAB. ESTRUCTURAL C 2X4X12X0.85X6MT 90X38
HUECH,146748,86792,56,0.00059,0.5091,0.1642,142.227,SALIDA CAJA CONDUIT 16MM HOFF,TUBO CONDUIT PVC  16MM  TIRA 3MT
TALCA,122563,124032,56,0.00141,0.1242,0.087,7.663,MELAMINA BLANCA CLASICA 15MM 1.83 X 2.50 MASISA,DUROLAC UNICOLOR BLANCO 3MM 1.83 X 2.50
RENAC,32823,74236,56,0.00073,0.0358,0.1098,5.348,TORNILLO AGLOMERADO 3.5 X 15 100 UNIDADES,"TAPACANTO ENCOLADO BLANCO 22X0,45MM RO 25 MT"
RENAC,125035,32823,56,0.00073,0.2129,0.0358,10.37,TELESCOPICA H45-STD 40KG 400MM ZINCADO KUTZ,TORNILLO AGLOMERADO 3.5 X 15 100 UNIDADES
HUECH,110307,128645,56,0.00059,0.1028,0.0467,8.164,"TAPACANTO PVC BLANCO 22X0,45MM  RO 50MT",ESCUADRA PLASTICA BLANCA 50UNDS
RENAC,110307,133926,56,0.00073,0.1179,0.0456,7.311,"TAPACANTO PVC BLANCO 22X0,45MM  RO 50MT",TAPA SOBERBIO ADHES 12MM BLANCO MATE SET 50 UN
SEREN,126115,126116,56,0.00112,0.0425,0.32,12.172,BISAG. 35 RECTA CLIP C/SUAVE-TORN -2UNDS KUTZ,BISAG. 35 S/CURVA C/SUAVE-CLIP-TORN -2UNDS KUTZ
PMONT,103742,125029,56,0.00087,0.1009,0.1569,18.107,TIRADOR MET. MADRID AC/INOX  96X12MM TUBULAR KUTZ,TELESCOPICA H35-STD 25KG 250MM ZINCADO KUTZ
PMONT,149973,149976,56,0.00087,0.2902,0.366,121.495,TORN.VOLCANITA PTA AGUJA 1 1/4X6 ZINC RG 100U KHOR,TORN.VOLCANITA PTA AGUJA 1X6 ZINC RG 100UN KHOR
HUECH,5620,87998,56,0.00059,0.0611,0.1652,17.18,YESO-CARTON 10MM 2.4MT X 1.2MT,TAB. CANAL ESTRUCTURAL U 2X3X0.85X6MT 62X25
TEMUC,74903,76860,56,0.00484,0.359,0.2222,16.474,PINO SECO CEPILLADO 1 X 6 X 3.20 MTS.,PINO SECO CEPILLADO 1 X 3 X 3.20 MTS.
RENAC,100639,100653,56,0.00073,0.3128,0.4275,182.021,BAJADA CEMENTAR (10) P25 BLANCO,UNION CANALETA (10) P25 BLANCO
CONCE,1205,133068,56,0.00061,0.031,0.2029,10.232,"DUROLAC UNICOLOR BLANCO 2,8MM 1.52 X 2.44","MELAMINA NODO 15MM 1,83 X 2,50 VESTO"
VALPA,22961,76838,56,0.00208,0.1414,0.1958,13.288,PINO BRUTO 2 X 3 X 3.20 MTS.,TAPA PINO 1 X 4 X 3.20 MT
HUECH,110307,126115,56,0.00059,0.1028,0.0271,4.734,"TAPACANTO PVC BLANCO 22X0,45MM  RO 50MT",BISAG. 35 RECTA CLIP C/SUAVE-TORN -2UNDS KUTZ
RANCA,1205,131026,56,0.00114,0.0455,0.0917,3.65,"DUROLAC UNICOLOR BLANCO 2,8MM 1.52 X 2.44","TAPACANTO PVC BLANCO 22X0,45MM RO 25MT"
PMONT,1205,131026,56,0.00087,0.0534,0.0534,3.26,"DUROLAC UNICOLOR BLANCO 2,8MM 1.52 X 2.44","TAPACANTO PVC BLANCO 22X0,45MM RO 25MT"
HUECH,116353,79038,56,0.00059,0.2146,0.0941,34.354,HUAIPE SIMUNIZADO BLANCO 1 KILO LIZCAL,DILUYENTE DP-100 DILOX 5 LTS.
TALCA,115847,1205,56,0.00141,0.175,0.0598,7.43,MELAMINA BLANCA VESTO 18MM 2.50 X 1.83,"DUROLAC UNICOLOR BLANCO 2,8MM 1.52 X 2.44"
HUECH,146551,146595,56,0.00059,0.1582,0.5138,138.261,CODO PVC SANITARIO GRIS 40MM,CURVA PVC SANITARIO GRIS 40MM
RENAC,32823,95625,56,0.00073,0.0358,0.1739,8.47,TORNILLO AGLOMERADO 3.5 X 15 100 UNIDADES,TORNILLO VOLCANITA PTA AGUJA 1 1/4X6 ZINC R.GR 100
SEREN,1205,128315,56,0.00112,0.0438,0.1556,6.107,"DUROLAC UNICOLOR BLANCO 2,8MM 1.52 X 2.44","MELAMINA BLANCA 15MM 1,83 X 2,44 SWED"
VESPU,126433,150002,55,0.00136,0.1267,0.0571,5.337,BISAG. 35  RECTA SIN TORNILLOS - 10UNDS KUTZ,TORNILLO AGLOMERADO 3.5 X 15 BOLSA 100UN KHOR
VALPA,1205,131026,55,0.00205,0.0855,0.1078,4.507,"DUROLAC UNICOLOR BLANCO 2,8MM 1.52 X 2.44","TAPACANTO PVC BLANCO 22X0,45MM RO 25MT"
CONCE,122557,145966,55,0.0006,0.3691,0.0539,33.012,"30X30 CER. PIEDRA GRIS ( VULCANO) CELIMA CJ 2,34 M",ADHESIVO CERAMICO SIKACERAM 50 NORMAL SACO 25KG
RENAC,125032,32823,55,0.00072,0.1943,0.0351,9.465,TELESCOPICA H35-STD 25KG 450MM ZINCADO KUTZ,TORNILLO AGLOMERADO 3.5 X 15 100 UNIDADES
CONCE,133080,91440,55,0.0006,0.0887,0.2632,38.719,YESO VOLCAN SACO 25KG.,CINTA VOLCANITA 2 X 90 MT
PMONT,95625,98235,55,0.00086,0.2402,0.1964,54.953,TORNILLO VOLCANITA PTA AGUJA 1 1/4X6 ZINC R.GR 100,TORNILLO VOLCANITA PTA AGUJA 1X6 ZINC R.GR  100UN
RENAC,125030,32823,55,0.00072,0.1815,0.0351,8.84,TELESCOPICA H35-STD 25KG 350MM ZINCADO KUTZ,TORNILLO AGLOMERADO 3.5 X 15 100 UNIDADES
HUECH,134039,95847,55,0.00058,0.0753,0.0915,11.943,PASTA MURO F-15 TAJAMAR TI,SELLADOR ACRILICO PINTABLE BLANCO SOUDAL 300 ML.
HUECH,146482,146644,55,0.00058,0.5789,0.3354,336.308,TEE PRESION 20MM,CODO PRESION 20 MM     UNID
PMONT,125031,128645,55,0.00086,0.118,0.0488,6.709,TELESCOPICA H35-STD 25KG 400MM ZINCADO KUTZ,ESCUADRA PLASTICA BLANCA 50UNDS
VALPA,5528,5530,55,0.00205,0.3741,0.195,35.657,LIJA MADERA GRANO 80 PLIEGO,LIJA MADERA GRANO 120 PLIEGO
CONCE,19862,5530,55,0.0006,0.1993,0.0766,25.318,LIJA MADERAGRANO 220 PLIEGO,LIJA MADERA GRANO 120 PLIEGO
RENAC,146551,146610,55,0.00072,0.1209,0.6627,111.002,CODO PVC SANITARIO GRIS 40MM,TEE PVC SANITARIO GRIS 40X40MM
RENAC,128645,137182,55,0.00072,0.0515,0.1884,13.442,ESCUADRA PLASTICA BLANCA 50UNDS,SOPORTE REPISA FIJO BLANCO BOLSA 50 UN
CONCE,125832,133926,55,0.0006,0.0831,0.0353,4.858,BISAG. 35 RECTA C/SUAVE-3D-CLIP-TORN -2UNDS KUTZ,TAPA SOBERBIO ADHES 12MM BLANCO MATE SET 50 UN
MAIPU,74908,75168,55,0.00112,0.3503,0.7857,245.833,PINO SECO CEPILLADO 2 X 4 X 3.20 MTS.,PINO BRUTO SECO 1 X 6 X 3.20
VESPU,139309,150002,55,0.00136,0.1396,0.0571,5.878,BISAG. 35 RECTA C/SUAVE-CLIP 10UNDS KUTZ,TORNILLO AGLOMERADO 3.5 X 15 BOLSA 100UN KHOR
HUECH,100639,79813,55,0.00058,0.4167,0.7432,536.413,BAJADA CEMENTAR (10) P25 BLANCO,TAPA ACCESORIO UNIV P25 BLANCO
MAIPU,110307,115846,55,0.00112,0.1019,0.0285,2.596,"TAPACANTO PVC BLANCO 22X0,45MM  RO 50MT",MELAMINA BLANCA VESTO 15MM 2.50 X 1.83
RENAC,128645,417,55,0.00072,0.0515,0.2052,14.646,ESCUADRA PLASTICA BLANCA 50UNDS,RIEL GALVANIZADO DUCASSE U-20 TIRA 2.00MTS
VALPA,133926,95628,55,0.00205,0.0908,0.0576,2.554,TAPA SOBERBIO ADHES 12MM BLANCO MATE SET 50 UN,TORNILLO VOLCANITA PTA AGUJA 2X6 ZINC R.GR 100UN
PMONT,103742,103743,55,0.00086,0.0991,0.1002,11.564,TIRADOR MET. MADRID AC/INOX  96X12MM TUBULAR KUTZ,TIRADOR MET. MADRID AC/INOX 128X12MM TUBULAR KUTZ
HUECH,128645,130966,55,0.00058,0.0459,0.1028,8.168,ESCUADRA PLASTICA BLANCA 50UNDS,"TAPACANTO PVC BLANCO 22X0,45MM RO 100MT"
HUECH,100639,100653,55,0.00058,0.4167,0.6111,441.051,BAJADA CEMENTAR (10) P25 BLANCO,UNION CANALETA (10) P25 BLANCO
HUECH,124327,125413,55,0.00058,0.1382,0.5446,130.347,MOLDURA PVC  20 X 10  TIRA 2 MTS C/AUTOADHESIVO,ANGULO PLANO  CANALETA 20 X 10 PACK 2UN
RENAC,152618,152619,55,0.00072,0.2321,0.1703,54.761,PACK 10 PILAS ALCALINAS AA 1.5V DAIRU,PACK 10 PILAS ALCALINAS AAA 1.5V DAIRU
TALCA,19868,33903,55,0.00138,0.5,0.625,225.807,TAB. CANAL NORMAL 61X20X0.5X3.0MT,TAB. MONTANTE NORMAL 60X38X6X0.5X2.4MT
RANCA,114693,126115,55,0.00112,0.1463,0.0562,7.319,SOBERBIO 3 16 X 2 100UNDS A.SCREW,BISAG. 35 RECTA CLIP C/SUAVE-TORN -2UNDS KUTZ
TALCA,125036,149983,55,0.00138,0.0995,0.0772,5.551,TELESCOPICA H45-STD 40KG 450MM ZINCADO KUTZ,TORNILLO AGLOMERADO 3.5 X 15 BALDE 500UN KHOR
VESPU,71161,73276,55,0.00136,0.44,0.2941,95.416,LAM. RECTA F6 GRANITO 3012 BR 122 X 306,LAM. RECTA F6 GRANITINO NEGRO 3014 BR 122 X 306
MAIPU,74262,74908,55,0.00112,0.7237,0.3503,226.426,PINO BRUTO SECO 1 X 3 X 3.20,PINO SECO CEPILLADO 2 X 4 X 3.20 MTS.
RANCA,1205,32823,55,0.00112,0.0447,0.0571,2.272,"DUROLAC UNICOLOR BLANCO 2,8MM 1.52 X 2.44",TORNILLO AGLOMERADO 3.5 X 15 100 UNIDADES
PMONT,125029,98235,55,0.00086,0.1541,0.1964,35.25,TELESCOPICA H35-STD 25KG 250MM ZINCADO KUTZ,TORNILLO VOLCANITA PTA AGUJA 1X6 ZINC R.GR  100UN
RENAC,133926,72273,55,0.00072,0.0448,0.1322,8.199,TAPA SOBERBIO ADHES 12MM BLANCO MATE SET 50 UN,TORNILLO AGLOMERADO 4 X 15 CAJA 100 UN
PMONT,103742,150002,54,0.00084,0.0973,0.0911,10.512,TIRADOR MET. MADRID AC/INOX  96X12MM TUBULAR KUTZ,TORNILLO AGLOMERADO 3.5 X 15 BOLSA 100UN KHOR
RENAC,146532,146543,54,0.00071,0.3273,0.6506,300.531,CODO 90° FUSION PPR 20MM CCS,TEE FUSION PPR 20MM CCS
CONCE,110307,133926,54,0.00059,0.1224,0.0346,7.16,"TAPACANTO PVC BLANCO 22X0,45MM  RO 50MT",TAPA SOBERBIO ADHES 12MM BLANCO MATE SET 50 UN
CONCE,95627,98235,54,0.00059,0.0844,0.1856,26.45,TORNILLO VOLCANITA PTA AGUJA 1.5/8X6 ZINC R.GR 100,TORNILLO VOLCANITA PTA AGUJA 1X6 ZINC R.GR  100UN
TEMUC,72803,95091,54,0.00467,0.5684,0.104,12.666,PLANCHA MDF 4MM 1.52 X 2.44,TERCIADO EUCALIPTUS ROSADO 3MM 1.62 X 2.20
VESPU,139402,16408,54,0.00133,0.375,0.4,112.644,SOPORTE BARRA REDONDO BLANCO BOLSA 10 UN.,BARRA CLOSET PLASTICA 1MT.BLANCA UNID
RENAC,100648,79364,54,0.00071,0.2647,0.3462,129.329,GANCHO TRADICIONAL P25 BLANCO,TUBO BAJADA D 80X3MT (3) P25 BLANCO
MAIPU,133926,143601,54,0.0011,0.044,0.132,5.286,TAPA SOBERBIO ADHES 12MM BLANCO MATE SET 50 UN,SOPORTE BARRA OVALADA CROMADO 2 UND KUTZ
HUECH,100667,100669,54,0.00057,0.5,0.5094,449.373,TAPA CANALETA UNIV (10) P25 MARRON,UNION CANALETA (10) P25 MARRON
HUECH,100640,100651,54,0.00057,0.4186,0.6353,469.167,CANALETA LARGO 4 MT (10) P25 BLANCO,TAPA CANALETA UNIV (10) P25 BLANCO
HUECH,21740,72272,54,0.00057,0.3354,0.1869,110.564,TORNILLO AGLOMERADO 3.5 X 40 100 UNIDADES,TORNILLO AGLOMERADO 3.5 X 25 100 UNIDADES
CONCE,133926,150968,54,0.00059,0.0346,0.0956,5.589,TAPA SOBERBIO ADHES 12MM BLANCO MATE SET 50 UN,BISAG. 35 RECTA C/SUAVE-CLIP-2UNDS KHOR
VESPU,110307,115847,54,0.00133,0.0878,0.0459,3.028,"TAPACANTO PVC BLANCO 22X0,45MM  RO 50MT",MELAMINA BLANCA VESTO 18MM 2.50 X 1.83
VESPU,126115,131026,54,0.00133,0.0548,0.0561,2.311,BISAG. 35 RECTA CLIP C/SUAVE-TORN -2UNDS KUTZ,"TAPACANTO PVC BLANCO 22X0,45MM RO 25MT"
MAIPU,126115,150435,54,0.0011,0.036,0.1922,6.297,BISAG. 35 RECTA CLIP C/SUAVE-TORN -2UNDS KUTZ,SISTEMA PUSH MECANICO 30N PARA PUERTA KUTZ
RENAC,6083,6107,54,0.00071,0.2983,0.2278,95.945,TERMINAL SO HE BRONCE 1/2,CODO SO SO BRONCE 1/2
RENAC,100663,95255,54,0.00071,0.5143,0.675,489.973,GANCHO TRADICIONAL  P25 MARRON,CANALETA LARGO 4 MT (10) P25 MARRON
RENAC,128645,95628,54,0.00071,0.0506,0.0804,5.735,ESCUADRA PLASTICA BLANCA 50UNDS,TORNILLO VOLCANITA PTA AGUJA 2X6 ZINC R.GR 100UN
CONCE,5530,5531,54,0.00059,0.0752,0.2769,35.183,LIJA MADERA GRANO 120 PLIEGO,LIJA MADERA GRANO 150 PLIEGO
HUECH,22960,5620,54,0.00057,0.0909,0.059,9.455,PINO BRUTO 2 X 2 X 3.20 MTS.,YESO-CARTON 10MM 2.4MT X 1.2MT
HUECH,125832,133926,54,0.00057,0.0598,0.0325,3.43,BISAG. 35 RECTA C/SUAVE-3D-CLIP-TORN -2UNDS KUTZ,TAPA SOBERBIO ADHES 12MM BLANCO MATE SET 50 UN
RENAC,131026,133926,54,0.00071,0.0816,0.0439,5.059,"TAPACANTO PVC BLANCO 22X0,45MM RO 25MT",TAPA SOBERBIO ADHES 12MM BLANCO MATE SET 50 UN
RENAC,138144,34532,54,0.00071,0.1132,0.27,43.142,RODILLO CONDOR CORTA GOTAS 18 CM,BANDEJA LIZCAL PINTURA UNID
HUECH,100654,93706,54,0.00057,0.3885,0.4655,319.053,BAJADA CEMENTAR (10) P25 MARRON,TUBO BAJADA D 80X3MT (3) P25 MARRON
PMONT,115847,131026,54,0.00084,0.1561,0.0515,9.532,MELAMINA BLANCA VESTO 18MM 2.50 X 1.83,"TAPACANTO PVC BLANCO 22X0,45MM RO 25MT"
RANCA,100124,138591,54,0.0011,0.1151,0.3649,38.106,MONTAJE AFIX 370 GR. ARTECOLA CART,MOLDURA POLIEST F 30X35MM TIRA 2MTS NOMASTYL
SEREN,417,554,54,0.00108,0.2842,0.2547,67.259,RIEL GALVANIZADO DUCASSE U-20 TIRA 2.00MTS,CORREDERA DUCASSE D7-D14 SIMPLE CON POLIN
CONCE,126115,126117,54,0.00059,0.0327,0.2687,14.862,BISAG. 35 RECTA CLIP C/SUAVE-TORN -2UNDS KUTZ,BISAG. 35 CURVA C/SUAVE-CLIP-TORN -2UNDS KUTZ
MAIPU,32823,90040,53,0.00108,0.0394,0.0938,3.426,TORNILLO AGLOMERADO 3.5 X 15 100 UNIDADES,PERILLA METALICA CILIND. 23X20MM NIQUEL SATIN
HUECH,6736,6737,53,0.00056,0.0798,0.2611,37.459,TARUGO PLASTICO 6MM   100 UNIDADES,TARUGO PLASTICO 8MM   100 UNIDADES
CONCE,5530,85373,53,0.00058,0.0738,0.144,18.298,LIJA MADERA GRANO 120 PLIEGO,YESO CORRIENTE BOLSA 1KG.
CONCE,102517,143432,53,0.00058,0.1145,0.3897,76.781,BARRA CLOSET OVALADA CROMADA 3MTS KUTZ,SOPORTE BARRA METALICO OVALADA CROMADO 2 UNI DVP
CONCE,150062,32823,53,0.00058,0.0898,0.0514,7.94,BISAG. 35 RECTA C/SUAVE INSEPARABLE S/TOR-2UN KHOR,TORNILLO AGLOMERADO 3.5 X 15 100 UNIDADES
HUECH,137934,5530,53,0.00056,0.1299,0.0691,16.135,RODILLO LIZCAL ANTIGOTA TERMOFUSIONADO 18 CM UNI,LIJA MADERA GRANO 120 PLIEGO
HUECH,5260,5530,53,0.00056,0.1611,0.0691,20.009,PASTA MURO F-15 TAJAMAR GL,LIJA MADERA GRANO 120 PLIEGO
RENAC,100640,100653,53,0.0007,0.3046,0.4046,177.22,CANALETA LARGO 4 MT (10) P25 BLANCO,UNION CANALETA (10) P25 BLANCO
MAIPU,74908,75166,53,0.00108,0.3376,0.5408,169.21,PINO SECO CEPILLADO 2 X 4 X 3.20 MTS.,PINO BRUTO SECO 1 X 2 X 3.20
VESPU,110307,114693,53,0.00131,0.0862,0.0953,6.285,"TAPACANTO PVC BLANCO 22X0,45MM  RO 50MT",SOBERBIO 3 16 X 2 100UNDS A.SCREW
RANCA,126115,140802,53,0.00108,0.0541,0.219,10.958,BISAG. 35 RECTA CLIP C/SUAVE-TORN -2UNDS KUTZ,BISAG. 35 165º CLIP / CIERRE SUAVE 2UNDS  KUTZ
HUECH,146532,146577,53,0.00056,0.276,0.4818,239.07,CODO 90° FUSION PPR 20MM CCS,CODO 90 TRANS HE FUSION PPR 20X1/2 CCS
RANCA,133926,74236,53,0.00108,0.0577,0.1563,8.333,TAPA SOBERBIO ADHES 12MM BLANCO MATE SET 50 UN,"TAPACANTO ENCOLADO BLANCO 22X0,45MM RO 25 MT"
VALPA,128176,138144,53,0.00197,0.25,0.1672,21.195,BROCHA WESSER ECO VERDE 3 PULGADA UN (C.C),RODILLO CONDOR CORTA GOTAS 18 CM
RANCA,115846,130966,53,0.00108,0.0246,0.1677,3.818,MELAMINA BLANCA VESTO 15MM 2.50 X 1.83,"TAPACANTO PVC BLANCO 22X0,45MM RO 100MT"
RANCA,125036,32823,53,0.00108,0.1147,0.055,5.829,TELESCOPICA H45-STD 40KG 450MM ZINCADO KUTZ,TORNILLO AGLOMERADO 3.5 X 15 100 UNIDADES
HUECH,100640,100653,53,0.00056,0.4109,0.5889,434.897,CANALETA LARGO 4 MT (10) P25 BLANCO,UNION CANALETA (10) P25 BLANCO
MAIPU,100654,100663,53,0.00108,0.7361,0.6023,410.901,BAJADA CEMENTAR (10) P25 MARRON,GANCHO TRADICIONAL  P25 MARRON
HUECH,126037,138144,53,0.00056,0.0658,0.1312,15.506,CINTA ENMASCARAR ESTÁNDAR TESA 48MMX40M,RODILLO CONDOR CORTA GOTAS 18 CM
MAIPU,131026,32823,53,0.00108,0.0616,0.0394,2.251,"TAPACANTO PVC BLANCO 22X0,45MM RO 25MT",TORNILLO AGLOMERADO 3.5 X 15 100 UNIDADES
VALPA,126115,128645,53,0.00197,0.0625,0.1286,4.077,BISAG. 35 RECTA CLIP C/SUAVE-TORN -2UNDS KUTZ,ESCUADRA PLASTICA BLANCA 50UNDS
MAIPU,126115,5294,53,0.00108,0.0354,0.1636,5.36,BISAG. 35 RECTA CLIP C/SUAVE-TORN -2UNDS KUTZ,ADHES. CONTACTO AGOREX 60 HENKEL 1 LT.
PMONT,125029,149973,53,0.00083,0.1485,0.2746,49.28,TELESCOPICA H35-STD 25KG 250MM ZINCADO KUTZ,TORN.VOLCANITA PTA AGUJA 1 1/4X6 ZINC RG 100U KHOR
MAIPU,102517,128645,53,0.00108,0.1167,0.0815,8.822,BARRA CLOSET OVALADA CROMADA 3MTS KUTZ,ESCUADRA PLASTICA BLANCA 50UNDS
PMONT,125029,130509,53,0.00083,0.1485,0.2663,47.794,TELESCOPICA H35-STD 25KG 250MM ZINCADO KUTZ,BISAG. 35  RECTA - 50UNDS  KHOR
HUECH,126115,130966,53,0.00056,0.0256,0.0991,4.564,BISAG. 35 RECTA CLIP C/SUAVE-TORN -2UNDS KUTZ,"TAPACANTO PVC BLANCO 22X0,45MM RO 100MT"
HUECH,116983,83297,53,0.00056,0.1021,0.121,22.211,TORNILLO LENTEJA 8 X 1/2 PTA BROCA (CJ-100UND),TAB. ESTRUCTURAL C 2X3X8X0.85X6MT 60X38
HUECH,126115,5294,53,0.00056,0.0256,0.1132,5.217,BISAG. 35 RECTA CLIP C/SUAVE-TORN -2UNDS KUTZ,ADHES. CONTACTO AGOREX 60 HENKEL 1 LT.
HUECH,126036,126037,53,0.00056,0.1082,0.0658,12.785,CINTA ENMASCARAR ESTÁNDAR TESA 24MMX40M,CINTA ENMASCARAR ESTÁNDAR TESA 48MMX40M
CONCE,133629,133630,53,0.00058,0.2849,0.4417,216.611,ARENA GRUESA SACO 25 K,GRAVILLA SACO 25 K
HUECH,72328,72712,53,0.00056,0.1011,0.1963,35.688,PLANCHA MDF  9MM 1.52 X 2.44,PLANCHA MDF 500 12MM 1.52 X 2.44
HUECH,128645,143258,53,0.00056,0.0442,0.0797,6.333,ESCUADRA PLASTICA BLANCA 50UNDS,BOLSA VEGETAL 45X40X12 KUTZ
RENAC,146522,146525,53,0.0007,0.288,0.4046,167.589,TUBO FUSION PPR 20MM X 3MT PN-16,COPLA SIMPLE FUSION PPR 20MM CCS
HUECH,10474,79038,52,0.00055,0.2441,0.0874,39.089,HUAIPE SEDA BLANCO 1RA 1 KILO,DILUYENTE DP-100 DILOX 5 LTS.
HUECH,22960,76850,52,0.00055,0.0875,0.1486,23.828,PINO BRUTO 2 X 2 X 3.20 MTS.,PINO BRUTO 1 X 4 X 3.20 MTS.
VESPU,114693,5294,52,0.00128,0.0935,0.1337,9.75,SOBERBIO 3 16 X 2 100UNDS A.SCREW,ADHES. CONTACTO AGOREX 60 HENKEL 1 LT.
TALCA,125055,125056,52,0.00131,0.1229,0.1444,13.571,TELESCOPICA H45-CS 30KG 450MM ZINCADO KUTZ,TELESCOPICA H45-CS 30KG 500MM ZINCADO KUTZ
CONCE,92282,93706,52,0.00057,0.5149,0.486,438.933,ABRAZADERA TUBO 80 (10) P25 MARRON,TUBO BAJADA D 80X3MT (3) P25 MARRON
PMONT,128645,137182,52,0.00081,0.0461,0.2694,15.316,ESCUADRA PLASTICA BLANCA 50UNDS,SOPORTE REPISA FIJO BLANCO BOLSA 50 UN
HUECH,126115,143601,52,0.00055,0.0251,0.088,4.053,BISAG. 35 RECTA CLIP C/SUAVE-TORN -2UNDS KUTZ,SOPORTE BARRA OVALADA CROMADO 2 UND KUTZ
HUECH,133806,5203,52,0.00055,0.1461,0.1503,40.218,LATEX EXTRACUBRIENTE SIPA BLANCO 4 GL,RODILLO LIZCAL CHIPORRO NATURAL 18CM UNI
MAIPU,103742,126432,52,0.00106,0.1323,0.13,16.249,TIRADOR MET. MADRID AC/INOX  96X12MM TUBULAR KUTZ,BISAG. 35  RECTA C/TORN - 2UNDS KUTZ
MAIPU,100663,100667,52,0.00106,0.5909,0.7222,403.148,GANCHO TRADICIONAL  P25 MARRON,TAPA CANALETA UNIV (10) P25 MARRON
HUECH,22960,76838,52,0.00055,0.0875,0.1229,19.716,PINO BRUTO 2 X 2 X 3.20 MTS.,TAPA PINO 1 X 4 X 3.20 MT
VALPA,100648,100653,52,0.00193,0.3969,0.5652,115.956,GANCHO TRADICIONAL P25 BLANCO,UNION CANALETA (10) P25 BLANCO
VESPU,131026,98014,52,0.00128,0.0541,0.1224,5.158,"TAPACANTO PVC BLANCO 22X0,45MM RO 25MT",ADHES. CONTACTO AFIX PREN ARTECOLA 1/4 GLN.
RENAC,22960,5620,52,0.00068,0.094,0.09,12.4,PINO BRUTO 2 X 2 X 3.20 MTS.,YESO-CARTON 10MM 2.4MT X 1.2MT
VESPU,71161,76742,52,0.00128,0.416,0.4727,153.36,LAM. RECTA F6 GRANITO 3012 BR 122 X 306,LAM. RECTA F6 GRANITO KOMBI 0670 BR 122 X 306
SEREN,126115,150001,52,0.00104,0.0394,0.1705,6.485,BISAG. 35 RECTA CLIP C/SUAVE-TORN -2UNDS KUTZ,SOBERBIO 3 16 X 2 - BOLSA 100UN KHOR
RENAC,32823,72272,52,0.00068,0.0332,0.3611,17.587,TORNILLO AGLOMERADO 3.5 X 15 100 UNIDADES,TORNILLO AGLOMERADO 3.5 X 25 100 UNIDADES
HUECH,83297,87336,52,0.00055,0.1187,0.2811,61.136,TAB. ESTRUCTURAL C 2X3X8X0.85X6MT 60X38,TABIGAL ESTRUCTURAL OMEGA 38X35X15X8X0.85X 6MT
TEMUC,74902,74903,52,0.0045,0.1799,0.3333,13.339,PINO SECO CEPILLADO 1 X 5 X 3.20 MTS,PINO SECO CEPILLADO 1 X 6 X 3.20 MTS.
TEMUC,74900,74903,52,0.0045,0.1857,0.3333,13.768,PINO SECO CEPILLADO 1 X 2 X 3.20 MTS.,PINO SECO CEPILLADO 1 X 6 X 3.20 MTS.
CONCE,114693,125036,52,0.00057,0.1123,0.0756,14.891,SOBERBIO 3 16 X 2 100UNDS A.SCREW,TELESCOPICA H45-STD 40KG 450MM ZINCADO KUTZ
HUECH,11080,128645,52,0.00055,0.159,0.0434,12.635,TARUGO PARA VOLCANITA 100 UNIDADES,ESCUADRA PLASTICA BLANCA 50UNDS
MAIPU,126115,79039,52,0.00106,0.0347,0.1402,4.593,BISAG. 35 RECTA CLIP C/SUAVE-TORN -2UNDS KUTZ,DILUYENTE DP-100 DILOX 1 LT.
CONCE,122563,144301,52,0.00057,0.0218,0.3537,13.513,MELAMINA BLANCA CLASICA 15MM 1.83 X 2.50 MASISA,MELAMINA TORI SW 15MM 1.83 X 2.50 VESTO
RENAC,115846,115847,52,0.00068,0.0361,0.1409,7.459,MELAMINA BLANCA VESTO 15MM 2.50 X 1.83,MELAMINA BLANCA VESTO 18MM 2.50 X 1.83
TALCA,115846,115847,52,0.00131,0.0331,0.1625,4.116,MELAMINA BLANCA VESTO 15MM 2.50 X 1.83,MELAMINA BLANCA VESTO 18MM 2.50 X 1.83
MAIPU,102517,32823,52,0.00106,0.1145,0.0387,4.183,BARRA CLOSET OVALADA CROMADA 3MTS KUTZ,TORNILLO AGLOMERADO 3.5 X 15 100 UNIDADES
RANCA,126433,133926,52,0.00106,0.1398,0.0566,7.45,BISAG. 35  RECTA SIN TORNILLOS - 10UNDS KUTZ,TAPA SOBERBIO ADHES 12MM BLANCO MATE SET 50 UN
TALCA,134039,5530,52,0.00131,0.194,0.2088,30.968,PASTA MURO F-15 TAJAMAR TI,LIJA MADERA GRANO 120 PLIEGO
MAIPU,130966,32823,52,0.00106,0.1253,0.0387,4.576,"TAPACANTO PVC BLANCO 22X0,45MM RO 100MT",TORNILLO AGLOMERADO 3.5 X 15 100 UNIDADES
HUECH,114693,72273,52,0.00055,0.0605,0.1008,11.176,SOBERBIO 3 16 X 2 100UNDS A.SCREW,TORNILLO AGLOMERADO 4 X 15 CAJA 100 UN
RANCA,102517,143432,51,0.00104,0.1162,0.5795,64.664,BARRA CLOSET OVALADA CROMADA 3MTS KUTZ,SOPORTE BARRA METALICO OVALADA CROMADO 2 UNI DVP
HUECH,417,554,51,0.00054,0.244,0.2107,96.062,RIEL GALVANIZADO DUCASSE U-20 TIRA 2.00MTS,CORREDERA DUCASSE D7-D14 SIMPLE CON POLIN
RENAC,126037,138144,51,0.00067,0.1039,0.1069,16.597,CINTA ENMASCARAR ESTÁNDAR TESA 48MMX40M,RODILLO CONDOR CORTA GOTAS 18 CM
RANCA,110307,32823,51,0.00104,0.1056,0.0529,5.365,"TAPACANTO PVC BLANCO 22X0,45MM  RO 50MT",TORNILLO AGLOMERADO 3.5 X 15 100 UNIDADES
PMONT,128645,139309,51,0.0008,0.0453,0.1238,7.037,ESCUADRA PLASTICA BLANCA 50UNDS,BISAG. 35 RECTA C/SUAVE-CLIP 10UNDS KUTZ
VESPU,110307,128645,51,0.00126,0.0829,0.0648,4.273,"TAPACANTO PVC BLANCO 22X0,45MM  RO 50MT",ESCUADRA PLASTICA BLANCA 50UNDS
RENAC,130966,133926,51,0.00067,0.1629,0.0415,10.105,"TAPACANTO PVC BLANCO 22X0,45MM RO 100MT",TAPA SOBERBIO ADHES 12MM BLANCO MATE SET 50 UN
MAIPU,126115,74236,51,0.00104,0.034,0.0893,2.927,BISAG. 35 RECTA CLIP C/SUAVE-TORN -2UNDS KUTZ,"TAPACANTO ENCOLADO BLANCO 22X0,45MM RO 25 MT"
MAIPU,118607,32823,51,0.00104,0.2757,0.0379,10.068,SOBERBIO 3 16 X 2 - 100UNDS PATTA,TORNILLO AGLOMERADO 3.5 X 15 100 UNIDADES
RANCA,110307,133926,51,0.00104,0.1056,0.0555,5.628,"TAPACANTO PVC BLANCO 22X0,45MM  RO 50MT",TAPA SOBERBIO ADHES 12MM BLANCO MATE SET 50 UN
RENAC,125832,128645,51,0.00067,0.0738,0.0478,5.267,BISAG. 35 RECTA C/SUAVE-3D-CLIP-TORN -2UNDS KUTZ,ESCUADRA PLASTICA BLANCA 50UNDS
MAIPU,125055,133926,51,0.00104,0.1232,0.0416,4.932,TELESCOPICA H45-CS 30KG 450MM ZINCADO KUTZ,TAPA SOBERBIO ADHES 12MM BLANCO MATE SET 50 UN
RENAC,125036,133926,51,0.00067,0.1301,0.0415,8.068,TELESCOPICA H45-STD 40KG 450MM ZINCADO KUTZ,TAPA SOBERBIO ADHES 12MM BLANCO MATE SET 50 UN
HUECH,126115,150435,51,0.00054,0.0247,0.1259,5.801,BISAG. 35 RECTA CLIP C/SUAVE-TORN -2UNDS KUTZ,SISTEMA PUSH MECANICO 30N PARA PUERTA KUTZ
HUECH,128645,74236,51,0.00054,0.0425,0.1325,10.525,ESCUADRA PLASTICA BLANCA 50UNDS,"TAPACANTO ENCOLADO BLANCO 22X0,45MM RO 25 MT"
CONCE,100654,100663,51,0.00056,0.6296,0.4679,526.936,BAJADA CEMENTAR (10) P25 MARRON,GANCHO TRADICIONAL  P25 MARRON
HUECH,146562,152639,51,0.00054,0.15,0.4554,127.59,CODO PVC SANITARIO GRIS 50MM,TUBO PVC GRIS 50 MM X 1MT
RANCA,102517,133926,51,0.00104,0.1162,0.0555,6.192,BARRA CLOSET OVALADA CROMADA 3MTS KUTZ,TAPA SOBERBIO ADHES 12MM BLANCO MATE SET 50 UN
CONCE,125036,126433,51,0.00056,0.0741,0.0853,11.308,TELESCOPICA H45-STD 40KG 450MM ZINCADO KUTZ,BISAG. 35  RECTA SIN TORNILLOS - 10UNDS KUTZ
PMONT,103743,128645,51,0.0008,0.0929,0.0453,5.281,TIRADOR MET. MADRID AC/INOX 128X12MM TUBULAR KUTZ,ESCUADRA PLASTICA BLANCA 50UNDS
MAIPU,103742,32823,51,0.00104,0.1298,0.0379,4.739,TIRADOR MET. MADRID AC/INOX  96X12MM TUBULAR KUTZ,TORNILLO AGLOMERADO 3.5 X 15 100 UNIDADES
TALCA,95625,95628,51,0.00128,0.1536,0.1214,14.536,TORNILLO VOLCANITA PTA AGUJA 1 1/4X6 ZINC R.GR 100,TORNILLO VOLCANITA PTA AGUJA 2X6 ZINC R.GR 100UN
MAIPU,100654,100667,51,0.00104,0.7083,0.7083,483.26,BAJADA CEMENTAR (10) P25 MARRON,TAPA CANALETA UNIV (10) P25 MARRON
HUECH,133926,149983,51,0.00054,0.0307,0.0955,5.478,TAPA SOBERBIO ADHES 12MM BLANCO MATE SET 50 UN,TORNILLO AGLOMERADO 3.5 X 15 BALDE 500UN KHOR
HUECH,22353,72272,51,0.00054,0.3469,0.1765,114.366,TORNILLO AGLOMERADO 3.5 X 45 100 UNIDADES,TORNILLO AGLOMERADO 3.5 X 25 100 UNIDADES
SEREN,103742,32823,51,0.00102,0.1584,0.0545,8.49,TIRADOR MET. MADRID AC/INOX  96X12MM TUBULAR KUTZ,TORNILLO AGLOMERADO 3.5 X 15 100 UNIDADES
HUECH,5620,81536,51,0.00054,0.0557,0.1848,19.218,YESO-CARTON 10MM 2.4MT X 1.2MT,ESQUINERO VOLCANITA 30X30X2.4MT
VESPU,128648,133926,51,0.00126,0.1729,0.0449,6.166,SOPORTE REPISA PLASTICO/METAL BLANCO 50UNID,TAPA SOBERBIO ADHES 12MM BLANCO MATE SET 50 UN
HUECH,125035,126115,51,0.00054,0.1364,0.0247,6.282,TELESCOPICA H45-STD 40KG 400MM ZINCADO KUTZ,BISAG. 35 RECTA CLIP C/SUAVE-TORN -2UNDS KUTZ
MAIPU,100654,95255,51,0.00104,0.7083,0.6711,457.826,BAJADA CEMENTAR (10) P25 MARRON,CANALETA LARGO 4 MT (10) P25 MARRON
HUECH,137411,83297,51,0.00054,0.2394,0.1164,52.079,TAB. CANAL ESTRUCTURAL U 2X3X0.85X3MT 62X25,TAB. ESTRUCTURAL C 2X3X8X0.85X6MT 60X38
RANCA,128645,95628,51,0.00104,0.0863,0.0774,6.414,ESCUADRA PLASTICA BLANCA 50UNDS,TORNILLO VOLCANITA PTA AGUJA 2X6 ZINC R.GR 100UN
RENAC,139685,98920,51,0.00067,0.4215,0.1624,102.309,CURVA CONDUIT 90º 20MM 10UN,TUBO CONDUIT PVC  20MM  TIRA 3MT
SEREN,142092,16408,51,0.00102,0.4397,0.2189,94.667,SOPORTE BARRA REDONDO BLANCO BOLSA 2 UN.,BARRA CLOSET PLASTICA 1MT.BLANCA UNID
TEMUC,74906,76860,51,0.00441,0.2948,0.2024,13.529,PINO SECO CEPILLADO 2 X 2 X 3.20 MTS.,PINO SECO CEPILLADO 1 X 3 X 3.20 MTS.
MAIPU,1205,133926,51,0.00104,0.031,0.0416,1.24,"DUROLAC UNICOLOR BLANCO 2,8MM 1.52 X 2.44",TAPA SOBERBIO ADHES 12MM BLANCO MATE SET 50 UN
TALCA,125035,125036,51,0.00128,0.1232,0.0922,8.853,TELESCOPICA H45-STD 40KG 400MM ZINCADO KUTZ,TELESCOPICA H45-STD 40KG 450MM ZINCADO KUTZ
VALPA,128174,138144,51,0.0019,0.2629,0.1609,22.287,BROCHA WESSER ECO VERDE 2 PULGADA UN (C.C),RODILLO CONDOR CORTA GOTAS 18 CM
HUECH,100639,100651,51,0.00054,0.3864,0.6,433.032,BAJADA CEMENTAR (10) P25 BLANCO,TAPA CANALETA UNIV (10) P25 BLANCO
PMONT,103743,32823,50,0.00078,0.0911,0.0489,5.709,TIRADOR MET. MADRID AC/INOX 128X12MM TUBULAR KUTZ,TORNILLO AGLOMERADO 3.5 X 15 100 UNIDADES
PMONT,5529,5530,50,0.00078,0.2137,0.1362,37.3,LIJA MADERA GRANO 100 PLIEGO,LIJA MADERA GRANO 120 PLIEGO
HUECH,137411,5620,50,0.00052,0.2347,0.0546,24.414,TAB. CANAL ESTRUCTURAL U 2X3X0.85X3MT 62X25,YESO-CARTON 10MM 2.4MT X 1.2MT
TALCA,102517,149983,50,0.00126,0.0992,0.0702,5.537,BARRA CLOSET OVALADA CROMADA 3MTS KUTZ,TORNILLO AGLOMERADO 3.5 X 15 BALDE 500UN KHOR
MAIPU,32822,32823,50,0.00102,0.3425,0.0372,12.508,TORNILLO AGLOMERADO 3.5 X 20 100 UNIDADES,TORNILLO AGLOMERADO 3.5 X 15 100 UNIDADES
HUECH,33903,5620,50,0.00052,0.2703,0.0546,28.109,TAB. MONTANTE NORMAL 60X38X6X0.5X2.4MT,YESO-CARTON 10MM 2.4MT X 1.2MT
HUECH,149973,149978,50,0.00052,0.1953,0.1208,44.944,TORN.VOLCANITA PTA AGUJA 1 1/4X6 ZINC RG 100U KHOR,TORN.VOLCANITA PTA AGUJA 2X6 ZINC RG 100UN KHOR
HUECH,19869,5620,50,0.00052,0.2193,0.0546,22.808,TAB. MONTANTE NORMAL 60X38X6X0.5X3.0MT,YESO-CARTON 10MM 2.4MT X 1.2MT
HUECH,72754,76615,50,0.00052,0.0988,0.1548,29.145,PLANCHA MDF 3MM 1.52 X 2.44,PLANCHA MDF 5.5MM 1.52 X 2.44
MAIPU,125031,32823,50,0.00102,0.1748,0.0372,6.385,TELESCOPICA H35-STD 25KG 400MM ZINCADO KUTZ,TORNILLO AGLOMERADO 3.5 X 15 100 UNIDADES
RANCA,100124,95847,50,0.00102,0.1066,0.1429,14.92,MONTAJE AFIX 370 GR. ARTECOLA CART,SELLADOR ACRILICO PINTABLE BLANCO SOUDAL 300 ML.
HUECH,93706,95255,50,0.00052,0.431,0.3623,297.561,TUBO BAJADA D 80X3MT (3) P25 MARRON,CANALETA LARGO 4 MT (10) P25 MARRON
VESPU,126433,32823,50,0.00123,0.1152,0.096,8.967,BISAG. 35  RECTA SIN TORNILLOS - 10UNDS KUTZ,TORNILLO AGLOMERADO 3.5 X 15 100 UNIDADES
TALCA,143601,149983,50,0.00126,0.1188,0.0702,6.629,SOPORTE BARRA OVALADA CROMADO 2 UND KUTZ,TORNILLO AGLOMERADO 3.5 X 15 BALDE 500UN KHOR
TALCA,102517,125036,50,0.00126,0.0992,0.0904,7.13,BARRA CLOSET OVALADA CROMADA 3MTS KUTZ,TELESCOPICA H45-STD 40KG 450MM ZINCADO KUTZ
HUECH,115846,72714,50,0.00052,0.0231,0.0909,3.997,MELAMINA BLANCA VESTO 15MM 2.50 X 1.83,PLANCHA MDF 500 18MM 1.52 X 2.44
SEREN,125050,126115,50,0.001,0.2222,0.0379,8.453,TELESCOPICA H35-CS 25KG 450MM ZINCADO KUTZ,BISAG. 35 RECTA CLIP C/SUAVE-TORN -2UNDS KUTZ
SEREN,126115,126178,50,0.001,0.0379,0.2016,7.669,BISAG. 35 RECTA CLIP C/SUAVE-TORN -2UNDS KUTZ,BOMBIN NEUMATICO 60N - 1 UNID KUTZ
RENAC,125056,139309,50,0.00066,0.1502,0.0752,17.209,TELESCOPICA H45-CS 30KG 500MM ZINCADO KUTZ,BISAG. 35 RECTA C/SUAVE-CLIP 10UNDS KUTZ
CONCE,122563,132618,50,0.00055,0.0209,0.4274,16.325,MELAMINA BLANCA CLASICA 15MM 1.83 X 2.50 MASISA,"MELAMINA ESPRESSO 15MM 1,83 X 2,50 VESTO"
RENAC,146540,146606,50,0.00066,0.1672,0.3623,92.359,CODO PVC SANITARIO GRIS 110MM,TEE PVC SANITARIO GRIS 110X110MM
RANCA,95625,98235,50,0.00102,0.1166,0.1812,20.684,TORNILLO VOLCANITA PTA AGUJA 1 1/4X6 ZINC R.GR 100,TORNILLO VOLCANITA PTA AGUJA 1X6 ZINC R.GR  100UN
MAIPU,133926,90040,50,0.00102,0.0407,0.0885,3.543,TAPA SOBERBIO ADHES 12MM BLANCO MATE SET 50 UN,PERILLA METALICA CILIND. 23X20MM NIQUEL SATIN
MAIPU,114693,130966,50,0.00102,0.0571,0.1205,6.756,SOBERBIO 3 16 X 2 100UNDS A.SCREW,"TAPACANTO PVC BLANCO 22X0,45MM RO 100MT"
HUECH,72328,72714,50,0.00052,0.0954,0.0909,16.528,PLANCHA MDF  9MM 1.52 X 2.44,PLANCHA MDF 500 18MM 1.52 X 2.44
CONCE,125031,133926,50,0.00055,0.069,0.0321,4.033,TELESCOPICA H35-STD 25KG 400MM ZINCADO KUTZ,TAPA SOBERBIO ADHES 12MM BLANCO MATE SET 50 UN
HUECH,146522,146543,50,0.00052,0.2381,0.4545,206.206,TUBO FUSION PPR 20MM X 3MT PN-16,TEE FUSION PPR 20MM CCS
HUECH,102517,126115,50,0.00052,0.0928,0.0242,4.273,BARRA CLOSET OVALADA CROMADA 3MTS KUTZ,BISAG. 35 RECTA CLIP C/SUAVE-TORN -2UNDS KUTZ
HUECH,3822,3824,50,0.00052,0.4505,0.8475,727.34,CUBIERTA 60X60 AR,MARCO 60X60 AR
PMONT,139309,32823,50,0.00078,0.1214,0.0489,7.608,BISAG. 35 RECTA C/SUAVE-CLIP 10UNDS KUTZ,TORNILLO AGLOMERADO 3.5 X 15 100 UNIDADES
RENAC,125054,32823,50,0.00066,0.165,0.0319,8.037,TELESCOPICA H45-CS 30KG 400MM ZINCADO KUTZ,TORNILLO AGLOMERADO 3.5 X 15 100 UNIDADES
PMONT,103743,126433,50,0.00078,0.0911,0.0914,10.667,TIRADOR MET. MADRID AC/INOX 128X12MM TUBULAR KUTZ,BISAG. 35  RECTA SIN TORNILLOS - 10UNDS KUTZ
VESPU,128645,128648,50,0.00123,0.0635,0.1695,8.733,ESCUADRA PLASTICA BLANCA 50UNDS,SOPORTE REPISA PLASTICO/METAL BLANCO 50UNID
MAIPU,126115,126117,50,0.00102,0.0334,0.2203,7.218,BISAG. 35 RECTA CLIP C/SUAVE-TORN -2UNDS KUTZ,BISAG. 35 CURVA C/SUAVE-CLIP-TORN -2UNDS KUTZ
HUECH,138144,5530,50,0.00052,0.1238,0.0652,15.372,RODILLO CONDOR CORTA GOTAS 18 CM,LIJA MADERA GRANO 120 PLIEGO
CONCE,122563,70003,50,0.00055,0.0209,0.3937,15.039,MELAMINA BLANCA CLASICA 15MM 1.83 X 2.50 MASISA,AGLOMERADO DESNUDO 15MM 1.52 X 2.42
HUECH,72328,72754,50,0.00052,0.0954,0.0988,17.965,PLANCHA MDF  9MM 1.52 X 2.44,PLANCHA MDF 3MM 1.52 X 2.44
SEREN,126115,72273,50,0.001,0.0379,0.1114,4.236,BISAG. 35 RECTA CLIP C/SUAVE-TORN -2UNDS KUTZ,TORNILLO AGLOMERADO 4 X 15 CAJA 100 UN
RENAC,125031,128645,50,0.00066,0.1171,0.0468,8.357,TELESCOPICA H35-STD 25KG 400MM ZINCADO KUTZ,ESCUADRA PLASTICA BLANCA 50UNDS
VESPU,112695,79039,50,0.00123,0.3597,0.108,31.506,HUAIPE SEDA BLANCO 1RA 1/2 KILO,DILUYENTE DP-100 DILOX 1 LT.
TALCA,122563,131026,50,0.00126,0.1109,0.0725,6.385,MELAMINA BLANCA CLASICA 15MM 1.83 X 2.50 MASISA,"TAPACANTO PVC BLANCO 22X0,45MM RO 25MT"
HUECH,21012,21740,50,0.00052,0.2242,0.3106,132.673,TORNILLO AGLOMERADO 3.5 X 30 100 UNIDADES,TORNILLO AGLOMERADO 3.5 X 40 100 UNIDADES
RENAC,125031,139309,50,0.00066,0.1171,0.0752,13.421,TELESCOPICA H35-STD 25KG 400MM ZINCADO KUTZ,BISAG. 35 RECTA C/SUAVE-CLIP 10UNDS KUTZ
HUECH,126037,126038,50,0.00052,0.062,0.3086,36.481,CINTA ENMASCARAR ESTÁNDAR TESA 48MMX40M,PROTECTOR PLASTICO PARA PINTAR 20 M2
TALCA,125056,133926,50,0.00126,0.1389,0.049,5.411,TELESCOPICA H45-CS 30KG 500MM ZINCADO KUTZ,TAPA SOBERBIO ADHES 12MM BLANCO MATE SET 50 UN
HUECH,126115,6736,50,0.00052,0.0242,0.0753,3.469,BISAG. 35 RECTA CLIP C/SUAVE-TORN -2UNDS KUTZ,TARUGO PLASTICO 6MM   100 UNIDADES
VALPA,126115,98235,50,0.00186,0.059,0.1075,3.408,BISAG. 35 RECTA CLIP C/SUAVE-TORN -2UNDS KUTZ,TORNILLO VOLCANITA PTA AGUJA 1X6 ZINC R.GR  100UN
MAIPU,100667,95255,50,0.00102,0.6944,0.6579,448.849,TAPA CANALETA UNIV (10) P25 MARRON,CANALETA LARGO 4 MT (10) P25 MARRON
PMONT,130966,5294,50,0.00078,0.1393,0.0752,13.418,"TAPACANTO PVC BLANCO 22X0,45MM RO 100MT",ADHES. CONTACTO AGOREX 60 HENKEL 1 LT.
CONCE,125036,32823,50,0.00055,0.0727,0.0484,6.424,TELESCOPICA H45-STD 40KG 450MM ZINCADO KUTZ,TORNILLO AGLOMERADO 3.5 X 15 100 UNIDADES
VALPA,116983,94478,49,0.00182,0.1667,0.245,22.396,TORNILLO LENTEJA 8 X 1/2 PTA BROCA (CJ-100UND),TORNILLO VOLCANITA PTA BROCA 1.1/4X6 ZINCADO 100UN
HUECH,87336,87998,49,0.00051,0.2649,0.1445,74.433,TABIGAL ESTRUCTURAL OMEGA 38X35X15X8X0.85X 6MT,TAB. CANAL ESTRUCTURAL U 2X3X0.85X6MT 62X25
VALPA,115847,131026,49,0.00182,0.239,0.0961,12.596,MELAMINA BLANCA VESTO 18MM 2.50 X 1.83,"TAPACANTO PVC BLANCO 22X0,45MM RO 25MT"
RENAC,125036,128645,49,0.00064,0.125,0.0459,8.921,TELESCOPICA H45-STD 40KG 450MM ZINCADO KUTZ,ESCUADRA PLASTICA BLANCA 50UNDS
TALCA,103743,32823,49,0.00123,0.0914,0.069,5.117,TIRADOR MET. MADRID AC/INOX 128X12MM TUBULAR KUTZ,TORNILLO AGLOMERADO 3.5 X 15 100 UNIDADES
HUECH,5203,92398,49,0.00051,0.1416,0.3101,85.39,RODILLO LIZCAL CHIPORRO NATURAL 18CM UNI,BROCHA LIZCAL MEDIA O STD 1/2 X 3 UNI
RENAC,123690,6107,49,0.00064,0.3798,0.2068,122.156,CAÑERIA COBRE M 1/2 X 3.0 MT AGUA,CODO SO SO BRONCE 1/2
MAIPU,126115,98014,49,0.001,0.0327,0.1485,4.866,BISAG. 35 RECTA CLIP C/SUAVE-TORN -2UNDS KUTZ,ADHES. CONTACTO AFIX PREN ARTECOLA 1/4 GLN.
VALPA,22960,5620,49,0.00182,0.1091,0.1148,6.869,PINO BRUTO 2 X 2 X 3.20 MTS.,YESO-CARTON 10MM 2.4MT X 1.2MT
CONCE,125031,126433,49,0.00054,0.0676,0.0819,10.31,TELESCOPICA H35-STD 25KG 400MM ZINCADO KUTZ,BISAG. 35  RECTA SIN TORNILLOS - 10UNDS KUTZ
HUECH,126037,5203,49,0.00051,0.0608,0.1416,16.739,CINTA ENMASCARAR ESTÁNDAR TESA 48MMX40M,RODILLO LIZCAL CHIPORRO NATURAL 18CM UNI
RANCA,125035,133926,49,0.001,0.1025,0.0533,5.464,TELESCOPICA H45-STD 40KG 400MM ZINCADO KUTZ,TAPA SOBERBIO ADHES 12MM BLANCO MATE SET 50 UN
HUECH,21740,32823,49,0.00051,0.3043,0.072,42.576,TORNILLO AGLOMERADO 3.5 X 40 100 UNIDADES,TORNILLO AGLOMERADO 3.5 X 15 100 UNIDADES
MAIPU,126115,126182,49,0.001,0.0327,0.205,6.719,BISAG. 35 RECTA CLIP C/SUAVE-TORN -2UNDS KUTZ,BOMBIN NEUMATICO 80N - 1 UNID
MAIPU,1205,128315,49,0.001,0.0298,0.1354,4.037,"DUROLAC UNICOLOR BLANCO 2,8MM 1.52 X 2.44","MELAMINA BLANCA 15MM 1,83 X 2,44 SWED"
PMONT,120413,124271,49,0.00076,0.0534,0.1412,9.865,CORTE MELAMINA 60CMX120CM,CORTE CHOLGUAN 60CMX120CM
CONCE,100654,95255,49,0.00054,0.6049,0.5568,627.087,BAJADA CEMENTAR (10) P25 MARRON,CANALETA LARGO 4 MT (10) P25 MARRON
TALCA,110307,1205,49,0.00123,0.1222,0.0524,5.188,"TAPACANTO PVC BLANCO 22X0,45MM  RO 50MT","DUROLAC UNICOLOR BLANCO 2,8MM 1.52 X 2.44"
RANCA,126116,32823,49,0.001,0.1145,0.0508,5.817,BISAG. 35 S/CURVA C/SUAVE-CLIP-TORN -2UNDS KUTZ,TORNILLO AGLOMERADO 3.5 X 15 100 UNIDADES
CONCE,126433,133926,49,0.00054,0.0819,0.0314,4.791,BISAG. 35  RECTA SIN TORNILLOS - 10UNDS KUTZ,TAPA SOBERBIO ADHES 12MM BLANCO MATE SET 50 UN
HUECH,128645,150062,49,0.00051,0.0409,0.0842,6.69,ESCUADRA PLASTICA BLANCA 50UNDS,BISAG. 35 RECTA C/SUAVE INSEPARABLE S/TOR-2UN KHOR
RENAC,5527,5528,49,0.00064,0.3427,0.142,75.7,LIJA MADERA GRANO 60 PLIEGO,LIJA MADERA GRANO 80 PLIEGO
SEREN,122563,131026,49,0.00098,0.13,0.0629,8.371,MELAMINA BLANCA CLASICA 15MM 1.83 X 2.50 MASISA,"TAPACANTO PVC BLANCO 22X0,45MM RO 25MT"
PMONT,128645,150001,49,0.00076,0.0435,0.1701,9.672,ESCUADRA PLASTICA BLANCA 50UNDS,SOBERBIO 3 16 X 2 - BOLSA 100UN KHOR
RENAC,32392,98920,49,0.00064,0.4336,0.1561,105.256,SALIDA CAJA CONDUIT 20MM,TUBO CONDUIT PVC  20MM  TIRA 3MT
MAIPU,125030,74236,49,0.001,0.1655,0.0858,14.241,TELESCOPICA H35-STD 25KG 350MM ZINCADO KUTZ,"TAPACANTO ENCOLADO BLANCO 22X0,45MM RO 25 MT"
TEMUC,72573,72714,49,0.00424,0.3858,0.1744,15.879,PLANCHA MDF 500 18MM 1.52 X 3.66,PLANCHA MDF 500 18MM 1.52 X 2.44
HUECH,20232,554,49,0.00051,0.3161,0.2025,124.449,RIEL GALVANIZADO DUCASSE U-20 TIRA 1.50MTS,CORREDERA DUCASSE D7-D14 SIMPLE CON POLIN
CONCE,126115,143258,49,0.00054,0.0297,0.0982,5.432,BISAG. 35 RECTA CLIP C/SUAVE-TORN -2UNDS KUTZ,BOLSA VEGETAL 45X40X12 KUTZ
CONCE,126115,95628,49,0.00054,0.0297,0.084,4.65,BISAG. 35 RECTA CLIP C/SUAVE-TORN -2UNDS KUTZ,TORNILLO VOLCANITA PTA AGUJA 2X6 ZINC R.GR 100UN
RENAC,125055,139309,49,0.00064,0.0916,0.0737,10.497,TELESCOPICA H45-CS 30KG 450MM ZINCADO KUTZ,BISAG. 35 RECTA C/SUAVE-CLIP 10UNDS KUTZ
MAIPU,32823,98014,49,0.001,0.0364,0.1485,5.423,TORNILLO AGLOMERADO 3.5 X 15 100 UNIDADES,ADHES. CONTACTO AFIX PREN ARTECOLA 1/4 GLN.
HUECH,128645,128648,49,0.00051,0.0409,0.1738,13.806,ESCUADRA PLASTICA BLANCA 50UNDS,SOPORTE REPISA PLASTICO/METAL BLANCO 50UNID
CONCE,1205,131026,49,0.00054,0.0271,0.059,2.973,"DUROLAC UNICOLOR BLANCO 2,8MM 1.52 X 2.44","TAPACANTO PVC BLANCO 22X0,45MM RO 25MT"
RANCA,133068,140721,49,0.001,0.35,0.2917,102.046,"MELAMINA NODO 15MM 1,83 X 2,50 VESTO","TAPACANTO PVC NODO  22X0,45MM RO 25 M"
SEREN,150002,150003,49,0.00098,0.1591,0.297,48.373,TORNILLO AGLOMERADO 3.5 X 15 BOLSA 100UN KHOR,TORNILLO AGLOMERADO 3.5 X 25 BOLSA 100UN KHOR
RENAC,32823,98235,49,0.00064,0.0313,0.2367,11.528,TORNILLO AGLOMERADO 3.5 X 15 100 UNIDADES,TORNILLO VOLCANITA PTA AGUJA 1X6 ZINC R.GR  100UN
RANCA,100654,95255,49,0.001,0.7206,0.6622,476.971,BAJADA CEMENTAR (10) P25 MARRON,CANALETA LARGO 4 MT (10) P25 MARRON
PMONT,71894,71910,49,0.00076,0.2059,0.1968,52.971,PINO GP22 GUARDAPOLVO RODON 70 X 3 MTS.,PINO CR2 1/4 RODON 20 X 20 X 3 MTS.
VESPU,114693,128645,49,0.00121,0.0881,0.0623,4.541,SOBERBIO 3 16 X 2 100UNDS A.SCREW,ESCUADRA PLASTICA BLANCA 50UNDS
SEREN,128315,131026,49,0.00098,0.1361,0.0629,8.766,"MELAMINA BLANCA 15MM 1,83 X 2,44 SWED","TAPACANTO PVC BLANCO 22X0,45MM RO 25MT"
RENAC,118607,126115,48,0.00063,0.1188,0.0529,9.973,SOBERBIO 3 16 X 2 - 100UNDS PATTA,BISAG. 35 RECTA CLIP C/SUAVE-TORN -2UNDS KUTZ
TEMUC,115866,124032,48,0.00415,0.3097,0.0665,4.96,MELAMINA WENGUE 15MM 2.50X1.83 VESTO,DUROLAC UNICOLOR BLANCO 3MM 1.83 X 2.50
MAIPU,32823,5294,48,0.00098,0.0357,0.1481,5.411,TORNILLO AGLOMERADO 3.5 X 15 100 UNIDADES,ADHES. CONTACTO AGOREX 60 HENKEL 1 LT.
TALCA,125055,133926,48,0.00121,0.1135,0.0471,4.421,TELESCOPICA H45-CS 30KG 450MM ZINCADO KUTZ,TAPA SOBERBIO ADHES 12MM BLANCO MATE SET 50 UN
MAIPU,125056,133926,48,0.00098,0.1495,0.0391,5.986,TELESCOPICA H45-CS 30KG 500MM ZINCADO KUTZ,TAPA SOBERBIO ADHES 12MM BLANCO MATE SET 50 UN
TALCA,118607,32823,48,0.00121,0.1486,0.0676,8.318,SOBERBIO 3 16 X 2 - 100UNDS PATTA,TORNILLO AGLOMERADO 3.5 X 15 100 UNIDADES
VALPA,5529,5530,48,0.00179,0.233,0.1702,22.206,LIJA MADERA GRANO 100 PLIEGO,LIJA MADERA GRANO 120 PLIEGO
TALCA,126115,126178,48,0.00121,0.0372,0.2152,6.631,BISAG. 35 RECTA CLIP C/SUAVE-TORN -2UNDS KUTZ,BOMBIN NEUMATICO 60N - 1 UNID KUTZ
CONCE,133630,133831,48,0.00053,0.4,0.0539,40.999,GRAVILLA SACO 25 K,CEMENTO BIO BIO SACO 25KG.
RANCA,1205,133926,48,0.00098,0.039,0.0522,2.08,"DUROLAC UNICOLOR BLANCO 2,8MM 1.52 X 2.44",TAPA SOBERBIO ADHES 12MM BLANCO MATE SET 50 UN
VALPA,100096,22960,48,0.00179,0.1348,0.1069,8.07,TORNILLO VOLCANITA PTA FINA R GR 3X8 ZINCA 100UNDS,PINO BRUTO 2 X 2 X 3.20 MTS.
MAIPU,32823,74789,48,0.00098,0.0357,0.25,9.13,TORNILLO AGLOMERADO 3.5 X 15 100 UNIDADES,TORNILLO AGLOMERADO 3.5 X 50 100 UNIDADES
MAIPU,133926,79039,48,0.00098,0.0391,0.1294,5.18,TAPA SOBERBIO ADHES 12MM BLANCO MATE SET 50 UN,DILUYENTE DP-100 DILOX 1 LT.
CONCE,133926,95627,48,0.00053,0.0308,0.075,4.386,TAPA SOBERBIO ADHES 12MM BLANCO MATE SET 50 UN,TORNILLO VOLCANITA PTA AGUJA 1.5/8X6 ZINC R.GR 100
RENAC,95625,95628,48,0.00063,0.1491,0.0714,16.907,TORNILLO VOLCANITA PTA AGUJA 1 1/4X6 ZINC R.GR 100,TORNILLO VOLCANITA PTA AGUJA 2X6 ZINC R.GR 100UN
PMONT,103742,126115,48,0.00075,0.0865,0.053,6.122,TIRADOR MET. MADRID AC/INOX  96X12MM TUBULAR KUTZ,BISAG. 35 RECTA CLIP C/SUAVE-TORN -2UNDS KUTZ
PMONT,126433,126434,48,0.00075,0.0878,0.1897,22.221,BISAG. 35  RECTA SIN TORNILLOS - 10UNDS KUTZ,BISAG. 35 S/CURVA C/TORN - 2UNDS KUTZ
CONCE,103742,125031,48,0.00053,0.0812,0.0662,10.219,TIRADOR MET. MADRID AC/INOX  96X12MM TUBULAR KUTZ,TELESCOPICA H35-STD 25KG 400MM ZINCADO KUTZ
RENAC,100654,100663,48,0.00063,0.5581,0.4571,405.146,BAJADA CEMENTAR (10) P25 MARRON,GANCHO TRADICIONAL  P25 MARRON
TEMUC,74902,74906,48,0.00415,0.1661,0.2775,11.103,PINO SECO CEPILLADO 1 X 5 X 3.20 MTS,PINO SECO CEPILLADO 2 X 2 X 3.20 MTS.
RENAC,143601,32823,48,0.00063,0.2008,0.0307,9.781,SOPORTE BARRA OVALADA CROMADO 2 UND KUTZ,TORNILLO AGLOMERADO 3.5 X 15 100 UNIDADES
RENAC,125036,126115,48,0.00063,0.1224,0.0529,10.278,TELESCOPICA H45-STD 40KG 450MM ZINCADO KUTZ,BISAG. 35 RECTA CLIP C/SUAVE-TORN -2UNDS KUTZ
RENAC,146562,98115,48,0.00063,0.1257,0.1383,27.6,CODO PVC SANITARIO GRIS 50MM,ADHESIVO VINILIT PVC POTE 240CC CON PINCEL (24)
MAIPU,103743,133926,48,0.00098,0.1472,0.0391,5.895,TIRADOR MET. MADRID AC/INOX 128X12MM TUBULAR KUTZ,TAPA SOBERBIO ADHES 12MM BLANCO MATE SET 50 UN
VESPU,76730,76742,48,0.00118,0.2945,0.4364,108.561,LAM. RECTA F6 FLORENTINO NEGRO 0513 BR 122 X 306,LAM. RECTA F6 GRANITO KOMBI 0670 BR 122 X 306
CONCE,1205,148859,48,0.00053,0.0265,0.1534,7.733,"DUROLAC UNICOLOR BLANCO 2,8MM 1.52 X 2.44",MELAMINA BLANCA CLASICA 18MM 1.83 X 2.50 MASISA
MAIPU,417,6311,48,0.00098,0.1784,0.3934,71.846,RIEL GALVANIZADO DUCASSE U-20 TIRA 2.00MTS,CORREDERA DUCASSE D7-D14 DOBLE CON POLIN
MAIPU,143601,32823,48,0.00098,0.1174,0.0357,4.286,SOPORTE BARRA OVALADA CROMADO 2 UND KUTZ,TORNILLO AGLOMERADO 3.5 X 15 100 UNIDADES
VALPA,103742,126433,48,0.00179,0.1622,0.1084,9.838,TIRADOR MET. MADRID AC/INOX  96X12MM TUBULAR KUTZ,BISAG. 35  RECTA SIN TORNILLOS - 10UNDS KUTZ
MAIPU,126432,32823,48,0.00098,0.12,0.0357,4.383,BISAG. 35  RECTA C/TORN - 2UNDS KUTZ,TORNILLO AGLOMERADO 3.5 X 15 100 UNIDADES
MAIPU,103742,126115,48,0.00098,0.1221,0.032,4.002,TIRADOR MET. MADRID AC/INOX  96X12MM TUBULAR KUTZ,BISAG. 35 RECTA CLIP C/SUAVE-TORN -2UNDS KUTZ
RANCA,133926,143601,48,0.00098,0.0522,0.1294,6.896,TAPA SOBERBIO ADHES 12MM BLANCO MATE SET 50 UN,SOPORTE BARRA OVALADA CROMADO 2 UND KUTZ
MAIPU,115847,124032,48,0.00098,0.0615,0.0696,4.381,MELAMINA BLANCA VESTO 18MM 2.50 X 1.83,DUROLAC UNICOLOR BLANCO 3MM 1.83 X 2.50
RENAC,6107,6152,48,0.00063,0.2025,0.4486,144.267,CODO SO SO BRONCE 1/2,TEE SO (3) BRONCE 1/2
PMONT,95627,95628,48,0.00075,0.1188,0.0862,13.665,TORNILLO VOLCANITA PTA AGUJA 1.5/8X6 ZINC R.GR 100,TORNILLO VOLCANITA PTA AGUJA 2X6 ZINC R.GR 100UN
RENAC,32823,50031,48,0.00063,0.0307,0.1569,7.639,TORNILLO AGLOMERADO 3.5 X 15 100 UNIDADES,ADHES. CONTACTO AFIX 125 ARTECOLA 1 LT.
CONCE,125832,140802,48,0.00053,0.0725,0.098,13.499,BISAG. 35 RECTA C/SUAVE-3D-CLIP-TORN -2UNDS KUTZ,BISAG. 35 165º CLIP / CIERRE SUAVE 2UNDS  KUTZ
RENAC,110307,115846,48,0.00063,0.1011,0.0333,5.349,"TAPACANTO PVC BLANCO 22X0,45MM  RO 50MT",MELAMINA BLANCA VESTO 15MM 2.50 X 1.83
VALPA,125055,126115,48,0.00179,0.3404,0.0566,10.789,TELESCOPICA H45-CS 30KG 450MM ZINCADO KUTZ,BISAG. 35 RECTA CLIP C/SUAVE-TORN -2UNDS KUTZ
VESPU,126115,32823,48,0.00118,0.0487,0.0921,3.793,BISAG. 35 RECTA CLIP C/SUAVE-TORN -2UNDS KUTZ,TORNILLO AGLOMERADO 3.5 X 15 100 UNIDADES
PMONT,32823,72272,48,0.00075,0.047,0.4103,25.717,TORNILLO AGLOMERADO 3.5 X 15 100 UNIDADES,TORNILLO AGLOMERADO 3.5 X 25 100 UNIDADES
CONCE,125055,32823,48,0.00053,0.0672,0.0465,5.942,TELESCOPICA H45-CS 30KG 450MM ZINCADO KUTZ,TORNILLO AGLOMERADO 3.5 X 15 100 UNIDADES
TALCA,20232,554,47,0.00118,0.3852,0.2271,73.963,RIEL GALVANIZADO DUCASSE U-20 TIRA 1.50MTS,CORREDERA DUCASSE D7-D14 SIMPLE CON POLIN
MAIPU,130966,133926,47,0.00096,0.1133,0.0383,4.534,"TAPACANTO PVC BLANCO 22X0,45MM RO 100MT",TAPA SOBERBIO ADHES 12MM BLANCO MATE SET 50 UN
PMONT,103743,125030,47,0.00073,0.0856,0.109,12.725,TIRADOR MET. MADRID AC/INOX 128X12MM TUBULAR KUTZ,TELESCOPICA H35-STD 25KG 350MM ZINCADO KUTZ
CONCE,100663,100667,47,0.00052,0.4312,0.6438,538.825,GANCHO TRADICIONAL  P25 MARRON,TAPA CANALETA UNIV (10) P25 MARRON
MAIPU,114693,12270,47,0.00096,0.0537,0.3241,18.176,SOBERBIO 3 16 X 2 100UNDS A.SCREW,TAPA SOBERBIO BLANCA + (GRANDE) - 144UNDS
RANCA,126115,128645,47,0.00096,0.048,0.0795,3.979,BISAG. 35 RECTA CLIP C/SUAVE-TORN -2UNDS KUTZ,ESCUADRA PLASTICA BLANCA 50UNDS
MAIPU,139402,16408,47,0.00096,0.3241,0.3219,109.057,SOPORTE BARRA REDONDO BLANCO BOLSA 10 UN.,BARRA CLOSET PLASTICA 1MT.BLANCA UNID
PMONT,31793,82679,47,0.00073,0.1815,0.0936,23.159,CLAVO TECHO T/PARAGUA HELICOIDAL 2 1/2 100UND KHOR,CLAVO CORRIENTE 4 BOLSA 1 KILO
RANCA,417,79050,47,0.00096,0.2994,0.2848,88.869,RIEL GALVANIZADO DUCASSE U-20 TIRA 2.00MTS,CORREDERA DUCLOSET SIMPLE
VALPA,100639,79813,47,0.00175,0.3884,0.8868,196.963,BAJADA CEMENTAR (10) P25 BLANCO,TAPA ACCESORIO UNIV P25 BLANCO
VALPA,133926,95627,47,0.00175,0.0776,0.0633,2.809,TAPA SOBERBIO ADHES 12MM BLANCO MATE SET 50 UN,TORNILLO VOLCANITA PTA AGUJA 1.5/8X6 ZINC R.GR 100
MAIPU,21012,72272,47,0.00096,0.2866,0.1536,46.005,TORNILLO AGLOMERADO 3.5 X 30 100 UNIDADES,TORNILLO AGLOMERADO 3.5 X 25 100 UNIDADES
VALPA,100096,95627,47,0.00175,0.132,0.0633,4.782,TORNILLO VOLCANITA PTA FINA R GR 3X8 ZINCA 100UNDS,TORNILLO VOLCANITA PTA AGUJA 1.5/8X6 ZINC R.GR 100
VESPU,110307,98014,47,0.00116,0.0764,0.1106,7.292,"TAPACANTO PVC BLANCO 22X0,45MM  RO 50MT",ADHES. CONTACTO AFIX PREN ARTECOLA 1/4 GLN.
RENAC,126115,143258,47,0.00062,0.0518,0.0847,7.108,BISAG. 35 RECTA CLIP C/SUAVE-TORN -2UNDS KUTZ,BOLSA VEGETAL 45X40X12 KUTZ
CONCE,122563,72713,47,0.00052,0.0197,0.1728,6.601,MELAMINA BLANCA CLASICA 15MM 1.83 X 2.50 MASISA,PLANCHA MDF 500 15MM 1.52 X 2.44
CONCE,125032,126115,47,0.00052,0.0969,0.0285,5.361,TELESCOPICA H35-STD 25KG 450MM ZINCADO KUTZ,BISAG. 35 RECTA CLIP C/SUAVE-TORN -2UNDS KUTZ
RENAC,133926,150002,47,0.00062,0.0382,0.1715,10.638,TAPA SOBERBIO ADHES 12MM BLANCO MATE SET 50 UN,TORNILLO AGLOMERADO 3.5 X 15 BOLSA 100UN KHOR
PMONT,5528,5530,47,0.00073,0.3154,0.1281,55.064,LIJA MADERA GRANO 80 PLIEGO,LIJA MADERA GRANO 120 PLIEGO
TALCA,126116,133926,47,0.00118,0.1347,0.0461,5.247,BISAG. 35 S/CURVA C/SUAVE-CLIP-TORN -2UNDS KUTZ,TAPA SOBERBIO ADHES 12MM BLANCO MATE SET 50 UN
TALCA,133926,95628,47,0.00118,0.0461,0.1119,4.36,TAPA SOBERBIO ADHES 12MM BLANCO MATE SET 50 UN,TORNILLO VOLCANITA PTA AGUJA 2X6 ZINC R.GR 100UN
RENAC,146551,146562,47,0.00062,0.1033,0.123,20.61,CODO PVC SANITARIO GRIS 40MM,CODO PVC SANITARIO GRIS 50MM
VALPA,100639,100653,47,0.00175,0.3884,0.5109,113.468,BAJADA CEMENTAR (10) P25 BLANCO,UNION CANALETA (10) P25 BLANCO
RENAC,125056,126115,47,0.00062,0.1411,0.0518,11.847,TELESCOPICA H45-CS 30KG 500MM ZINCADO KUTZ,BISAG. 35 RECTA CLIP C/SUAVE-TORN -2UNDS KUTZ
CONCE,20232,79050,47,0.00052,0.176,0.3333,113.885,RIEL GALVANIZADO DUCASSE U-20 TIRA 1.50MTS,CORREDERA DUCLOSET SIMPLE
PMONT,125055,32823,47,0.00073,0.119,0.046,7.459,TELESCOPICA H45-CS 30KG 450MM ZINCADO KUTZ,TORNILLO AGLOMERADO 3.5 X 15 100 UNIDADES
VESPU,133926,74236,47,0.00116,0.0413,0.1366,4.873,TAPA SOBERBIO ADHES 12MM BLANCO MATE SET 50 UN,"TAPACANTO ENCOLADO BLANCO 22X0,45MM RO 25 MT"
MAIPU,133926,95628,47,0.00096,0.0383,0.0683,2.735,TAPA SOBERBIO ADHES 12MM BLANCO MATE SET 50 UN,TORNILLO VOLCANITA PTA AGUJA 2X6 ZINC R.GR 100UN
MAIPU,125035,32823,47,0.00096,0.1451,0.0349,5.298,TELESCOPICA H45-STD 40KG 400MM ZINCADO KUTZ,TORNILLO AGLOMERADO 3.5 X 15 100 UNIDADES
SEREN,126527,126528,47,0.00094,0.7015,0.226,169.201,BARRA CLOSET OVALADA ALUMINIO 3MTS KUTZ,SOPORTE BARRA OVALADA ALUMINIO 2 UND KUTZ
RANCA,74906,74908,47,0.00096,0.1243,0.2733,35.409,PINO SECO CEPILLADO 2 X 2 X 3.20 MTS.,PINO SECO CEPILLADO 2 X 4 X 3.20 MTS.
TALCA,133080,134039,47,0.00118,0.235,0.1754,34.848,YESO VOLCAN SACO 25KG.,PASTA MURO F-15 TAJAMAR TI
SEREN,126115,5294,47,0.00094,0.0356,0.1306,4.966,BISAG. 35 RECTA CLIP C/SUAVE-TORN -2UNDS KUTZ,ADHES. CONTACTO AGOREX 60 HENKEL 1 LT.
VALPA,116983,83297,47,0.00175,0.1599,0.373,34.098,TORNILLO LENTEJA 8 X 1/2 PTA BROCA (CJ-100UND),TAB. ESTRUCTURAL C 2X3X8X0.85X6MT 60X38
TALCA,126115,126182,47,0.00118,0.0364,0.2487,7.661,BISAG. 35 RECTA CLIP C/SUAVE-TORN -2UNDS KUTZ,BOMBIN NEUMATICO 80N - 1 UNID
RENAC,128645,139402,46,0.0006,0.0431,0.3382,24.138,ESCUADRA PLASTICA BLANCA 50UNDS,SOPORTE BARRA REDONDO BLANCO BOLSA 10 UN.
CONCE,100640,100648,46,0.0005,0.5679,0.4742,534.073,CANALETA LARGO 4 MT (10) P25 BLANCO,GANCHO TRADICIONAL P25 BLANCO
MAIPU,22960,22961,46,0.00094,0.0741,0.1949,15.418,PINO BRUTO 2 X 2 X 3.20 MTS.,PINO BRUTO 2 X 3 X 3.20 MTS.
CONCE,128645,128648,46,0.0005,0.0574,0.1933,21.984,ESCUADRA PLASTICA BLANCA 50UNDS,SOPORTE REPISA PLASTICO/METAL BLANCO 50UNID
RENAC,146551,152470,46,0.0006,0.1011,0.5349,89.599,CODO PVC SANITARIO GRIS 40MM,TUBO PVC ALCANTARILLADO GRIS 40 MM 1MT
PMONT,103250,103254,46,0.00072,0.7541,0.2629,276.065,CLAVO CORRIENTE INCHALAM 3 CAJA 25 KILOS,CLAVO CORRIENTE INCHALAM 4 CAJA 25 KILOS
CONCE,5203,5530,46,0.0005,0.1394,0.0641,17.71,RODILLO LIZCAL CHIPORRO NATURAL 18CM UNI,LIJA MADERA GRANO 120 PLIEGO
TEMUC,115866,122563,46,0.00398,0.2968,0.0631,4.708,MELAMINA WENGUE 15MM 2.50X1.83 VESTO,MELAMINA BLANCA CLASICA 15MM 1.83 X 2.50 MASISA
CONCE,133926,149983,46,0.0005,0.0295,0.1045,6.113,TAPA SOBERBIO ADHES 12MM BLANCO MATE SET 50 UN,TORNILLO AGLOMERADO 3.5 X 15 BALDE 500UN KHOR
TALCA,125055,149983,46,0.00116,0.1087,0.0646,6.07,TELESCOPICA H45-CS 30KG 450MM ZINCADO KUTZ,TORNILLO AGLOMERADO 3.5 X 15 BALDE 500UN KHOR
TALCA,139402,16408,46,0.00116,0.2659,0.4035,92.695,SOPORTE BARRA REDONDO BLANCO BOLSA 10 UN.,BARRA CLOSET PLASTICA 1MT.BLANCA UNID
CONCE,32780,7909,46,0.0005,0.0542,0.1749,18.793,"FILM STRETCH TRANS ROLLO 1,5K NETO 0,5MT",CINTA EMBALAJE TRANSPARENTE  48MMX40 MT UNID
CONCE,103742,32823,46,0.0005,0.0778,0.0446,6.88,TIRADOR MET. MADRID AC/INOX  96X12MM TUBULAR KUTZ,TORNILLO AGLOMERADO 3.5 X 15 100 UNIDADES
VALPA,128645,98235,46,0.00171,0.1117,0.0989,6.453,ESCUADRA PLASTICA BLANCA 50UNDS,TORNILLO VOLCANITA PTA AGUJA 1X6 ZINC R.GR  100UN
VALPA,133926,98235,46,0.00171,0.0759,0.0989,4.387,TAPA SOBERBIO ADHES 12MM BLANCO MATE SET 50 UN,TORNILLO VOLCANITA PTA AGUJA 1X6 ZINC R.GR  100UN
RANCA,125054,126115,46,0.00094,0.1893,0.047,9.471,TELESCOPICA H45-CS 30KG 400MM ZINCADO KUTZ,BISAG. 35 RECTA CLIP C/SUAVE-TORN -2UNDS KUTZ
VESPU,133926,79039,46,0.00113,0.0405,0.0994,3.543,TAPA SOBERBIO ADHES 12MM BLANCO MATE SET 50 UN,DILUYENTE DP-100 DILOX 1 LT.
CONCE,32823,98235,46,0.0005,0.0446,0.1581,13.973,TORNILLO AGLOMERADO 3.5 X 15 100 UNIDADES,TORNILLO VOLCANITA PTA AGUJA 1X6 ZINC R.GR  100UN
RANCA,128645,150002,46,0.00094,0.0778,0.1278,10.59,ESCUADRA PLASTICA BLANCA 50UNDS,TORNILLO AGLOMERADO 3.5 X 15 BOLSA 100UN KHOR
CONCE,19862,5532,46,0.0005,0.1667,0.1893,62.567,LIJA MADERAGRANO 220 PLIEGO,LIJA MADERA GRANO 180 PLIEGO
RENAC,32823,90040,46,0.0006,0.0294,0.1716,8.359,TORNILLO AGLOMERADO 3.5 X 15 100 UNIDADES,PERILLA METALICA CILIND. 23X20MM NIQUEL SATIN
RENAC,128648,32823,46,0.0006,0.1762,0.0294,8.583,SOPORTE REPISA PLASTICO/METAL BLANCO 50UNID,TORNILLO AGLOMERADO 3.5 X 15 100 UNIDADES
RENAC,22960,76850,46,0.0006,0.0832,0.1411,19.448,PINO BRUTO 2 X 2 X 3.20 MTS.,PINO BRUTO 1 X 4 X 3.20 MTS.
RANCA,83297,87998,46,0.00094,0.5412,0.5974,344.259,TAB. ESTRUCTURAL C 2X3X8X0.85X6MT 60X38,TAB. CANAL ESTRUCTURAL U 2X3X0.85X6MT 62X25
TALCA,125036,143601,46,0.00116,0.0832,0.1093,7.852,TELESCOPICA H45-STD 40KG 450MM ZINCADO KUTZ,SOPORTE BARRA OVALADA CROMADO 2 UND KUTZ
TALCA,133499,134039,46,0.00116,0.1878,0.1716,27.842,YESO ROMERAL SACO 25KG,PASTA MURO F-15 TAJAMAR TI
RANCA,126115,126117,46,0.00094,0.047,0.2371,11.863,BISAG. 35 RECTA CLIP C/SUAVE-TORN -2UNDS KUTZ,BISAG. 35 CURVA C/SUAVE-CLIP-TORN -2UNDS KUTZ
CONCE,116508,99469,46,0.0005,0.269,0.3194,170.411,"WC ONE PIECE A PISO 30,5 7LT VINCINY SENSI DACQUA",KIT INSTALACION W.C  FANALOZA AL PISO 1718000
MAIPU,133926,133933,46,0.00094,0.0375,0.3217,12.878,TAPA SOBERBIO ADHES 12MM BLANCO MATE SET 50 UN,TAPA SOBERBIO ADHES 12MM NEGRA SET 50 UN
MAIPU,21740,32823,46,0.00094,0.3382,0.0342,12.353,TORNILLO AGLOMERADO 3.5 X 40 100 UNIDADES,TORNILLO AGLOMERADO 3.5 X 15 100 UNIDADES
CONCE,150968,32823,46,0.0005,0.0814,0.0446,7.197,BISAG. 35 RECTA C/SUAVE-CLIP-2UNDS KHOR,TORNILLO AGLOMERADO 3.5 X 15 100 UNIDADES
TALCA,133926,137182,46,0.00116,0.0451,0.1957,7.627,TAPA SOBERBIO ADHES 12MM BLANCO MATE SET 50 UN,SOPORTE REPISA FIJO BLANCO BOLSA 50 UN
MAIPU,125055,125056,46,0.00094,0.1111,0.1433,17.003,TELESCOPICA H45-CS 30KG 450MM ZINCADO KUTZ,TELESCOPICA H45-CS 30KG 500MM ZINCADO KUTZ
RENAC,126115,126117,46,0.0006,0.0507,0.2044,17.161,BISAG. 35 RECTA CLIP C/SUAVE-TORN -2UNDS KUTZ,BISAG. 35 CURVA C/SUAVE-CLIP-TORN -2UNDS KUTZ
PMONT,103742,32823,46,0.00072,0.0829,0.045,5.196,TIRADOR MET. MADRID AC/INOX  96X12MM TUBULAR KUTZ,TORNILLO AGLOMERADO 3.5 X 15 100 UNIDADES
RENAC,18418,86792,46,0.0006,0.5,0.1608,133.248,SALIDA CAJA CONDUIT 16MM,TUBO CONDUIT PVC  16MM  TIRA 3MT
PMONT,32823,74236,46,0.00072,0.045,0.0737,4.621,TORNILLO AGLOMERADO 3.5 X 15 100 UNIDADES,"TAPACANTO ENCOLADO BLANCO 22X0,45MM RO 25 MT"
CONCE,125833,126115,46,0.0005,0.1893,0.0279,10.472,BISAG. 35 S/CURVA C/SUAVE-3D-CLIP-TORN 2UNID KUTZ,BISAG. 35 RECTA CLIP C/SUAVE-TORN -2UNDS KUTZ
RENAC,118862,132429,46,0.0006,0.184,0.0498,15.194,FIERRO HORMIGON REDONDO  A630-420H 8MMX6MT,CEMENTO MELON SACO 25KG.
RENAC,146540,98115,45,0.00059,0.1505,0.1297,33.057,CODO PVC SANITARIO GRIS 110MM,ADHESIVO VINILIT PVC POTE 240CC CON PINCEL (24)
VESPU,131026,150002,45,0.00111,0.0468,0.0467,1.97,"TAPACANTO PVC BLANCO 22X0,45MM RO 25MT",TORNILLO AGLOMERADO 3.5 X 15 BOLSA 100UN KHOR
PMONT,100663,95255,45,0.0007,0.5114,0.5294,385.418,GANCHO TRADICIONAL  P25 MARRON,CANALETA LARGO 4 MT (10) P25 MARRON
TALCA,103742,133926,45,0.00113,0.1466,0.0441,5.711,TIRADOR MET. MADRID AC/INOX  96X12MM TUBULAR KUTZ,TAPA SOBERBIO ADHES 12MM BLANCO MATE SET 50 UN
PMONT,100648,100653,45,0.0007,0.3879,0.5294,292.386,GANCHO TRADICIONAL P25 BLANCO,UNION CANALETA (10) P25 BLANCO
RENAC,125037,32823,45,0.00059,0.2103,0.0288,10.241,TELESCOPICA H45-STD 40KG 500MM ZINCADO KUTZ,TORNILLO AGLOMERADO 3.5 X 15 100 UNIDADES
VESPU,122563,76730,45,0.00111,0.0523,0.2761,13.003,MELAMINA BLANCA CLASICA 15MM 1.83 X 2.50 MASISA,LAM. RECTA F6 FLORENTINO NEGRO 0513 BR 122 X 306
CONCE,126115,143601,45,0.00049,0.0273,0.1223,6.765,BISAG. 35 RECTA CLIP C/SUAVE-TORN -2UNDS KUTZ,SOPORTE BARRA OVALADA CROMADO 2 UND KUTZ
RENAC,140802,32823,45,0.00059,0.1758,0.0288,8.561,BISAG. 35 165º CLIP / CIERRE SUAVE 2UNDS  KUTZ,TORNILLO AGLOMERADO 3.5 X 15 100 UNIDADES
MAIPU,114693,74236,45,0.00092,0.0514,0.0788,4.419,SOBERBIO 3 16 X 2 100UNDS A.SCREW,"TAPACANTO ENCOLADO BLANCO 22X0,45MM RO 25 MT"
MAIPU,125030,95627,45,0.00092,0.152,0.063,10.459,TELESCOPICA H35-STD 25KG 350MM ZINCADO KUTZ,TORNILLO VOLCANITA PTA AGUJA 1.5/8X6 ZINC R.GR 100
PMONT,115846,132931,45,0.0007,0.0174,0.4206,10.427,MELAMINA BLANCA VESTO 15MM 2.50 X 1.83,"TAPACANTO PVC BLANCO 22X1,5MM RO 25MT"
MAIPU,125030,76860,45,0.00092,0.152,0.1157,19.198,TELESCOPICA H35-STD 25KG 350MM ZINCADO KUTZ,PINO SECO CEPILLADO 1 X 3 X 3.20 MTS.
SEREN,126115,150435,45,0.0009,0.0341,0.1607,6.113,BISAG. 35 RECTA CLIP C/SUAVE-TORN -2UNDS KUTZ,SISTEMA PUSH MECANICO 30N PARA PUERTA KUTZ
MAIPU,110307,5294,45,0.00092,0.0833,0.1389,12.634,"TAPACANTO PVC BLANCO 22X0,45MM  RO 50MT",ADHES. CONTACTO AGOREX 60 HENKEL 1 LT.
RENAC,139402,16408,45,0.00059,0.3309,0.1793,100.475,SOPORTE BARRA REDONDO BLANCO BOLSA 10 UN.,BARRA CLOSET PLASTICA 1MT.BLANCA UNID
PMONT,100648,100651,45,0.0007,0.3879,0.6818,376.558,GANCHO TRADICIONAL P25 BLANCO,TAPA CANALETA UNIV (10) P25 BLANCO
RENAC,32823,417,45,0.00059,0.0288,0.1679,8.178,TORNILLO AGLOMERADO 3.5 X 15 100 UNIDADES,RIEL GALVANIZADO DUCASSE U-20 TIRA 2.00MTS
MAIPU,126115,126208,45,0.00092,0.03,0.2528,8.285,BISAG. 35 RECTA CLIP C/SUAVE-TORN -2UNDS KUTZ,BISAG.35 RINCON FALSO 3DCLIP CIERRE SUAVE 2UN KUTZ
PMONT,103743,16408,45,0.0007,0.082,0.1619,18.889,TIRADOR MET. MADRID AC/INOX 128X12MM TUBULAR KUTZ,BARRA CLOSET PLASTICA 1MT.BLANCA UNID
CONCE,128645,149983,45,0.00049,0.0561,0.1023,11.633,ESCUADRA PLASTICA BLANCA 50UNDS,TORNILLO AGLOMERADO 3.5 X 15 BALDE 500UN KHOR
MAIPU,115846,130966,45,0.00092,0.0234,0.1084,2.764,MELAMINA BLANCA VESTO 15MM 2.50 X 1.83,"TAPACANTO PVC BLANCO 22X0,45MM RO 100MT"
TALCA,126115,95628,45,0.00113,0.0349,0.1071,3.301,BISAG. 35 RECTA CLIP C/SUAVE-TORN -2UNDS KUTZ,TORNILLO VOLCANITA PTA AGUJA 2X6 ZINC R.GR 100UN
CONCE,128645,74236,45,0.00049,0.0561,0.0708,8.048,ESCUADRA PLASTICA BLANCA 50UNDS,"TAPACANTO ENCOLADO BLANCO 22X0,45MM RO 25 MT"
RENAC,118607,133926,45,0.00059,0.1114,0.0366,6.908,SOBERBIO 3 16 X 2 - 100UNDS PATTA,TAPA SOBERBIO ADHES 12MM BLANCO MATE SET 50 UN
SEREN,128645,143258,45,0.0009,0.0548,0.0758,4.629,ESCUADRA PLASTICA BLANCA 50UNDS,BOLSA VEGETAL 45X40X12 KUTZ
MAIPU,133926,98235,45,0.00092,0.0367,0.1178,4.716,TAPA SOBERBIO ADHES 12MM BLANCO MATE SET 50 UN,TORNILLO VOLCANITA PTA AGUJA 1X6 ZINC R.GR  100UN
PMONT,102517,128645,45,0.0007,0.1184,0.0399,6.732,BARRA CLOSET OVALADA CROMADA 3MTS KUTZ,ESCUADRA PLASTICA BLANCA 50UNDS
CONCE,125031,32823,45,0.00049,0.0621,0.0436,5.486,TELESCOPICA H35-STD 25KG 400MM ZINCADO KUTZ,TORNILLO AGLOMERADO 3.5 X 15 100 UNIDADES
PMONT,120413,133926,45,0.0007,0.0491,0.032,2.236,CORTE MELAMINA 60CMX120CM,TAPA SOBERBIO ADHES 12MM BLANCO MATE SET 50 UN
TALCA,115856,131022,45,0.00113,0.3846,0.3571,121.313,MELAMINA NEGRA 15MM 2.50 X 1.83 VESTO,"TAPACANTO PVC NEGRO 22X0,45MM RO 25MT"
RENAC,20232,6311,45,0.00059,0.2557,0.2083,90.22,RIEL GALVANIZADO DUCASSE U-20 TIRA 1.50MTS,CORREDERA DUCASSE D7-D14 DOBLE CON POLIN
RENAC,126115,72273,45,0.00059,0.0496,0.1082,9.08,BISAG. 35 RECTA CLIP C/SUAVE-TORN -2UNDS KUTZ,TORNILLO AGLOMERADO 4 X 15 CAJA 100 UN
CONCE,122563,144295,45,0.00049,0.0188,0.2761,10.546,MELAMINA BLANCA CLASICA 15MM 1.83 X 2.50 MASISA,MELAMINA OKUZAI MN 15MM 1.83 X 2.50 VESTO
CONCE,125056,140802,45,0.00049,0.1009,0.0918,18.784,TELESCOPICA H45-CS 30KG 500MM ZINCADO KUTZ,BISAG. 35 165º CLIP / CIERRE SUAVE 2UNDS  KUTZ
PMONT,100640,100648,45,0.0007,0.6081,0.3879,335.849,CANALETA LARGO 4 MT (10) P25 BLANCO,GANCHO TRADICIONAL P25 BLANCO
RANCA,125036,126115,45,0.00092,0.0974,0.046,4.873,TELESCOPICA H45-STD 40KG 450MM ZINCADO KUTZ,BISAG. 35 RECTA CLIP C/SUAVE-TORN -2UNDS KUTZ
PMONT,81115,81947,45,0.0007,0.7258,0.6,619.984,TAB. CANAL ESTRUCTURAL U 2X4X0.85X6MT 92X30,TAB. ESTRUCTURAL C 2X4X12X0.85X6MT 90X38
RANCA,20232,79050,45,0.00092,0.3435,0.2727,101.975,RIEL GALVANIZADO DUCASSE U-20 TIRA 1.50MTS,CORREDERA DUCLOSET SIMPLE
TALCA,103742,126115,45,0.00113,0.1466,0.0349,4.516,TIRADOR MET. MADRID AC/INOX  96X12MM TUBULAR KUTZ,BISAG. 35 RECTA CLIP C/SUAVE-TORN -2UNDS KUTZ
MAIPU,103743,114693,45,0.00092,0.138,0.0514,7.74,TIRADOR MET. MADRID AC/INOX 128X12MM TUBULAR KUTZ,SOBERBIO 3 16 X 2 100UNDS A.SCREW
VESPU,114693,150002,45,0.00111,0.0809,0.0467,3.408,SOBERBIO 3 16 X 2 100UNDS A.SCREW,TORNILLO AGLOMERADO 3.5 X 15 BOLSA 100UN KHOR
CONCE,125036,125055,45,0.00049,0.0654,0.063,8.357,TELESCOPICA H45-STD 40KG 450MM ZINCADO KUTZ,TELESCOPICA H45-CS 30KG 450MM ZINCADO KUTZ
RANCA,134039,5620,44,0.0009,0.1462,0.0801,13.042,PASTA MURO F-15 TAJAMAR TI,YESO-CARTON 10MM 2.4MT X 1.2MT
RENAC,32780,32823,44,0.00058,0.0859,0.0281,4.185,"FILM STRETCH TRANS ROLLO 1,5K NETO 0,5MT",TORNILLO AGLOMERADO 3.5 X 15 100 UNIDADES
VALPA,133499,134039,44,0.00164,0.1544,0.1818,17.145,YESO ROMERAL SACO 25KG,PASTA MURO F-15 TAJAMAR TI
SEREN,137182,32823,44,0.00088,0.1648,0.047,8.833,SOPORTE REPISA FIJO BLANCO BOLSA 50 UN,TORNILLO AGLOMERADO 3.5 X 15 100 UNIDADES
SEREN,20232,554,44,0.00088,0.3259,0.2075,77.131,RIEL GALVANIZADO DUCASSE U-20 TIRA 1.50MTS,CORREDERA DUCASSE D7-D14 SIMPLE CON POLIN
MAIPU,114693,126432,44,0.0009,0.0502,0.11,6.168,SOBERBIO 3 16 X 2 100UNDS A.SCREW,BISAG. 35  RECTA C/TORN - 2UNDS KUTZ
TALCA,116508,99469,44,0.00111,0.3964,0.4037,144.528,"WC ONE PIECE A PISO 30,5 7LT VINCINY SENSI DACQUA",KIT INSTALACION W.C  FANALOZA AL PISO 1718000
TALCA,1205,130966,44,0.00111,0.047,0.1131,4.803,"DUROLAC UNICOLOR BLANCO 2,8MM 1.52 X 2.44","TAPACANTO PVC BLANCO 22X0,45MM RO 100MT"
RENAC,146540,146562,44,0.00058,0.1472,0.1152,29.361,CODO PVC SANITARIO GRIS 110MM,CODO PVC SANITARIO GRIS 50MM
RENAC,128645,6311,44,0.00058,0.0412,0.2037,14.537,ESCUADRA PLASTICA BLANCA 50UNDS,CORREDERA DUCASSE D7-D14 DOBLE CON POLIN
VESPU,150002,98014,44,0.00109,0.0457,0.1035,4.36,TORNILLO AGLOMERADO 3.5 X 15 BOLSA 100UN KHOR,ADHES. CONTACTO AFIX PREN ARTECOLA 1/4 GLN.
RENAC,128645,128648,44,0.00058,0.0412,0.1686,12.031,ESCUADRA PLASTICA BLANCA 50UNDS,SOPORTE REPISA PLASTICO/METAL BLANCO 50UNID
RANCA,125056,139309,44,0.0009,0.1337,0.0794,11.825,TELESCOPICA H45-CS 30KG 500MM ZINCADO KUTZ,BISAG. 35 RECTA C/SUAVE-CLIP 10UNDS KUTZ
MAIPU,103742,95627,44,0.0009,0.112,0.0616,7.703,TIRADOR MET. MADRID AC/INOX  96X12MM TUBULAR KUTZ,TORNILLO VOLCANITA PTA AGUJA 1.5/8X6 ZINC R.GR 100
RENAC,125055,133926,44,0.00058,0.0822,0.0358,5.1,TELESCOPICA H45-CS 30KG 450MM ZINCADO KUTZ,TAPA SOBERBIO ADHES 12MM BLANCO MATE SET 50 UN
SEREN,126115,137182,44,0.00088,0.0334,0.1648,6.268,BISAG. 35 RECTA CLIP C/SUAVE-TORN -2UNDS KUTZ,SOPORTE REPISA FIJO BLANCO BOLSA 50 UN
CONCE,70003,72719,44,0.00048,0.3465,0.2458,176.561,AGLOMERADO DESNUDO 15MM 1.52 X 2.42,PLANCHA MDF 3MM 2.12 X 2.44
VALPA,22960,76838,44,0.00164,0.098,0.1538,9.208,PINO BRUTO 2 X 2 X 3.20 MTS.,TAPA PINO 1 X 4 X 3.20 MT
VALPA,126433,95628,44,0.00164,0.0993,0.0461,2.795,BISAG. 35  RECTA SIN TORNILLOS - 10UNDS KUTZ,TORNILLO VOLCANITA PTA AGUJA 2X6 ZINC R.GR 100UN
PMONT,125833,128645,44,0.00069,0.1452,0.039,8.255,BISAG. 35 S/CURVA C/SUAVE-3D-CLIP-TORN 2UNID KUTZ,ESCUADRA PLASTICA BLANCA 50UNDS
RENAC,126433,133926,44,0.00058,0.135,0.0358,8.37,BISAG. 35  RECTA SIN TORNILLOS - 10UNDS KUTZ,TAPA SOBERBIO ADHES 12MM BLANCO MATE SET 50 UN
VESPU,72713,76730,44,0.00109,0.1149,0.2699,28.581,PLANCHA MDF 500 15MM 1.52 X 2.44,LAM. RECTA F6 FLORENTINO NEGRO 0513 BR 122 X 306
CONCE,125055,150062,44,0.00048,0.0616,0.0746,9.528,TELESCOPICA H45-CS 30KG 450MM ZINCADO KUTZ,BISAG. 35 RECTA C/SUAVE INSEPARABLE S/TOR-2UN KHOR
RENAC,131026,5293,44,0.00058,0.0665,0.1517,17.468,"TAPACANTO PVC BLANCO 22X0,45MM RO 25MT",ADHES. CONTACTO AGOREX 60 HENKEL 1/16 GLN.
CONCE,125055,150968,44,0.00048,0.0616,0.0779,9.95,TELESCOPICA H45-CS 30KG 450MM ZINCADO KUTZ,BISAG. 35 RECTA C/SUAVE-CLIP-2UNDS KHOR
RENAC,125056,125832,44,0.00058,0.1321,0.0637,14.574,TELESCOPICA H45-CS 30KG 500MM ZINCADO KUTZ,BISAG. 35 RECTA C/SUAVE-3D-CLIP-TORN -2UNDS KUTZ
RENAC,125031,133926,44,0.00058,0.103,0.0358,6.39,TELESCOPICA H35-STD 25KG 400MM ZINCADO KUTZ,TAPA SOBERBIO ADHES 12MM BLANCO MATE SET 50 UN
RENAC,5260,5530,44,0.00058,0.1134,0.0751,14.75,PASTA MURO F-15 TAJAMAR GL,LIJA MADERA GRANO 120 PLIEGO
CONCE,120870,123573,44,0.00048,0.8,0.5238,868.781,TAZA WC A PISO 30 CM CORONA LAGUNA,ESTANQUE WC 6LT CORONA LAGUNA
RENAC,146491,146516,44,0.00058,0.2444,0.2222,94.096,TERMINAL HE PRESION 20X1/2   UNID,TUBO CLASE 16 PRESION 20MM PARA CEMENTAR 3MT
TALCA,126115,90040,44,0.00111,0.0341,0.1447,4.459,BISAG. 35 RECTA CLIP C/SUAVE-TORN -2UNDS KUTZ,PERILLA METALICA CILIND. 23X20MM NIQUEL SATIN
RENAC,126433,128645,44,0.00058,0.135,0.0412,9.632,BISAG. 35  RECTA SIN TORNILLOS - 10UNDS KUTZ,ESCUADRA PLASTICA BLANCA 50UNDS
SEREN,115846,154044,44,0.00088,0.0262,0.2876,8.578,MELAMINA BLANCA VESTO 15MM 2.50 X 1.83,"DUROLAC BLANCO 2,8MM 1.85X2,44"
PMONT,133926,5294,44,0.00069,0.0313,0.0662,3.015,TAPA SOBERBIO ADHES 12MM BLANCO MATE SET 50 UN,ADHES. CONTACTO AGOREX 60 HENKEL 1 LT.
VESPU,71161,89759,44,0.00109,0.352,0.4889,158.603,LAM. RECTA F6 GRANITO 3012 BR 122 X 306,LAM. RECTA F6 ONIX BROWN 2721 BR 122 X 306
RENAC,103743,32823,44,0.00058,0.1746,0.0281,8.503,TIRADOR MET. MADRID AC/INOX 128X12MM TUBULAR KUTZ,TORNILLO AGLOMERADO 3.5 X 15 100 UNIDADES
RANCA,133080,134039,44,0.0009,0.1774,0.1462,28.872,YESO VOLCAN SACO 25KG.,PASTA MURO F-15 TAJAMAR TI
CONCE,1205,132618,44,0.00048,0.0243,0.3761,18.964,"DUROLAC UNICOLOR BLANCO 2,8MM 1.52 X 2.44","MELAMINA ESPRESSO 15MM 1,83 X 2,50 VESTO"
TALCA,125036,133926,44,0.00111,0.0796,0.0431,3.1,TELESCOPICA H45-STD 40KG 450MM ZINCADO KUTZ,TAPA SOBERBIO ADHES 12MM BLANCO MATE SET 50 UN
RENAC,128645,143601,44,0.00058,0.0412,0.1841,13.138,ESCUADRA PLASTICA BLANCA 50UNDS,SOPORTE BARRA OVALADA CROMADO 2 UND KUTZ
RENAC,102517,417,44,0.00058,0.0868,0.1642,24.681,BARRA CLOSET OVALADA CROMADA 3MTS KUTZ,RIEL GALVANIZADO DUCASSE U-20 TIRA 2.00MTS
RENAC,146482,146491,44,0.00058,0.2651,0.2444,112.235,TEE PRESION 20MM,TERMINAL HE PRESION 20X1/2   UNID
RENAC,125054,126115,44,0.00058,0.1452,0.0485,12.189,TELESCOPICA H45-CS 30KG 400MM ZINCADO KUTZ,BISAG. 35 RECTA CLIP C/SUAVE-TORN -2UNDS KUTZ
PMONT,100663,100669,44,0.00069,0.5,0.5641,410.673,GANCHO TRADICIONAL  P25 MARRON,UNION CANALETA (10) P25 MARRON
PMONT,146972,146974,44,0.00069,0.2573,0.2895,108.451,DISCO LIJA VELCRO 125MM G100 PACK 10 HEMIC,DISCO LIJA VELCRO 125MM G150 PACK 10 HEMIC
SEREN,133926,74236,44,0.00088,0.0493,0.0809,4.549,TAPA SOBERBIO ADHES 12MM BLANCO MATE SET 50 UN,"TAPACANTO ENCOLADO BLANCO 22X0,45MM RO 25 MT"
MAIPU,417,79051,44,0.0009,0.1636,0.3333,60.87,RIEL GALVANIZADO DUCASSE U-20 TIRA 2.00MTS,CORREDERA DUCLOSET DOBLE
PMONT,126433,150002,44,0.00069,0.0804,0.0742,8.69,BISAG. 35  RECTA SIN TORNILLOS - 10UNDS KUTZ,TORNILLO AGLOMERADO 3.5 X 15 BOLSA 100UN KHOR
PMONT,126527,126528,44,0.00069,0.5714,0.1472,122.437,BARRA CLOSET OVALADA ALUMINIO 3MTS KUTZ,SOPORTE BARRA OVALADA ALUMINIO 2 UND KUTZ
PMONT,100669,95255,44,0.00069,0.5641,0.5176,425.167,UNION CANALETA (10) P25 MARRON,CANALETA LARGO 4 MT (10) P25 MARRON
TALCA,125036,32823,44,0.00111,0.0796,0.062,4.454,TELESCOPICA H45-STD 40KG 450MM ZINCADO KUTZ,TORNILLO AGLOMERADO 3.5 X 15 100 UNIDADES
VALPA,100651,100653,44,0.00164,0.4356,0.4783,127.26,TAPA CANALETA UNIV (10) P25 BLANCO,UNION CANALETA (10) P25 BLANCO
PMONT,120870,123573,43,0.00067,0.8113,0.589,712.017,TAZA WC A PISO 30 CM CORONA LAGUNA,ESTANQUE WC 6LT CORONA LAGUNA
TALCA,133926,133934,43,0.00108,0.0422,0.3613,14.079,TAPA SOBERBIO ADHES 12MM BLANCO MATE SET 50 UN,TAPA SOBERBIO ADHES 12MM GRIS GRAFITO SET 50 UN
VESPU,150001,150002,43,0.00106,0.1886,0.0447,7.942,SOBERBIO 3 16 X 2 - BOLSA 100UN KHOR,TORNILLO AGLOMERADO 3.5 X 15 BOLSA 100UN KHOR
VALPA,128645,95628,43,0.0016,0.1044,0.045,2.937,ESCUADRA PLASTICA BLANCA 50UNDS,TORNILLO VOLCANITA PTA AGUJA 2X6 ZINC R.GR 100UN
CONCE,102517,128645,43,0.00047,0.0929,0.0536,10.564,BARRA CLOSET OVALADA CROMADA 3MTS KUTZ,ESCUADRA PLASTICA BLANCA 50UNDS
RENAC,100637,79364,43,0.00056,0.4135,0.2756,202.008,ABRAZADERA TUBO 80 (10) P25 BLANCO,TUBO BAJADA D 80X3MT (3) P25 BLANCO
MAIPU,1205,126115,43,0.00088,0.0261,0.0287,0.856,"DUROLAC UNICOLOR BLANCO 2,8MM 1.52 X 2.44",BISAG. 35 RECTA CLIP C/SUAVE-TORN -2UNDS KUTZ
RENAC,100640,79813,43,0.00056,0.2471,0.3359,147.152,CANALETA LARGO 4 MT (10) P25 BLANCO,TAPA ACCESORIO UNIV P25 BLANCO
RENAC,16408,32823,43,0.00056,0.1713,0.0275,8.343,BARRA CLOSET PLASTICA 1MT.BLANCA UNID,TORNILLO AGLOMERADO 3.5 X 15 100 UNIDADES
CONCE,22960,5620,43,0.00047,0.0674,0.0927,13.25,PINO BRUTO 2 X 2 X 3.20 MTS.,YESO-CARTON 10MM 2.4MT X 1.2MT
PMONT,125030,128645,43,0.00067,0.0998,0.0382,5.671,TELESCOPICA H35-STD 25KG 350MM ZINCADO KUTZ,ESCUADRA PLASTICA BLANCA 50UNDS
MAIPU,1205,32823,43,0.00088,0.0261,0.032,0.954,"DUROLAC UNICOLOR BLANCO 2,8MM 1.52 X 2.44",TORNILLO AGLOMERADO 3.5 X 15 100 UNIDADES
TALCA,102517,32823,43,0.00108,0.0853,0.0606,4.776,BARRA CLOSET OVALADA CROMADA 3MTS KUTZ,TORNILLO AGLOMERADO 3.5 X 15 100 UNIDADES
MAIPU,143601,90040,43,0.00088,0.1051,0.0761,9.141,SOPORTE BARRA OVALADA CROMADO 2 UND KUTZ,PERILLA METALICA CILIND. 23X20MM NIQUEL SATIN
RENAC,137895,137899,43,0.00056,0.8113,0.3707,533.08,CUÑA NIVELADORA INSTALACION PORCELANATOS 100 UN,NIVELADOR PARA SISTEMA NIVELACION 100 UND
VESPU,133926,133935,43,0.00106,0.0378,0.2945,10.504,TAPA SOBERBIO ADHES 12MM BLANCO MATE SET 50 UN,TAPA SOBERBIO ADHES 12MM CARVALHO SET 50 UN
PMONT,127019,127020,43,0.00067,0.2443,0.1838,66.89,ZINC  ACANALADO 0.35X3000MM ECO,ZINC  ACANALADO 0.35X3660MM ECO
RENAC,146482,146705,43,0.00056,0.259,0.3028,139.037,TEE PRESION 20MM,CODO HI PRESION 20X1/2     UNID
PMONT,150001,150002,43,0.00067,0.1493,0.0725,16.13,SOBERBIO 3 16 X 2 - BOLSA 100UN KHOR,TORNILLO AGLOMERADO 3.5 X 15 BOLSA 100UN KHOR
CONCE,100639,100651,43,0.00047,0.5181,0.6324,694.994,BAJADA CEMENTAR (10) P25 BLANCO,TAPA CANALETA UNIV (10) P25 BLANCO
CONCE,126115,131026,43,0.00047,0.0261,0.0517,2.863,BISAG. 35 RECTA CLIP C/SUAVE-TORN -2UNDS KUTZ,"TAPACANTO PVC BLANCO 22X0,45MM RO 25MT"
VESPU,125055,126115,43,0.00106,0.172,0.0437,7.081,TELESCOPICA H45-CS 30KG 450MM ZINCADO KUTZ,BISAG. 35 RECTA CLIP C/SUAVE-TORN -2UNDS KUTZ
SEREN,126115,126182,43,0.00086,0.0326,0.1762,6.703,BISAG. 35 RECTA CLIP C/SUAVE-TORN -2UNDS KUTZ,BOMBIN NEUMATICO 80N - 1 UNID
PMONT,126115,126182,43,0.00067,0.0475,0.1514,10.718,BISAG. 35 RECTA CLIP C/SUAVE-TORN -2UNDS KUTZ,BOMBIN NEUMATICO 80N - 1 UNID
TALCA,32823,74236,43,0.00108,0.0606,0.1046,5.856,TORNILLO AGLOMERADO 3.5 X 15 100 UNIDADES,"TAPACANTO ENCOLADO BLANCO 22X0,45MM RO 25 MT"
PMONT,150002,95625,43,0.00067,0.0725,0.1878,20.286,TORNILLO AGLOMERADO 3.5 X 15 BOLSA 100UN KHOR,TORNILLO VOLCANITA PTA AGUJA 1 1/4X6 ZINC R.GR 100
VALPA,5528,5529,43,0.0016,0.2925,0.2087,38.162,LIJA MADERA GRANO 80 PLIEGO,LIJA MADERA GRANO 100 PLIEGO
RENAC,146562,146612,43,0.00056,0.1126,0.4778,95.328,CODO PVC SANITARIO GRIS 50MM,TEE PVC SANITARIO GRIS 50X50MM
PMONT,146532,146543,43,0.00067,0.4216,0.6143,385.826,CODO 90° FUSION PPR 20MM CCS,TEE FUSION PPR 20MM CCS
PMONT,100639,100648,43,0.00067,0.5181,0.3707,286.123,BAJADA CEMENTAR (10) P25 BLANCO,GANCHO TRADICIONAL P25 BLANCO
RANCA,133926,139309,43,0.00088,0.0468,0.0776,4.137,TAPA SOBERBIO ADHES 12MM BLANCO MATE SET 50 UN,BISAG. 35 RECTA C/SUAVE-CLIP 10UNDS KUTZ
RANCA,95627,98235,43,0.00088,0.0883,0.1558,15.67,TORNILLO VOLCANITA PTA AGUJA 1.5/8X6 ZINC R.GR 100,TORNILLO VOLCANITA PTA AGUJA 1X6 ZINC R.GR  100UN
CONCE,100639,100648,43,0.00047,0.5181,0.4433,487.212,BAJADA CEMENTAR (10) P25 BLANCO,GANCHO TRADICIONAL P25 BLANCO
MAIPU,110307,98014,43,0.00088,0.0796,0.1303,11.853,"TAPACANTO PVC BLANCO 22X0,45MM  RO 50MT",ADHES. CONTACTO AFIX PREN ARTECOLA 1/4 GLN.
RANCA,102517,32823,43,0.00088,0.0979,0.0446,4.977,BARRA CLOSET OVALADA CROMADA 3MTS KUTZ,TORNILLO AGLOMERADO 3.5 X 15 100 UNIDADES
VESPU,110307,150002,43,0.00106,0.0699,0.0447,2.944,"TAPACANTO PVC BLANCO 22X0,45MM  RO 50MT",TORNILLO AGLOMERADO 3.5 X 15 BOLSA 100UN KHOR
SEREN,126115,150002,43,0.00086,0.0326,0.1396,5.31,BISAG. 35 RECTA CLIP C/SUAVE-TORN -2UNDS KUTZ,TORNILLO AGLOMERADO 3.5 X 15 BOLSA 100UN KHOR
MAIPU,112695,79039,43,0.00088,0.4343,0.1159,57.509,HUAIPE SEDA BLANCO 1RA 1/2 KILO,DILUYENTE DP-100 DILOX 1 LT.
SEREN,125031,32823,43,0.00086,0.1239,0.0459,6.642,TELESCOPICA H35-STD 25KG 400MM ZINCADO KUTZ,TORNILLO AGLOMERADO 3.5 X 15 100 UNIDADES
PMONT,133926,95628,43,0.00067,0.0306,0.0772,3.518,TAPA SOBERBIO ADHES 12MM BLANCO MATE SET 50 UN,TORNILLO VOLCANITA PTA AGUJA 2X6 ZINC R.GR 100UN
RENAC,32823,554,43,0.00056,0.0275,0.1514,7.374,TORNILLO AGLOMERADO 3.5 X 15 100 UNIDADES,CORREDERA DUCASSE D7-D14 SIMPLE CON POLIN
RENAC,100199,100200,43,0.00056,0.7288,0.6515,841.647,CABLE EVA LIBRE HALOGENO H07Z1-K 2.5MM BLANCO 100M,CABLE EVA LIBRE HALOGENO H07Z1-K 2.5MM ROJO 100MT
PMONT,100654,100663,43,0.00067,0.6515,0.4886,474.31,BAJADA CEMENTAR (10) P25 MARRON,GANCHO TRADICIONAL  P25 MARRON
RENAC,146522,146564,43,0.00056,0.2337,0.3805,157.627,TUBO FUSION PPR 20MM X 3MT PN-16,TERMINAL HE FUSION PPR  20X1/2 CCS
CONCE,82676,82679,43,0.00047,0.3094,0.0917,60.17,"CLAVO CORRIENTE 2.1/2"" BOLSA 1 KILO",CLAVO CORRIENTE 4 BOLSA 1 KILO
CONCE,126115,140801,42,0.00046,0.0255,0.2561,14.167,BISAG. 35 RECTA CLIP C/SUAVE-TORN -2UNDS KUTZ,BISAG. 35 165º  - 2UNDS KUTZ
RENAC,5530,5531,42,0.00055,0.0717,0.2111,27.451,LIJA MADERA GRANO 120 PLIEGO,LIJA MADERA GRANO 150 PLIEGO
RENAC,5530,5532,42,0.00055,0.0717,0.2132,27.73,LIJA MADERA GRANO 120 PLIEGO,LIJA MADERA GRANO 180 PLIEGO
RENAC,128645,143258,42,0.00055,0.0393,0.0757,5.401,ESCUADRA PLASTICA BLANCA 50UNDS,BOLSA VEGETAL 45X40X12 KUTZ
VALPA,100640,100653,42,0.00156,0.3925,0.4565,114.664,CANALETA LARGO 4 MT (10) P25 BLANCO,UNION CANALETA (10) P25 BLANCO
MAIPU,125832,32823,42,0.00086,0.1329,0.0312,4.854,BISAG. 35 RECTA C/SUAVE-3D-CLIP-TORN -2UNDS KUTZ,TORNILLO AGLOMERADO 3.5 X 15 100 UNIDADES
PMONT,149976,150002,42,0.00066,0.2745,0.0708,29.657,TORN.VOLCANITA PTA AGUJA 1X6 ZINC RG 100UN KHOR,TORNILLO AGLOMERADO 3.5 X 15 BOLSA 100UN KHOR
MAIPU,100639,100648,42,0.00086,0.5833,0.6176,421.39,BAJADA CEMENTAR (10) P25 BLANCO,GANCHO TRADICIONAL P25 BLANCO
MAIPU,133926,72272,42,0.00086,0.0342,0.1373,5.495,TAPA SOBERBIO ADHES 12MM BLANCO MATE SET 50 UN,TORNILLO AGLOMERADO 3.5 X 25 100 UNIDADES
VALPA,133926,74236,42,0.00156,0.0693,0.1405,6.23,TAPA SOBERBIO ADHES 12MM BLANCO MATE SET 50 UN,"TAPACANTO ENCOLADO BLANCO 22X0,45MM RO 25 MT"
MAIPU,125031,133926,42,0.00086,0.1469,0.0342,5.879,TELESCOPICA H35-STD 25KG 400MM ZINCADO KUTZ,TAPA SOBERBIO ADHES 12MM BLANCO MATE SET 50 UN
VALPA,100096,95625,42,0.00156,0.118,0.0702,5.302,TORNILLO VOLCANITA PTA FINA R GR 3X8 ZINCA 100UNDS,TORNILLO VOLCANITA PTA AGUJA 1 1/4X6 ZINC R.GR 100
VESPU,102517,128645,42,0.00104,0.1277,0.0534,6.578,BARRA CLOSET OVALADA CROMADA 3MTS KUTZ,ESCUADRA PLASTICA BLANCA 50UNDS
CONCE,128645,143601,42,0.00046,0.0524,0.1141,12.982,ESCUADRA PLASTICA BLANCA 50UNDS,SOPORTE BARRA OVALADA CROMADO 2 UND KUTZ
RENAC,19862,5532,42,0.00055,0.1842,0.2132,71.27,LIJA MADERAGRANO 220 PLIEGO,LIJA MADERA GRANO 180 PLIEGO
SEREN,125031,128645,42,0.00084,0.121,0.0512,7.396,TELESCOPICA H35-STD 25KG 400MM ZINCADO KUTZ,ESCUADRA PLASTICA BLANCA 50UNDS
TALCA,137182,149983,42,0.00106,0.1787,0.059,9.976,SOPORTE REPISA FIJO BLANCO BOLSA 50 UN,TORNILLO AGLOMERADO 3.5 X 15 BALDE 500UN KHOR
CONCE,126115,90040,42,0.00046,0.0255,0.0946,5.233,BISAG. 35 RECTA CLIP C/SUAVE-TORN -2UNDS KUTZ,PERILLA METALICA CILIND. 23X20MM NIQUEL SATIN
RANCA,126116,133926,42,0.00086,0.0981,0.0457,5.23,BISAG. 35 S/CURVA C/SUAVE-CLIP-TORN -2UNDS KUTZ,TAPA SOBERBIO ADHES 12MM BLANCO MATE SET 50 UN
PMONT,126115,150002,42,0.00066,0.0464,0.0708,5.014,BISAG. 35 RECTA CLIP C/SUAVE-TORN -2UNDS KUTZ,TORNILLO AGLOMERADO 3.5 X 15 BOLSA 100UN KHOR
CONCE,110307,126115,42,0.00046,0.0952,0.0255,5.269,"TAPACANTO PVC BLANCO 22X0,45MM  RO 50MT",BISAG. 35 RECTA CLIP C/SUAVE-TORN -2UNDS KUTZ
RENAC,124327,16858,42,0.00055,0.1217,0.3443,76.055,MOLDURA PVC  20 X 10  TIRA 2 MTS C/AUTOADHESIVO,CAJA CHUQUI BLANCA PVC CANALETA Y TUBO
MAIPU,148931,5260,42,0.00086,0.0935,0.1591,17.405,"YESO-CARTON VOLCAN ST BR 10MM X 1,2MT X 2,4MT",PASTA MURO F-15 TAJAMAR GL
MAIPU,74900,95627,42,0.00086,0.0725,0.0588,4.991,PINO SECO CEPILLADO 1 X 2 X 3.20 MTS.,TORNILLO VOLCANITA PTA AGUJA 1.5/8X6 ZINC R.GR 100
CONCE,133926,133934,42,0.00046,0.0269,0.2471,14.447,TAPA SOBERBIO ADHES 12MM BLANCO MATE SET 50 UN,TAPA SOBERBIO ADHES 12MM GRIS GRAFITO SET 50 UN
TEMUC,74901,74904,42,0.00363,0.0957,0.35,9.22,PINO SECO CEPILLADO 1 X 4 X 3.20 MTS.,PINO SECO CEPILLADO 1 X 8 X 3.20 MTS.
RANCA,130966,133926,42,0.00086,0.1329,0.0457,7.084,"TAPACANTO PVC BLANCO 22X0,45MM RO 100MT",TAPA SOBERBIO ADHES 12MM BLANCO MATE SET 50 UN
VESPU,133926,139309,42,0.00104,0.0369,0.1066,3.802,TAPA SOBERBIO ADHES 12MM BLANCO MATE SET 50 UN,BISAG. 35 RECTA C/SUAVE-CLIP 10UNDS KUTZ
PMONT,125832,133926,42,0.00066,0.064,0.0299,2.917,BISAG. 35 RECTA C/SUAVE-3D-CLIP-TORN -2UNDS KUTZ,TAPA SOBERBIO ADHES 12MM BLANCO MATE SET 50 UN
RANCA,137182,32823,42,0.00086,0.2211,0.0436,11.232,SOPORTE REPISA FIJO BLANCO BOLSA 50 UN,TORNILLO AGLOMERADO 3.5 X 15 100 UNIDADES
TEMUC,115846,115864,42,0.00363,0.0307,0.3088,2.611,MELAMINA BLANCA VESTO 15MM 2.50 X 1.83,MELAMINA CEREZO 15MM 1.83X2.50 VESTO
MAIPU,102517,90040,42,0.00086,0.0925,0.0743,8.043,BARRA CLOSET OVALADA CROMADA 3MTS KUTZ,PERILLA METALICA CILIND. 23X20MM NIQUEL SATIN
CONCE,93706,95255,42,0.00046,0.3925,0.4773,406.895,TUBO BAJADA D 80X3MT (3) P25 MARRON,CANALETA LARGO 4 MT (10) P25 MARRON
CONCE,115847,131026,42,0.00046,0.1317,0.0505,14.453,MELAMINA BLANCA VESTO 18MM 2.50 X 1.83,"TAPACANTO PVC BLANCO 22X0,45MM RO 25MT"
VESPU,133926,133934,42,0.00104,0.0369,0.2577,9.19,TAPA SOBERBIO ADHES 12MM BLANCO MATE SET 50 UN,TAPA SOBERBIO ADHES 12MM GRIS GRAFITO SET 50 UN
PMONT,133926,90040,42,0.00066,0.0299,0.1409,6.422,TAPA SOBERBIO ADHES 12MM BLANCO MATE SET 50 UN,PERILLA METALICA CILIND. 23X20MM NIQUEL SATIN
RENAC,125050,139309,42,0.00055,0.1622,0.0632,18.586,TELESCOPICA H35-CS 25KG 450MM ZINCADO KUTZ,BISAG. 35 RECTA C/SUAVE-CLIP 10UNDS KUTZ
RANCA,6107,6152,42,0.00086,0.2838,0.6364,210.611,CODO SO SO BRONCE 1/2,TEE SO (3) BRONCE 1/2
VESPU,114693,126433,42,0.00104,0.0755,0.0968,7.058,SOBERBIO 3 16 X 2 100UNDS A.SCREW,BISAG. 35  RECTA SIN TORNILLOS - 10UNDS KUTZ
SEREN,417,79050,42,0.00084,0.2211,0.3387,89.437,RIEL GALVANIZADO DUCASSE U-20 TIRA 2.00MTS,CORREDERA DUCLOSET SIMPLE
SEREN,126115,130966,42,0.00084,0.0318,0.1391,5.29,BISAG. 35 RECTA CLIP C/SUAVE-TORN -2UNDS KUTZ,"TAPACANTO PVC BLANCO 22X0,45MM RO 100MT"
MAIPU,128645,137182,42,0.00086,0.0646,0.2019,15.26,ESCUADRA PLASTICA BLANCA 50UNDS,SOPORTE REPISA FIJO BLANCO BOLSA 50 UN
TEMUC,72328,72713,42,0.00363,0.24,0.1221,8.069,PLANCHA MDF  9MM 1.52 X 2.44,PLANCHA MDF 500 15MM 1.52 X 2.44
RANCA,128645,143601,42,0.00086,0.0711,0.1132,9.383,ESCUADRA PLASTICA BLANCA 50UNDS,SOPORTE BARRA OVALADA CROMADO 2 UND KUTZ
MAIPU,103743,32823,42,0.00086,0.1288,0.0312,4.705,TIRADOR MET. MADRID AC/INOX 128X12MM TUBULAR KUTZ,TORNILLO AGLOMERADO 3.5 X 15 100 UNIDADES
VESPU,115847,72404,42,0.00104,0.0357,0.2675,9.225,MELAMINA BLANCA VESTO 18MM 2.50 X 1.83,MDF MELAMINA BLANCO 1CARA 18MM 1.52 X 2.44
PMONT,95625,95628,42,0.00066,0.1834,0.0754,21.095,TORNILLO VOLCANITA PTA AGUJA 1 1/4X6 ZINC R.GR 100,TORNILLO VOLCANITA PTA AGUJA 2X6 ZINC R.GR 100UN
CONCE,126115,74236,42,0.00046,0.0255,0.066,3.653,BISAG. 35 RECTA CLIP C/SUAVE-TORN -2UNDS KUTZ,"TAPACANTO ENCOLADO BLANCO 22X0,45MM RO 25 MT"
CONCE,100667,95255,42,0.00046,0.5753,0.4773,596.408,TAPA CANALETA UNIV (10) P25 MARRON,CANALETA LARGO 4 MT (10) P25 MARRON
VESPU,114693,131026,42,0.00104,0.0755,0.0437,3.184,SOBERBIO 3 16 X 2 100UNDS A.SCREW,"TAPACANTO PVC BLANCO 22X0,45MM RO 25MT"
PMONT,133926,98235,42,0.00066,0.0299,0.15,6.835,TAPA SOBERBIO ADHES 12MM BLANCO MATE SET 50 UN,TORNILLO VOLCANITA PTA AGUJA 1X6 ZINC R.GR  100UN
CONCE,5527,5528,42,0.00046,0.35,0.14,106.426,LIJA MADERA GRANO 60 PLIEGO,LIJA MADERA GRANO 80 PLIEGO
PMONT,103743,130509,42,0.00066,0.0765,0.2111,24.629,TIRADOR MET. MADRID AC/INOX 128X12MM TUBULAR KUTZ,BISAG. 35  RECTA - 50UNDS  KHOR
PMONT,128645,130966,42,0.00066,0.0373,0.117,6.65,ESCUADRA PLASTICA BLANCA 50UNDS,"TAPACANTO PVC BLANCO 22X0,45MM RO 100MT"
VALPA,22960,22961,42,0.00156,0.0935,0.1061,6.348,PINO BRUTO 2 X 2 X 3.20 MTS.,PINO BRUTO 2 X 3 X 3.20 MTS.
VESPU,72719,76727,41,0.00101,0.2847,0.1798,50.641,PLANCHA MDF 3MM 2.12 X 2.44,LAM. RECTA F6 CLASSIC 3111 BR 122 X 306
PMONT,93706,95255,41,0.00064,0.5,0.4824,376.853,TUBO BAJADA D 80X3MT (3) P25 MARRON,CANALETA LARGO 4 MT (10) P25 MARRON
PMONT,131026,5293,41,0.00064,0.0391,0.1302,7.949,"TAPACANTO PVC BLANCO 22X0,45MM RO 25MT",ADHES. CONTACTO AGOREX 60 HENKEL 1/16 GLN.
SEREN,126115,131026,41,0.00082,0.0311,0.0526,2.002,BISAG. 35 RECTA CLIP C/SUAVE-TORN -2UNDS KUTZ,"TAPACANTO PVC BLANCO 22X0,45MM RO 25MT"
CONCE,114693,126433,41,0.00045,0.0886,0.0686,13.508,SOBERBIO 3 16 X 2 100UNDS A.SCREW,BISAG. 35  RECTA SIN TORNILLOS - 10UNDS KUTZ
SEREN,126115,90040,41,0.00082,0.0311,0.1262,4.798,BISAG. 35 RECTA CLIP C/SUAVE-TORN -2UNDS KUTZ,PERILLA METALICA CILIND. 23X20MM NIQUEL SATIN
VESPU,126115,90040,41,0.00101,0.0416,0.1217,5.009,BISAG. 35 RECTA CLIP C/SUAVE-TORN -2UNDS KUTZ,PERILLA METALICA CILIND. 23X20MM NIQUEL SATIN
PMONT,2071,71910,41,0.00064,0.25,0.1647,64.322,PINO GP18 GUARDAPOLVO RODON 45 X 3 MTS,PINO CR2 1/4 RODON 20 X 20 X 3 MTS.
VESPU,128645,143258,41,0.00101,0.0521,0.0681,3.509,ESCUADRA PLASTICA BLANCA 50UNDS,BOLSA VEGETAL 45X40X12 KUTZ
PMONT,125055,128645,41,0.00064,0.1038,0.0364,5.9,TELESCOPICA H45-CS 30KG 450MM ZINCADO KUTZ,ESCUADRA PLASTICA BLANCA 50UNDS
PMONT,133926,139370,41,0.00064,0.0292,0.202,9.203,TAPA SOBERBIO ADHES 12MM BLANCO MATE SET 50 UN,PERILLA PLASTICA 38MM BLANCA BOLSA 10 UN.
RANCA,125035,126115,41,0.00084,0.0858,0.0419,4.292,TELESCOPICA H45-STD 40KG 400MM ZINCADO KUTZ,BISAG. 35 RECTA CLIP C/SUAVE-TORN -2UNDS KUTZ
VALPA,115846,115847,41,0.00153,0.0528,0.2,6.927,MELAMINA BLANCA VESTO 15MM 2.50 X 1.83,MELAMINA BLANCA VESTO 18MM 2.50 X 1.83
SEREN,133926,87742,41,0.00082,0.046,0.1916,10.776,TAPA SOBERBIO ADHES 12MM BLANCO MATE SET 50 UN,BLISTER TOPE AUTOHADESIVO 144 UN.
RANCA,125037,126115,41,0.00084,0.1285,0.0419,6.431,TELESCOPICA H45-STD 40KG 500MM ZINCADO KUTZ,BISAG. 35 RECTA CLIP C/SUAVE-TORN -2UNDS KUTZ
CONCE,100654,100667,41,0.00045,0.5062,0.5616,632.522,BAJADA CEMENTAR (10) P25 MARRON,TAPA CANALETA UNIV (10) P25 MARRON
RANCA,6083,6107,41,0.00084,0.4881,0.277,161.54,TERMINAL SO HE BRONCE 1/2,CODO SO SO BRONCE 1/2
CONCE,150062,150968,41,0.00045,0.0695,0.0726,11.22,BISAG. 35 RECTA C/SUAVE INSEPARABLE S/TOR-2UN KHOR,BISAG. 35 RECTA C/SUAVE-CLIP-2UNDS KHOR
MAIPU,126115,72272,41,0.00083,0.0274,0.134,4.391,BISAG. 35 RECTA CLIP C/SUAVE-TORN -2UNDS KUTZ,TORNILLO AGLOMERADO 3.5 X 25 100 UNIDADES
VESPU,122563,131026,41,0.00101,0.0476,0.0426,2.007,MELAMINA BLANCA CLASICA 15MM 1.83 X 2.50 MASISA,"TAPACANTO PVC BLANCO 22X0,45MM RO 25MT"
CONCE,122563,72719,41,0.00045,0.0172,0.2291,8.75,MELAMINA BLANCA CLASICA 15MM 1.83 X 2.50 MASISA,PLANCHA MDF 3MM 2.12 X 2.44
MAIPU,100640,100648,41,0.00083,0.6833,0.6029,493.628,CANALETA LARGO 4 MT (10) P25 BLANCO,GANCHO TRADICIONAL P25 BLANCO
MAIPU,133926,98014,41,0.00083,0.0334,0.1242,4.974,TAPA SOBERBIO ADHES 12MM BLANCO MATE SET 50 UN,ADHES. CONTACTO AFIX PREN ARTECOLA 1/4 GLN.
VESPU,126115,79039,41,0.00101,0.0416,0.0886,3.646,BISAG. 35 RECTA CLIP C/SUAVE-TORN -2UNDS KUTZ,DILUYENTE DP-100 DILOX 1 LT.
MAIPU,114693,125056,41,0.00083,0.0468,0.1277,7.162,SOBERBIO 3 16 X 2 100UNDS A.SCREW,TELESCOPICA H45-CS 30KG 500MM ZINCADO KUTZ
MAIPU,125037,126115,41,0.00083,0.199,0.0274,6.522,TELESCOPICA H45-STD 40KG 500MM ZINCADO KUTZ,BISAG. 35 RECTA CLIP C/SUAVE-TORN -2UNDS KUTZ
TALCA,126115,137182,41,0.00103,0.0318,0.1745,5.375,BISAG. 35 RECTA CLIP C/SUAVE-TORN -2UNDS KUTZ,SOPORTE REPISA FIJO BLANCO BOLSA 50 UN
TALCA,102517,143432,41,0.00103,0.0813,0.7069,55.741,BARRA CLOSET OVALADA CROMADA 3MTS KUTZ,SOPORTE BARRA METALICO OVALADA CROMADO 2 UNI DVP
MAIPU,148931,33739,41,0.00083,0.0913,0.3361,36.767,"YESO-CARTON VOLCAN ST BR 10MM X 1,2MT X 2,4MT",CINTA VOLCANITA 2 X 20MT
SEREN,126115,74236,41,0.00082,0.0311,0.0754,2.867,BISAG. 35 RECTA CLIP C/SUAVE-TORN -2UNDS KUTZ,"TAPACANTO ENCOLADO BLANCO 22X0,45MM RO 25 MT"
RANCA,133926,98235,41,0.00084,0.0446,0.1486,7.918,TAPA SOBERBIO ADHES 12MM BLANCO MATE SET 50 UN,TORNILLO VOLCANITA PTA AGUJA 1X6 ZINC R.GR  100UN
VALPA,116983,87998,41,0.00153,0.1395,0.3361,30.72,TORNILLO LENTEJA 8 X 1/2 PTA BROCA (CJ-100UND),TAB. CANAL ESTRUCTURAL U 2X3X0.85X6MT 62X25
VALPA,125036,32823,41,0.00153,0.2147,0.0479,6.739,TELESCOPICA H45-STD 40KG 450MM ZINCADO KUTZ,TORNILLO AGLOMERADO 3.5 X 15 100 UNIDADES
CONCE,125056,125832,41,0.00045,0.0919,0.0619,12.667,TELESCOPICA H45-CS 30KG 500MM ZINCADO KUTZ,BISAG. 35 RECTA C/SUAVE-3D-CLIP-TORN -2UNDS KUTZ
CONCE,71894,71910,41,0.00045,0.1399,0.1139,35.458,PINO GP22 GUARDAPOLVO RODON 70 X 3 MTS.,PINO CR2 1/4 RODON 20 X 20 X 3 MTS.
CONCE,100639,100640,41,0.00045,0.494,0.5062,556.314,BAJADA CEMENTAR (10) P25 BLANCO,CANALETA LARGO 4 MT (10) P25 BLANCO
VALPA,103742,126115,41,0.00153,0.1385,0.0483,4.39,TIRADOR MET. MADRID AC/INOX  96X12MM TUBULAR KUTZ,BISAG. 35 RECTA CLIP C/SUAVE-TORN -2UNDS KUTZ
VESPU,128646,150002,41,0.00101,0.206,0.0426,8.676,ESCUADRA PLASTICA CAFE 50UNDS,TORNILLO AGLOMERADO 3.5 X 15 BOLSA 100UN KHOR
MAIPU,115846,115852,41,0.00083,0.0213,0.1934,4.93,MELAMINA BLANCA VESTO 15MM 2.50 X 1.83,MELAMINA GRAFITO 15MM 2.50 X 1.83 VESTO
RANCA,115847,124032,41,0.00084,0.0702,0.0747,6.264,MELAMINA BLANCA VESTO 18MM 2.50 X 1.83,DUROLAC UNICOLOR BLANCO 3MM 1.83 X 2.50
MAIPU,148931,95627,41,0.00083,0.0913,0.0574,6.282,"YESO-CARTON VOLCAN ST BR 10MM X 1,2MT X 2,4MT",TORNILLO VOLCANITA PTA AGUJA 1.5/8X6 ZINC R.GR 100
MAIPU,100648,100651,41,0.00083,0.6029,0.6119,442.055,GANCHO TRADICIONAL P25 BLANCO,TAPA CANALETA UNIV (10) P25 BLANCO
VALPA,20232,79050,41,0.00153,0.3445,0.2645,59.738,RIEL GALVANIZADO DUCASSE U-20 TIRA 1.50MTS,CORREDERA DUCLOSET SIMPLE
PMONT,125029,16408,41,0.00064,0.1148,0.1475,26.466,TELESCOPICA H35-STD 25KG 250MM ZINCADO KUTZ,BARRA CLOSET PLASTICA 1MT.BLANCA UNID
PMONT,125054,126115,41,0.00064,0.1767,0.0453,12.51,TELESCOPICA H45-CS 30KG 400MM ZINCADO KUTZ,BISAG. 35 RECTA CLIP C/SUAVE-TORN -2UNDS KUTZ
MAIPU,125036,126115,41,0.00083,0.1209,0.0274,3.963,TELESCOPICA H45-STD 40KG 450MM ZINCADO KUTZ,BISAG. 35 RECTA CLIP C/SUAVE-TORN -2UNDS KUTZ
RANCA,125054,125056,41,0.00084,0.1687,0.1246,25.12,TELESCOPICA H45-CS 30KG 400MM ZINCADO KUTZ,TELESCOPICA H45-CS 30KG 500MM ZINCADO KUTZ
MAIPU,125035,126115,41,0.00083,0.1265,0.0274,4.147,TELESCOPICA H45-STD 40KG 400MM ZINCADO KUTZ,BISAG. 35 RECTA CLIP C/SUAVE-TORN -2UNDS KUTZ
PMONT,126115,95628,41,0.00064,0.0453,0.0736,5.211,BISAG. 35 RECTA CLIP C/SUAVE-TORN -2UNDS KUTZ,TORNILLO VOLCANITA PTA AGUJA 2X6 ZINC R.GR 100UN
SEREN,21863,72273,41,0.00082,0.2645,0.0913,29.556,TORNILLO AGLOMERADO 4 X 30    100 UNIDADES,TORNILLO AGLOMERADO 4 X 15 CAJA 100 UN
SEREN,154727,154729,41,0.00082,0.5325,0.8913,580.737,MINI SMART SWITCH 90-250VAC 50-60HZ 10A MAX 2.4GHZ,TECLA INALAMBRICA RF/ 2 EFECTOS SMART HOUSE BLANCO
CONCE,125032,125036,41,0.00045,0.0845,0.0596,11.209,TELESCOPICA H35-STD 25KG 450MM ZINCADO KUTZ,TELESCOPICA H45-STD 40KG 450MM ZINCADO KUTZ
PMONT,125056,126115,41,0.00064,0.1385,0.0453,9.805,TELESCOPICA H45-CS 30KG 500MM ZINCADO KUTZ,BISAG. 35 RECTA CLIP C/SUAVE-TORN -2UNDS KUTZ
MAIPU,126116,32823,41,0.00083,0.122,0.0305,4.457,BISAG. 35 S/CURVA C/SUAVE-CLIP-TORN -2UNDS KUTZ,TORNILLO AGLOMERADO 3.5 X 15 100 UNIDADES
SEREN,103742,126433,41,0.00082,0.1273,0.1178,18.357,TIRADOR MET. MADRID AC/INOX  96X12MM TUBULAR KUTZ,BISAG. 35  RECTA SIN TORNILLOS - 10UNDS KUTZ
PMONT,125036,32823,41,0.00064,0.1242,0.0401,7.788,TELESCOPICA H45-STD 40KG 450MM ZINCADO KUTZ,TORNILLO AGLOMERADO 3.5 X 15 100 UNIDADES
MAIPU,102517,114693,41,0.00083,0.0903,0.0468,5.064,BARRA CLOSET OVALADA CROMADA 3MTS KUTZ,SOBERBIO 3 16 X 2 100UNDS A.SCREW
SEREN,128645,74236,41,0.00082,0.0499,0.0754,4.606,ESCUADRA PLASTICA BLANCA 50UNDS,"TAPACANTO ENCOLADO BLANCO 22X0,45MM RO 25 MT"
CONCE,133926,90040,41,0.00045,0.0263,0.0923,5.4,TAPA SOBERBIO ADHES 12MM BLANCO MATE SET 50 UN,PERILLA METALICA CILIND. 23X20MM NIQUEL SATIN
PMONT,100654,95255,41,0.00064,0.6212,0.4824,468.211,BAJADA CEMENTAR (10) P25 MARRON,CANALETA LARGO 4 MT (10) P25 MARRON
RANCA,125037,32823,41,0.00084,0.1285,0.0425,6.531,TELESCOPICA H45-STD 40KG 500MM ZINCADO KUTZ,TORNILLO AGLOMERADO 3.5 X 15 100 UNIDADES
PMONT,126433,131026,41,0.00064,0.075,0.0391,4.578,BISAG. 35  RECTA SIN TORNILLOS - 10UNDS KUTZ,"TAPACANTO PVC BLANCO 22X0,45MM RO 25MT"
VESPU,73276,76742,41,0.00101,0.2193,0.3727,80.828,LAM. RECTA F6 GRANITINO NEGRO 3014 BR 122 X 306,LAM. RECTA F6 GRANITO KOMBI 0670 BR 122 X 306
CONCE,125055,133926,41,0.00045,0.0574,0.0263,3.358,TELESCOPICA H45-CS 30KG 450MM ZINCADO KUTZ,TAPA SOBERBIO ADHES 12MM BLANCO MATE SET 50 UN
CONCE,125055,125832,40,0.00044,0.056,0.0604,7.72,TELESCOPICA H45-CS 30KG 450MM ZINCADO KUTZ,BISAG. 35 RECTA C/SUAVE-3D-CLIP-TORN -2UNDS KUTZ
PMONT,142092,16408,40,0.00062,0.3571,0.1439,82.303,SOPORTE BARRA REDONDO BLANCO BOLSA 2 UN.,BARRA CLOSET PLASTICA 1MT.BLANCA UNID
TEMUC,74902,74904,40,0.00346,0.1384,0.3333,13.339,PINO SECO CEPILLADO 1 X 5 X 3.20 MTS,PINO SECO CEPILLADO 1 X 8 X 3.20 MTS.
RANCA,5620,95625,40,0.00082,0.0729,0.0932,8.319,YESO-CARTON 10MM 2.4MT X 1.2MT,TORNILLO VOLCANITA PTA AGUJA 1 1/4X6 ZINC R.GR 100
MAIPU,76860,95627,40,0.00081,0.1028,0.056,7.074,PINO SECO CEPILLADO 1 X 3 X 3.20 MTS.,TORNILLO VOLCANITA PTA AGUJA 1.5/8X6 ZINC R.GR 100
VESPU,133926,87742,40,0.00099,0.0352,0.2128,7.588,TAPA SOBERBIO ADHES 12MM BLANCO MATE SET 50 UN,BLISTER TOPE AUTOHADESIVO 144 UN.
VESPU,110307,126115,40,0.00099,0.065,0.0406,2.678,"TAPACANTO PVC BLANCO 22X0,45MM  RO 50MT",BISAG. 35 RECTA CLIP C/SUAVE-TORN -2UNDS KUTZ
VESPU,128645,143601,40,0.00099,0.0508,0.1613,8.311,ESCUADRA PLASTICA BLANCA 50UNDS,SOPORTE BARRA OVALADA CROMADO 2 UND KUTZ
RANCA,100663,95255,40,0.00082,0.7843,0.5405,519.152,GANCHO TRADICIONAL  P25 MARRON,CANALETA LARGO 4 MT (10) P25 MARRON
VESPU,10474,79038,40,0.00099,0.2941,0.2,59.635,HUAIPE SEDA BLANCO 1RA 1 KILO,DILUYENTE DP-100 DILOX 5 LTS.
VALPA,114693,133926,40,0.00149,0.1227,0.066,5.441,SOBERBIO 3 16 X 2 100UNDS A.SCREW,TAPA SOBERBIO ADHES 12MM BLANCO MATE SET 50 UN
RANCA,102517,128645,40,0.00082,0.0911,0.0677,7.552,BARRA CLOSET OVALADA CROMADA 3MTS KUTZ,ESCUADRA PLASTICA BLANCA 50UNDS
RANCA,125035,125036,40,0.00082,0.0837,0.0866,8.872,TELESCOPICA H45-STD 40KG 400MM ZINCADO KUTZ,TELESCOPICA H45-STD 40KG 450MM ZINCADO KUTZ
MAIPU,126432,74236,40,0.00081,0.1,0.0701,8.603,BISAG. 35  RECTA C/TORN - 2UNDS KUTZ,"TAPACANTO ENCOLADO BLANCO 22X0,45MM RO 25 MT"
SEREN,115847,131026,40,0.0008,0.1802,0.0513,11.604,MELAMINA BLANCA VESTO 18MM 2.50 X 1.83,"TAPACANTO PVC BLANCO 22X0,45MM RO 25MT"
PMONT,149983,149984,40,0.00062,0.0973,0.367,57.202,TORNILLO AGLOMERADO 3.5 X 15 BALDE 500UN KHOR,TORNILLO AGLOMERADO 3.5 X 25 BALDE 500UN KHOR
CONCE,120413,124271,40,0.00044,0.0346,0.1208,9.544,CORTE MELAMINA 60CMX120CM,CORTE CHOLGUAN 60CMX120CM
MAIPU,126116,133926,40,0.00081,0.119,0.0326,4.766,BISAG. 35 S/CURVA C/SUAVE-CLIP-TORN -2UNDS KUTZ,TAPA SOBERBIO ADHES 12MM BLANCO MATE SET 50 UN
RANCA,74900,76860,40,0.00082,0.0937,0.1724,19.778,PINO SECO CEPILLADO 1 X 2 X 3.20 MTS.,PINO SECO CEPILLADO 1 X 3 X 3.20 MTS.
MAIPU,22960,76850,40,0.00081,0.0644,0.1942,15.36,PINO BRUTO 2 X 2 X 3.20 MTS.,PINO BRUTO 1 X 4 X 3.20 MTS.
PMONT,125056,32823,40,0.00062,0.1351,0.0391,8.471,TELESCOPICA H45-CS 30KG 500MM ZINCADO KUTZ,TORNILLO AGLOMERADO 3.5 X 15 100 UNIDADES
MAIPU,140802,32823,40,0.00081,0.1702,0.0297,6.216,BISAG. 35 165º CLIP / CIERRE SUAVE 2UNDS  KUTZ,TORNILLO AGLOMERADO 3.5 X 15 100 UNIDADES
VALPA,5620,95627,40,0.00149,0.0937,0.0539,3.393,YESO-CARTON 10MM 2.4MT X 1.2MT,TORNILLO VOLCANITA PTA AGUJA 1.5/8X6 ZINC R.GR 100
MAIPU,139684,86792,40,0.00081,0.7143,0.3252,285.261,CURVA CONDUIT 90º 16MM 10UN,TUBO CONDUIT PVC  16MM  TIRA 3MT
CONCE,100654,93706,40,0.00044,0.4938,0.3738,421.008,BAJADA CEMENTAR (10) P25 MARRON,TUBO BAJADA D 80X3MT (3) P25 MARRON
PMONT,103743,132891,40,0.00062,0.0729,0.1905,22.227,TIRADOR MET. MADRID AC/INOX 128X12MM TUBULAR KUTZ,"TAPACANTO ENCOLADO BLANCO 22X0,45MM RO 100 MT"
MAIPU,100639,100651,40,0.00081,0.5556,0.597,407.313,BAJADA CEMENTAR (10) P25 BLANCO,TAPA CANALETA UNIV (10) P25 BLANCO
CONCE,120398,120870,40,0.00044,0.5714,0.7273,947.761,PEDESTAL LAVAMANOS CORONA ACUACER,TAZA WC A PISO 30 CM CORONA LAGUNA
TALCA,5620,95625,40,0.00101,0.1114,0.1205,13.338,YESO-CARTON 10MM 2.4MT X 1.2MT,TORNILLO VOLCANITA PTA AGUJA 1 1/4X6 ZINC R.GR 100
VALPA,125035,32823,40,0.00149,0.2424,0.0467,7.611,TELESCOPICA H45-STD 40KG 400MM ZINCADO KUTZ,TORNILLO AGLOMERADO 3.5 X 15 100 UNIDADES
PMONT,103743,149973,40,0.00062,0.0729,0.2073,24.185,TIRADOR MET. MADRID AC/INOX 128X12MM TUBULAR KUTZ,TORN.VOLCANITA PTA AGUJA 1 1/4X6 ZINC RG 100U KHOR
SEREN,125055,32823,40,0.0008,0.1223,0.0427,6.557,TELESCOPICA H45-CS 30KG 450MM ZINCADO KUTZ,TORNILLO AGLOMERADO 3.5 X 15 100 UNIDADES
SEREN,128645,16408,40,0.0008,0.0487,0.1717,10.491,ESCUADRA PLASTICA BLANCA 50UNDS,BARRA CLOSET PLASTICA 1MT.BLANCA UNID
MAIPU,114693,126433,40,0.00081,0.0457,0.1072,6.013,SOBERBIO 3 16 X 2 100UNDS A.SCREW,BISAG. 35  RECTA SIN TORNILLOS - 10UNDS KUTZ
TALCA,128645,149983,40,0.00101,0.0887,0.0562,4.951,ESCUADRA PLASTICA BLANCA 50UNDS,TORNILLO AGLOMERADO 3.5 X 15 BALDE 500UN KHOR
TALCA,125035,149983,40,0.00101,0.0966,0.0562,5.393,TELESCOPICA H45-STD 40KG 400MM ZINCADO KUTZ,TORNILLO AGLOMERADO 3.5 X 15 BALDE 500UN KHOR
CONCE,417,79050,40,0.00044,0.1429,0.2837,92.424,RIEL GALVANIZADO DUCASSE U-20 TIRA 2.00MTS,CORREDERA DUCLOSET SIMPLE
MAIPU,103742,126434,40,0.00081,0.1018,0.3101,38.757,TIRADOR MET. MADRID AC/INOX  96X12MM TUBULAR KUTZ,BISAG. 35 S/CURVA C/TORN - 2UNDS KUTZ
CONCE,125056,32823,40,0.00044,0.0897,0.0388,7.928,TELESCOPICA H45-CS 30KG 500MM ZINCADO KUTZ,TORNILLO AGLOMERADO 3.5 X 15 100 UNIDADES
PMONT,149973,150002,40,0.00062,0.2073,0.0675,22.391,TORN.VOLCANITA PTA AGUJA 1 1/4X6 ZINC RG 100U KHOR,TORNILLO AGLOMERADO 3.5 X 15 BOLSA 100UN KHOR
MAIPU,100663,100669,40,0.00081,0.4545,0.5714,318.974,GANCHO TRADICIONAL  P25 MARRON,UNION CANALETA (10) P25 MARRON
CONCE,120397,120870,40,0.00044,0.5063,0.7273,839.788,LAVAMANOS CORONA ACUACER,TAZA WC A PISO 30 CM CORONA LAGUNA
MAIPU,128648,133926,40,0.00081,0.1942,0.0326,7.774,SOPORTE REPISA PLASTICO/METAL BLANCO 50UNID,TAPA SOBERBIO ADHES 12MM BLANCO MATE SET 50 UN
CONCE,34532,34553,40,0.00044,0.137,0.1544,48.248,BANDEJA LIZCAL PINTURA UNID,RODILLO LIZCAL FIBRA SINTETICA 6MM 18 CMS UNI
CONCE,133926,95628,40,0.00044,0.0256,0.0686,4.012,TAPA SOBERBIO ADHES 12MM BLANCO MATE SET 50 UN,TORNILLO VOLCANITA PTA AGUJA 2X6 ZINC R.GR 100UN
CONCE,5530,91440,40,0.00044,0.0557,0.1914,24.316,LIJA MADERA GRANO 120 PLIEGO,CINTA VOLCANITA 2 X 90 MT
TEMUC,74900,74906,40,0.00346,0.1429,0.2312,9.55,PINO SECO CEPILLADO 1 X 2 X 3.20 MTS.,PINO SECO CEPILLADO 2 X 2 X 3.20 MTS.
CONCE,120397,123573,39,0.00043,0.4937,0.4643,536.115,LAVAMANOS CORONA ACUACER,ESTANQUE WC 6LT CORONA LAGUNA
PMONT,126116,128645,39,0.00061,0.1164,0.0346,6.618,BISAG. 35 S/CURVA C/SUAVE-CLIP-TORN -2UNDS KUTZ,ESCUADRA PLASTICA BLANCA 50UNDS
VALPA,126115,126178,39,0.00145,0.046,0.2617,8.295,BISAG. 35 RECTA CLIP C/SUAVE-TORN -2UNDS KUTZ,BOMBIN NEUMATICO 60N - 1 UNID KUTZ
PMONT,103743,74236,39,0.00061,0.071,0.0625,7.293,TIRADOR MET. MADRID AC/INOX 128X12MM TUBULAR KUTZ,"TAPACANTO ENCOLADO BLANCO 22X0,45MM RO 25 MT"
MAIPU,114693,139309,39,0.00079,0.0445,0.1472,8.253,SOBERBIO 3 16 X 2 100UNDS A.SCREW,BISAG. 35 RECTA C/SUAVE-CLIP 10UNDS KUTZ
PMONT,125029,133926,39,0.00061,0.1092,0.0277,4.978,TELESCOPICA H35-STD 25KG 250MM ZINCADO KUTZ,TAPA SOBERBIO ADHES 12MM BLANCO MATE SET 50 UN
TALCA,120397,120398,39,0.00098,0.8125,0.975,807.259,LAVAMANOS CORONA ACUACER,PEDESTAL LAVAMANOS CORONA ACUACER
TALCA,417,6311,39,0.00098,0.1806,0.3939,72.481,RIEL GALVANIZADO DUCASSE U-20 TIRA 2.00MTS,CORREDERA DUCASSE D7-D14 DOBLE CON POLIN
PMONT,128645,90040,39,0.00061,0.0346,0.1309,7.44,ESCUADRA PLASTICA BLANCA 50UNDS,PERILLA METALICA CILIND. 23X20MM NIQUEL SATIN
TALCA,126115,72272,39,0.00098,0.0302,0.2653,8.173,BISAG. 35 RECTA CLIP C/SUAVE-TORN -2UNDS KUTZ,TORNILLO AGLOMERADO 3.5 X 25 100 UNIDADES
TALCA,32823,98235,39,0.00098,0.0549,0.201,11.253,TORNILLO AGLOMERADO 3.5 X 15 100 UNIDADES,TORNILLO VOLCANITA PTA AGUJA 1X6 ZINC R.GR  100UN
PMONT,32823,95627,39,0.00061,0.0382,0.0965,6.051,TORNILLO AGLOMERADO 3.5 X 15 100 UNIDADES,TORNILLO VOLCANITA PTA AGUJA 1.5/8X6 ZINC R.GR 100
MAIPU,100669,95255,39,0.00079,0.5571,0.5132,360.105,UNION CANALETA (10) P25 MARRON,CANALETA LARGO 4 MT (10) P25 MARRON
MAIPU,124032,137738,39,0.00079,0.0565,0.0995,7.083,DUROLAC UNICOLOR BLANCO 3MM 1.83 X 2.50,MELAMINA BLANCA 15MM 2.50 X 1.83
RANCA,100667,95255,39,0.0008,0.5909,0.527,391.134,TAPA CANALETA UNIV (10) P25 MARRON,CANALETA LARGO 4 MT (10) P25 MARRON
MAIPU,22960,76838,39,0.00079,0.0628,0.1726,13.65,PINO BRUTO 2 X 2 X 3.20 MTS.,TAPA PINO 1 X 4 X 3.20 MT
CONCE,126178,126182,39,0.00043,0.1117,0.1359,35.519,BOMBIN NEUMATICO 60N - 1 UNID KUTZ,BOMBIN NEUMATICO 80N - 1 UNID
SEREN,126433,126434,39,0.00078,0.1121,0.2468,35.585,BISAG. 35  RECTA SIN TORNILLOS - 10UNDS KUTZ,BISAG. 35 S/CURVA C/TORN - 2UNDS KUTZ
PMONT,128645,95628,39,0.00061,0.0346,0.07,3.98,ESCUADRA PLASTICA BLANCA 50UNDS,TORNILLO VOLCANITA PTA AGUJA 2X6 ZINC R.GR 100UN
CONCE,125030,126115,39,0.00043,0.0747,0.0237,4.133,TELESCOPICA H35-STD 25KG 350MM ZINCADO KUTZ,BISAG. 35 RECTA CLIP C/SUAVE-TORN -2UNDS KUTZ
CONCE,120398,123573,39,0.00043,0.5571,0.4643,605.044,PEDESTAL LAVAMANOS CORONA ACUACER,ESTANQUE WC 6LT CORONA LAGUNA
VALPA,120870,123573,39,0.00145,0.8667,0.8478,506.341,TAZA WC A PISO 30 CM CORONA LAGUNA,ESTANQUE WC 6LT CORONA LAGUNA
CONCE,125035,126115,39,0.00043,0.0951,0.0237,5.262,TELESCOPICA H45-STD 40KG 400MM ZINCADO KUTZ,BISAG. 35 RECTA CLIP C/SUAVE-TORN -2UNDS KUTZ
CONCE,115852,122563,39,0.00043,0.2308,0.0163,8.815,MELAMINA GRAFITO 15MM 2.50 X 1.83 VESTO,MELAMINA BLANCA CLASICA 15MM 1.83 X 2.50 MASISA
MAIPU,131026,98014,39,0.00079,0.0453,0.1182,6.75,"TAPACANTO PVC BLANCO 22X0,45MM RO 25MT",ADHES. CONTACTO AFIX PREN ARTECOLA 1/4 GLN.
RANCA,126115,95627,39,0.0008,0.0398,0.0801,4.007,BISAG. 35 RECTA CLIP C/SUAVE-TORN -2UNDS KUTZ,TORNILLO VOLCANITA PTA AGUJA 1.5/8X6 ZINC R.GR 100
MAIPU,126115,50034,39,0.00079,0.026,0.1789,5.862,BISAG. 35 RECTA CLIP C/SUAVE-TORN -2UNDS KUTZ,ADHES. CONTACTO AFIX 60 ARTECOLA 1LT.
SEREN,110307,32823,39,0.00078,0.1234,0.0417,6.615,"TAPACANTO PVC BLANCO 22X0,45MM  RO 50MT",TORNILLO AGLOMERADO 3.5 X 15 100 UNIDADES
PMONT,32823,98235,39,0.00061,0.0382,0.1393,8.731,TORNILLO AGLOMERADO 3.5 X 15 100 UNIDADES,TORNILLO VOLCANITA PTA AGUJA 1X6 ZINC R.GR  100UN
VALPA,103743,133926,39,0.00145,0.1625,0.0644,7.207,TIRADOR MET. MADRID AC/INOX 128X12MM TUBULAR KUTZ,TAPA SOBERBIO ADHES 12MM BLANCO MATE SET 50 UN
PMONT,132891,149973,39,0.00061,0.1857,0.2021,61.647,"TAPACANTO ENCOLADO BLANCO 22X0,45MM RO 100 MT",TORN.VOLCANITA PTA AGUJA 1 1/4X6 ZINC RG 100U KHOR
PMONT,126528,128645,39,0.00061,0.1304,0.0346,7.415,SOPORTE BARRA OVALADA ALUMINIO 2 UND KUTZ,ESCUADRA PLASTICA BLANCA 50UNDS
CONCE,102517,133926,39,0.00043,0.0842,0.025,4.926,BARRA CLOSET OVALADA CROMADA 3MTS KUTZ,TAPA SOBERBIO ADHES 12MM BLANCO MATE SET 50 UN
CONCE,150002,95628,39,0.00043,0.0669,0.0669,10.467,TORNILLO AGLOMERADO 3.5 X 15 BOLSA 100UN KHOR,TORNILLO VOLCANITA PTA AGUJA 2X6 ZINC R.GR 100UN
TALCA,102517,103743,39,0.00098,0.0774,0.0728,5.737,BARRA CLOSET OVALADA CROMADA 3MTS KUTZ,TIRADOR MET. MADRID AC/INOX 128X12MM TUBULAR KUTZ
SEREN,139309,72273,39,0.00078,0.1418,0.0869,15.846,BISAG. 35 RECTA C/SUAVE-CLIP 10UNDS KUTZ,TORNILLO AGLOMERADO 4 X 15 CAJA 100 UN
SEREN,110307,115846,39,0.00078,0.1234,0.0232,3.681,"TAPACANTO PVC BLANCO 22X0,45MM  RO 50MT",MELAMINA BLANCA VESTO 15MM 2.50 X 1.83
VALPA,131026,133926,39,0.00145,0.0765,0.0644,3.391,"TAPACANTO PVC BLANCO 22X0,45MM RO 25MT",TAPA SOBERBIO ADHES 12MM BLANCO MATE SET 50 UN
VESPU,128645,6736,39,0.00096,0.0496,0.1189,6.127,ESCUADRA PLASTICA BLANCA 50UNDS,TARUGO PLASTICO 6MM   100 UNIDADES
CONCE,100640,100653,39,0.00043,0.4815,0.5417,610.024,CANALETA LARGO 4 MT (10) P25 BLANCO,UNION CANALETA (10) P25 BLANCO
PMONT,103742,133926,39,0.00061,0.0703,0.0277,3.202,TIRADOR MET. MADRID AC/INOX  96X12MM TUBULAR KUTZ,TAPA SOBERBIO ADHES 12MM BLANCO MATE SET 50 UN
PMONT,146968,146972,39,0.00061,0.25,0.2281,93.662,PLATO DE SOPORTE 5  PARA LIJAS C/VELCRO HEMIC,DISCO LIJA VELCRO 125MM G100 PACK 10 HEMIC
PMONT,125056,125832,39,0.00061,0.1318,0.0595,12.867,TELESCOPICA H45-CS 30KG 500MM ZINCADO KUTZ,BISAG. 35 RECTA C/SUAVE-3D-CLIP-TORN -2UNDS KUTZ
SEREN,149403,149587,39,0.00078,0.2108,0.2932,79.522,"MELAMINA JADE VV 15MM 1,83 X 2,50 VESTO","TAPACANTO PVC JADE 22X0,45MM RO 25 MT"
PMONT,115846,115852,39,0.00061,0.0151,0.3421,8.482,MELAMINA BLANCA VESTO 15MM 2.50 X 1.83,MELAMINA GRAFITO 15MM 2.50 X 1.83 VESTO
SEREN,114693,32823,39,0.00078,0.2074,0.0417,11.119,SOBERBIO 3 16 X 2 100UNDS A.SCREW,TORNILLO AGLOMERADO 3.5 X 15 100 UNIDADES
SEREN,21864,72273,39,0.00078,0.2708,0.0869,30.262,TORNILLO AGLOMERADO 4 X 25    100 UNIDADES,TORNILLO AGLOMERADO 4 X 15 CAJA 100 UN
PMONT,149978,32823,39,0.00061,0.12,0.0382,7.522,TORN.VOLCANITA PTA AGUJA 2X6 ZINC RG 100UN KHOR,TORNILLO AGLOMERADO 3.5 X 15 100 UNIDADES
SEREN,126433,128645,39,0.00078,0.1121,0.0475,6.848,BISAG. 35  RECTA SIN TORNILLOS - 10UNDS KUTZ,ESCUADRA PLASTICA BLANCA 50UNDS
TEMUC,22961,74900,39,0.00337,0.1099,0.1393,4.538,PINO BRUTO 2 X 3 X 3.20 MTS.,PINO SECO CEPILLADO 1 X 2 X 3.20 MTS.
CONCE,95625,95627,39,0.00043,0.2042,0.0609,29.104,TORNILLO VOLCANITA PTA AGUJA 1 1/4X6 ZINC R.GR 100,TORNILLO VOLCANITA PTA AGUJA 1.5/8X6 ZINC R.GR 100
SEREN,125031,126115,39,0.00078,0.1124,0.0296,4.275,TELESCOPICA H35-STD 25KG 400MM ZINCADO KUTZ,BISAG. 35 RECTA CLIP C/SUAVE-TORN -2UNDS KUTZ
PMONT,19862,5530,38,0.00059,0.2436,0.1035,42.522,LIJA MADERAGRANO 220 PLIEGO,LIJA MADERA GRANO 120 PLIEGO
PMONT,126115,5294,38,0.00059,0.042,0.0571,4.045,BISAG. 35 RECTA CLIP C/SUAVE-TORN -2UNDS KUTZ,ADHES. CONTACTO AGOREX 60 HENKEL 1 LT.
RANCA,143601,32823,38,0.00078,0.1024,0.0394,5.204,SOPORTE BARRA OVALADA CROMADO 2 UND KUTZ,TORNILLO AGLOMERADO 3.5 X 15 100 UNIDADES
SEREN,126500,126551,38,0.00076,0.5205,0.5672,389.789,BARRA CLOSET REDONDA CROMADA 3.0MT - KUTZ,SOPORTE BARRA METALICO REDONDO CROMADO - KUTZ
RANCA,125054,125055,38,0.00078,0.1564,0.0922,18.592,TELESCOPICA H45-CS 30KG 400MM ZINCADO KUTZ,TELESCOPICA H45-CS 30KG 450MM ZINCADO KUTZ
PMONT,125029,149976,38,0.00059,0.1064,0.2484,44.57,TELESCOPICA H35-STD 25KG 250MM ZINCADO KUTZ,TORN.VOLCANITA PTA AGUJA 1X6 ZINC RG 100UN KHOR
CONCE,5260,86407,38,0.00042,0.0866,0.322,66.917,PASTA MURO F-15 TAJAMAR GL,YESO CORRIENTE BOLSA 5.0 KG
VALPA,82677,82679,38,0.00141,0.3918,0.1484,41.126,CLAVO CORRIENTE 3 BOLSA 1 KILO,CLAVO CORRIENTE 4 BOLSA 1 KILO
VALPA,22961,76850,38,0.00141,0.096,0.1597,10.836,PINO BRUTO 2 X 3 X 3.20 MTS.,PINO BRUTO 1 X 4 X 3.20 MTS.
TEMUC,22961,74902,38,0.00329,0.107,0.1315,4.284,PINO BRUTO 2 X 3 X 3.20 MTS.,PINO SECO CEPILLADO 1 X 5 X 3.20 MTS
VESPU,417,6311,38,0.00094,0.2303,0.2111,51.885,RIEL GALVANIZADO DUCASSE U-20 TIRA 2.00MTS,CORREDERA DUCASSE D7-D14 DOBLE CON POLIN
CONCE,146644,146649,38,0.00042,0.4,0.5205,499.847,CODO PRESION 20 MM     UNID,COPLA PRESION 20 MM     UNID
CONCE,125036,125037,38,0.00042,0.0552,0.1652,21.906,TELESCOPICA H45-STD 40KG 450MM ZINCADO KUTZ,TELESCOPICA H45-STD 40KG 500MM ZINCADO KUTZ
VALPA,417,79050,38,0.00141,0.2836,0.2452,49.169,RIEL GALVANIZADO DUCASSE U-20 TIRA 2.00MTS,CORREDERA DUCLOSET SIMPLE
PMONT,128645,128648,38,0.00059,0.0337,0.2135,12.136,ESCUADRA PLASTICA BLANCA 50UNDS,SOPORTE REPISA PLASTICO/METAL BLANCO 50UNID
VESPU,19868,19869,38,0.00094,0.6667,0.5135,365.333,TAB. CANAL NORMAL 61X20X0.5X3.0MT,TAB. MONTANTE NORMAL 60X38X6X0.5X3.0MT
CONCE,103743,126115,38,0.00042,0.1508,0.023,8.342,TIRADOR MET. MADRID AC/INOX 128X12MM TUBULAR KUTZ,BISAG. 35 RECTA CLIP C/SUAVE-TORN -2UNDS KUTZ
RANCA,125056,140802,38,0.00078,0.1155,0.157,23.378,TELESCOPICA H45-CS 30KG 500MM ZINCADO KUTZ,BISAG. 35 165º CLIP / CIERRE SUAVE 2UNDS  KUTZ
VALPA,128645,95627,38,0.00141,0.0922,0.0512,3.341,ESCUADRA PLASTICA BLANCA 50UNDS,TORNILLO VOLCANITA PTA AGUJA 1.5/8X6 ZINC R.GR 100
VALPA,126433,98235,38,0.00141,0.0858,0.0817,4.958,BISAG. 35  RECTA SIN TORNILLOS - 10UNDS KUTZ,TORNILLO VOLCANITA PTA AGUJA 1X6 ZINC R.GR  100UN
VESPU,102517,126528,38,0.00094,0.1155,0.3304,40.729,BARRA CLOSET OVALADA CROMADA 3MTS KUTZ,SOPORTE BARRA OVALADA ALUMINIO 2 UND KUTZ
RANCA,102789,116508,38,0.00078,0.3958,0.3276,167.144,KIT INSTALACION W.C 17187/32112/19705 AL PISO,"WC ONE PIECE A PISO 30,5 7LT VINCINY SENSI DACQUA"
SEREN,150062,32823,38,0.00076,0.1206,0.0406,6.466,BISAG. 35 RECTA C/SUAVE INSEPARABLE S/TOR-2UN KHOR,TORNILLO AGLOMERADO 3.5 X 15 100 UNIDADES
PMONT,126433,74236,38,0.00059,0.0695,0.0609,7.132,BISAG. 35  RECTA SIN TORNILLOS - 10UNDS KUTZ,"TAPACANTO ENCOLADO BLANCO 22X0,45MM RO 25 MT"
VESPU,152618,152619,38,0.00094,0.3065,0.2657,86.904,PACK 10 PILAS ALCALINAS AA 1.5V DAIRU,PACK 10 PILAS ALCALINAS AAA 1.5V DAIRU
PMONT,115846,149587,38,0.00059,0.0147,0.2,4.959,MELAMINA BLANCA VESTO 15MM 2.50 X 1.83,"TAPACANTO PVC JADE 22X0,45MM RO 25 MT"
CONCE,95625,95628,38,0.00042,0.199,0.0652,31.13,TORNILLO VOLCANITA PTA AGUJA 1 1/4X6 ZINC R.GR 100,TORNILLO VOLCANITA PTA AGUJA 2X6 ZINC R.GR 100UN
TALCA,123336,130202,38,0.00096,0.0643,0.3167,21.294,ADHESIVO CERAMICO WEBER NORMAL 25 KG SC,SEPARADOR C/TOMADOR 3MM 200 UND
RANCA,20232,554,38,0.00078,0.2901,0.2533,94.723,RIEL GALVANIZADO DUCASSE U-20 TIRA 1.50MTS,CORREDERA DUCASSE D7-D14 SIMPLE CON POLIN
CONCE,126037,5530,38,0.00042,0.1176,0.0529,14.947,CINTA ENMASCARAR ESTÁNDAR TESA 48MMX40M,LIJA MADERA GRANO 120 PLIEGO
SEREN,5528,5529,38,0.00076,0.25,0.2714,89.589,LIJA MADERA GRANO 80 PLIEGO,LIJA MADERA GRANO 100 PLIEGO
VESPU,417,554,38,0.00094,0.2303,0.2289,56.261,RIEL GALVANIZADO DUCASSE U-20 TIRA 2.00MTS,CORREDERA DUCASSE D7-D14 SIMPLE CON POLIN
CONCE,1205,72713,38,0.00042,0.021,0.1397,7.045,"DUROLAC UNICOLOR BLANCO 2,8MM 1.52 X 2.44",PLANCHA MDF 500 15MM 1.52 X 2.44
VESPU,126433,133926,38,0.00094,0.0876,0.0334,3.123,BISAG. 35  RECTA SIN TORNILLOS - 10UNDS KUTZ,TAPA SOBERBIO ADHES 12MM BLANCO MATE SET 50 UN
TALCA,125056,140802,38,0.00096,0.1056,0.1275,14.077,TELESCOPICA H45-CS 30KG 500MM ZINCADO KUTZ,BISAG. 35 165º CLIP / CIERRE SUAVE 2UNDS  KUTZ
PMONT,128645,16408,38,0.00059,0.0337,0.1367,7.77,ESCUADRA PLASTICA BLANCA 50UNDS,BARRA CLOSET PLASTICA 1MT.BLANCA UNID
RANCA,115846,115852,38,0.00078,0.0177,0.2222,5.058,MELAMINA BLANCA VESTO 15MM 2.50 X 1.83,MELAMINA GRAFITO 15MM 2.50 X 1.83 VESTO
PMONT,100651,100653,38,0.00059,0.5758,0.4471,433.952,TAPA CANALETA UNIV (10) P25 BLANCO,UNION CANALETA (10) P25 BLANCO
CONCE,100663,93706,38,0.00042,0.3486,0.3551,297.216,GANCHO TRADICIONAL  P25 MARRON,TUBO BAJADA D 80X3MT (3) P25 MARRON
PMONT,100639,100640,38,0.00059,0.4578,0.5135,396.364,BAJADA CEMENTAR (10) P25 BLANCO,CANALETA LARGO 4 MT (10) P25 BLANCO
SEREN,126115,126183,38,0.00076,0.0288,0.2262,8.603,BISAG. 35 RECTA CLIP C/SUAVE-TORN -2UNDS KUTZ,BOMBIN NEUMATICO 100N - 1 UNID KUTZ
VALPA,22960,82679,38,0.00141,0.0846,0.1484,8.885,PINO BRUTO 2 X 2 X 3.20 MTS.,CLAVO CORRIENTE 4 BOLSA 1 KILO
VESPU,5294,79039,38,0.00094,0.0977,0.0821,8.556,ADHES. CONTACTO AGOREX 60 HENKEL 1 LT.,DILUYENTE DP-100 DILOX 1 LT.
VALPA,100124,95847,38,0.00141,0.1218,0.1145,9.859,MONTAJE AFIX 370 GR. ARTECOLA CART,SELLADOR ACRILICO PINTABLE BLANCO SOUDAL 300 ML.
PMONT,5528,5529,38,0.00059,0.255,0.1624,69.824,LIJA MADERA GRANO 80 PLIEGO,LIJA MADERA GRANO 100 PLIEGO
VESPU,72719,73276,38,0.00094,0.2639,0.2032,57.226,PLANCHA MDF 3MM 2.12 X 2.44,LAM. RECTA F6 GRANITINO NEGRO 3014 BR 122 X 306
CONCE,126115,72273,38,0.00042,0.023,0.1131,6.256,BISAG. 35 RECTA CLIP C/SUAVE-TORN -2UNDS KUTZ,TORNILLO AGLOMERADO 4 X 15 CAJA 100 UN
PMONT,134039,91440,37,0.00058,0.2517,0.4066,177.2,PASTA MURO F-15 TAJAMAR TI,CINTA VOLCANITA 2 X 90 MT
PMONT,100654,100669,37,0.00058,0.5606,0.4744,460.452,BAJADA CEMENTAR (10) P25 MARRON,UNION CANALETA (10) P25 MARRON
PMONT,120397,123573,37,0.00058,0.5,0.5068,438.801,LAVAMANOS CORONA ACUACER,ESTANQUE WC 6LT CORONA LAGUNA
CONCE,146491,146644,37,0.00041,0.4684,0.3895,449.729,TERMINAL HE PRESION 20X1/2   UNID,CODO PRESION 20 MM     UNID
PMONT,125055,125056,37,0.00058,0.0937,0.125,20.274,TELESCOPICA H45-CS 30KG 450MM ZINCADO KUTZ,TELESCOPICA H45-CS 30KG 500MM ZINCADO KUTZ
PMONT,120398,123573,37,0.00058,0.5211,0.5068,457.342,PEDESTAL LAVAMANOS CORONA ACUACER,ESTANQUE WC 6LT CORONA LAGUNA
VALPA,125037,32823,37,0.00138,0.2357,0.0432,7.399,TELESCOPICA H45-STD 40KG 500MM ZINCADO KUTZ,TORNILLO AGLOMERADO 3.5 X 15 100 UNIDADES
PMONT,120398,120870,37,0.00058,0.5211,0.6981,629.924,PEDESTAL LAVAMANOS CORONA ACUACER,TAZA WC A PISO 30 CM CORONA LAGUNA
PMONT,100648,79813,37,0.00058,0.319,0.6491,358.5,GANCHO TRADICIONAL P25 BLANCO,TAPA ACCESORIO UNIV P25 BLANCO
PMONT,120397,120870,37,0.00058,0.5,0.6981,604.387,LAVAMANOS CORONA ACUACER,TAZA WC A PISO 30 CM CORONA LAGUNA
CONCE,122826,145966,37,0.00041,0.2202,0.0363,19.697,"20X30 MURO BLANCO BRILLANTE CON ENGOBE CJ 1,5 M2",ADHESIVO CERAMICO SIKACERAM 50 NORMAL SACO 25KG
SEREN,125054,126115,37,0.00074,0.2256,0.0281,8.581,TELESCOPICA H45-CS 30KG 400MM ZINCADO KUTZ,BISAG. 35 RECTA CLIP C/SUAVE-TORN -2UNDS KUTZ
CONCE,32823,95625,37,0.00041,0.0359,0.1937,17.123,TORNILLO AGLOMERADO 3.5 X 15 100 UNIDADES,TORNILLO VOLCANITA PTA AGUJA 1 1/4X6 ZINC R.GR 100
TALCA,126433,32823,37,0.00093,0.1535,0.0521,8.594,BISAG. 35  RECTA SIN TORNILLOS - 10UNDS KUTZ,TORNILLO AGLOMERADO 3.5 X 15 100 UNIDADES
TALCA,133926,90040,37,0.00093,0.0363,0.1217,4.742,TAPA SOBERBIO ADHES 12MM BLANCO MATE SET 50 UN,PERILLA METALICA CILIND. 23X20MM NIQUEL SATIN
TALCA,133926,150002,37,0.00093,0.0363,0.1568,6.109,TAPA SOBERBIO ADHES 12MM BLANCO MATE SET 50 UN,TORNILLO AGLOMERADO 3.5 X 15 BOLSA 100UN KHOR
SEREN,150001,32823,37,0.00074,0.1213,0.0395,6.502,SOBERBIO 3 16 X 2 - BOLSA 100UN KHOR,TORNILLO AGLOMERADO 3.5 X 15 100 UNIDADES
PMONT,32823,95625,37,0.00058,0.0362,0.1616,10.128,TORNILLO AGLOMERADO 3.5 X 15 100 UNIDADES,TORNILLO VOLCANITA PTA AGUJA 1 1/4X6 ZINC R.GR 100
VALPA,19868,33903,37,0.00138,0.4111,0.6727,200.884,TAB. CANAL NORMAL 61X20X0.5X3.0MT,TAB. MONTANTE NORMAL 60X38X6X0.5X2.4MT
VALPA,125056,126115,37,0.00138,0.3274,0.0436,10.377,TELESCOPICA H45-CS 30KG 500MM ZINCADO KUTZ,BISAG. 35 RECTA CLIP C/SUAVE-TORN -2UNDS KUTZ
VALPA,22960,95628,37,0.00138,0.0824,0.0387,2.319,PINO BRUTO 2 X 2 X 3.20 MTS.,TORNILLO VOLCANITA PTA AGUJA 2X6 ZINC R.GR 100UN
VALPA,74901,95628,37,0.00138,0.093,0.0387,2.616,PINO SECO CEPILLADO 1 X 4 X 3.20 MTS.,TORNILLO VOLCANITA PTA AGUJA 2X6 ZINC R.GR 100UN
VALPA,134039,5530,37,0.00138,0.1529,0.1312,14.571,PASTA MURO F-15 TAJAMAR TI,LIJA MADERA GRANO 120 PLIEGO
TALCA,125056,125832,37,0.00093,0.1028,0.1595,17.606,TELESCOPICA H45-CS 30KG 500MM ZINCADO KUTZ,BISAG. 35 RECTA C/SUAVE-3D-CLIP-TORN -2UNDS KUTZ
TALCA,102517,125055,37,0.00093,0.0734,0.0875,6.897,BARRA CLOSET OVALADA CROMADA 3MTS KUTZ,TELESCOPICA H45-CS 30KG 450MM ZINCADO KUTZ
CONCE,22960,73463,37,0.00041,0.058,0.1057,15.115,PINO BRUTO 2 X 2 X 3.20 MTS.,PINO BRUTO 1 X 2 X 3.20 MTS.
RANCA,133926,149983,37,0.00076,0.0403,0.1721,9.172,TAPA SOBERBIO ADHES 12MM BLANCO MATE SET 50 UN,TORNILLO AGLOMERADO 3.5 X 15 BALDE 500UN KHOR
RANCA,121394,133926,37,0.00076,0.1859,0.0403,9.91,"TAPACANTO ENCOLADO BLANCO 22X0,45MM RO 50 MT",TAPA SOBERBIO ADHES 12MM BLANCO MATE SET 50 UN
CONCE,126115,98235,37,0.00041,0.0224,0.1271,7.034,BISAG. 35 RECTA CLIP C/SUAVE-TORN -2UNDS KUTZ,TORNILLO VOLCANITA PTA AGUJA 1X6 ZINC R.GR  100UN
RANCA,22961,76838,37,0.00076,0.1457,0.0595,11.471,PINO BRUTO 2 X 3 X 3.20 MTS.,TAPA PINO 1 X 4 X 3.20 MT
CONCE,102517,417,37,0.00041,0.0799,0.1321,26.035,BARRA CLOSET OVALADA CROMADA 3MTS KUTZ,RIEL GALVANIZADO DUCASSE U-20 TIRA 2.00MTS
PMONT,126115,131026,37,0.00058,0.0409,0.0353,2.497,BISAG. 35 RECTA CLIP C/SUAVE-TORN -2UNDS KUTZ,"TAPACANTO PVC BLANCO 22X0,45MM RO 25MT"
CONCE,126433,128645,37,0.00041,0.0619,0.0461,7.038,BISAG. 35  RECTA SIN TORNILLOS - 10UNDS KUTZ,ESCUADRA PLASTICA BLANCA 50UNDS
RANCA,125055,32823,37,0.00076,0.0898,0.0384,4.563,TELESCOPICA H45-CS 30KG 450MM ZINCADO KUTZ,TORNILLO AGLOMERADO 3.5 X 15 100 UNIDADES
SEREN,126115,140802,37,0.00074,0.0281,0.1888,7.18,BISAG. 35 RECTA CLIP C/SUAVE-TORN -2UNDS KUTZ,BISAG. 35 165º CLIP / CIERRE SUAVE 2UNDS  KUTZ
PMONT,125031,126433,37,0.00058,0.0794,0.0676,9.299,TELESCOPICA H35-STD 25KG 400MM ZINCADO KUTZ,BISAG. 35  RECTA SIN TORNILLOS - 10UNDS KUTZ
VESPU,126115,128648,37,0.00091,0.0376,0.1254,5.164,BISAG. 35 RECTA CLIP C/SUAVE-TORN -2UNDS KUTZ,SOPORTE REPISA PLASTICO/METAL BLANCO 50UNID
VALPA,126115,95625,37,0.00138,0.0436,0.0619,1.961,BISAG. 35 RECTA CLIP C/SUAVE-TORN -2UNDS KUTZ,TORNILLO VOLCANITA PTA AGUJA 1 1/4X6 ZINC R.GR 100
PMONT,126432,126434,37,0.00058,0.1209,0.1462,30.618,BISAG. 35  RECTA C/TORN - 2UNDS KUTZ,BISAG. 35 S/CURVA C/TORN - 2UNDS KUTZ
PMONT,139309,149983,37,0.00058,0.0898,0.09,13.999,BISAG. 35 RECTA C/SUAVE-CLIP 10UNDS KUTZ,TORNILLO AGLOMERADO 3.5 X 15 BALDE 500UN KHOR
RANCA,22960,76838,37,0.00076,0.0791,0.0595,6.226,PINO BRUTO 2 X 2 X 3.20 MTS.,TAPA PINO 1 X 4 X 3.20 MT
SEREN,125035,32823,37,0.00074,0.1285,0.0395,6.886,TELESCOPICA H45-STD 40KG 400MM ZINCADO KUTZ,TORNILLO AGLOMERADO 3.5 X 15 100 UNIDADES
VESPU,143258,150002,36,0.00089,0.0598,0.0374,2.518,BOLSA VEGETAL 45X40X12 KUTZ,TORNILLO AGLOMERADO 3.5 X 15 BOLSA 100UN KHOR
VALPA,74900,74901,36,0.00134,0.0839,0.0905,5.666,PINO SECO CEPILLADO 1 X 2 X 3.20 MTS.,PINO SECO CEPILLADO 1 X 4 X 3.20 MTS.
VALPA,126433,128645,36,0.00134,0.0813,0.0874,5.301,BISAG. 35  RECTA SIN TORNILLOS - 10UNDS KUTZ,ESCUADRA PLASTICA BLANCA 50UNDS
PMONT,95625,95627,36,0.00056,0.1572,0.0891,24.929,TORNILLO VOLCANITA PTA AGUJA 1 1/4X6 ZINC R.GR 100,TORNILLO VOLCANITA PTA AGUJA 1.5/8X6 ZINC R.GR 100
PMONT,125032,126433,36,0.00056,0.1698,0.0658,19.888,TELESCOPICA H35-STD 25KG 450MM ZINCADO KUTZ,BISAG. 35  RECTA SIN TORNILLOS - 10UNDS KUTZ
PMONT,128645,149978,36,0.00056,0.0319,0.1108,6.297,ESCUADRA PLASTICA BLANCA 50UNDS,TORN.VOLCANITA PTA AGUJA 2X6 ZINC RG 100UN KHOR
VESPU,76730,89759,36,0.00089,0.2209,0.4,99.514,LAM. RECTA F6 FLORENTINO NEGRO 0513 BR 122 X 306,LAM. RECTA F6 ONIX BROWN 2721 BR 122 X 306
VESPU,76742,89759,36,0.00089,0.3273,0.4,147.462,LAM. RECTA F6 GRANITO KOMBI 0670 BR 122 X 306,LAM. RECTA F6 ONIX BROWN 2721 BR 122 X 306
PMONT,103743,149976,36,0.00056,0.0656,0.2353,27.457,TIRADOR MET. MADRID AC/INOX 128X12MM TUBULAR KUTZ,TORN.VOLCANITA PTA AGUJA 1X6 ZINC RG 100UN KHOR
VALPA,103743,32823,36,0.00134,0.15,0.0421,4.709,TIRADOR MET. MADRID AC/INOX 128X12MM TUBULAR KUTZ,TORNILLO AGLOMERADO 3.5 X 15 100 UNIDADES
PMONT,126528,32823,36,0.00056,0.1204,0.0352,7.547,SOPORTE BARRA OVALADA ALUMINIO 2 UND KUTZ,TORNILLO AGLOMERADO 3.5 X 15 100 UNIDADES
PMONT,133926,149983,36,0.00056,0.0256,0.0876,3.991,TAPA SOBERBIO ADHES 12MM BLANCO MATE SET 50 UN,TORNILLO AGLOMERADO 3.5 X 15 BALDE 500UN KHOR
PMONT,102517,32823,36,0.00056,0.0947,0.0352,5.939,BARRA CLOSET OVALADA CROMADA 3MTS KUTZ,TORNILLO AGLOMERADO 3.5 X 15 100 UNIDADES
SEREN,133926,72273,36,0.00072,0.0404,0.0802,4.51,TAPA SOBERBIO ADHES 12MM BLANCO MATE SET 50 UN,TORNILLO AGLOMERADO 4 X 15 CAJA 100 UN
PMONT,139370,74236,36,0.00056,0.1773,0.0577,18.207,PERILLA PLASTICA 38MM BLANCA BOLSA 10 UN.,"TAPACANTO ENCOLADO BLANCO 22X0,45MM RO 25 MT"
TALCA,125054,125055,36,0.00091,0.1309,0.0851,12.299,TELESCOPICA H45-CS 30KG 400MM ZINCADO KUTZ,TELESCOPICA H45-CS 30KG 450MM ZINCADO KUTZ
TALCA,133926,140802,36,0.00091,0.0353,0.1208,4.707,TAPA SOBERBIO ADHES 12MM BLANCO MATE SET 50 UN,BISAG. 35 165º CLIP / CIERRE SUAVE 2UNDS  KUTZ
TALCA,100654,95255,36,0.00091,0.8,0.75,662.367,BAJADA CEMENTAR (10) P25 MARRON,CANALETA LARGO 4 MT (10) P25 MARRON
RANCA,100654,100667,36,0.00073,0.5294,0.5455,392.904,BAJADA CEMENTAR (10) P25 MARRON,TAPA CANALETA UNIV (10) P25 MARRON
VALPA,126115,140802,36,0.00134,0.0425,0.4045,12.819,BISAG. 35 RECTA CLIP C/SUAVE-TORN -2UNDS KUTZ,BISAG. 35 165º CLIP / CIERRE SUAVE 2UNDS  KUTZ
RANCA,103743,133926,36,0.00073,0.1333,0.0392,7.107,TIRADOR MET. MADRID AC/INOX 128X12MM TUBULAR KUTZ,TAPA SOBERBIO ADHES 12MM BLANCO MATE SET 50 UN
TALCA,20232,79050,36,0.00091,0.2951,0.213,69.391,RIEL GALVANIZADO DUCASSE U-20 TIRA 1.50MTS,CORREDERA DUCLOSET SIMPLE
VESPU,110307,32823,36,0.00089,0.0585,0.0691,4.556,"TAPACANTO PVC BLANCO 22X0,45MM  RO 50MT",TORNILLO AGLOMERADO 3.5 X 15 100 UNIDADES
TALCA,19868,19869,36,0.00091,0.3273,0.4932,178.171,TAB. CANAL NORMAL 61X20X0.5X3.0MT,TAB. MONTANTE NORMAL 60X38X6X0.5X3.0MT
VALPA,125036,126115,36,0.00134,0.1885,0.0425,5.973,TELESCOPICA H45-STD 40KG 450MM ZINCADO KUTZ,BISAG. 35 RECTA CLIP C/SUAVE-TORN -2UNDS KUTZ
PMONT,126434,128645,36,0.00056,0.1423,0.0319,8.089,BISAG. 35 S/CURVA C/TORN - 2UNDS KUTZ,ESCUADRA PLASTICA BLANCA 50UNDS
RANCA,133926,95627,36,0.00073,0.0392,0.0739,3.94,TAPA SOBERBIO ADHES 12MM BLANCO MATE SET 50 UN,TORNILLO VOLCANITA PTA AGUJA 1.5/8X6 ZINC R.GR 100
RANCA,132429,76838,36,0.00073,0.0568,0.0579,4.472,CEMENTO MELON SACO 25KG.,TAPA PINO 1 X 4 X 3.20 MT
VESPU,115847,132931,36,0.00089,0.0306,0.3429,11.823,MELAMINA BLANCA VESTO 18MM 2.50 X 1.83,"TAPACANTO PVC BLANCO 22X1,5MM RO 25MT"
PMONT,127020,127029,36,0.00056,0.1538,0.2264,61.988,ZINC  ACANALADO 0.35X3660MM ECO,ZINC  EN V 0.35X2500MM ECO
SEREN,126115,72272,36,0.00072,0.0273,0.1865,7.095,BISAG. 35 RECTA CLIP C/SUAVE-TORN -2UNDS KUTZ,TORNILLO AGLOMERADO 3.5 X 25 100 UNIDADES
RANCA,139309,140802,36,0.00073,0.065,0.1488,13.153,BISAG. 35 RECTA C/SUAVE-CLIP 10UNDS KUTZ,BISAG. 35 165º CLIP / CIERRE SUAVE 2UNDS  KUTZ
PMONT,103743,149983,36,0.00056,0.0656,0.0876,10.221,TIRADOR MET. MADRID AC/INOX 128X12MM TUBULAR KUTZ,TORNILLO AGLOMERADO 3.5 X 15 BALDE 500UN KHOR
PMONT,126433,5294,36,0.00056,0.0658,0.0541,6.34,BISAG. 35  RECTA SIN TORNILLOS - 10UNDS KUTZ,ADHES. CONTACTO AGOREX 60 HENKEL 1 LT.
TEMUC,20240,77172,36,0.00311,0.1636,0.3077,16.175,"JGO MARCO PUERTA PINO 30 X 90 MM X 5,4MT",PUERTA TERCIADO INTERIOR 0.70 X 2.00
RANCA,118607,32823,36,0.00073,0.1579,0.0373,8.023,SOBERBIO 3 16 X 2 - 100UNDS PATTA,TORNILLO AGLOMERADO 3.5 X 15 100 UNIDADES
PMONT,125055,125832,36,0.00056,0.0911,0.0549,8.901,TELESCOPICA H45-CS 30KG 450MM ZINCADO KUTZ,BISAG. 35 RECTA C/SUAVE-3D-CLIP-TORN -2UNDS KUTZ
SEREN,110307,128645,36,0.00072,0.1139,0.0438,6.962,"TAPACANTO PVC BLANCO 22X0,45MM  RO 50MT",ESCUADRA PLASTICA BLANCA 50UNDS
PMONT,146525,146532,36,0.00056,0.5538,0.3529,347.864,COPLA SIMPLE FUSION PPR 20MM CCS,CODO 90° FUSION PPR 20MM CCS
VESPU,126115,126117,36,0.00089,0.0365,0.2022,8.326,BISAG. 35 RECTA CLIP C/SUAVE-TORN -2UNDS KUTZ,BISAG. 35 CURVA C/SUAVE-CLIP-TORN -2UNDS KUTZ
PMONT,74734,75093,36,0.00056,0.071,0.0581,7.337,TERCIADO ESTRUCTURAL 15MM 1.20 X 2.40 PL,TERCIADO ESTRUCTURAL 18MM 1.20 X 2.40 PL
RANCA,125036,125037,36,0.00073,0.0779,0.1129,11.965,TELESCOPICA H45-STD 40KG 450MM ZINCADO KUTZ,TELESCOPICA H45-STD 40KG 500MM ZINCADO KUTZ
SEREN,125030,32823,36,0.00072,0.1304,0.0385,6.991,TELESCOPICA H35-STD 25KG 350MM ZINCADO KUTZ,TORNILLO AGLOMERADO 3.5 X 15 100 UNIDADES
TEMUC,74904,76860,36,0.00311,0.3,0.1429,13.768,PINO SECO CEPILLADO 1 X 8 X 3.20 MTS.,PINO SECO CEPILLADO 1 X 3 X 3.20 MTS.
VALPA,126037,138144,36,0.00134,0.2628,0.1136,22.278,CINTA ENMASCARAR ESTÁNDAR TESA 48MMX40M,RODILLO CONDOR CORTA GOTAS 18 CM
VALPA,32823,74236,35,0.0013,0.0409,0.1171,3.675,TORNILLO AGLOMERADO 3.5 X 15 100 UNIDADES,"TAPACANTO ENCOLADO BLANCO 22X0,45MM RO 25 MT"
PMONT,100639,100651,35,0.00055,0.4217,0.5303,409.324,BAJADA CEMENTAR (10) P25 BLANCO,TAPA CANALETA UNIV (10) P25 BLANCO
VALPA,138144,34532,35,0.0013,0.1104,0.5303,44.959,RODILLO CONDOR CORTA GOTAS 18 CM,BANDEJA LIZCAL PINTURA UNID
SEREN,115846,149403,35,0.0007,0.0208,0.1892,5.643,MELAMINA BLANCA VESTO 15MM 2.50 X 1.83,"MELAMINA JADE VV 15MM 1,83 X 2,50 VESTO"
RANCA,126115,98235,35,0.00071,0.0358,0.1268,6.345,BISAG. 35 RECTA CLIP C/SUAVE-TORN -2UNDS KUTZ,TORNILLO VOLCANITA PTA AGUJA 1X6 ZINC R.GR  100UN
VESPU,20232,554,35,0.00086,0.2941,0.2108,71.85,RIEL GALVANIZADO DUCASSE U-20 TIRA 1.50MTS,CORREDERA DUCASSE D7-D14 SIMPLE CON POLIN
PMONT,74615,75093,35,0.00055,0.144,0.0565,14.883,TERCIADO ESTRUCTURAL 9MM 1.20 X 2.40 PL,TERCIADO ESTRUCTURAL 18MM 1.20 X 2.40 PL
RANCA,5528,5530,35,0.00071,0.3125,0.1417,61.971,LIJA MADERA GRANO 80 PLIEGO,LIJA MADERA GRANO 120 PLIEGO
TALCA,125036,126116,35,0.00088,0.0633,0.1003,7.207,TELESCOPICA H45-STD 40KG 450MM ZINCADO KUTZ,BISAG. 35 S/CURVA C/SUAVE-CLIP-TORN -2UNDS KUTZ
TEMUC,115846,133068,35,0.00303,0.0256,0.2756,2.33,MELAMINA BLANCA VESTO 15MM 2.50 X 1.83,"MELAMINA NODO 15MM 1,83 X 2,50 VESTO"
RANCA,126432,32823,35,0.00071,0.1341,0.0363,6.814,BISAG. 35  RECTA C/TORN - 2UNDS KUTZ,TORNILLO AGLOMERADO 3.5 X 15 100 UNIDADES
PMONT,32780,7909,35,0.00055,0.0792,0.1351,19.587,"FILM STRETCH TRANS ROLLO 1,5K NETO 0,5MT",CINTA EMBALAJE TRANSPARENTE  48MMX40 MT UNID
PMONT,133926,16408,35,0.00055,0.0249,0.1259,5.737,TAPA SOBERBIO ADHES 12MM BLANCO MATE SET 50 UN,BARRA CLOSET PLASTICA 1MT.BLANCA UNID
RANCA,125036,143601,35,0.00071,0.0758,0.0943,10.002,TELESCOPICA H45-STD 40KG 450MM ZINCADO KUTZ,SOPORTE BARRA OVALADA CROMADO 2 UND KUTZ
SEREN,115852,131016,35,0.0007,0.2108,0.1667,50.371,MELAMINA GRAFITO 15MM 2.50 X 1.83 VESTO,"TAPACANTO PVC GRAFITO 22X0,45MM RO 25MT"
PMONT,125055,139309,35,0.00055,0.0886,0.085,13.778,TELESCOPICA H45-CS 30KG 450MM ZINCADO KUTZ,BISAG. 35 RECTA C/SUAVE-CLIP 10UNDS KUTZ
PMONT,22961,76850,35,0.00055,0.0562,0.216,22.217,PINO BRUTO 2 X 3 X 3.20 MTS.,PINO BRUTO 1 X 4 X 3.20 MTS.
TALCA,126115,150435,35,0.00088,0.0271,0.1667,5.135,BISAG. 35 RECTA CLIP C/SUAVE-TORN -2UNDS KUTZ,SISTEMA PUSH MECANICO 30N PARA PUERTA KUTZ
VESPU,115847,154044,35,0.00086,0.0298,0.0951,3.28,MELAMINA BLANCA VESTO 18MM 2.50 X 1.83,"DUROLAC BLANCO 2,8MM 1.85X2,44"
TEMUC,115846,72713,35,0.00303,0.0256,0.1017,0.86,MELAMINA BLANCA VESTO 15MM 2.50 X 1.83,PLANCHA MDF 500 15MM 1.52 X 2.44
VALPA,103743,126115,35,0.0013,0.1458,0.0413,4.622,TIRADOR MET. MADRID AC/INOX 128X12MM TUBULAR KUTZ,BISAG. 35 RECTA CLIP C/SUAVE-TORN -2UNDS KUTZ
SEREN,110307,5294,35,0.0007,0.1108,0.0972,15.436,"TAPACANTO PVC BLANCO 22X0,45MM  RO 50MT",ADHES. CONTACTO AGOREX 60 HENKEL 1 LT.
TALCA,126115,131026,35,0.00088,0.0271,0.0507,1.563,BISAG. 35 RECTA CLIP C/SUAVE-TORN -2UNDS KUTZ,"TAPACANTO PVC BLANCO 22X0,45MM RO 25MT"
RANCA,126115,150002,35,0.00071,0.0358,0.0972,4.864,BISAG. 35 RECTA CLIP C/SUAVE-TORN -2UNDS KUTZ,TORNILLO AGLOMERADO 3.5 X 15 BOLSA 100UN KHOR
TALCA,126115,126208,35,0.00088,0.0271,0.3804,11.72,BISAG. 35 RECTA CLIP C/SUAVE-TORN -2UNDS KUTZ,BISAG.35 RINCON FALSO 3DCLIP CIERRE SUAVE 2UN KUTZ
PMONT,125832,5294,35,0.00055,0.0534,0.0526,5.14,BISAG. 35 RECTA C/SUAVE-3D-CLIP-TORN -2UNDS KUTZ,ADHES. CONTACTO AGOREX 60 HENKEL 1 LT.
TALCA,115847,124032,35,0.00088,0.1094,0.0543,6.75,MELAMINA BLANCA VESTO 18MM 2.50 X 1.83,DUROLAC UNICOLOR BLANCO 3MM 1.83 X 2.50
TALCA,125035,133926,35,0.00088,0.0845,0.0343,3.294,TELESCOPICA H45-STD 40KG 400MM ZINCADO KUTZ,TAPA SOBERBIO ADHES 12MM BLANCO MATE SET 50 UN
VESPU,126115,5294,35,0.00086,0.0355,0.09,3.704,BISAG. 35 RECTA CLIP C/SUAVE-TORN -2UNDS KUTZ,ADHES. CONTACTO AGOREX 60 HENKEL 1 LT.
VESPU,133926,143258,35,0.00086,0.0308,0.0581,2.074,TAPA SOBERBIO ADHES 12MM BLANCO MATE SET 50 UN,BOLSA VEGETAL 45X40X12 KUTZ
TEMUC,72328,72754,35,0.00303,0.2,0.0956,6.32,PLANCHA MDF  9MM 1.52 X 2.44,PLANCHA MDF 3MM 1.52 X 2.44
VALPA,120397,120398,35,0.0013,0.8537,0.875,573.552,LAVAMANOS CORONA ACUACER,PEDESTAL LAVAMANOS CORONA ACUACER
TALCA,125055,140802,35,0.00088,0.0827,0.1174,11.035,TELESCOPICA H45-CS 30KG 450MM ZINCADO KUTZ,BISAG. 35 165º CLIP / CIERRE SUAVE 2UNDS  KUTZ
RANCA,19868,19869,35,0.00071,0.4118,0.625,360.162,TAB. CANAL NORMAL 61X20X0.5X3.0MT,TAB. MONTANTE NORMAL 60X38X6X0.5X3.0MT
RANCA,126115,95625,35,0.00071,0.0358,0.0816,4.082,BISAG. 35 RECTA CLIP C/SUAVE-TORN -2UNDS KUTZ,TORNILLO VOLCANITA PTA AGUJA 1 1/4X6 ZINC R.GR 100
VALPA,20232,554,35,0.0013,0.2941,0.2482,56.06,RIEL GALVANIZADO DUCASSE U-20 TIRA 1.50MTS,CORREDERA DUCASSE D7-D14 SIMPLE CON POLIN
RANCA,32823,90040,35,0.00071,0.0363,0.1057,5.373,TORNILLO AGLOMERADO 3.5 X 15 100 UNIDADES,PERILLA METALICA CILIND. 23X20MM NIQUEL SATIN
RANCA,5260,5530,35,0.00071,0.1406,0.1417,27.875,PASTA MURO F-15 TAJAMAR GL,LIJA MADERA GRANO 120 PLIEGO
SEREN,139402,16408,35,0.0007,0.2692,0.1502,57.971,SOPORTE BARRA REDONDO BLANCO BOLSA 10 UN.,BARRA CLOSET PLASTICA 1MT.BLANCA UNID
TEMUC,74901,74906,35,0.00303,0.0797,0.2023,5.33,PINO SECO CEPILLADO 1 X 4 X 3.20 MTS.,PINO SECO CEPILLADO 2 X 2 X 3.20 MTS.
RANCA,133926,87742,34,0.00069,0.037,0.3434,18.305,TAPA SOBERBIO ADHES 12MM BLANCO MATE SET 50 UN,BLISTER TOPE AUTOHADESIVO 144 UN.
SEREN,131026,32823,34,0.00068,0.0436,0.0363,2.339,"TAPACANTO PVC BLANCO 22X0,45MM RO 25MT",TORNILLO AGLOMERADO 3.5 X 15 100 UNIDADES
VALPA,100639,79364,34,0.00127,0.281,0.4595,102.049,BAJADA CEMENTAR (10) P25 BLANCO,TUBO BAJADA D 80X3MT (3) P25 BLANCO
VALPA,116508,99469,34,0.00127,0.3778,0.3656,109.17,"WC ONE PIECE A PISO 30,5 7LT VINCINY SENSI DACQUA",KIT INSTALACION W.C  FANALOZA AL PISO 1718000
TEMUC,22961,74901,34,0.00294,0.0958,0.0774,2.523,PINO BRUTO 2 X 3 X 3.20 MTS.,PINO SECO CEPILLADO 1 X 4 X 3.20 MTS.
RANCA,125031,32823,34,0.00069,0.1717,0.0353,8.725,TELESCOPICA H35-STD 25KG 400MM ZINCADO KUTZ,TORNILLO AGLOMERADO 3.5 X 15 100 UNIDADES
VESPU,150002,79039,34,0.00084,0.0353,0.0734,3.092,TORNILLO AGLOMERADO 3.5 X 15 BOLSA 100UN KHOR,DILUYENTE DP-100 DILOX 1 LT.
TALCA,130509,149983,34,0.00086,0.2429,0.0478,13.556,BISAG. 35  RECTA - 50UNDS  KHOR,TORNILLO AGLOMERADO 3.5 X 15 BALDE 500UN KHOR
VESPU,137182,150002,34,0.00084,0.1435,0.0353,6.041,SOPORTE REPISA FIJO BLANCO BOLSA 50 UN,TORNILLO AGLOMERADO 3.5 X 15 BOLSA 100UN KHOR
RANCA,125036,133926,34,0.00069,0.0736,0.037,3.922,TELESCOPICA H45-STD 40KG 450MM ZINCADO KUTZ,TAPA SOBERBIO ADHES 12MM BLANCO MATE SET 50 UN
VESPU,72719,76730,34,0.00084,0.2361,0.2086,58.741,PLANCHA MDF 3MM 2.12 X 2.44,LAM. RECTA F6 FLORENTINO NEGRO 0513 BR 122 X 306
RANCA,74900,74901,34,0.00069,0.0796,0.0519,5.955,PINO SECO CEPILLADO 1 X 2 X 3.20 MTS.,PINO SECO CEPILLADO 1 X 4 X 3.20 MTS.
VESPU,150002,5294,34,0.00084,0.0353,0.0874,3.681,TORNILLO AGLOMERADO 3.5 X 15 BOLSA 100UN KHOR,ADHES. CONTACTO AGOREX 60 HENKEL 1 LT.
SEREN,128645,72272,34,0.00068,0.0414,0.1762,10.765,ESCUADRA PLASTICA BLANCA 50UNDS,TORNILLO AGLOMERADO 3.5 X 25 100 UNIDADES
VALPA,100648,79813,34,0.00127,0.2595,0.6415,131.607,GANCHO TRADICIONAL P25 BLANCO,TAPA ACCESORIO UNIV P25 BLANCO
VALPA,100648,79364,34,0.00127,0.2595,0.4595,94.259,GANCHO TRADICIONAL P25 BLANCO,TUBO BAJADA D 80X3MT (3) P25 BLANCO
TALCA,126115,74236,34,0.00086,0.0264,0.0827,2.549,BISAG. 35 RECTA CLIP C/SUAVE-TORN -2UNDS KUTZ,"TAPACANTO ENCOLADO BLANCO 22X0,45MM RO 25 MT"
TALCA,125056,32823,34,0.00086,0.0944,0.0479,5.286,TELESCOPICA H45-CS 30KG 500MM ZINCADO KUTZ,TORNILLO AGLOMERADO 3.5 X 15 100 UNIDADES
RANCA,1205,130966,34,0.00069,0.0276,0.1076,4.285,"DUROLAC UNICOLOR BLANCO 2,8MM 1.52 X 2.44","TAPACANTO PVC BLANCO 22X0,45MM RO 100MT"
SEREN,128645,150001,34,0.00068,0.0414,0.1115,6.812,ESCUADRA PLASTICA BLANCA 50UNDS,SOBERBIO 3 16 X 2 - BOLSA 100UN KHOR
VESPU,118607,126115,34,0.00084,0.1399,0.0345,5.76,SOBERBIO 3 16 X 2 - 100UNDS PATTA,BISAG. 35 RECTA CLIP C/SUAVE-TORN -2UNDS KUTZ
SEREN,149983,149984,34,0.00068,0.1988,0.272,79.803,TORNILLO AGLOMERADO 3.5 X 15 BALDE 500UN KHOR,TORNILLO AGLOMERADO 3.5 X 25 BALDE 500UN KHOR
VESPU,73276,89759,34,0.00084,0.1818,0.3778,81.923,LAM. RECTA F6 GRANITINO NEGRO 3014 BR 122 X 306,LAM. RECTA F6 ONIX BROWN 2721 BR 122 X 306
VALPA,133926,95625,34,0.00127,0.0561,0.0569,2.521,TAPA SOBERBIO ADHES 12MM BLANCO MATE SET 50 UN,TORNILLO VOLCANITA PTA AGUJA 1 1/4X6 ZINC R.GR 100
RANCA,139509,5620,34,0.00069,0.2086,0.0619,18.61,"PLANCHA LISA VOLCANBOARD 4.0MM 1,20X2,40 ML",YESO-CARTON 10MM 2.4MT X 1.2MT
SEREN,103742,126115,34,0.00068,0.1056,0.0258,4.016,TIRADOR MET. MADRID AC/INOX  96X12MM TUBULAR KUTZ,BISAG. 35 RECTA CLIP C/SUAVE-TORN -2UNDS KUTZ
RANCA,135136,145966,34,0.00069,0.3864,0.0378,21.028,FRAGUE GRIS WEBER 1KG,ADHESIVO CERAMICO SIKACERAM 50 NORMAL SACO 25KG
RANCA,32822,32823,34,0.00069,0.2857,0.0353,14.517,TORNILLO AGLOMERADO 3.5 X 20 100 UNIDADES,TORNILLO AGLOMERADO 3.5 X 15 100 UNIDADES
RANCA,100669,95255,34,0.00069,0.5862,0.4595,388.021,UNION CANALETA (10) P25 MARRON,CANALETA LARGO 4 MT (10) P25 MARRON
TALCA,133926,87742,34,0.00086,0.0333,0.3617,14.093,TAPA SOBERBIO ADHES 12MM BLANCO MATE SET 50 UN,BLISTER TOPE AUTOHADESIVO 144 UN.
TALCA,149983,149994,34,0.00086,0.0478,0.1643,9.168,TORNILLO AGLOMERADO 3.5 X 15 BALDE 500UN KHOR,TORN.VOLCANITA PTA AGUJA 1.5/8X6 ZINC RG 500 KHOR
RANCA,100654,100663,34,0.00069,0.5,0.6667,480.216,BAJADA CEMENTAR (10) P25 MARRON,GANCHO TRADICIONAL  P25 MARRON
TALCA,125056,149983,34,0.00086,0.0944,0.0478,5.272,TELESCOPICA H45-CS 30KG 500MM ZINCADO KUTZ,TORNILLO AGLOMERADO 3.5 X 15 BALDE 500UN KHOR
TALCA,123336,142238,34,0.00086,0.0575,0.4658,31.32,ADHESIVO CERAMICO WEBER NORMAL 25 KG SC,"46X46 CER. CHILLAN ALLPA CJ 2,58 M2"
RANCA,114693,125036,34,0.00069,0.0904,0.0736,9.587,SOBERBIO 3 16 X 2 100UNDS A.SCREW,TELESCOPICA H45-STD 40KG 450MM ZINCADO KUTZ
TALCA,103704,126115,34,0.00086,0.2048,0.0264,6.31,TIRADOR  FORZA SATINADO 128MM KUTZ,BISAG. 35 RECTA CLIP C/SUAVE-TORN -2UNDS KUTZ
VALPA,417,554,34,0.00127,0.2537,0.2411,48.362,RIEL GALVANIZADO DUCASSE U-20 TIRA 2.00MTS,CORREDERA DUCASSE D7-D14 SIMPLE CON POLIN
VESPU,110307,126433,33,0.00081,0.0537,0.076,5.014,"TAPACANTO PVC BLANCO 22X0,45MM  RO 50MT",BISAG. 35  RECTA SIN TORNILLOS - 10UNDS KUTZ
VESPU,5268,85373,33,0.00081,0.234,0.223,64.128,PASTA MURO F-6 TAJAMAR KG,YESO CORRIENTE BOLSA 1KG.
VALPA,133926,90040,33,0.00123,0.0545,0.1196,5.303,TAPA SOBERBIO ADHES 12MM BLANCO MATE SET 50 UN,PERILLA METALICA CILIND. 23X20MM NIQUEL SATIN
VALPA,74900,74906,33,0.00123,0.0769,0.1269,7.951,PINO SECO CEPILLADO 1 X 2 X 3.20 MTS.,PINO SECO CEPILLADO 2 X 2 X 3.20 MTS.
RANCA,417,554,33,0.00067,0.2102,0.22,68.637,RIEL GALVANIZADO DUCASSE U-20 TIRA 2.00MTS,CORREDERA DUCASSE D7-D14 SIMPLE CON POLIN
RANCA,19868,33903,33,0.00067,0.3882,0.55,316.942,TAB. CANAL NORMAL 61X20X0.5X3.0MT,TAB. MONTANTE NORMAL 60X38X6X0.5X2.4MT
RANCA,100639,100651,33,0.00067,0.5238,0.5893,458.165,BAJADA CEMENTAR (10) P25 BLANCO,TAPA CANALETA UNIV (10) P25 BLANCO
VESPU,79039,98014,33,0.00081,0.0713,0.0776,6.801,DILUYENTE DP-100 DILOX 1 LT.,ADHES. CONTACTO AFIX PREN ARTECOLA 1/4 GLN.
VALPA,100651,79813,33,0.00123,0.3267,0.6226,165.678,TAPA CANALETA UNIV (10) P25 BLANCO,TAPA ACCESORIO UNIV P25 BLANCO
TALCA,102517,128645,33,0.00083,0.0655,0.0732,5.77,BARRA CLOSET OVALADA CROMADA 3MTS KUTZ,ESCUADRA PLASTICA BLANCA 50UNDS
SEREN,5528,5530,33,0.00066,0.2171,0.1398,46.153,LIJA MADERA GRANO 80 PLIEGO,LIJA MADERA GRANO 120 PLIEGO
RANCA,125036,95628,33,0.00067,0.0714,0.0501,5.309,TELESCOPICA H45-STD 40KG 450MM ZINCADO KUTZ,TORNILLO VOLCANITA PTA AGUJA 2X6 ZINC R.GR 100UN
TALCA,110307,124032,33,0.00083,0.0823,0.0512,5.078,"TAPACANTO PVC BLANCO 22X0,45MM  RO 50MT",DUROLAC UNICOLOR BLANCO 3MM 1.83 X 2.50
RANCA,133926,90040,33,0.00067,0.0359,0.0997,5.314,TAPA SOBERBIO ADHES 12MM BLANCO MATE SET 50 UN,PERILLA METALICA CILIND. 23X20MM NIQUEL SATIN
RANCA,100663,100667,33,0.00067,0.6471,0.5,480.216,GANCHO TRADICIONAL  P25 MARRON,TAPA CANALETA UNIV (10) P25 MARRON
TALCA,149982,149983,33,0.00083,0.2171,0.0463,12.118,SOBERBIO 3 16 X 2 - BALDE 500UN KHOR,TORNILLO AGLOMERADO 3.5 X 15 BALDE 500UN KHOR
VALPA,22961,5620,33,0.00123,0.0833,0.0773,5.245,PINO BRUTO 2 X 3 X 3.20 MTS.,YESO-CARTON 10MM 2.4MT X 1.2MT
SEREN,103743,126115,33,0.00066,0.1493,0.025,5.68,TIRADOR MET. MADRID AC/INOX 128X12MM TUBULAR KUTZ,BISAG. 35 RECTA CLIP C/SUAVE-TORN -2UNDS KUTZ
SEREN,126115,140801,33,0.00066,0.025,0.2519,9.582,BISAG. 35 RECTA CLIP C/SUAVE-TORN -2UNDS KUTZ,BISAG. 35 165º  - 2UNDS KUTZ
RANCA,125034,125035,33,0.00067,0.1241,0.069,12.713,TELESCOPICA H45-STD 40KG 350MM ZINCADO KUTZ,TELESCOPICA H45-STD 40KG 400MM ZINCADO KUTZ
VESPU,150002,150062,33,0.00081,0.0343,0.0951,4.005,TORNILLO AGLOMERADO 3.5 X 15 BOLSA 100UN KHOR,BISAG. 35 RECTA C/SUAVE INSEPARABLE S/TOR-2UN KHOR
VALPA,114693,128645,33,0.00123,0.1012,0.0801,6.603,SOBERBIO 3 16 X 2 100UNDS A.SCREW,ESCUADRA PLASTICA BLANCA 50UNDS
RANCA,115846,154044,33,0.00067,0.0153,0.2089,4.754,MELAMINA BLANCA VESTO 15MM 2.50 X 1.83,"DUROLAC BLANCO 2,8MM 1.85X2,44"
RANCA,130966,32823,33,0.00067,0.1044,0.0342,5.306,"TAPACANTO PVC BLANCO 22X0,45MM RO 100MT",TORNILLO AGLOMERADO 3.5 X 15 100 UNIDADES
SEREN,125832,128645,33,0.00066,0.0742,0.0402,4.532,BISAG. 35 RECTA C/SUAVE-3D-CLIP-TORN -2UNDS KUTZ,ESCUADRA PLASTICA BLANCA 50UNDS
TALCA,95628,98235,33,0.00083,0.0786,0.1701,16.096,TORNILLO VOLCANITA PTA AGUJA 2X6 ZINC R.GR 100UN,TORNILLO VOLCANITA PTA AGUJA 1X6 ZINC R.GR  100UN
VALPA,145966,148245,33,0.00123,0.0655,0.3667,19.552,ADHESIVO CERAMICO SIKACERAM 50 NORMAL SACO 25KG,FRAGUE SIKACERAM-610 GRIS 1KG
SEREN,144820,16408,33,0.00066,0.4459,0.1416,96.022,SOPORTE BARRA METALICO REDONDO BLANCO 2UN - KUTZ,BARRA CLOSET PLASTICA 1MT.BLANCA UNID
VALPA,5620,94478,33,0.00123,0.0773,0.165,10.385,YESO-CARTON 10MM 2.4MT X 1.2MT,TORNILLO VOLCANITA PTA BROCA 1.1/4X6 ZINCADO 100UN
TALCA,102517,554,33,0.00083,0.0655,0.1594,12.571,BARRA CLOSET OVALADA CROMADA 3MTS KUTZ,CORREDERA DUCASSE D7-D14 SIMPLE CON POLIN
SEREN,125036,32823,33,0.00066,0.0951,0.0353,5.097,TELESCOPICA H45-STD 40KG 450MM ZINCADO KUTZ,TORNILLO AGLOMERADO 3.5 X 15 100 UNIDADES
VESPU,150002,150004,33,0.00081,0.0343,0.3511,14.783,TORNILLO AGLOMERADO 3.5 X 15 BOLSA 100UN KHOR,TORNILLO AGLOMERADO 3.5 X 30 BOLSA 100UN KHOR
TALCA,124032,130966,33,0.00083,0.0512,0.0848,5.235,DUROLAC UNICOLOR BLANCO 3MM 1.83 X 2.50,"TAPACANTO PVC BLANCO 22X0,45MM RO 100MT"
VESPU,118607,150002,33,0.00081,0.1358,0.0343,5.719,SOBERBIO 3 16 X 2 - 100UNDS PATTA,TORNILLO AGLOMERADO 3.5 X 15 BOLSA 100UN KHOR
RANCA,125055,140802,33,0.00067,0.0801,0.1364,16.212,TELESCOPICA H45-CS 30KG 450MM ZINCADO KUTZ,BISAG. 35 165º CLIP / CIERRE SUAVE 2UNDS  KUTZ
VALPA,126115,131026,33,0.00123,0.0389,0.0647,2.051,BISAG. 35 RECTA CLIP C/SUAVE-TORN -2UNDS KUTZ,"TAPACANTO PVC BLANCO 22X0,45MM RO 25MT"
RANCA,118607,126115,33,0.00067,0.1447,0.0337,7.242,SOBERBIO 3 16 X 2 - 100UNDS PATTA,BISAG. 35 RECTA CLIP C/SUAVE-TORN -2UNDS KUTZ
TALCA,118607,149983,33,0.00083,0.1022,0.0463,5.703,SOBERBIO 3 16 X 2 - 100UNDS PATTA,TORNILLO AGLOMERADO 3.5 X 15 BALDE 500UN KHOR
TALCA,32823,95627,33,0.00083,0.0465,0.1375,7.697,TORNILLO AGLOMERADO 3.5 X 15 100 UNIDADES,TORNILLO VOLCANITA PTA AGUJA 1.5/8X6 ZINC R.GR 100
TALCA,95625,95627,33,0.00083,0.0994,0.1375,16.459,TORNILLO VOLCANITA PTA AGUJA 1 1/4X6 ZINC R.GR 100,TORNILLO VOLCANITA PTA AGUJA 1.5/8X6 ZINC R.GR 100
TEMUC,72712,72713,33,0.00285,0.3837,0.0959,12.9,PLANCHA MDF 500 12MM 1.52 X 2.44,PLANCHA MDF 500 15MM 1.52 X 2.44
VESPU,133926,98014,33,0.00081,0.029,0.0776,2.769,TAPA SOBERBIO ADHES 12MM BLANCO MATE SET 50 UN,ADHES. CONTACTO AFIX PREN ARTECOLA 1/4 GLN.
TALCA,103743,143601,33,0.00083,0.0616,0.0784,5.812,TIRADOR MET. MADRID AC/INOX 128X12MM TUBULAR KUTZ,SOPORTE BARRA OVALADA CROMADO 2 UND KUTZ
RANCA,133926,95625,33,0.00067,0.0359,0.0769,4.1,TAPA SOBERBIO ADHES 12MM BLANCO MATE SET 50 UN,TORNILLO VOLCANITA PTA AGUJA 1 1/4X6 ZINC R.GR 100
RANCA,125035,95628,33,0.00067,0.069,0.0501,5.131,TELESCOPICA H45-STD 40KG 400MM ZINCADO KUTZ,TORNILLO VOLCANITA PTA AGUJA 2X6 ZINC R.GR 100UN
RANCA,125056,32823,33,0.00067,0.1003,0.0342,5.097,TELESCOPICA H45-CS 30KG 500MM ZINCADO KUTZ,TORNILLO AGLOMERADO 3.5 X 15 100 UNIDADES
TALCA,103743,125035,32,0.00081,0.0597,0.0773,5.731,TIRADOR MET. MADRID AC/INOX 128X12MM TUBULAR KUTZ,TELESCOPICA H45-STD 40KG 400MM ZINCADO KUTZ
VALPA,125036,95628,32,0.00119,0.1675,0.0335,4.715,TELESCOPICA H45-STD 40KG 450MM ZINCADO KUTZ,TORNILLO VOLCANITA PTA AGUJA 2X6 ZINC R.GR 100UN
TALCA,124032,131026,32,0.00081,0.0497,0.0464,2.862,DUROLAC UNICOLOR BLANCO 3MM 1.83 X 2.50,"TAPACANTO PVC BLANCO 22X0,45MM RO 25MT"
RANCA,133926,150002,32,0.00065,0.0348,0.0889,4.738,TAPA SOBERBIO ADHES 12MM BLANCO MATE SET 50 UN,TORNILLO AGLOMERADO 3.5 X 15 BOLSA 100UN KHOR
SEREN,20232,79050,32,0.00064,0.237,0.2581,95.904,RIEL GALVANIZADO DUCASSE U-20 TIRA 1.50MTS,CORREDERA DUCLOSET SIMPLE
TALCA,110307,115847,32,0.00081,0.0798,0.1,9.911,"TAPACANTO PVC BLANCO 22X0,45MM  RO 50MT",MELAMINA BLANCA VESTO 18MM 2.50 X 1.83
TALCA,133926,139360,32,0.00081,0.0314,0.2162,8.424,TAPA SOBERBIO ADHES 12MM BLANCO MATE SET 50 UN,PATIN PLASTICO RTA U 15MM BLANCO BOLSA 50 UN.
VESPU,133499,134039,32,0.00079,0.1368,0.2406,41.696,YESO ROMERAL SACO 25KG,PASTA MURO F-15 TAJAMAR TI
RANCA,130202,145966,32,0.00065,0.4444,0.0356,24.189,SEPARADOR C/TOMADOR 3MM 200 UND,ADHESIVO CERAMICO SIKACERAM 50 NORMAL SACO 25KG
VALPA,100637,79364,32,0.00119,0.4848,0.4324,176.085,ABRAZADERA TUBO 80 (10) P25 BLANCO,TUBO BAJADA D 80X3MT (3) P25 BLANCO
TALCA,115846,127069,32,0.00081,0.0204,0.2909,7.369,MELAMINA BLANCA VESTO 15MM 2.50 X 1.83,"TAPACANTO PVC BLANCO 22X0,45MM RO 300MT"
VALPA,19868,19869,32,0.00119,0.3556,0.6154,183.761,TAB. CANAL NORMAL 61X20X0.5X3.0MT,TAB. MONTANTE NORMAL 60X38X6X0.5X3.0MT
VALPA,82679,95628,32,0.00119,0.125,0.0335,3.518,CLAVO CORRIENTE 4 BOLSA 1 KILO,TORNILLO VOLCANITA PTA AGUJA 2X6 ZINC R.GR 100UN
RANCA,16858,3448,32,0.00065,0.1711,0.3368,88.231,CAJA CHUQUI BLANCA PVC CANALETA Y TUBO,HEMBRA EMBUTIDA TRIPLE 10A BLANCO SCHNEIDER
VALPA,100640,79813,32,0.00119,0.2991,0.6038,151.649,CANALETA LARGO 4 MT (10) P25 BLANCO,TAPA ACCESORIO UNIV P25 BLANCO
RANCA,21012,32823,32,0.00065,0.32,0.0332,16.26,TORNILLO AGLOMERADO 3.5 X 30 100 UNIDADES,TORNILLO AGLOMERADO 3.5 X 15 100 UNIDADES
VESPU,133926,5294,32,0.00079,0.0281,0.0823,2.934,TAPA SOBERBIO ADHES 12MM BLANCO MATE SET 50 UN,ADHES. CONTACTO AGOREX 60 HENKEL 1 LT.
RANCA,102517,126115,32,0.00065,0.0729,0.0327,3.647,BARRA CLOSET OVALADA CROMADA 3MTS KUTZ,BISAG. 35 RECTA CLIP C/SUAVE-TORN -2UNDS KUTZ
VESPU,102517,126115,32,0.00079,0.0973,0.0325,4.004,BARRA CLOSET OVALADA CROMADA 3MTS KUTZ,BISAG. 35 RECTA CLIP C/SUAVE-TORN -2UNDS KUTZ
TALCA,100667,95255,32,0.00081,0.9143,0.6667,756.99,TAPA CANALETA UNIV (10) P25 MARRON,CANALETA LARGO 4 MT (10) P25 MARRON
RANCA,32823,72272,32,0.00065,0.0332,0.32,16.26,TORNILLO AGLOMERADO 3.5 X 15 100 UNIDADES,TORNILLO AGLOMERADO 3.5 X 25 100 UNIDADES
RANCA,126115,150435,32,0.00065,0.0327,0.1379,6.901,BISAG. 35 RECTA CLIP C/SUAVE-TORN -2UNDS KUTZ,SISTEMA PUSH MECANICO 30N PARA PUERTA KUTZ
RANCA,133926,139370,32,0.00065,0.0348,0.3951,21.056,TAPA SOBERBIO ADHES 12MM BLANCO MATE SET 50 UN,PERILLA PLASTICA 38MM BLANCA BOLSA 10 UN.
VESPU,133926,151818,32,0.00079,0.0281,0.0444,1.583,TAPA SOBERBIO ADHES 12MM BLANCO MATE SET 50 UN,LAPIZ CARPINTERO GRAFITO STANLEY
VESPU,110307,79039,32,0.00079,0.052,0.0691,4.557,"TAPACANTO PVC BLANCO 22X0,45MM  RO 50MT",DILUYENTE DP-100 DILOX 1 LT.
RANCA,125054,139309,32,0.00065,0.1317,0.0578,11.643,TELESCOPICA H45-CS 30KG 400MM ZINCADO KUTZ,BISAG. 35 RECTA C/SUAVE-CLIP 10UNDS KUTZ
VESPU,124032,76727,32,0.00079,0.2119,0.1404,37.692,DUROLAC UNICOLOR BLANCO 3MM 1.83 X 2.50,LAM. RECTA F6 CLASSIC 3111 BR 122 X 306
TALCA,1205,126115,32,0.00081,0.0342,0.0248,1.053,"DUROLAC UNICOLOR BLANCO 2,8MM 1.52 X 2.44",BISAG. 35 RECTA CLIP C/SUAVE-TORN -2UNDS KUTZ
VESPU,128645,5294,32,0.00079,0.0407,0.0823,4.239,ESCUADRA PLASTICA BLANCA 50UNDS,ADHES. CONTACTO AGOREX 60 HENKEL 1 LT.
VESPU,128645,98014,32,0.00079,0.0407,0.0753,3.88,ESCUADRA PLASTICA BLANCA 50UNDS,ADHES. CONTACTO AFIX PREN ARTECOLA 1/4 GLN.
RANCA,125035,128645,32,0.00065,0.0669,0.0541,5.548,TELESCOPICA H45-STD 40KG 400MM ZINCADO KUTZ,ESCUADRA PLASTICA BLANCA 50UNDS
TALCA,100663,95255,32,0.00081,0.7805,0.6667,646.211,GANCHO TRADICIONAL  P25 MARRON,CANALETA LARGO 4 MT (10) P25 MARRON
SEREN,114693,126115,32,0.00064,0.1702,0.0243,6.474,SOBERBIO 3 16 X 2 100UNDS A.SCREW,BISAG. 35 RECTA CLIP C/SUAVE-TORN -2UNDS KUTZ
TALCA,126116,140802,32,0.00081,0.0917,0.1074,12.228,BISAG. 35 S/CURVA C/SUAVE-CLIP-TORN -2UNDS KUTZ,BISAG. 35 165º CLIP / CIERRE SUAVE 2UNDS  KUTZ
VALPA,102517,143432,32,0.00119,0.173,0.6531,94.87,BARRA CLOSET OVALADA CROMADA 3MTS KUTZ,SOPORTE BARRA METALICO OVALADA CROMADO 2 UNI DVP
RANCA,74908,76838,31,0.00063,0.1802,0.0498,14.193,PINO SECO CEPILLADO 2 X 4 X 3.20 MTS.,TAPA PINO 1 X 4 X 3.20 MT
SEREN,128645,150062,31,0.00062,0.0378,0.0984,6.014,ESCUADRA PLASTICA BLANCA 50UNDS,BISAG. 35 RECTA C/SUAVE INSEPARABLE S/TOR-2UN KHOR
TALCA,115846,154044,31,0.00078,0.0198,0.2562,6.489,MELAMINA BLANCA VESTO 15MM 2.50 X 1.83,"DUROLAC BLANCO 2,8MM 1.85X2,44"
RANCA,120397,120398,31,0.00063,0.7381,0.775,903.835,LAVAMANOS CORONA ACUACER,PEDESTAL LAVAMANOS CORONA ACUACER
TEMUC,22961,76850,31,0.00268,0.0873,0.2605,8.487,PINO BRUTO 2 X 3 X 3.20 MTS.,PINO BRUTO 1 X 4 X 3.20 MTS.
RANCA,128839,131000,31,0.00063,0.4429,0.3039,212.667,MELAMINA CARAMEL 15MM 1.83 X 2.50 VESTO,"TAPACANTO PVC CARAMEL 22X0,45 RO 25MT"
SEREN,143258,150062,31,0.00062,0.0522,0.0984,8.312,BOLSA VEGETAL 45X40X12 KUTZ,BISAG. 35 RECTA C/SUAVE INSEPARABLE S/TOR-2UN KHOR
VESPU,110307,1205,31,0.00076,0.0504,0.0215,1.42,"TAPACANTO PVC BLANCO 22X0,45MM  RO 50MT","DUROLAC UNICOLOR BLANCO 2,8MM 1.52 X 2.44"
TALCA,133926,149984,31,0.00078,0.0304,0.1856,7.233,TAPA SOBERBIO ADHES 12MM BLANCO MATE SET 50 UN,TORNILLO AGLOMERADO 3.5 X 25 BALDE 500UN KHOR
VESPU,20232,6311,31,0.00076,0.2605,0.1722,58.689,RIEL GALVANIZADO DUCASSE U-20 TIRA 1.50MTS,CORREDERA DUCASSE D7-D14 DOBLE CON POLIN
VALPA,103742,133926,31,0.00115,0.1047,0.0512,4.645,TIRADOR MET. MADRID AC/INOX  96X12MM TUBULAR KUTZ,TAPA SOBERBIO ADHES 12MM BLANCO MATE SET 50 UN
VESPU,125832,125833,31,0.00076,0.0969,0.31,39.285,BISAG. 35 RECTA C/SUAVE-3D-CLIP-TORN -2UNDS KUTZ,BISAG. 35 S/CURVA C/SUAVE-3D-CLIP-TORN 2UNID KUTZ
RANCA,124327,16858,31,0.00063,0.189,0.1658,49.512,MOLDURA PVC  20 X 10  TIRA 2 MTS C/AUTOADHESIVO,CAJA CHUQUI BLANCA PVC CANALETA Y TUBO
VESPU,32823,5294,31,0.00076,0.0595,0.0797,6.203,TORNILLO AGLOMERADO 3.5 X 15 100 UNIDADES,ADHES. CONTACTO AGOREX 60 HENKEL 1 LT.
RANCA,102517,126528,31,0.00063,0.0706,0.3523,39.305,BARRA CLOSET OVALADA CROMADA 3MTS KUTZ,SOPORTE BARRA OVALADA ALUMINIO 2 UND KUTZ
VESPU,133926,137182,31,0.00076,0.0273,0.1308,4.665,TAPA SOBERBIO ADHES 12MM BLANCO MATE SET 50 UN,SOPORTE REPISA FIJO BLANCO BOLSA 50 UN
VALPA,126115,90040,31,0.00115,0.0366,0.1123,3.56,BISAG. 35 RECTA CLIP C/SUAVE-TORN -2UNDS KUTZ,PERILLA METALICA CILIND. 23X20MM NIQUEL SATIN
TALCA,417,79051,31,0.00078,0.1435,0.378,69.557,RIEL GALVANIZADO DUCASSE U-20 TIRA 2.00MTS,CORREDERA DUCLOSET DOBLE
VESPU,122563,133068,31,0.00076,0.036,0.2818,13.273,MELAMINA BLANCA CLASICA 15MM 1.83 X 2.50 MASISA,"MELAMINA NODO 15MM 1,83 X 2,50 VESTO"
SEREN,128645,139402,31,0.00062,0.0378,0.2385,14.572,ESCUADRA PLASTICA BLANCA 50UNDS,SOPORTE BARRA REDONDO BLANCO BOLSA 10 UN.
TALCA,126116,126117,31,0.00078,0.0888,0.1649,18.777,BISAG. 35 S/CURVA C/SUAVE-CLIP-TORN -2UNDS KUTZ,BISAG. 35 CURVA C/SUAVE-CLIP-TORN -2UNDS KUTZ
TALCA,126116,150968,31,0.00078,0.0888,0.1058,12.048,BISAG. 35 S/CURVA C/SUAVE-CLIP-TORN -2UNDS KUTZ,BISAG. 35 RECTA C/SUAVE-CLIP-2UNDS KHOR
VALPA,114693,98235,31,0.00115,0.0951,0.0667,5.496,SOBERBIO 3 16 X 2 100UNDS A.SCREW,TORNILLO VOLCANITA PTA AGUJA 1X6 ZINC R.GR  100UN
TALCA,128648,133926,31,0.00078,0.1632,0.0304,6.357,SOPORTE REPISA PLASTICO/METAL BLANCO 50UNID,TAPA SOBERBIO ADHES 12MM BLANCO MATE SET 50 UN
TEMUC,1205,72754,31,0.00268,0.0367,0.0847,1.159,"DUROLAC UNICOLOR BLANCO 2,8MM 1.52 X 2.44",PLANCHA MDF 3MM 1.52 X 2.44
TALCA,126527,126528,31,0.00078,0.7381,0.1962,185.654,BARRA CLOSET OVALADA ALUMINIO 3MTS KUTZ,SOPORTE BARRA OVALADA ALUMINIO 2 UND KUTZ
TALCA,125035,32823,31,0.00078,0.0749,0.0437,4.191,TELESCOPICA H45-STD 40KG 400MM ZINCADO KUTZ,TORNILLO AGLOMERADO 3.5 X 15 100 UNIDADES
SEREN,110307,126115,31,0.00062,0.0981,0.0235,3.731,"TAPACANTO PVC BLANCO 22X0,45MM  RO 50MT",BISAG. 35 RECTA CLIP C/SUAVE-TORN -2UNDS KUTZ
VALPA,76889,77172,31,0.00115,0.2818,0.3647,89.104,"JGO MARCO PUERTA PINO 30  X 70 MM X 5,4 MT",PUERTA TERCIADO INTERIOR 0.70 X 2.00
VALPA,120398,123573,31,0.00115,0.775,0.6739,452.785,PEDESTAL LAVAMANOS CORONA ACUACER,ESTANQUE WC 6LT CORONA LAGUNA
VALPA,103743,126433,31,0.00115,0.1292,0.07,7.836,TIRADOR MET. MADRID AC/INOX 128X12MM TUBULAR KUTZ,BISAG. 35  RECTA SIN TORNILLOS - 10UNDS KUTZ
VALPA,114693,126433,31,0.00115,0.0951,0.07,5.769,SOBERBIO 3 16 X 2 100UNDS A.SCREW,BISAG. 35  RECTA SIN TORNILLOS - 10UNDS KUTZ
TALCA,149983,149997,31,0.00078,0.0435,0.2246,12.539,TORNILLO AGLOMERADO 3.5 X 15 BALDE 500UN KHOR,TORN.VOLCANITA PTA AGUJA 2X6 ZINC RG 500UN KHOR
VALPA,73463,95628,31,0.00115,0.1297,0.0325,3.65,PINO BRUTO 1 X 2 X 3.20 MTS.,TORNILLO VOLCANITA PTA AGUJA 2X6 ZINC R.GR 100UN
SEREN,126433,74236,31,0.00062,0.0891,0.057,8.215,BISAG. 35  RECTA SIN TORNILLOS - 10UNDS KUTZ,"TAPACANTO ENCOLADO BLANCO 22X0,45MM RO 25 MT"
VESPU,139309,32823,31,0.00076,0.0787,0.0595,6.124,BISAG. 35 RECTA C/SUAVE-CLIP 10UNDS KUTZ,TORNILLO AGLOMERADO 3.5 X 15 100 UNIDADES
SEREN,1205,149403,31,0.00062,0.0243,0.1676,6.578,"DUROLAC UNICOLOR BLANCO 2,8MM 1.52 X 2.44","MELAMINA JADE VV 15MM 1,83 X 2,50 VESTO"
TALCA,118607,133926,31,0.00078,0.096,0.0304,3.739,SOBERBIO 3 16 X 2 - 100UNDS PATTA,TAPA SOBERBIO ADHES 12MM BLANCO MATE SET 50 UN
RANCA,100640,100651,31,0.00063,0.4769,0.5536,417.154,CANALETA LARGO 4 MT (10) P25 BLANCO,TAPA CANALETA UNIV (10) P25 BLANCO
TEMUC,72712,72754,31,0.00268,0.3605,0.0847,11.39,PLANCHA MDF 500 12MM 1.52 X 2.44,PLANCHA MDF 3MM 1.52 X 2.44
SEREN,32823,74236,31,0.00062,0.0331,0.057,3.054,TORNILLO AGLOMERADO 3.5 X 15 100 UNIDADES,"TAPACANTO ENCOLADO BLANCO 22X0,45MM RO 25 MT"
RANCA,126115,126182,31,0.00063,0.0317,0.1722,8.617,BISAG. 35 RECTA CLIP C/SUAVE-TORN -2UNDS KUTZ,BOMBIN NEUMATICO 80N - 1 UNID
VESPU,115835,122563,31,0.00076,0.3069,0.036,14.456,MELAMINA TEKA ART. 15MM 2.50X1.83 VESTO,MELAMINA BLANCA CLASICA 15MM 1.83 X 2.50 MASISA
SEREN,126115,149983,31,0.00062,0.0235,0.1813,6.895,BISAG. 35 RECTA CLIP C/SUAVE-TORN -2UNDS KUTZ,TORNILLO AGLOMERADO 3.5 X 15 BALDE 500UN KHOR
SEREN,125832,32823,31,0.00062,0.0697,0.0331,3.734,BISAG. 35 RECTA C/SUAVE-3D-CLIP-TORN -2UNDS KUTZ,TORNILLO AGLOMERADO 3.5 X 15 100 UNIDADES
RANCA,16417,25632,31,0.00063,0.3924,0.5962,369.63,TABIGAL CANAL ECONOMICA 39X20X0.5X3.0MT,TAB. MONTANTE ECONOMICO 38X38X6X0.5X2.4MT
RANCA,100640,100648,31,0.00063,0.4769,0.5741,432.605,CANALETA LARGO 4 MT (10) P25 BLANCO,GANCHO TRADICIONAL P25 BLANCO
RANCA,126432,133926,31,0.00063,0.1188,0.0337,6.331,BISAG. 35  RECTA C/TORN - 2UNDS KUTZ,TAPA SOBERBIO ADHES 12MM BLANCO MATE SET 50 UN
VESPU,150002,150003,31,0.00076,0.0322,0.2897,12.2,TORNILLO AGLOMERADO 3.5 X 15 BOLSA 100UN KHOR,TORNILLO AGLOMERADO 3.5 X 25 BOLSA 100UN KHOR
RANCA,93706,95255,31,0.00063,0.4769,0.4189,315.684,TUBO BAJADA D 80X3MT (3) P25 MARRON,CANALETA LARGO 4 MT (10) P25 MARRON
VESPU,128645,74236,31,0.00076,0.0394,0.0901,4.643,ESCUADRA PLASTICA BLANCA 50UNDS,"TAPACANTO ENCOLADO BLANCO 22X0,45MM RO 25 MT"
VESPU,114693,143258,31,0.00076,0.0558,0.0515,3.756,SOBERBIO 3 16 X 2 100UNDS A.SCREW,BOLSA VEGETAL 45X40X12 KUTZ
RANCA,5260,5620,31,0.00063,0.1245,0.0565,11.108,PASTA MURO F-15 TAJAMAR GL,YESO-CARTON 10MM 2.4MT X 1.2MT
RANCA,100639,100640,31,0.00063,0.4921,0.4769,370.804,BAJADA CEMENTAR (10) P25 BLANCO,CANALETA LARGO 4 MT (10) P25 BLANCO
TALCA,22960,76838,31,0.00078,0.1206,0.117,18.09,PINO BRUTO 2 X 2 X 3.20 MTS.,TAPA PINO 1 X 4 X 3.20 MT
SEREN,1205,74734,31,0.00062,0.0243,0.1202,4.717,"DUROLAC UNICOLOR BLANCO 2,8MM 1.52 X 2.44",TERCIADO ESTRUCTURAL 15MM 1.20 X 2.40 PL
TALCA,128645,137182,31,0.00078,0.0687,0.1319,11.624,ESCUADRA PLASTICA BLANCA 50UNDS,SOPORTE REPISA FIJO BLANCO BOLSA 50 UN
RANCA,100639,100648,31,0.00063,0.4921,0.5741,446.338,BAJADA CEMENTAR (10) P25 BLANCO,GANCHO TRADICIONAL P25 BLANCO
TEMUC,74615,76017,30,0.00259,0.1531,0.2069,12.208,TERCIADO ESTRUCTURAL 9MM 1.20 X 2.40 PL,TERCIADO ESTRUCTURAL 12MM 1.20 X 2.40 PL
VALPA,76838,82907,30,0.00112,0.1049,0.2098,19.714,TAPA PINO 1 X 4 X 3.20 MT,ZINC ALUM ACANALADO 0.35X3660MM RECUB AZ-150
TALCA,125055,32823,30,0.00075,0.0709,0.0423,3.97,TELESCOPICA H45-CS 30KG 450MM ZINCADO KUTZ,TORNILLO AGLOMERADO 3.5 X 15 100 UNIDADES
TALCA,103743,126433,30,0.00075,0.056,0.1245,9.23,TIRADOR MET. MADRID AC/INOX 128X12MM TUBULAR KUTZ,BISAG. 35  RECTA SIN TORNILLOS - 10UNDS KUTZ
VESPU,124032,73276,30,0.00074,0.1987,0.1604,43.084,DUROLAC UNICOLOR BLANCO 3MM 1.83 X 2.50,LAM. RECTA F6 GRANITINO NEGRO 3014 BR 122 X 306
VESPU,115836,136575,30,0.00074,0.3158,0.2459,104.966,MELAMINA TEKA ART. 18MM 1.83X2.50 VESTO,"TAPACANTO PVC TEKA ARTICO 22X0,45MM RO 25MT"
RANCA,139685,98920,30,0.00061,0.5769,0.219,206.269,CURVA CONDUIT 90º 20MM 10UN,TUBO CONDUIT PVC  20MM  TIRA 3MT
VALPA,110307,32823,30,0.00112,0.1667,0.035,5.233,"TAPACANTO PVC BLANCO 22X0,45MM  RO 50MT",TORNILLO AGLOMERADO 3.5 X 15 100 UNIDADES
VESPU,122563,133070,30,0.00074,0.0348,0.4918,23.163,MELAMINA BLANCA CLASICA 15MM 1.83 X 2.50 MASISA,"MELAMINA VENEZIA 15MM 1,83 X 2,50 VESTO"
TALCA,93706,95255,30,0.00075,0.6383,0.625,528.484,TUBO BAJADA D 80X3MT (3) P25 MARRON,CANALETA LARGO 4 MT (10) P25 MARRON
VALPA,11639,5620,30,0.00112,0.2158,0.0703,13.584,CINTA VOLCANITA 2 X 45MT,YESO-CARTON 10MM 2.4MT X 1.2MT
VESPU,125056,126115,30,0.00074,0.1389,0.0305,5.718,TELESCOPICA H45-CS 30KG 500MM ZINCADO KUTZ,BISAG. 35 RECTA CLIP C/SUAVE-TORN -2UNDS KUTZ
VALPA,125036,126433,30,0.00112,0.1571,0.0677,9.529,TELESCOPICA H45-STD 40KG 450MM ZINCADO KUTZ,BISAG. 35  RECTA SIN TORNILLOS - 10UNDS KUTZ
VALPA,120397,120870,30,0.00112,0.7317,0.6667,436.992,LAVAMANOS CORONA ACUACER,TAZA WC A PISO 30 CM CORONA LAGUNA
VALPA,120397,123573,30,0.00112,0.7317,0.6522,427.492,LAVAMANOS CORONA ACUACER,ESTANQUE WC 6LT CORONA LAGUNA
VALPA,120398,120870,30,0.00112,0.75,0.6667,447.917,PEDESTAL LAVAMANOS CORONA ACUACER,TAZA WC A PISO 30 CM CORONA LAGUNA
TALCA,149983,149995,30,0.00075,0.0421,0.566,31.595,TORNILLO AGLOMERADO 3.5 X 15 BALDE 500UN KHOR,TORN.VOLCANITA PTA AGUJA 1X6 ZINC RG 500UN KHOR
VESPU,114693,79039,30,0.00074,0.054,0.0648,4.726,SOBERBIO 3 16 X 2 100UNDS A.SCREW,DILUYENTE DP-100 DILOX 1 LT.
VALPA,128645,95625,30,0.00112,0.0728,0.0502,3.272,ESCUADRA PLASTICA BLANCA 50UNDS,TORNILLO VOLCANITA PTA AGUJA 1 1/4X6 ZINC R.GR 100
SEREN,133068,140721,30,0.0006,0.3261,0.2564,139.827,"MELAMINA NODO 15MM 1,83 X 2,50 VESTO","TAPACANTO PVC NODO  22X0,45MM RO 25 M"
SEREN,125832,125833,30,0.0006,0.0674,0.2222,25.054,BISAG. 35 RECTA C/SUAVE-3D-CLIP-TORN -2UNDS KUTZ,BISAG. 35 S/CURVA C/SUAVE-3D-CLIP-TORN 2UNID KUTZ
TALCA,103743,128645,30,0.00075,0.056,0.0665,4.932,TIRADOR MET. MADRID AC/INOX 128X12MM TUBULAR KUTZ,ESCUADRA PLASTICA BLANCA 50UNDS
RANCA,145966,145967,30,0.00061,0.0333,0.1786,9.719,ADHESIVO CERAMICO SIKACERAM 50 NORMAL SACO 25KG,ADHESIVO CERAMICO SIKACERAM 100 D.A. SACO 25KG
VESPU,126433,128645,30,0.00074,0.0691,0.0381,3.562,BISAG. 35  RECTA SIN TORNILLOS - 10UNDS KUTZ,ESCUADRA PLASTICA BLANCA 50UNDS
VESPU,11080,128645,30,0.00074,0.2542,0.0381,13.1,TARUGO PARA VOLCANITA 100 UNIDADES,ESCUADRA PLASTICA BLANCA 50UNDS
VESPU,6736,6737,30,0.00074,0.0915,0.2479,30.653,TARUGO PLASTICO 6MM   100 UNIDADES,TARUGO PLASTICO 8MM   100 UNIDADES
TEMUC,115864,124032,30,0.00259,0.2206,0.0416,3.533,MELAMINA CEREZO 15MM 1.83X2.50 VESTO,DUROLAC UNICOLOR BLANCO 3MM 1.83 X 2.50
RANCA,100654,100669,30,0.00061,0.4412,0.5172,372.581,BAJADA CEMENTAR (10) P25 MARRON,UNION CANALETA (10) P25 MARRON
SEREN,32823,5294,30,0.0006,0.0321,0.0833,4.467,TORNILLO AGLOMERADO 3.5 X 15 100 UNIDADES,ADHES. CONTACTO AGOREX 60 HENKEL 1 LT.
SEREN,100639,100648,30,0.0006,0.4478,0.4918,368.265,BAJADA CEMENTAR (10) P25 BLANCO,GANCHO TRADICIONAL P25 BLANCO
VESPU,126115,150001,30,0.00074,0.0305,0.1316,5.417,BISAG. 35 RECTA CLIP C/SUAVE-TORN -2UNDS KUTZ,SOBERBIO 3 16 X 2 - BOLSA 100UN KHOR
SEREN,143258,72273,30,0.0006,0.0505,0.0668,5.643,BOLSA VEGETAL 45X40X12 KUTZ,TORNILLO AGLOMERADO 4 X 15 CAJA 100 UN
RANCA,128645,95627,30,0.00061,0.0508,0.0616,5.106,ESCUADRA PLASTICA BLANCA 50UNDS,TORNILLO VOLCANITA PTA AGUJA 1.5/8X6 ZINC R.GR 100
RANCA,6037,6107,30,0.00061,0.5455,0.2027,180.523,COPLA SO SO BRONCE 1/2,CODO SO SO BRONCE 1/2
VALPA,103742,32823,30,0.00112,0.1014,0.035,3.182,TIRADOR MET. MADRID AC/INOX  96X12MM TUBULAR KUTZ,TORNILLO AGLOMERADO 3.5 X 15 100 UNIDADES
TALCA,1205,133926,30,0.00075,0.0321,0.0294,1.249,"DUROLAC UNICOLOR BLANCO 2,8MM 1.52 X 2.44",TAPA SOBERBIO ADHES 12MM BLANCO MATE SET 50 UN
RANCA,114693,125055,30,0.00061,0.0798,0.0728,9.486,SOBERBIO 3 16 X 2 100UNDS A.SCREW,TELESCOPICA H45-CS 30KG 450MM ZINCADO KUTZ
VALPA,22961,95628,30,0.00112,0.0758,0.0314,2.132,PINO BRUTO 2 X 3 X 3.20 MTS.,TORNILLO VOLCANITA PTA AGUJA 2X6 ZINC R.GR 100UN
RANCA,103743,126115,30,0.00061,0.1111,0.0306,5.559,TIRADOR MET. MADRID AC/INOX 128X12MM TUBULAR KUTZ,BISAG. 35 RECTA CLIP C/SUAVE-TORN -2UNDS KUTZ
TALCA,114452,123336,30,0.00075,0.1339,0.0508,9.006,ADHESIVO PORCELANATO DA WEBER  25 KG SC,ADHESIVO CERAMICO WEBER NORMAL 25 KG SC
VESPU,133926,133938,30,0.00074,0.0264,0.2679,9.553,TAPA SOBERBIO ADHES 12MM BLANCO MATE SET 50 UN,TAPA SOBERBIO ADHES 12MM NOGAL CENIZA SET 50 UN
RANCA,102517,125036,30,0.00061,0.0683,0.0649,7.245,BARRA CLOSET OVALADA CROMADA 3MTS KUTZ,TELESCOPICA H45-STD 40KG 450MM ZINCADO KUTZ
RANCA,103742,126433,30,0.00061,0.1154,0.0806,15.193,TIRADOR MET. MADRID AC/INOX  96X12MM TUBULAR KUTZ,BISAG. 35  RECTA SIN TORNILLOS - 10UNDS KUTZ
VESPU,131026,5293,30,0.00074,0.0312,0.1604,6.763,"TAPACANTO PVC BLANCO 22X0,45MM RO 25MT",ADHES. CONTACTO AGOREX 60 HENKEL 1/16 GLN.
RANCA,134039,5530,30,0.00061,0.0997,0.1215,19.765,PASTA MURO F-15 TAJAMAR TI,LIJA MADERA GRANO 120 PLIEGO
RANCA,126115,90040,30,0.00061,0.0306,0.0906,4.535,BISAG. 35 RECTA CLIP C/SUAVE-TORN -2UNDS KUTZ,PERILLA METALICA CILIND. 23X20MM NIQUEL SATIN
SEREN,115856,131022,30,0.0006,0.2256,0.1676,63.221,MELAMINA NEGRA 15MM 2.50 X 1.83 VESTO,"TAPACANTO PVC NEGRO 22X0,45MM RO 25MT"
SEREN,100639,79813,29,0.00058,0.4328,0.5686,425.792,BAJADA CEMENTAR (10) P25 BLANCO,TAPA ACCESORIO UNIV P25 BLANCO
RANCA,110307,1205,29,0.00059,0.06,0.0236,2.391,"TAPACANTO PVC BLANCO 22X0,45MM  RO 50MT","DUROLAC UNICOLOR BLANCO 2,8MM 1.52 X 2.44"
RANCA,103743,126433,29,0.00059,0.1074,0.078,14.143,TIRADOR MET. MADRID AC/INOX 128X12MM TUBULAR KUTZ,BISAG. 35  RECTA SIN TORNILLOS - 10UNDS KUTZ
TALCA,128645,128648,29,0.00073,0.0643,0.1526,13.45,ESCUADRA PLASTICA BLANCA 50UNDS,SOPORTE REPISA PLASTICO/METAL BLANCO 50UNID
VESPU,131026,5294,29,0.00072,0.0301,0.0746,3.143,"TAPACANTO PVC BLANCO 22X0,45MM RO 25MT",ADHES. CONTACTO AGOREX 60 HENKEL 1 LT.
SEREN,1205,72714,29,0.00058,0.0227,0.1696,6.658,"DUROLAC UNICOLOR BLANCO 2,8MM 1.52 X 2.44",PLANCHA MDF 500 18MM 1.52 X 2.44
RANCA,126115,74236,29,0.00059,0.0296,0.0855,4.28,BISAG. 35 RECTA CLIP C/SUAVE-TORN -2UNDS KUTZ,"TAPACANTO ENCOLADO BLANCO 22X0,45MM RO 25 MT"
RANCA,131026,133926,29,0.00059,0.0475,0.0316,2.53,"TAPACANTO PVC BLANCO 22X0,45MM RO 25MT",TAPA SOBERBIO ADHES 12MM BLANCO MATE SET 50 UN
SEREN,100640,100648,29,0.00058,0.5179,0.4754,425.916,CANALETA LARGO 4 MT (10) P25 BLANCO,GANCHO TRADICIONAL P25 BLANCO
TEMUC,115846,115852,29,0.00251,0.0212,0.358,3.027,MELAMINA BLANCA VESTO 15MM 2.50 X 1.83,MELAMINA GRAFITO 15MM 2.50 X 1.83 VESTO
TEMUC,72754,95091,29,0.00251,0.0792,0.0559,1.766,PLANCHA MDF 3MM 1.52 X 2.44,TERCIADO EUCALIPTUS ROSADO 3MM 1.62 X 2.20
TALCA,110307,133926,29,0.00073,0.0723,0.0284,2.818,"TAPACANTO PVC BLANCO 22X0,45MM  RO 50MT",TAPA SOBERBIO ADHES 12MM BLANCO MATE SET 50 UN
TALCA,133068,140721,29,0.00073,0.3671,0.3085,155.2,"MELAMINA NODO 15MM 1,83 X 2,50 VESTO","TAPACANTO PVC NODO  22X0,45MM RO 25 M"
SEREN,115846,130966,29,0.00058,0.0172,0.096,2.864,MELAMINA BLANCA VESTO 15MM 2.50 X 1.83,"TAPACANTO PVC BLANCO 22X0,45MM RO 100MT"
TALCA,95625,98235,29,0.00073,0.0873,0.1495,17.894,TORNILLO VOLCANITA PTA AGUJA 1 1/4X6 ZINC R.GR 100,TORNILLO VOLCANITA PTA AGUJA 1X6 ZINC R.GR  100UN
SEREN,103742,133926,29,0.00058,0.0901,0.0325,5.065,TIRADOR MET. MADRID AC/INOX  96X12MM TUBULAR KUTZ,TAPA SOBERBIO ADHES 12MM BLANCO MATE SET 50 UN
VALPA,6107,6152,29,0.00108,0.3494,0.5472,177.171,CODO SO SO BRONCE 1/2,TEE SO (3) BRONCE 1/2
TALCA,32823,95625,29,0.00073,0.0408,0.0873,4.889,TORNILLO AGLOMERADO 3.5 X 15 100 UNIDADES,TORNILLO VOLCANITA PTA AGUJA 1 1/4X6 ZINC R.GR 100
SEREN,125832,143258,29,0.00058,0.0652,0.0488,5.504,BISAG. 35 RECTA C/SUAVE-3D-CLIP-TORN -2UNDS KUTZ,BOLSA VEGETAL 45X40X12 KUTZ
VALPA,22960,2927,29,0.00108,0.0646,0.1295,7.749,PINO BRUTO 2 X 2 X 3.20 MTS.,PLANCHA LISA PERMANIT 1200X2400X4 MM
RANCA,16858,3447,29,0.00059,0.1551,0.3187,83.474,CAJA CHUQUI BLANCA PVC CANALETA Y TUBO,HEMBRA EMBUTIDA DOBLE 10A BLANCO SCHNEIDER
TALCA,134039,91440,29,0.00073,0.1082,0.3718,55.134,PASTA MURO F-15 TAJAMAR TI,CINTA VOLCANITA 2 X 90 MT
SEREN,78991,96486,29,0.00058,0.0734,0.3187,40.477,AGUARRAS MINERAL 1 LT.,TRIPLE ACCION METAL SHERWIN NEGRO GL
TALCA,103743,125055,29,0.00073,0.0541,0.0686,5.083,TIRADOR MET. MADRID AC/INOX 128X12MM TUBULAR KUTZ,TELESCOPICA H45-CS 30KG 450MM ZINCADO KUTZ
TEMUC,127020,127029,29,0.00251,0.2101,0.2959,24.799,ZINC  ACANALADO 0.35X3660MM ECO,ZINC  EN V 0.35X2500MM ECO
TALCA,125055,143601,29,0.00073,0.0686,0.0689,6.472,TELESCOPICA H45-CS 30KG 450MM ZINCADO KUTZ,SOPORTE BARRA OVALADA CROMADO 2 UND KUTZ
SEREN,417,6311,29,0.00058,0.1526,0.2358,62.256,RIEL GALVANIZADO DUCASSE U-20 TIRA 2.00MTS,CORREDERA DUCASSE D7-D14 DOBLE CON POLIN
SEREN,128645,554,29,0.00058,0.0353,0.1368,8.359,ESCUADRA PLASTICA BLANCA 50UNDS,CORREDERA DUCASSE D7-D14 SIMPLE CON POLIN
VALPA,76889,95249,29,0.00108,0.2636,0.2283,55.789,"JGO MARCO PUERTA PINO 30  X 70 MM X 5,4 MT",BISAGRA 3X3 AC. BRONCEADO 3UN (REEM 154000)
TALCA,102517,417,29,0.00073,0.0575,0.1343,10.587,BARRA CLOSET OVALADA CROMADA 3MTS KUTZ,RIEL GALVANIZADO DUCASSE U-20 TIRA 2.00MTS
SEREN,125055,125832,29,0.00058,0.0887,0.0652,9.998,TELESCOPICA H45-CS 30KG 450MM ZINCADO KUTZ,BISAG. 35 RECTA C/SUAVE-3D-CLIP-TORN -2UNDS KUTZ
RANCA,149978,32823,29,0.00059,0.1074,0.0301,5.457,TORN.VOLCANITA PTA AGUJA 2X6 ZINC RG 100UN KHOR,TORNILLO AGLOMERADO 3.5 X 15 100 UNIDADES
RANCA,1205,139309,29,0.00059,0.0236,0.0523,2.085,"DUROLAC UNICOLOR BLANCO 2,8MM 1.52 X 2.44",BISAG. 35 RECTA C/SUAVE-CLIP 10UNDS KUTZ
VESPU,126116,126117,29,0.00072,0.0909,0.1629,20.711,BISAG. 35 S/CURVA C/SUAVE-CLIP-TORN -2UNDS KUTZ,BISAG. 35 CURVA C/SUAVE-CLIP-TORN -2UNDS KUTZ
TALCA,100640,100648,29,0.00073,0.5918,0.7436,603.097,CANALETA LARGO 4 MT (10) P25 BLANCO,GANCHO TRADICIONAL P25 BLANCO
TALCA,125054,133926,29,0.00073,0.1055,0.0284,4.109,TELESCOPICA H45-CS 30KG 400MM ZINCADO KUTZ,TAPA SOBERBIO ADHES 12MM BLANCO MATE SET 50 UN
RANCA,82677,82679,29,0.00059,0.3452,0.1871,109.1,CLAVO CORRIENTE 3 BOLSA 1 KILO,CLAVO CORRIENTE 4 BOLSA 1 KILO
SEREN,87336,87998,29,0.00058,0.3766,0.2959,192.808,TABIGAL ESTRUCTURAL OMEGA 38X35X15X8X0.85X 6MT,TAB. CANAL ESTRUCTURAL U 2X3X0.85X6MT 62X25
SEREN,1205,95091,29,0.00058,0.0227,0.0682,2.679,"DUROLAC UNICOLOR BLANCO 2,8MM 1.52 X 2.44",TERCIADO EUCALIPTUS ROSADO 3MM 1.62 X 2.20
SEREN,130966,5294,29,0.00058,0.096,0.0806,13.382,"TAPACANTO PVC BLANCO 22X0,45MM RO 100MT",ADHES. CONTACTO AGOREX 60 HENKEL 1 LT.
RANCA,100096,22960,29,0.00059,0.1812,0.062,18.97,TORNILLO VOLCANITA PTA FINA R GR 3X8 ZINCA 100UNDS,PINO BRUTO 2 X 2 X 3.20 MTS.
VESPU,133926,143601,29,0.00072,0.0255,0.1169,4.171,TAPA SOBERBIO ADHES 12MM BLANCO MATE SET 50 UN,SOPORTE BARRA OVALADA CROMADO 2 UND KUTZ
TEMUC,115846,115866,29,0.00251,0.0212,0.1871,1.582,MELAMINA BLANCA VESTO 15MM 2.50 X 1.83,MELAMINA WENGUE 15MM 2.50X1.83 VESTO
TEMUC,115846,115847,29,0.00251,0.0212,0.1487,1.257,MELAMINA BLANCA VESTO 15MM 2.50 X 1.83,MELAMINA BLANCA VESTO 18MM 2.50 X 1.83
VALPA,100640,79364,29,0.00108,0.271,0.3919,98.431,CANALETA LARGO 4 MT (10) P25 BLANCO,TUBO BAJADA D 80X3MT (3) P25 BLANCO
RANCA,125055,126116,29,0.00059,0.0704,0.0678,8.056,TELESCOPICA H45-CS 30KG 450MM ZINCADO KUTZ,BISAG. 35 S/CURVA C/SUAVE-CLIP-TORN -2UNDS KUTZ
RANCA,126116,140802,29,0.00059,0.0678,0.1198,13.714,BISAG. 35 S/CURVA C/SUAVE-CLIP-TORN -2UNDS KUTZ,BISAG. 35 165º CLIP / CIERRE SUAVE 2UNDS  KUTZ
SEREN,125032,126115,29,0.00058,0.1306,0.022,4.969,TELESCOPICA H35-STD 25KG 450MM ZINCADO KUTZ,BISAG. 35 RECTA CLIP C/SUAVE-TORN -2UNDS KUTZ
TALCA,137182,32823,29,0.00073,0.1234,0.0408,6.908,SOPORTE REPISA FIJO BLANCO BOLSA 50 UN,TORNILLO AGLOMERADO 3.5 X 15 100 UNIDADES
VALPA,74901,76860,29,0.00108,0.0729,0.1078,7.28,PINO SECO CEPILLADO 1 X 4 X 3.20 MTS.,PINO SECO CEPILLADO 1 X 3 X 3.20 MTS.
TALCA,122826,135135,29,0.00073,0.2101,0.2417,69.596,"20X30 MURO BLANCO BRILLANTE CON ENGOBE CJ 1,5 M2",FRAGUE BLANCO WEBER 1KG
TALCA,100654,100667,29,0.00073,0.6444,0.8286,731.757,BAJADA CEMENTAR (10) P25 MARRON,TAPA CANALETA UNIV (10) P25 MARRON
VESPU,736,738,29,0.00072,0.8286,0.299,346.394,MASILLA MAGICA MARSON LIVIANA S/CATAL 700M,ENDURECEDOR MARSO CREMA 28GR
TALCA,125054,125056,29,0.00073,0.1055,0.0806,11.642,TELESCOPICA H45-CS 30KG 400MM ZINCADO KUTZ,TELESCOPICA H45-CS 30KG 500MM ZINCADO KUTZ
VESPU,102517,150002,29,0.00072,0.0881,0.0301,3.712,BARRA CLOSET OVALADA CROMADA 3MTS KUTZ,TORNILLO AGLOMERADO 3.5 X 15 BOLSA 100UN KHOR
SEREN,133926,133938,29,0.00058,0.0325,0.1457,8.196,TAPA SOBERBIO ADHES 12MM BLANCO MATE SET 50 UN,TAPA SOBERBIO ADHES 12MM NOGAL CENIZA SET 50 UN
SEREN,126182,126183,29,0.00058,0.1189,0.1726,35.493,BOMBIN NEUMATICO 80N - 1 UNID,BOMBIN NEUMATICO 100N - 1 UNID KUTZ
VALPA,5620,95628,29,0.00108,0.0679,0.0304,1.911,YESO-CARTON 10MM 2.4MT X 1.2MT,TORNILLO VOLCANITA PTA AGUJA 2X6 ZINC R.GR 100UN
TALCA,125036,150968,29,0.00073,0.0524,0.099,7.113,TELESCOPICA H45-STD 40KG 450MM ZINCADO KUTZ,BISAG. 35 RECTA C/SUAVE-CLIP-2UNDS KHOR
RANCA,103742,133926,29,0.00059,0.1115,0.0316,5.945,TIRADOR MET. MADRID AC/INOX  96X12MM TUBULAR KUTZ,TAPA SOBERBIO ADHES 12MM BLANCO MATE SET 50 UN
TALCA,126433,133926,29,0.00073,0.1203,0.0284,4.688,BISAG. 35  RECTA SIN TORNILLOS - 10UNDS KUTZ,TAPA SOBERBIO ADHES 12MM BLANCO MATE SET 50 UN
RANCA,110307,126115,29,0.00059,0.06,0.0296,3.004,"TAPACANTO PVC BLANCO 22X0,45MM  RO 50MT",BISAG. 35 RECTA CLIP C/SUAVE-TORN -2UNDS KUTZ
VESPU,737,738,29,0.00072,0.8286,0.299,346.394,MASILLA MAGICA MARSON LIVIANA S/CATAL 350M,ENDURECEDOR MARSO CREMA 28GR
TALCA,103743,126432,29,0.00073,0.0541,0.1266,9.39,TIRADOR MET. MADRID AC/INOX 128X12MM TUBULAR KUTZ,BISAG. 35  RECTA C/TORN - 2UNDS KUTZ
TALCA,133926,150968,29,0.00073,0.0284,0.099,3.856,TAPA SOBERBIO ADHES 12MM BLANCO MATE SET 50 UN,BISAG. 35 RECTA C/SUAVE-CLIP-2UNDS KHOR
TALCA,100669,95255,29,0.00073,0.6591,0.6042,545.7,UNION CANALETA (10) P25 MARRON,CANALETA LARGO 4 MT (10) P25 MARRON
SEREN,100639,100653,28,0.00056,0.4179,0.5,374.403,BAJADA CEMENTAR (10) P25 BLANCO,UNION CANALETA (10) P25 BLANCO
TALCA,100654,100663,28,0.0007,0.6222,0.6829,603.131,BAJADA CEMENTAR (10) P25 MARRON,GANCHO TRADICIONAL  P25 MARRON
RANCA,133926,133934,28,0.00057,0.0305,0.2692,14.35,TAPA SOBERBIO ADHES 12MM BLANCO MATE SET 50 UN,TAPA SOBERBIO ADHES 12MM GRIS GRAFITO SET 50 UN
TALCA,125056,126116,28,0.0007,0.0778,0.0802,8.857,TELESCOPICA H45-CS 30KG 500MM ZINCADO KUTZ,BISAG. 35 S/CURVA C/SUAVE-CLIP-TORN -2UNDS KUTZ
VALPA,128645,131026,28,0.00104,0.068,0.0549,3.581,ESCUADRA PLASTICA BLANCA 50UNDS,"TAPACANTO PVC BLANCO 22X0,45MM RO 25MT"
TALCA,126115,130966,28,0.0007,0.0217,0.072,2.218,BISAG. 35 RECTA CLIP C/SUAVE-TORN -2UNDS KUTZ,"TAPACANTO PVC BLANCO 22X0,45MM RO 100MT"
TALCA,115852,131016,28,0.0007,0.2314,0.2353,77.281,MELAMINA GRAFITO 15MM 2.50 X 1.83 VESTO,"TAPACANTO PVC GRAFITO 22X0,45MM RO 25MT"
SEREN,133926,133934,28,0.00056,0.0314,0.1761,9.905,TAPA SOBERBIO ADHES 12MM BLANCO MATE SET 50 UN,TAPA SOBERBIO ADHES 12MM GRIS GRAFITO SET 50 UN
RANCA,6072,6107,28,0.00057,0.5091,0.1892,168.488,TERMINAL SO HI BRONCE 1/2,CODO SO SO BRONCE 1/2
VESPU,126432,131026,28,0.00069,0.0824,0.0291,3.471,BISAG. 35  RECTA C/TORN - 2UNDS KUTZ,"TAPACANTO PVC BLANCO 22X0,45MM RO 25MT"
TEMUC,72754,77806,28,0.00242,0.0765,0.2205,6.967,PLANCHA MDF 3MM 1.52 X 2.44,MDF ENCHA. EUCA COLOR 16MM 2.40X1.50
TEMUC,115846,72754,28,0.00242,0.0205,0.0765,0.647,MELAMINA BLANCA VESTO 15MM 2.50 X 1.83,PLANCHA MDF 3MM 1.52 X 2.44
TALCA,100096,95628,28,0.0007,0.1918,0.0667,18.147,TORNILLO VOLCANITA PTA FINA R GR 3X8 ZINCA 100UNDS,TORNILLO VOLCANITA PTA AGUJA 2X6 ZINC R.GR 100UN
TALCA,126115,128648,28,0.0007,0.0217,0.1474,4.54,BISAG. 35 RECTA CLIP C/SUAVE-TORN -2UNDS KUTZ,SOPORTE REPISA PLASTICO/METAL BLANCO 50UNID
SEREN,130966,32823,28,0.00056,0.0927,0.0299,4.97,"TAPACANTO PVC BLANCO 22X0,45MM RO 100MT",TORNILLO AGLOMERADO 3.5 X 15 100 UNIDADES
VALPA,138144,5260,28,0.00104,0.0883,0.1073,9.095,RODILLO CONDOR CORTA GOTAS 18 CM,PASTA MURO F-15 TAJAMAR GL
RANCA,126116,95628,28,0.00057,0.0654,0.0425,4.863,BISAG. 35 S/CURVA C/SUAVE-CLIP-TORN -2UNDS KUTZ,TORNILLO VOLCANITA PTA AGUJA 2X6 ZINC R.GR 100UN
VESPU,128645,139309,28,0.00069,0.0356,0.0711,3.662,ESCUADRA PLASTICA BLANCA 50UNDS,BISAG. 35 RECTA C/SUAVE-CLIP 10UNDS KUTZ
RANCA,133499,134039,28,0.00057,0.2154,0.093,35.05,YESO ROMERAL SACO 25KG,PASTA MURO F-15 TAJAMAR TI
TALCA,100654,93706,28,0.0007,0.6222,0.5957,526.135,BAJADA CEMENTAR (10) P25 MARRON,TUBO BAJADA D 80X3MT (3) P25 MARRON
SEREN,125832,126115,28,0.00056,0.0629,0.0212,2.393,BISAG. 35 RECTA C/SUAVE-3D-CLIP-TORN -2UNDS KUTZ,BISAG. 35 RECTA CLIP C/SUAVE-TORN -2UNDS KUTZ
RANCA,74901,75351,28,0.00057,0.0427,0.2121,15.863,PINO SECO CEPILLADO 1 X 4 X 3.20 MTS.,TERCIADO PINO ESTRUCTURAL 21MM 1.20 X 2.40
VESPU,115866,122563,28,0.00069,0.3544,0.0325,16.693,MELAMINA WENGUE 15MM 2.50X1.83 VESTO,MELAMINA BLANCA CLASICA 15MM 1.83 X 2.50 MASISA
TALCA,126115,98235,28,0.0007,0.0217,0.1443,4.446,BISAG. 35 RECTA CLIP C/SUAVE-TORN -2UNDS KUTZ,TORNILLO VOLCANITA PTA AGUJA 1X6 ZINC R.GR  100UN
TALCA,418,554,28,0.0007,0.2979,0.1353,57.189,RIEL GALVANIZADO DUCASSE U-20 TIRA 3.00 MTS,CORREDERA DUCASSE D7-D14 SIMPLE CON POLIN
VESPU,126116,150002,28,0.00069,0.0878,0.0291,3.696,BISAG. 35 S/CURVA C/SUAVE-CLIP-TORN -2UNDS KUTZ,TORNILLO AGLOMERADO 3.5 X 15 BOLSA 100UN KHOR
TALCA,126500,126551,28,0.0007,0.5091,0.5833,421.506,BARRA CLOSET REDONDA CROMADA 3.0MT - KUTZ,SOPORTE BARRA METALICO REDONDO CROMADO - KUTZ
TALCA,149983,90040,28,0.0007,0.0393,0.0921,5.141,TORNILLO AGLOMERADO 3.5 X 15 BALDE 500UN KHOR,PERILLA METALICA CILIND. 23X20MM NIQUEL SATIN
TEMUC,122557,122826,28,0.00242,0.35,0.2205,31.872,"30X30 CER. PIEDRA GRIS ( VULCANO) CELIMA CJ 2,34 M","20X30 MURO BLANCO BRILLANTE CON ENGOBE CJ 1,5 M2"
VALPA,147949,95628,28,0.00104,0.1918,0.0293,5.397,TORNILLO VOLCANITA PTA FINA RGR 2 1/2X8 ZINC 100UN,TORNILLO VOLCANITA PTA AGUJA 2X6 ZINC R.GR 100UN
SEREN,21012,32823,28,0.00056,0.2667,0.0299,14.293,TORNILLO AGLOMERADO 3.5 X 30 100 UNIDADES,TORNILLO AGLOMERADO 3.5 X 15 100 UNIDADES
VESPU,126433,131026,28,0.00069,0.0645,0.0291,2.72,BISAG. 35  RECTA SIN TORNILLOS - 10UNDS KUTZ,"TAPACANTO PVC BLANCO 22X0,45MM RO 25MT"
VALPA,74900,95627,28,0.00104,0.0653,0.0377,2.364,PINO SECO CEPILLADO 1 X 2 X 3.20 MTS.,TORNILLO VOLCANITA PTA AGUJA 1.5/8X6 ZINC R.GR 100
TALCA,143601,554,28,0.0007,0.0665,0.1353,12.769,SOPORTE BARRA OVALADA CROMADO 2 UND KUTZ,CORREDERA DUCASSE D7-D14 SIMPLE CON POLIN
TALCA,128645,139402,28,0.0007,0.0621,0.1618,14.262,ESCUADRA PLASTICA BLANCA 50UNDS,SOPORTE BARRA REDONDO BLANCO BOLSA 10 UN.
VALPA,138591,95847,28,0.00104,0.1538,0.0843,12.454,MOLDURA POLIEST F 30X35MM TIRA 2MTS NOMASTYL,SELLADOR ACRILICO PINTABLE BLANCO SOUDAL 300 ML.
TALCA,126115,140801,28,0.0007,0.0217,0.1697,5.228,BISAG. 35 RECTA CLIP C/SUAVE-TORN -2UNDS KUTZ,BISAG. 35 165º  - 2UNDS KUTZ
TALCA,72573,72714,28,0.0007,0.2887,0.1879,76.993,PLANCHA MDF 500 18MM 1.52 X 3.66,PLANCHA MDF 500 18MM 1.52 X 2.44
VALPA,138144,5530,28,0.00104,0.0883,0.0993,8.418,RODILLO CONDOR CORTA GOTAS 18 CM,LIJA MADERA GRANO 120 PLIEGO
SEREN,83297,87336,28,0.00056,0.28,0.3636,182.436,TAB. ESTRUCTURAL C 2X3X8X0.85X6MT 60X38,TABIGAL ESTRUCTURAL OMEGA 38X35X15X8X0.85X 6MT
TEMUC,74903,74904,28,0.00242,0.1795,0.2333,17.298,PINO SECO CEPILLADO 1 X 6 X 3.20 MTS.,PINO SECO CEPILLADO 1 X 8 X 3.20 MTS.
TALCA,95627,95628,28,0.0007,0.1167,0.0667,11.039,TORNILLO VOLCANITA PTA AGUJA 1.5/8X6 ZINC R.GR 100,TORNILLO VOLCANITA PTA AGUJA 2X6 ZINC R.GR 100UN
VALPA,126433,95625,28,0.00104,0.0632,0.0468,2.841,BISAG. 35  RECTA SIN TORNILLOS - 10UNDS KUTZ,TORNILLO VOLCANITA PTA AGUJA 1 1/4X6 ZINC R.GR 100
VESPU,126432,133926,28,0.00069,0.0824,0.0246,2.937,BISAG. 35  RECTA C/TORN - 2UNDS KUTZ,TAPA SOBERBIO ADHES 12MM BLANCO MATE SET 50 UN
VALPA,132774,134039,28,0.00104,0.2276,0.1157,25.281,YESO- MASILLA BASE SACO 20KG.,PASTA MURO F-15 TAJAMAR TI
TALCA,128843,129958,28,0.0007,0.3077,0.3182,138.958,MELAMINA ROBLE RUSTICO  15MM 1.83 X 2.50 VESTO,"TAPACANTO PVC ROBLE RUSTICO 22X0,45MM RO 25 MT"
SEREN,115846,115852,28,0.00056,0.0166,0.1687,5.031,MELAMINA BLANCA VESTO 15MM 2.50 X 1.83,MELAMINA GRAFITO 15MM 2.50 X 1.83 VESTO
VALPA,5260,5620,28,0.00104,0.1073,0.0656,6.752,PASTA MURO F-15 TAJAMAR GL,YESO-CARTON 10MM 2.4MT X 1.2MT
TALCA,125036,125037,28,0.0007,0.0506,0.1481,10.647,TELESCOPICA H45-STD 40KG 450MM ZINCADO KUTZ,TELESCOPICA H45-STD 40KG 500MM ZINCADO KUTZ
VESPU,126115,126208,28,0.00069,0.0284,0.1556,6.404,BISAG. 35 RECTA CLIP C/SUAVE-TORN -2UNDS KUTZ,BISAG.35 RINCON FALSO 3DCLIP CIERRE SUAVE 2UN KUTZ
SEREN,74901,76860,28,0.00056,0.1547,0.1986,55.043,PINO SECO CEPILLADO 1 X 4 X 3.20 MTS.,PINO SECO CEPILLADO 1 X 3 X 3.20 MTS.
VESPU,115846,130966,28,0.00069,0.0158,0.1315,3.015,MELAMINA BLANCA VESTO 15MM 2.50 X 1.83,"TAPACANTO PVC BLANCO 22X0,45MM RO 100MT"
TALCA,126433,149983,28,0.0007,0.1162,0.0393,6.485,BISAG. 35  RECTA SIN TORNILLOS - 10UNDS KUTZ,TORNILLO AGLOMERADO 3.5 X 15 BALDE 500UN KHOR
TALCA,149983,554,28,0.0007,0.0393,0.1353,7.55,TORNILLO AGLOMERADO 3.5 X 15 BALDE 500UN KHOR,CORREDERA DUCASSE D7-D14 SIMPLE CON POLIN
VALPA,114693,95628,28,0.00104,0.0859,0.0293,2.417,SOBERBIO 3 16 X 2 100UNDS A.SCREW,TORNILLO VOLCANITA PTA AGUJA 2X6 ZINC R.GR 100UN
VESPU,122563,133072,28,0.00069,0.0325,0.5,23.549,MELAMINA BLANCA CLASICA 15MM 1.83 X 2.50 MASISA,"MELAMINA TOKAI 15MM 1,83 X 2,50 VESTO"
TEMUC,22960,73464,28,0.00242,0.0843,0.2692,9.378,PINO BRUTO 2 X 2 X 3.20 MTS.,PINO BRUTO 1 X 3 X 3.20 MTS.
VESPU,110307,50034,28,0.00069,0.0455,0.1582,10.431,"TAPACANTO PVC BLANCO 22X0,45MM  RO 50MT",ADHES. CONTACTO AFIX 60 ARTECOLA 1LT.
VALPA,146798,16858,27,0.001,0.4219,0.3103,130.321,HEMBRA EMBUTIDA TRIPLE 10A BLANCO KARSON,CAJA CHUQUI BLANCA PVC CANALETA Y TUBO
VESPU,133926,90040,27,0.00067,0.0237,0.0801,2.857,TAPA SOBERBIO ADHES 12MM BLANCO MATE SET 50 UN,PERILLA METALICA CILIND. 23X20MM NIQUEL SATIN
VESPU,417,79051,27,0.00067,0.1636,0.36,88.477,RIEL GALVANIZADO DUCASSE U-20 TIRA 2.00MTS,CORREDERA DUCLOSET DOBLE
VALPA,32823,90040,27,0.001,0.0315,0.0978,3.071,TORNILLO AGLOMERADO 3.5 X 15 100 UNIDADES,PERILLA METALICA CILIND. 23X20MM NIQUEL SATIN
VALPA,114693,95625,27,0.001,0.0828,0.0452,3.722,SOBERBIO 3 16 X 2 100UNDS A.SCREW,TORNILLO VOLCANITA PTA AGUJA 1 1/4X6 ZINC R.GR 100
VALPA,114693,131026,27,0.001,0.0828,0.0529,4.364,SOBERBIO 3 16 X 2 100UNDS A.SCREW,"TAPACANTO PVC BLANCO 22X0,45MM RO 25MT"
SEREN,143258,86266,27,0.00054,0.0455,0.0978,8.263,BOLSA VEGETAL 45X40X12 KUTZ,TIRADOR MET. MADRID NIQ/SAT  96X12MM MACIZO KUTZ
SEREN,115846,128843,27,0.00054,0.0161,0.2045,6.101,MELAMINA BLANCA VESTO 15MM 2.50 X 1.83,MELAMINA ROBLE RUSTICO  15MM 1.83 X 2.50 VESTO
VESPU,128648,131026,27,0.00067,0.0915,0.0281,3.858,SOPORTE REPISA PLASTICO/METAL BLANCO 50UNID,"TAPACANTO PVC BLANCO 22X0,45MM RO 25MT"
VESPU,126115,91885,27,0.00067,0.0274,0.1579,6.5,BISAG. 35 RECTA CLIP C/SUAVE-TORN -2UNDS KUTZ,TIRADOR MET. MADRID NIQ/SAT  96X 10MM MACIZO KUTZ
VALPA,102517,126115,27,0.001,0.1459,0.0318,4.625,BARRA CLOSET OVALADA CROMADA 3MTS KUTZ,BISAG. 35 RECTA CLIP C/SUAVE-TORN -2UNDS KUTZ
SEREN,5527,5528,27,0.00054,0.3375,0.1776,111.397,LIJA MADERA GRANO 60 PLIEGO,LIJA MADERA GRANO 80 PLIEGO
VALPA,22960,95625,27,0.001,0.0601,0.0452,2.702,PINO BRUTO 2 X 2 X 3.20 MTS.,TORNILLO VOLCANITA PTA AGUJA 1 1/4X6 ZINC R.GR 100
VALPA,125056,32823,27,0.001,0.2389,0.0315,7.502,TELESCOPICA H45-CS 30KG 500MM ZINCADO KUTZ,TORNILLO AGLOMERADO 3.5 X 15 100 UNIDADES
VALPA,5260,5530,27,0.001,0.1034,0.0957,9.859,PASTA MURO F-15 TAJAMAR GL,LIJA MADERA GRANO 120 PLIEGO
SEREN,126115,87742,27,0.00054,0.0205,0.1262,4.799,BISAG. 35 RECTA CLIP C/SUAVE-TORN -2UNDS KUTZ,BLISTER TOPE AUTOHADESIVO 144 UN.
SEREN,103742,128645,27,0.00054,0.0839,0.0329,5.124,TIRADOR MET. MADRID AC/INOX  96X12MM TUBULAR KUTZ,ESCUADRA PLASTICA BLANCA 50UNDS
SEREN,131026,5293,27,0.00054,0.0347,0.0982,6.323,"TAPACANTO PVC BLANCO 22X0,45MM RO 25MT",ADHES. CONTACTO AGOREX 60 HENKEL 1/16 GLN.
SEREN,126115,91885,27,0.00054,0.0205,0.1862,7.083,BISAG. 35 RECTA CLIP C/SUAVE-TORN -2UNDS KUTZ,TIRADOR MET. MADRID NIQ/SAT  96X 10MM MACIZO KUTZ
SEREN,150003,32823,27,0.00054,0.1636,0.0288,8.771,TORNILLO AGLOMERADO 3.5 X 25 BOLSA 100UN KHOR,TORNILLO AGLOMERADO 3.5 X 15 100 UNIDADES
VESPU,125054,126115,27,0.00067,0.1298,0.0274,5.344,TELESCOPICA H45-CS 30KG 400MM ZINCADO KUTZ,BISAG. 35 RECTA CLIP C/SUAVE-TORN -2UNDS KUTZ
SEREN,5530,5532,27,0.00054,0.1144,0.2547,54.149,LIJA MADERA GRANO 120 PLIEGO,LIJA MADERA GRANO 180 PLIEGO
VESPU,139402,16409,27,0.00067,0.1875,0.3913,110.196,SOPORTE BARRA REDONDO BLANCO BOLSA 10 UN.,BARRA CLOSET PLASTICA 1.5 MTS .BLANCA UNID
SEREN,110435,95847,27,0.00054,0.1484,0.0833,22.972,MONTAJE SIN CLAVOS NI TORNILLOS INT 360 GR. SOUDAL,SELLADOR ACRILICO PINTABLE BLANCO SOUDAL 300 ML.
VESPU,19862,5532,27,0.00067,0.1656,0.1837,45.695,LIJA MADERAGRANO 220 PLIEGO,LIJA MADERA GRANO 180 PLIEGO
VALPA,142092,16408,27,0.001,0.4821,0.2547,122.241,SOPORTE BARRA REDONDO BLANCO BOLSA 2 UN.,BARRA CLOSET PLASTICA 1MT.BLANCA UNID
VESPU,128645,139402,27,0.00067,0.0343,0.1875,9.661,ESCUADRA PLASTICA BLANCA 50UNDS,SOPORTE BARRA REDONDO BLANCO BOLSA 10 UN.
VALPA,126433,74236,27,0.001,0.0609,0.0903,5.478,BISAG. 35  RECTA SIN TORNILLOS - 10UNDS KUTZ,"TAPACANTO ENCOLADO BLANCO 22X0,45MM RO 25 MT"
SEREN,5528,5531,27,0.00054,0.1776,0.2,66.013,LIJA MADERA GRANO 80 PLIEGO,LIJA MADERA GRANO 150 PLIEGO
TEMUC,124032,72713,27,0.00233,0.0374,0.0785,1.257,DUROLAC UNICOLOR BLANCO 3MM 1.83 X 2.50,PLANCHA MDF 500 15MM 1.52 X 2.44
SEREN,128645,87742,27,0.00054,0.0329,0.1262,7.71,ESCUADRA PLASTICA BLANCA 50UNDS,BLISTER TOPE AUTOHADESIVO 144 UN.
SEREN,20232,6311,27,0.00054,0.2,0.2195,81.577,RIEL GALVANIZADO DUCASSE U-20 TIRA 1.50MTS,CORREDERA DUCASSE D7-D14 DOBLE CON POLIN
VESPU,118607,128645,27,0.00067,0.1111,0.0343,5.725,SOBERBIO 3 16 X 2 - 100UNDS PATTA,ESCUADRA PLASTICA BLANCA 50UNDS
TEMUC,22960,76850,27,0.00233,0.0813,0.2269,7.904,PINO BRUTO 2 X 2 X 3.20 MTS.,PINO BRUTO 1 X 4 X 3.20 MTS.
VESPU,115847,72714,27,0.00067,0.023,0.1107,3.816,MELAMINA BLANCA VESTO 18MM 2.50 X 1.83,PLANCHA MDF 500 18MM 1.52 X 2.44
VESPU,143258,150062,27,0.00067,0.0449,0.0778,5.241,BOLSA VEGETAL 45X40X12 KUTZ,BISAG. 35 RECTA C/SUAVE INSEPARABLE S/TOR-2UN KHOR
VALPA,100096,22961,27,0.001,0.0758,0.0682,5.147,TORNILLO VOLCANITA PTA FINA R GR 3X8 ZINCA 100UNDS,PINO BRUTO 2 X 3 X 3.20 MTS.
SEREN,126115,149982,27,0.00054,0.0205,0.225,8.558,BISAG. 35 RECTA CLIP C/SUAVE-TORN -2UNDS KUTZ,SOBERBIO 3 16 X 2 - BALDE 500UN KHOR
VALPA,100637,100648,27,0.001,0.4091,0.2061,83.926,ABRAZADERA TUBO 80 (10) P25 BLANCO,GANCHO TRADICIONAL P25 BLANCO
VESPU,110307,131026,27,0.00067,0.0439,0.0281,1.851,"TAPACANTO PVC BLANCO 22X0,45MM  RO 50MT","TAPACANTO PVC BLANCO 22X0,45MM RO 25MT"
SEREN,126115,126208,27,0.00054,0.0205,0.1915,7.284,BISAG. 35 RECTA CLIP C/SUAVE-TORN -2UNDS KUTZ,BISAG.35 RINCON FALSO 3DCLIP CIERRE SUAVE 2UN KUTZ
VALPA,145977,22961,27,0.001,0.0619,0.0682,4.203,CONCRETO PREPARADO H20 PRESEC  (H-02),PINO BRUTO 2 X 3 X 3.20 MTS.
SEREN,122563,154044,27,0.00054,0.0716,0.1765,23.484,MELAMINA BLANCA CLASICA 15MM 1.83 X 2.50 MASISA,"DUROLAC BLANCO 2,8MM 1.85X2,44"
VESPU,150002,74236,27,0.00067,0.028,0.0785,3.305,TORNILLO AGLOMERADO 3.5 X 15 BOLSA 100UN KHOR,"TAPACANTO ENCOLADO BLANCO 22X0,45MM RO 25 MT"
TEMUC,22961,76860,27,0.00233,0.0761,0.1071,3.49,PINO BRUTO 2 X 3 X 3.20 MTS.,PINO SECO CEPILLADO 1 X 3 X 3.20 MTS.
SEREN,125055,125056,27,0.00054,0.0826,0.1169,17.933,TELESCOPICA H45-CS 30KG 450MM ZINCADO KUTZ,TELESCOPICA H45-CS 30KG 500MM ZINCADO KUTZ
VALPA,125037,126433,26,0.00097,0.1656,0.0587,10.047,TELESCOPICA H45-STD 40KG 500MM ZINCADO KUTZ,BISAG. 35  RECTA SIN TORNILLOS - 10UNDS KUTZ
VALPA,74901,74907,26,0.00097,0.0653,0.1327,8.957,PINO SECO CEPILLADO 1 X 4 X 3.20 MTS.,PINO SECO CEPILLADO 2 X 3 X 3.20 MTS.
SEREN,115848,131018,26,0.00052,0.25,0.2766,133.431,MELAMINA GRIS HUMO 15MM 2.50 X 1.83 VESTO,"TAPACANTO PVC GRIS HUMO 22X0,45MM RO 25MT"
VESPU,125055,125056,26,0.00064,0.104,0.1204,19.525,TELESCOPICA H45-CS 30KG 450MM ZINCADO KUTZ,TELESCOPICA H45-CS 30KG 500MM ZINCADO KUTZ
VESPU,115852,122563,26,0.00064,0.208,0.0302,9.797,MELAMINA GRAFITO 15MM 2.50 X 1.83 VESTO,MELAMINA BLANCA CLASICA 15MM 1.83 X 2.50 MASISA
VALPA,100637,100639,26,0.00097,0.3939,0.2149,87.497,ABRAZADERA TUBO 80 (10) P25 BLANCO,BAJADA CEMENTAR (10) P25 BLANCO
VESPU,133926,150001,26,0.00064,0.0229,0.114,4.067,TAPA SOBERBIO ADHES 12MM BLANCO MATE SET 50 UN,SOBERBIO 3 16 X 2 - BOLSA 100UN KHOR
VALPA,2927,5620,26,0.00097,0.1161,0.0609,7.305,PLANCHA LISA PERMANIT 1200X2400X4 MM,YESO-CARTON 10MM 2.4MT X 1.2MT
VALPA,122826,145974,26,0.00097,0.2241,0.2047,47.431,"20X30 MURO BLANCO BRILLANTE CON ENGOBE CJ 1,5 M2",FRAGUE SIKACERAM-610 BLANCO 1KG
SEREN,137895,137899,26,0.00052,0.8667,0.4643,776.44,CUÑA NIVELADORA INSTALACION PORCELANATOS 100 UN,NIVELADOR PARA SISTEMA NIVELACION 100 UND
VESPU,115857,131022,26,0.00064,0.1781,0.1238,34.389,MELAMINA NEGRA 18MM 2.50 X 1.83 VESTO,"TAPACANTO PVC NEGRO 22X0,45MM RO 25MT"
VALPA,5620,76838,26,0.00097,0.0609,0.0909,5.722,YESO-CARTON 10MM 2.4MT X 1.2MT,TAPA PINO 1 X 4 X 3.20 MT
VESPU,115836,115846,26,0.00064,0.2737,0.0147,6.277,MELAMINA TEKA ART. 18MM 1.83X2.50 VESTO,MELAMINA BLANCA VESTO 15MM 2.50 X 1.83
SEREN,102517,126115,26,0.00052,0.1057,0.0197,4.02,BARRA CLOSET OVALADA CROMADA 3MTS KUTZ,BISAG. 35 RECTA CLIP C/SUAVE-TORN -2UNDS KUTZ
SEREN,16408,32823,26,0.00052,0.1116,0.0278,5.981,BARRA CLOSET PLASTICA 1MT.BLANCA UNID,TORNILLO AGLOMERADO 3.5 X 15 100 UNIDADES
VESPU,114693,98014,26,0.00064,0.0468,0.0612,4.462,SOBERBIO 3 16 X 2 100UNDS A.SCREW,ADHES. CONTACTO AFIX PREN ARTECOLA 1/4 GLN.
VALPA,110307,95628,26,0.00097,0.1444,0.0272,4.065,"TAPACANTO PVC BLANCO 22X0,45MM  RO 50MT",TORNILLO VOLCANITA PTA AGUJA 2X6 ZINC R.GR 100UN
SEREN,125035,126115,26,0.00052,0.0903,0.0197,3.434,TELESCOPICA H45-STD 40KG 400MM ZINCADO KUTZ,BISAG. 35 RECTA CLIP C/SUAVE-TORN -2UNDS KUTZ
SEREN,19862,5530,26,0.00052,0.1615,0.1102,34.33,LIJA MADERAGRANO 220 PLIEGO,LIJA MADERA GRANO 120 PLIEGO
SEREN,103742,125031,26,0.00052,0.0807,0.0749,11.674,TIRADOR MET. MADRID AC/INOX  96X12MM TUBULAR KUTZ,TELESCOPICA H35-STD 25KG 400MM ZINCADO KUTZ
VALPA,76838,95628,26,0.00097,0.0909,0.0272,2.558,TAPA PINO 1 X 4 X 3.20 MT,TORNILLO VOLCANITA PTA AGUJA 2X6 ZINC R.GR 100UN
VALPA,133499,5620,26,0.00097,0.0912,0.0609,5.742,YESO ROMERAL SACO 25KG,YESO-CARTON 10MM 2.4MT X 1.2MT
VESPU,125832,133926,26,0.00064,0.0813,0.0229,2.898,BISAG. 35 RECTA C/SUAVE-3D-CLIP-TORN -2UNDS KUTZ,TAPA SOBERBIO ADHES 12MM BLANCO MATE SET 50 UN
VALPA,126433,95627,26,0.00097,0.0587,0.035,2.126,BISAG. 35  RECTA SIN TORNILLOS - 10UNDS KUTZ,TORNILLO VOLCANITA PTA AGUJA 1.5/8X6 ZINC R.GR 100
VESPU,126116,133926,26,0.00064,0.0815,0.0229,2.907,BISAG. 35 S/CURVA C/SUAVE-CLIP-TORN -2UNDS KUTZ,TAPA SOBERBIO ADHES 12MM BLANCO MATE SET 50 UN
VESPU,128645,16408,26,0.00064,0.033,0.1926,9.924,ESCUADRA PLASTICA BLANCA 50UNDS,BARRA CLOSET PLASTICA 1MT.BLANCA UNID
TEMUC,124032,133068,26,0.00225,0.036,0.2047,3.279,DUROLAC UNICOLOR BLANCO 3MM 1.83 X 2.50,"MELAMINA NODO 15MM 1,83 X 2,50 VESTO"
SEREN,125050,72273,26,0.00052,0.1156,0.0579,12.912,TELESCOPICA H35-CS 25KG 450MM ZINCADO KUTZ,TORNILLO AGLOMERADO 4 X 15 CAJA 100 UN
SEREN,128645,417,26,0.00052,0.0317,0.1368,8.362,ESCUADRA PLASTICA BLANCA 50UNDS,RIEL GALVANIZADO DUCASSE U-20 TIRA 2.00MTS
SEREN,128645,131026,26,0.00052,0.0317,0.0334,2.04,ESCUADRA PLASTICA BLANCA 50UNDS,"TAPACANTO PVC BLANCO 22X0,45MM RO 25MT"
VESPU,128645,128646,26,0.00064,0.033,0.1307,6.732,ESCUADRA PLASTICA BLANCA 50UNDS,ESCUADRA PLASTICA CAFE 50UNDS
VALPA,126115,126182,26,0.00097,0.0307,0.3291,10.43,BISAG. 35 RECTA CLIP C/SUAVE-TORN -2UNDS KUTZ,BOMBIN NEUMATICO 80N - 1 UNID
VALPA,138144,5529,26,0.00097,0.082,0.1262,10.7,RODILLO CONDOR CORTA GOTAS 18 CM,LIJA MADERA GRANO 100 PLIEGO
TEMUC,72328,72712,26,0.00225,0.1486,0.3023,19.979,PLANCHA MDF  9MM 1.52 X 2.44,PLANCHA MDF 500 12MM 1.52 X 2.44
SEREN,128645,90040,26,0.00052,0.0317,0.08,4.889,ESCUADRA PLASTICA BLANCA 50UNDS,PERILLA METALICA CILIND. 23X20MM NIQUEL SATIN
VESPU,110435,95847,26,0.00064,0.085,0.0887,11.76,MONTAJE SIN CLAVOS NI TORNILLOS INT 360 GR. SOUDAL,SELLADOR ACRILICO PINTABLE BLANCO SOUDAL 300 ML.
SEREN,72754,95091,26,0.00052,0.1781,0.0612,21.022,PLANCHA MDF 3MM 1.52 X 2.44,TERCIADO EUCALIPTUS ROSADO 3MM 1.62 X 2.20
TEMUC,1205,95091,26,0.00225,0.0308,0.0501,0.686,"DUROLAC UNICOLOR BLANCO 2,8MM 1.52 X 2.44",TERCIADO EUCALIPTUS ROSADO 3MM 1.62 X 2.20
VALPA,126115,50031,26,0.00097,0.0307,0.1605,5.086,BISAG. 35 RECTA CLIP C/SUAVE-TORN -2UNDS KUTZ,ADHES. CONTACTO AFIX 125 ARTECOLA 1 LT.
VESPU,126527,126528,26,0.00064,0.3939,0.2261,138.913,BARRA CLOSET OVALADA ALUMINIO 3MTS KUTZ,SOPORTE BARRA OVALADA ALUMINIO 2 UND KUTZ
VESPU,150002,150435,26,0.00064,0.027,0.0844,3.555,TORNILLO AGLOMERADO 3.5 X 15 BOLSA 100UN KHOR,SISTEMA PUSH MECANICO 30N PARA PUERTA KUTZ
VALPA,131026,32823,26,0.00097,0.051,0.0304,1.601,"TAPACANTO PVC BLANCO 22X0,45MM RO 25MT",TORNILLO AGLOMERADO 3.5 X 15 100 UNIDADES
SEREN,76012,95091,25,0.0005,0.4167,0.0588,49.186,TERCIADO BC PINO MULTIUSO 9MM 1.20 X 2.40,TERCIADO EUCALIPTUS ROSADO 3MM 1.62 X 2.20
SEREN,100640,100653,25,0.0005,0.4464,0.4464,399.952,CANALETA LARGO 4 MT (10) P25 BLANCO,UNION CANALETA (10) P25 BLANCO
SEREN,128645,79050,25,0.0005,0.0305,0.2016,12.32,ESCUADRA PLASTICA BLANCA 50UNDS,CORREDERA DUCLOSET SIMPLE
VALPA,131026,95628,25,0.00093,0.049,0.0262,1.379,"TAPACANTO PVC BLANCO 22X0,45MM RO 25MT",TORNILLO VOLCANITA PTA AGUJA 2X6 ZINC R.GR 100UN
VALPA,128646,32823,25,0.00093,0.3247,0.0292,10.194,ESCUADRA PLASTICA CAFE 50UNDS,TORNILLO AGLOMERADO 3.5 X 15 100 UNIDADES
SEREN,131026,70251,25,0.0005,0.0321,0.2717,17.501,"TAPACANTO PVC BLANCO 22X0,45MM RO 25MT",MELAMINA BLANCA PREMIUM 15MM 1.83 X 2.50 MASISA
VALPA,22960,82677,25,0.00093,0.0557,0.2577,15.427,PINO BRUTO 2 X 2 X 3.20 MTS.,CLAVO CORRIENTE 3 BOLSA 1 KILO
VALPA,19868,5620,25,0.00093,0.2778,0.0585,17.483,TAB. CANAL NORMAL 61X20X0.5X3.0MT,YESO-CARTON 10MM 2.4MT X 1.2MT
VALPA,71894,71910,25,0.00093,0.1429,0.1276,19.588,PINO GP22 GUARDAPOLVO RODON 70 X 3 MTS.,PINO CR2 1/4 RODON 20 X 20 X 3 MTS.
SEREN,139309,32823,25,0.0005,0.0909,0.0267,4.873,BISAG. 35 RECTA C/SUAVE-CLIP 10UNDS KUTZ,TORNILLO AGLOMERADO 3.5 X 15 100 UNIDADES
TEMUC,115847,1205,25,0.00216,0.1282,0.0296,1.755,MELAMINA BLANCA VESTO 18MM 2.50 X 1.83,"DUROLAC UNICOLOR BLANCO 2,8MM 1.52 X 2.44"
SEREN,32823,74789,25,0.0005,0.0267,0.25,13.4,TORNILLO AGLOMERADO 3.5 X 15 100 UNIDADES,TORNILLO AGLOMERADO 3.5 X 50 100 UNIDADES
TEMUC,70003,72713,25,0.00216,0.3571,0.0727,12.007,AGLOMERADO DESNUDO 15MM 1.52 X 2.42,PLANCHA MDF 500 15MM 1.52 X 2.44
VALPA,125054,126115,25,0.00093,0.2252,0.0295,7.138,TELESCOPICA H45-CS 30KG 400MM ZINCADO KUTZ,BISAG. 35 RECTA CLIP C/SUAVE-TORN -2UNDS KUTZ
SEREN,125036,128645,25,0.0005,0.072,0.0305,4.403,TELESCOPICA H45-STD 40KG 450MM ZINCADO KUTZ,ESCUADRA PLASTICA BLANCA 50UNDS
SEREN,100648,100653,25,0.0005,0.4098,0.4464,367.169,GANCHO TRADICIONAL P25 BLANCO,UNION CANALETA (10) P25 BLANCO
SEREN,32823,86266,25,0.0005,0.0267,0.0906,4.855,TORNILLO AGLOMERADO 3.5 X 15 100 UNIDADES,TIRADOR MET. MADRID NIQ/SAT  96X12MM MACIZO KUTZ
SEREN,125055,133926,25,0.0005,0.0765,0.028,4.3,TELESCOPICA H45-CS 30KG 450MM ZINCADO KUTZ,TAPA SOBERBIO ADHES 12MM BLANCO MATE SET 50 UN
SEREN,131026,5294,25,0.0005,0.0321,0.0694,4.472,"TAPACANTO PVC BLANCO 22X0,45MM RO 25MT",ADHES. CONTACTO AGOREX 60 HENKEL 1 LT.
SEREN,125055,128645,25,0.0005,0.0765,0.0305,4.672,TELESCOPICA H45-CS 30KG 450MM ZINCADO KUTZ,ESCUADRA PLASTICA BLANCA 50UNDS
SEREN,139404,16408,25,0.0005,0.3289,0.1073,70.83,SOPORTE BARRA U BLANCO BOLSA 10 UN.,BARRA CLOSET PLASTICA 1MT.BLANCA UNID
SEREN,126115,16408,25,0.0005,0.019,0.1073,4.081,BISAG. 35 RECTA CLIP C/SUAVE-TORN -2UNDS KUTZ,BARRA CLOSET PLASTICA 1MT.BLANCA UNID
TEMUC,110598,122826,25,0.00216,0.3049,0.1969,27.763,LADRILLO ESTRUCTURAL SANTIAGO 7 MEDIDAS 29X14X7.1C,"20X30 MURO BLANCO BRILLANTE CON ENGOBE CJ 1,5 M2"
SEREN,1205,72754,25,0.0005,0.0196,0.1712,6.722,"DUROLAC UNICOLOR BLANCO 2,8MM 1.52 X 2.44",PLANCHA MDF 3MM 1.52 X 2.44
SEREN,74900,76860,25,0.0005,0.1445,0.1773,51.418,PINO SECO CEPILLADO 1 X 2 X 3.20 MTS.,PINO SECO CEPILLADO 1 X 3 X 3.20 MTS.
VALPA,128176,78991,25,0.00093,0.1179,0.0883,11.199,BROCHA WESSER ECO VERDE 3 PULGADA UN (C.C),AGUARRAS MINERAL 1 LT.
VALPA,100651,79364,25,0.00093,0.2475,0.3378,89.895,TAPA CANALETA UNIV (10) P25 BLANCO,TUBO BAJADA D 80X3MT (3) P25 BLANCO
VALPA,128645,74236,25,0.00093,0.0607,0.0836,5.454,ESCUADRA PLASTICA BLANCA 50UNDS,"TAPACANTO ENCOLADO BLANCO 22X0,45MM RO 25 MT"
VALPA,82676,82679,25,0.00093,0.3425,0.0977,35.952,"CLAVO CORRIENTE 2.1/2"" BOLSA 1 KILO",CLAVO CORRIENTE 4 BOLSA 1 KILO
VALPA,74900,95628,25,0.00093,0.0583,0.0262,1.64,PINO SECO CEPILLADO 1 X 2 X 3.20 MTS.,TORNILLO VOLCANITA PTA AGUJA 2X6 ZINC R.GR 100UN
SEREN,115846,115847,25,0.0005,0.0149,0.1126,3.359,MELAMINA BLANCA VESTO 15MM 2.50 X 1.83,MELAMINA BLANCA VESTO 18MM 2.50 X 1.83
VALPA,116983,5620,25,0.00093,0.085,0.0585,5.352,TORNILLO LENTEJA 8 X 1/2 PTA BROCA (CJ-100UND),YESO-CARTON 10MM 2.4MT X 1.2MT
SEREN,126528,128645,25,0.0005,0.1202,0.0305,7.345,SOPORTE BARRA OVALADA ALUMINIO 2 UND KUTZ,ESCUADRA PLASTICA BLANCA 50UNDS
SEREN,128645,149983,25,0.0005,0.0305,0.1462,8.934,ESCUADRA PLASTICA BLANCA 50UNDS,TORNILLO AGLOMERADO 3.5 X 15 BALDE 500UN KHOR
TEMUC,71881,72713,24,0.00208,0.2667,0.0698,8.965,MDF ENCHA. EUCALIP 15MM 2.40 X 1.50,PLANCHA MDF 500 15MM 1.52 X 2.44
SEREN,1205,128843,24,0.00048,0.0188,0.1818,7.138,"DUROLAC UNICOLOR BLANCO 2,8MM 1.52 X 2.44",MELAMINA ROBLE RUSTICO  15MM 1.83 X 2.50 VESTO
SEREN,81115,81947,24,0.00048,0.5854,0.4444,543.848,TAB. CANAL ESTRUCTURAL U 2X4X0.85X6MT 92X30,TAB. ESTRUCTURAL C 2X4X12X0.85X6MT 90X38
SEREN,126434,32823,24,0.00048,0.1519,0.0256,8.142,BISAG. 35 S/CURVA C/TORN - 2UNDS KUTZ,TORNILLO AGLOMERADO 3.5 X 15 100 UNIDADES
SEREN,115692,130991,24,0.00048,0.3117,0.2526,164.604,MELAMINA NOGAL TERRACOTA 15MM 1.83 X 2.50 VESTO,"TAPACANTO PVC NOGAL TERRACOTA 22X0,45MM RO 25MT"
SEREN,5530,5531,24,0.00048,0.1017,0.1778,37.793,LIJA MADERA GRANO 120 PLIEGO,LIJA MADERA GRANO 150 PLIEGO
SEREN,128645,128648,24,0.00048,0.0292,0.189,11.548,ESCUADRA PLASTICA BLANCA 50UNDS,SOPORTE REPISA PLASTICO/METAL BLANCO 50UNID
SEREN,125050,32823,24,0.00048,0.1067,0.0256,5.717,TELESCOPICA H35-CS 25KG 450MM ZINCADO KUTZ,TORNILLO AGLOMERADO 3.5 X 15 100 UNIDADES
TEMUC,110598,122557,24,0.00208,0.2927,0.3,42.311,LADRILLO ESTRUCTURAL SANTIAGO 7 MEDIDAS 29X14X7.1C,"30X30 CER. PIEDRA GRIS ( VULCANO) CELIMA CJ 2,34 M"
SEREN,144303,144766,24,0.00048,0.3288,0.3077,211.465,MELAMINA ZEN SW 15MM 1.83 X 2.50 VESTO,"TAPACANTO PVC ZEN SW 22X0,4MM RO25MT"
SEREN,125054,125055,24,0.00048,0.1463,0.0734,22.452,TELESCOPICA H45-CS 30KG 400MM ZINCADO KUTZ,TELESCOPICA H45-CS 30KG 450MM ZINCADO KUTZ
SEREN,126433,72273,24,0.00048,0.069,0.0535,7.706,BISAG. 35  RECTA SIN TORNILLOS - 10UNDS KUTZ,TORNILLO AGLOMERADO 4 X 15 CAJA 100 UN
SEREN,126115,99995,24,0.00048,0.0182,0.2667,10.143,BISAG. 35 RECTA CLIP C/SUAVE-TORN -2UNDS KUTZ,TIRADOR MET. MADRID NIQ/SAT 128X 10MM MACIZO KUTZ
SEREN,126178,126182,24,0.00048,0.0968,0.0984,19.898,BOMBIN NEUMATICO 60N - 1 UNID KUTZ,BOMBIN NEUMATICO 80N - 1 UNID
TEMUC,71881,72754,23,0.00199,0.2556,0.0628,8.075,MDF ENCHA. EUCALIP 15MM 2.40 X 1.50,PLANCHA MDF 3MM 1.52 X 2.44
TEMUC,115864,122563,23,0.00199,0.1691,0.0316,2.683,MELAMINA CEREZO 15MM 1.83X2.50 VESTO,MELAMINA BLANCA CLASICA 15MM 1.83 X 2.50 MASISA
TEMUC,22961,5620,23,0.00199,0.0648,0.0833,2.715,PINO BRUTO 2 X 3 X 3.20 MTS.,YESO-CARTON 10MM 2.4MT X 1.2MT
TEMUC,127019,127020,23,0.00199,0.3026,0.1667,25.362,ZINC  ACANALADO 0.35X3000MM ECO,ZINC  ACANALADO 0.35X3660MM ECO
TEMUC,74900,74904,23,0.00199,0.0821,0.1917,7.917,PINO SECO CEPILLADO 1 X 2 X 3.20 MTS.,PINO SECO CEPILLADO 1 X 8 X 3.20 MTS.
TEMUC,1205,72714,22,0.0019,0.026,0.0783,1.072,"DUROLAC UNICOLOR BLANCO 2,8MM 1.52 X 2.44",PLANCHA MDF 500 18MM 1.52 X 2.44
TEMUC,22961,74903,22,0.0019,0.062,0.141,4.594,PINO BRUTO 2 X 3 X 3.20 MTS.,PINO SECO CEPILLADO 1 X 6 X 3.20 MTS.
TEMUC,115868,122563,22,0.0019,0.3235,0.0302,5.133,MELAMINA PERAL 15MM 1.83 X 2.50 VESTO,MELAMINA BLANCA CLASICA 15MM 1.83 X 2.50 MASISA
TEMUC,74903,74906,22,0.0019,0.141,0.1272,9.428,PINO SECO CEPILLADO 1 X 6 X 3.20 MTS.,PINO SECO CEPILLADO 2 X 2 X 3.20 MTS.
TEMUC,115866,1205,21,0.00182,0.1355,0.0249,1.854,MELAMINA WENGUE 15MM 2.50X1.83 VESTO,"DUROLAC UNICOLOR BLANCO 2,8MM 1.52 X 2.44"
TEMUC,33334,5620,21,0.00182,0.3387,0.0761,14.193,"YESO-CARTON  12,5 MM RH  2.4MT X 1.2MT",YESO-CARTON 10MM 2.4MT X 1.2MT
TEMUC,74906,74907,21,0.00182,0.1214,0.1927,12.879,PINO SECO CEPILLADO 2 X 2 X 3.20 MTS.,PINO SECO CEPILLADO 2 X 3 X 3.20 MTS.
TEMUC,115847,124032,21,0.00182,0.1077,0.0291,1.725,MELAMINA BLANCA VESTO 18MM 2.50 X 1.83,DUROLAC UNICOLOR BLANCO 3MM 1.83 X 2.50
TEMUC,115864,6502,20,0.00173,0.1471,0.2273,19.327,MELAMINA CEREZO 15MM 1.83X2.50 VESTO,"DUROLAC MAD. CEREZO 2,8MM 1.52 X 2.44"
TEMUC,74901,74907,20,0.00173,0.0456,0.1835,4.834,PINO SECO CEPILLADO 1 X 4 X 3.20 MTS.,PINO SECO CEPILLADO 2 X 3 X 3.20 MTS.
TEMUC,20240,5620,20,0.00173,0.0909,0.0725,3.809,"JGO MARCO PUERTA PINO 30 X 90 MM X 5,4MT",YESO-CARTON 10MM 2.4MT X 1.2MT
TEMUC,1205,6502,20,0.00173,0.0237,0.2273,3.111,"DUROLAC UNICOLOR BLANCO 2,8MM 1.52 X 2.44","DUROLAC MAD. CEREZO 2,8MM 1.52 X 2.44"
TEMUC,74904,74906,20,0.00173,0.1667,0.1156,11.142,PINO SECO CEPILLADO 1 X 8 X 3.20 MTS.,PINO SECO CEPILLADO 2 X 2 X 3.20 MTS.
TEMUC,115846,144301,19,0.00164,0.0139,0.3585,3.031,MELAMINA BLANCA VESTO 15MM 2.50 X 1.83,MELAMINA TORI SW 15MM 1.83 X 2.50 VESTO
TEMUC,74901,74905,19,0.00164,0.0433,0.2,5.269,PINO SECO CEPILLADO 1 X 4 X 3.20 MTS.,PINO SECO CEPILLADO 1 X 10 X 3.20 MTS.
TEMUC,82906,82907,19,0.00164,0.1652,0.1397,14.05,ZINC ALUM ACANALADO 0.35X3000MM RECUB AZ-150,ZINC ALUM ACANALADO 0.35X3660MM RECUB AZ-150
TEMUC,122563,133068,19,0.00164,0.0261,0.1496,2.373,MELAMINA BLANCA CLASICA 15MM 1.83 X 2.50 MASISA,"MELAMINA NODO 15MM 1,83 X 2,50 VESTO"
TEMUC,70003,72754,19,0.00164,0.2714,0.0519,8.577,AGLOMERADO DESNUDO 15MM 1.52 X 2.42,PLANCHA MDF 3MM 1.52 X 2.44
TEMUC,74902,95091,19,0.00164,0.0657,0.0366,1.465,PINO SECO CEPILLADO 1 X 5 X 3.20 MTS,TERCIADO EUCALIPTUS ROSADO 3MM 1.62 X 2.20
TEMUC,6502,95091,19,0.00164,0.2159,0.0366,4.811,"DUROLAC MAD. CEREZO 2,8MM 1.52 X 2.44",TERCIADO EUCALIPTUS ROSADO 3MM 1.62 X 2.20
TEMUC,115846,115862,19,0.00164,0.0139,0.19,1.606,MELAMINA BLANCA VESTO 15MM 2.50 X 1.83,MELAMINA COIGUE 15MM 1.83 X 2.50 VESTO
TEMUC,20240,76676,19,0.00164,0.0864,0.2639,13.872,"JGO MARCO PUERTA PINO 30 X 90 MM X 5,4MT",PUERTA SINFONIA 0.70 X 2.00
TEMUC,124032,72714,19,0.00164,0.0263,0.0676,1.083,DUROLAC UNICOLOR BLANCO 3MM 1.83 X 2.50,PLANCHA MDF 500 18MM 1.52 X 2.44
TEMUC,134039,5620,19,0.00164,0.09,0.0688,3.773,PASTA MURO F-15 TAJAMAR TI,YESO-CARTON 10MM 2.4MT X 1.2MT
TEMUC,72328,95091,19,0.00164,0.1086,0.0366,2.419,PLANCHA MDF  9MM 1.52 X 2.44,TERCIADO EUCALIPTUS ROSADO 3MM 1.62 X 2.20
TEMUC,74902,74907,18,0.00156,0.0623,0.1651,6.608,PINO SECO CEPILLADO 1 X 5 X 3.20 MTS,PINO SECO CEPILLADO 2 X 3 X 3.20 MTS.
TEMUC,115866,115868,18,0.00156,0.1161,0.2647,19.75,MELAMINA WENGUE 15MM 2.50X1.83 VESTO,MELAMINA PERAL 15MM 1.83 X 2.50 VESTO
TEMUC,115864,115868,18,0.00156,0.1324,0.2647,22.51,MELAMINA CEREZO 15MM 1.83X2.50 VESTO,MELAMINA PERAL 15MM 1.83 X 2.50 VESTO
TEMUC,127017,127020,18,0.00156,0.3214,0.1304,26.937,ZINC  ACANALADO 0.35X2500MM ECO,ZINC  ACANALADO 0.35X3660MM ECO
TEMUC,22961,73464,18,0.00156,0.0507,0.1731,5.638,PINO BRUTO 2 X 3 X 3.20 MTS.,PINO BRUTO 1 X 3 X 3.20 MTS.
TEMUC,115835,115846,18,0.00156,0.4286,0.0132,3.623,MELAMINA TEKA ART. 15MM 2.50X1.83 VESTO,MELAMINA BLANCA VESTO 15MM 2.50 X 1.83
TEMUC,124032,72719,18,0.00156,0.0249,0.1651,2.645,DUROLAC UNICOLOR BLANCO 3MM 1.83 X 2.50,PLANCHA MDF 3MM 2.12 X 2.44
TEMUC,74907,76860,17,0.00147,0.156,0.0675,7.158,PINO SECO CEPILLADO 2 X 3 X 3.20 MTS.,PINO SECO CEPILLADO 1 X 3 X 3.20 MTS.
TEMUC,124032,133072,17,0.00147,0.0235,0.3864,6.189,DUROLAC UNICOLOR BLANCO 3MM 1.83 X 2.50,"MELAMINA TOKAI 15MM 1,83 X 2,50 VESTO"
TEMUC,127028,127029,17,0.00147,0.3333,0.1735,39.337,ZINC  EN V 0.35X2000MM ECO,ZINC  EN V 0.35X2500MM ECO
TEMUC,2927,5620,17,0.00147,0.1126,0.0616,4.717,PLANCHA LISA PERMANIT 1200X2400X4 MM,YESO-CARTON 10MM 2.4MT X 1.2MT
TEMUC,115846,72714,17,0.00147,0.0124,0.0605,0.511,MELAMINA BLANCA VESTO 15MM 2.50 X 1.83,PLANCHA MDF 500 18MM 1.52 X 2.44
TEMUC,82905,82907,17,0.00147,0.1771,0.125,15.059,ZINC ALUM ACANALADO 0.35X2500MM RECUB AZ-150,ZINC ALUM ACANALADO 0.35X3660MM RECUB AZ-150
TEMUC,71881,72328,17,0.00147,0.1889,0.0971,12.483,MDF ENCHA. EUCALIP 15MM 2.40 X 1.50,PLANCHA MDF  9MM 1.52 X 2.44
TEMUC,124032,72754,16,0.00138,0.0222,0.0437,0.7,DUROLAC UNICOLOR BLANCO 3MM 1.83 X 2.50,PLANCHA MDF 3MM 1.52 X 2.44
TEMUC,1205,72719,16,0.00138,0.0189,0.1468,2.009,"DUROLAC UNICOLOR BLANCO 2,8MM 1.52 X 2.44",PLANCHA MDF 3MM 2.12 X 2.44
TEMUC,1205,72713,16,0.00138,0.0189,0.0465,0.637,"DUROLAC UNICOLOR BLANCO 2,8MM 1.52 X 2.44",PLANCHA MDF 500 15MM 1.52 X 2.44
TEMUC,74734,75093,16,0.00138,0.055,0.0578,2.296,TERCIADO ESTRUCTURAL 15MM 1.20 X 2.40 PL,TERCIADO ESTRUCTURAL 18MM 1.20 X 2.40 PL
TEMUC,115864,115866,16,0.00138,0.1176,0.1032,8.778,MELAMINA CEREZO 15MM 1.83X2.50 VESTO,MELAMINA WENGUE 15MM 2.50X1.83 VESTO
TEMUC,82905,82906,16,0.00138,0.1667,0.1391,16.761,ZINC ALUM ACANALADO 0.35X2500MM RECUB AZ-150,ZINC ALUM ACANALADO 0.35X3000MM RECUB AZ-150
TEMUC,22960,5620,16,0.00138,0.0482,0.058,2.019,PINO BRUTO 2 X 2 X 3.20 MTS.,YESO-CARTON 10MM 2.4MT X 1.2MT
TEMUC,77172,77176,16,0.00138,0.1368,0.2807,27.746,PUERTA TERCIADO INTERIOR 0.70 X 2.00,PUERTA TERCIADO INTERIOR 0.80 X 2.00
TEMUC,71698,71699,16,0.00138,0.1839,0.1468,19.513,PINO BRUTO IMPREGNADO 2 X 2 X 3.20,PINO BRUTO IMPREGNADO 2 X 3 X 3.20
TEMUC,122563,133072,16,0.00138,0.0219,0.3636,5.769,MELAMINA BLANCA CLASICA 15MM 1.83 X 2.50 MASISA,"MELAMINA TOKAI 15MM 1,83 X 2,50 VESTO"
TEMUC,115846,139111,16,0.00138,0.0117,0.32,2.705,MELAMINA BLANCA VESTO 15MM 2.50 X 1.83,MELAMINA GRAFITO HILADO V. 15MM 1.83 X 2.50
TEMUC,22961,71578,16,0.00138,0.0451,0.0777,2.53,PINO BRUTO 2 X 3 X 3.20 MTS.,TERCIADO PINO RANURADO COLONIAL 9MM 1.20 X 2.40 M.
TEMUC,74904,74907,16,0.00138,0.1333,0.1468,14.147,PINO SECO CEPILLADO 1 X 8 X 3.20 MTS.,PINO SECO CEPILLADO 2 X 3 X 3.20 MTS.
TEMUC,82029,82905,16,0.00138,0.2105,0.1667,25.362,ZINC ALUM ACANALADO 0.35X2000MM RECUB AZ-150,ZINC ALUM ACANALADO 0.35X2500MM RECUB AZ-150
TEMUC,74902,74905,15,0.0013,0.0519,0.1579,6.319,PINO SECO CEPILLADO 1 X 5 X 3.20 MTS,PINO SECO CEPILLADO 1 X 10 X 3.20 MTS.
TEMUC,115852,124032,15,0.0013,0.1852,0.0208,2.966,MELAMINA GRAFITO 15MM 2.50 X 1.83 VESTO,DUROLAC UNICOLOR BLANCO 3MM 1.83 X 2.50
TEMUC,20240,77176,15,0.0013,0.0682,0.2632,13.834,"JGO MARCO PUERTA PINO 30 X 90 MM X 5,4MT",PUERTA TERCIADO INTERIOR 0.80 X 2.00
TEMUC,127020,2927,15,0.0013,0.1087,0.0993,8.325,ZINC  ACANALADO 0.35X3660MM ECO,PLANCHA LISA PERMANIT 1200X2400X4 MM
TEMUC,74901,95091,15,0.0013,0.0342,0.0289,0.761,PINO SECO CEPILLADO 1 X 4 X 3.20 MTS.,TERCIADO EUCALIPTUS ROSADO 3MM 1.62 X 2.20
TEMUC,71699,71700,15,0.0013,0.1376,0.2778,29.472,PINO BRUTO IMPREGNADO 2 X 3 X 3.20,PINO BRUTO IMPREGNADO 2 X 4 X 3.20
TEMUC,23738,2927,15,0.0013,0.1442,0.0993,11.047,PLANCHA LISA PERMANIT 1200X2400X5 MM,PLANCHA LISA PERMANIT 1200X2400X4 MM
TEMUC,112374,115846,15,0.0013,0.3571,0.011,3.019,MELAMI NOGAL CENIZA SOFTWOOD 15MM 1.83 X 2.50 MASI,MELAMINA BLANCA VESTO 15MM 2.50 X 1.83
TEMUC,127017,127019,15,0.0013,0.2679,0.1974,40.76,ZINC  ACANALADO 0.35X2500MM ECO,ZINC  ACANALADO 0.35X3000MM ECO
TEMUC,72404,72714,15,0.0013,0.3333,0.0534,13.719,MDF MELAMINA BLANCO 1CARA 18MM 1.52 X 2.44,PLANCHA MDF 500 18MM 1.52 X 2.44
TEMUC,115868,124032,14,0.00121,0.2059,0.0194,3.298,MELAMINA PERAL 15MM 1.83 X 2.50 VESTO,DUROLAC UNICOLOR BLANCO 3MM 1.83 X 2.50
TEMUC,115846,133072,14,0.00121,0.0102,0.3182,2.69,MELAMINA BLANCA VESTO 15MM 2.50 X 1.83,"MELAMINA TOKAI 15MM 1,83 X 2,50 VESTO"
TEMUC,115864,1205,14,0.00121,0.1029,0.0166,1.409,MELAMINA CEREZO 15MM 1.83X2.50 VESTO,"DUROLAC UNICOLOR BLANCO 2,8MM 1.52 X 2.44"
TEMUC,122563,72714,14,0.00121,0.0192,0.0498,0.79,MELAMINA BLANCA CLASICA 15MM 1.83 X 2.50 MASISA,PLANCHA MDF 500 18MM 1.52 X 2.44
TEMUC,115852,1205,14,0.00121,0.1728,0.0166,2.366,MELAMINA GRAFITO 15MM 2.50 X 1.83 VESTO,"DUROLAC UNICOLOR BLANCO 2,8MM 1.52 X 2.44"
TEMUC,115868,1205,14,0.00121,0.2059,0.0166,2.818,MELAMINA PERAL 15MM 1.83 X 2.50 VESTO,"DUROLAC UNICOLOR BLANCO 2,8MM 1.52 X 2.44"
TEMUC,115862,124032,14,0.00121,0.14,0.0194,2.243,MELAMINA COIGUE 15MM 1.83 X 2.50 VESTO,DUROLAC UNICOLOR BLANCO 3MM 1.83 X 2.50
TEMUC,72713,95091,14,0.00121,0.0407,0.027,0.907,PLANCHA MDF 500 15MM 1.52 X 2.44,TERCIADO EUCALIPTUS ROSADO 3MM 1.62 X 2.20
TEMUC,115846,115856,14,0.00121,0.0102,0.175,1.479,MELAMINA BLANCA VESTO 15MM 2.50 X 1.83,MELAMINA NEGRA 15MM 2.50 X 1.83 VESTO
TEMUC,115862,1205,14,0.00121,0.14,0.0166,1.916,MELAMINA COIGUE 15MM 1.83 X 2.50 VESTO,"DUROLAC UNICOLOR BLANCO 2,8MM 1.52 X 2.44"
TEMUC,127020,127028,14,0.00121,0.1014,0.2745,23.005,ZINC  ACANALADO 0.35X3660MM ECO,ZINC  EN V 0.35X2000MM ECO
TEMUC,115846,115868,14,0.00121,0.0102,0.2059,1.741,MELAMINA BLANCA VESTO 15MM 2.50 X 1.83,MELAMINA PERAL 15MM 1.83 X 2.50 VESTO
TEMUC,127020,127030,14,0.00121,0.1014,0.3415,28.616,ZINC  ACANALADO 0.35X3660MM ECO,ZINC  EN V 0.35X3000MM ECO
TEMUC,22960,71578,14,0.00121,0.0422,0.068,2.367,PINO BRUTO 2 X 2 X 3.20 MTS.,TERCIADO PINO RANURADO COLONIAL 9MM 1.20 X 2.40 M.
TEMUC,5620,5621,14,0.00121,0.0507,0.3182,13.333,YESO-CARTON 10MM 2.4MT X 1.2MT,YESO-CARTON 15 MM  2.4MT X 1.2MT
TEMUC,5620,71578,14,0.00121,0.0507,0.068,2.848,YESO-CARTON 10MM 2.4MT X 1.2MT,TERCIADO PINO RANURADO COLONIAL 9MM 1.20 X 2.40 M.
TEMUC,22961,73520,14,0.00121,0.0394,0.3043,9.915,PINO BRUTO 2 X 3 X 3.20 MTS.,PINO BRUTO 2 X 4 X 3.20 MTS.
TEMUC,72754,74901,14,0.00121,0.0383,0.0319,1.008,PLANCHA MDF 3MM 1.52 X 2.44,PINO SECO CEPILLADO 1 X 4 X 3.20 MTS.
TEMUC,74734,74900,13,0.00112,0.0447,0.0464,1.845,TERCIADO ESTRUCTURAL 15MM 1.20 X 2.40 PL,PINO SECO CEPILLADO 1 X 2 X 3.20 MTS.
TEMUC,1205,133068,13,0.00112,0.0154,0.1024,1.401,"DUROLAC UNICOLOR BLANCO 2,8MM 1.52 X 2.44","MELAMINA NODO 15MM 1,83 X 2,50 VESTO"
TEMUC,124032,95091,13,0.00112,0.018,0.025,0.401,DUROLAC UNICOLOR BLANCO 3MM 1.83 X 2.50,TERCIADO EUCALIPTUS ROSADO 3MM 1.62 X 2.20
TEMUC,122563,72713,13,0.00112,0.0178,0.0378,0.6,MELAMINA BLANCA CLASICA 15MM 1.83 X 2.50 MASISA,PLANCHA MDF 500 15MM 1.52 X 2.44
TEMUC,124032,144301,13,0.00112,0.018,0.2453,3.929,DUROLAC UNICOLOR BLANCO 3MM 1.83 X 2.50,MELAMINA TORI SW 15MM 1.83 X 2.50 VESTO
TEMUC,115846,72712,13,0.00112,0.0095,0.1512,1.278,MELAMINA BLANCA VESTO 15MM 2.50 X 1.83,PLANCHA MDF 500 12MM 1.52 X 2.44
TEMUC,112374,124032,13,0.00112,0.3095,0.018,4.958,MELAMI NOGAL CENIZA SOFTWOOD 15MM 1.83 X 2.50 MASI,DUROLAC UNICOLOR BLANCO 3MM 1.83 X 2.50
TEMUC,115862,122563,13,0.00112,0.13,0.0178,2.062,MELAMINA COIGUE 15MM 1.83 X 2.50 VESTO,MELAMINA BLANCA CLASICA 15MM 1.83 X 2.50 MASISA
TEMUC,115846,122400,13,0.00112,0.0095,0.3333,2.818,MELAMINA BLANCA VESTO 15MM 2.50 X 1.83,MELAMINA TOSCANA 15MM 2.50 X 1.83 VESTO
TEMUC,4473,82907,13,0.00112,0.1585,0.0956,13.481,ZINC ALUM EN V 0.35X2500MM RECUB AZ-150,ZINC ALUM ACANALADO 0.35X3660MM RECUB AZ-150
TEMUC,22961,75093,13,0.00112,0.0366,0.0469,1.529,PINO BRUTO 2 X 3 X 3.20 MTS.,TERCIADO ESTRUCTURAL 18MM 1.20 X 2.40 PL
TEMUC,127019,127029,13,0.00112,0.1711,0.1327,20.186,ZINC  ACANALADO 0.35X3000MM ECO,ZINC  EN V 0.35X2500MM ECO
TEMUC,5620,77172,13,0.00112,0.0471,0.1111,4.656,YESO-CARTON 10MM 2.4MT X 1.2MT,PUERTA TERCIADO INTERIOR 0.70 X 2.00
TEMUC,115846,149403,13,0.00112,0.0095,0.3514,2.97,MELAMINA BLANCA VESTO 15MM 2.50 X 1.83,"MELAMINA JADE VV 15MM 1,83 X 2,50 VESTO"
TEMUC,127029,127030,12,0.00104,0.1224,0.2927,34.54,ZINC  EN V 0.35X2500MM ECO,ZINC  EN V 0.35X3000MM ECO
TEMUC,4473,82906,12,0.00104,0.1463,0.1043,14.717,ZINC ALUM EN V 0.35X2500MM RECUB AZ-150,ZINC ALUM ACANALADO 0.35X3000MM RECUB AZ-150
TEMUC,127016,127019,12,0.00104,0.3529,0.1579,53.707,ZINC  ACANALADO 0.35X2000MM ECO,ZINC  ACANALADO 0.35X3000MM ECO
TEMUC,115852,122563,12,0.00104,0.1481,0.0165,2.35,MELAMINA GRAFITO 15MM 2.50 X 1.83 VESTO,MELAMINA BLANCA CLASICA 15MM 1.83 X 2.50 MASISA
TEMUC,122563,72719,12,0.00104,0.0165,0.1101,1.747,MELAMINA BLANCA CLASICA 15MM 1.83 X 2.50 MASISA,PLANCHA MDF 3MM 2.12 X 2.44
TEMUC,72713,72719,12,0.00104,0.0349,0.1101,3.701,PLANCHA MDF 500 15MM 1.52 X 2.44,PLANCHA MDF 3MM 2.12 X 2.44
TEMUC,72328,77806,12,0.00104,0.0686,0.0945,6.244,PLANCHA MDF  9MM 1.52 X 2.44,MDF ENCHA. EUCA COLOR 16MM 2.40X1.50
TEMUC,122563,72754,12,0.00104,0.0165,0.0328,0.52,MELAMINA BLANCA CLASICA 15MM 1.83 X 2.50 MASISA,PLANCHA MDF 3MM 1.52 X 2.44
TEMUC,115846,6502,12,0.00104,0.0088,0.1364,1.153,MELAMINA BLANCA VESTO 15MM 2.50 X 1.83,"DUROLAC MAD. CEREZO 2,8MM 1.52 X 2.44"
TEMUC,118097,5620,12,0.00104,0.1579,0.0435,6.616,"AISLANTE TERMICO  Y ACUSTICO STD FISITERM 2,4X15MT",YESO-CARTON 10MM 2.4MT X 1.2MT
TEMUC,82029,82906,12,0.00104,0.1579,0.1043,15.879,ZINC ALUM ACANALADO 0.35X2000MM RECUB AZ-150,ZINC ALUM ACANALADO 0.35X3000MM RECUB AZ-150
TEMUC,74900,76850,12,0.00104,0.0429,0.1008,4.165,PINO SECO CEPILLADO 1 X 2 X 3.20 MTS.,PINO BRUTO 1 X 4 X 3.20 MTS.
TEMUC,74899,74901,12,0.00104,0.2182,0.0273,5.748,PINO SECO CEPILLADO 2 X 6 X 3.20 MTS.,PINO SECO CEPILLADO 1 X 4 X 3.20 MTS.
TEMUC,74900,74907,12,0.00104,0.0429,0.1101,4.547,PINO SECO CEPILLADO 1 X 2 X 3.20 MTS.,PINO SECO CEPILLADO 2 X 3 X 3.20 MTS.
TEMUC,73464,74901,12,0.00104,0.1154,0.0273,3.04,PINO BRUTO 1 X 3 X 3.20 MTS.,PINO SECO CEPILLADO 1 X 4 X 3.20 MTS.
TEMUC,76850,76860,12,0.00104,0.1008,0.0476,4.628,PINO BRUTO 1 X 4 X 3.20 MTS.,PINO SECO CEPILLADO 1 X 3 X 3.20 MTS.
TEMUC,74907,95091,12,0.00104,0.1101,0.0231,2.453,PINO SECO CEPILLADO 2 X 3 X 3.20 MTS.,TERCIADO EUCALIPTUS ROSADO 3MM 1.62 X 2.20
TEMUC,115835,124032,11,0.00095,0.2619,0.0152,4.195,MELAMINA TEKA ART. 15MM 2.50X1.83 VESTO,DUROLAC UNICOLOR BLANCO 3MM 1.83 X 2.50
TEMUC,127016,127017,11,0.00095,0.3235,0.1964,66.815,ZINC  ACANALADO 0.35X2000MM ECO,ZINC  ACANALADO 0.35X2500MM ECO
TEMUC,4473,4474,11,0.00095,0.1341,0.193,27.218,ZINC ALUM EN V 0.35X2500MM RECUB AZ-150,ZINC ALUM EN V 0.35X3000MM RECUB AZ-150
TEMUC,127017,127029,11,0.00095,0.1964,0.1122,23.181,ZINC  ACANALADO 0.35X2500MM ECO,ZINC  EN V 0.35X2500MM ECO
TEMUC,22960,74902,11,0.00095,0.0331,0.0381,1.326,PINO BRUTO 2 X 2 X 3.20 MTS.,PINO SECO CEPILLADO 1 X 5 X 3.20 MTS
TEMUC,115864,72712,11,0.00095,0.0809,0.1279,10.877,MELAMINA CEREZO 15MM 1.83X2.50 VESTO,PLANCHA MDF 500 12MM 1.52 X 2.44
TEMUC,115846,72573,11,0.00095,0.008,0.0866,0.732,MELAMINA BLANCA VESTO 15MM 2.50 X 1.83,PLANCHA MDF 500 18MM 1.52 X 3.66
TEMUC,122826,138231,11,0.00095,0.0866,0.1028,9.362,"20X30 MURO BLANCO BRILLANTE CON ENGOBE CJ 1,5 M2",ADHESIVO CERAMICO PASTA AC WEBER 25 KG
TEMUC,22960,71699,11,0.00095,0.0331,0.1009,3.515,PINO BRUTO 2 X 2 X 3.20 MTS.,PINO BRUTO IMPREGNADO 2 X 3 X 3.20
TEMUC,127019,127028,11,0.00095,0.1447,0.2157,32.821,ZINC  ACANALADO 0.35X3000MM ECO,ZINC  EN V 0.35X2000MM ECO
TEMUC,127019,127030,11,0.00095,0.1447,0.2683,40.826,ZINC  ACANALADO 0.35X3000MM ECO,ZINC  EN V 0.35X3000MM ECO
TEMUC,127028,127030,11,0.00095,0.2157,0.2683,60.839,ZINC  EN V 0.35X2000MM ECO,ZINC  EN V 0.35X3000MM ECO
TEMUC,20240,22960,11,0.00095,0.05,0.0331,1.742,"JGO MARCO PUERTA PINO 30 X 90 MM X 5,4MT",PINO BRUTO 2 X 2 X 3.20 MTS.
TEMUC,2927,2928,11,0.00095,0.0728,0.1078,8.26,PLANCHA LISA PERMANIT 1200X2400X4 MM,PLANCHA LISA PERMANIT 1200X2400X6 MM
TEMUC,22960,74615,11,0.00095,0.0331,0.0561,1.955,PINO BRUTO 2 X 2 X 3.20 MTS.,TERCIADO ESTRUCTURAL 9MM 1.20 X 2.40 PL
TEMUC,127020,23738,11,0.00095,0.0797,0.1058,8.864,ZINC  ACANALADO 0.35X3660MM ECO,PLANCHA LISA PERMANIT 1200X2400X5 MM
TEMUC,74904,95091,11,0.00095,0.0917,0.0212,2.043,PINO SECO CEPILLADO 1 X 8 X 3.20 MTS.,TERCIADO EUCALIPTUS ROSADO 3MM 1.62 X 2.20
TEMUC,73464,74902,11,0.00095,0.1058,0.0381,4.233,PINO BRUTO 1 X 3 X 3.20 MTS.,PINO SECO CEPILLADO 1 X 5 X 3.20 MTS
TEMUC,74734,76860,11,0.00095,0.0378,0.0437,1.735,TERCIADO ESTRUCTURAL 15MM 1.20 X 2.40 PL,PINO SECO CEPILLADO 1 X 3 X 3.20 MTS.
MAPOC,148663,148664,5,3e-05,1.0,1.0,30965.8,TERMINAL DER. RAUWALON TREND-LINE INOX 2UND REHAU,TERMINAL IZQ. RAUWALON TREND-LINE INOX 2UND REHAU
SANRO,153234,153235,6,4e-05,1.0,0.8571,23375.857,RUEDA GIRATORIA DOBLE 50MM PLASTICO 80KG,RUEDA GIRATORIA DOBLE CON FRENO 50MM PLASTICO 80KG
SANRO,123979,123980,5,3e-05,0.8333,0.8333,22726.528,CABLE THHN 12 AWG ROJO ROLLO 100MT,CABLE THHN 12 AWG VERDE ROLLO 100MT
SANRO,123977,123979,5,3e-05,0.7143,0.8333,19479.881,CABLE THHN 12 AWG BLANCO ROLLO 100MT,CABLE THHN 12 AWG ROJO ROLLO 100MT
MAPOC,123977,123980,6,4e-05,0.75,1.0,19353.625,CABLE THHN 12 AWG BLANCO ROLLO 100MT,CABLE THHN 12 AWG VERDE ROLLO 100MT
MAPOC,123979,123980,6,4e-05,0.75,1.0,19353.625,CABLE THHN 12 AWG ROJO ROLLO 100MT,CABLE THHN 12 AWG VERDE ROLLO 100MT
MAPOC,16314,3357,6,4e-05,0.8571,0.8571,18958.653,TEE PVC SANITARIO BLANCO 50MM,LUBRICANTE PARA PVC SANITARIO POTE 500CC
MAPOC,123977,123979,7,5e-05,0.875,0.875,16934.422,CABLE THHN 12 AWG BLANCO ROLLO 100MT,CABLE THHN 12 AWG ROJO ROLLO 100MT
MAPOC,126163,126165,6,4e-05,0.75,0.8571,16588.821,SIST CAJON TANDEM-KUTZ CUBERTERO BLANCO 500MM KUTZ,SIST CAJON TANDEM-KUTZ OLLERO VIDRIO 500MM KUTZ
MAPOC,115583,97591,5,3e-05,0.625,0.8333,16128.021,SET CANALETA PISCINA,TAPA SALIDA SET CANALETA PISCINA
SANRO,123989,123990,6,4e-05,0.5455,1.0,14875.545,CABLE THHN 14 AWG ROJO ROLLO 100MT,CABLE THHN 14 AWG VERDE ROLLO 100MT
SANRO,126163,126165,5,3e-05,0.7143,0.625,14609.911,SIST CAJON TANDEM-KUTZ CUBERTERO BLANCO 500MM KUTZ,SIST CAJON TANDEM-KUTZ OLLERO VIDRIO 500MM KUTZ
SANRO,123987,123990,5,3e-05,0.5,0.8333,13635.917,CABLE THHN 14 AWG BLANCO ROLLO 100MT,CABLE THHN 14 AWG VERDE ROLLO 100MT
HUECH,115583,97591,6,6e-05,0.8571,1.0,13609.571,SET CANALETA PISCINA,TAPA SALIDA SET CANALETA PISCINA
SANRO,153200,153201,11,7e-05,0.9167,0.9167,12499.59,RUEDA GIRATORIA DOBLE 50MM GOMA 80KG,RUEDA GIRATORIA DOBLE CON FRENO 50MM GOMA 80KG
SANRO,153222,153223,6,4e-05,0.6,0.75,12272.325,RUEDA GIRATORIA 50MM TPE 80KG,RUEDA GIRATORIA CON FRENO 50MM TPE 80KG
SANRO,116563,116564,7,4e-05,0.6364,0.7778,11569.869,"ALAMBRE GENLIS NYA 2,5 MM BLANCO H07V-U ROLLO 100M","ALAMBRE GENLIS NYA 2,5 MM ROJO H07V-U ROLLO 100MT"
CONCE,125417,125419,5,5e-05,1.0,0.625,11402.75,ANGULO EXTERIOR  CANALETA 40 X 16  PACK 2UN,ANGULO PLANO  CANALETA 40 X 16  PACK 2UN
MAPOC,123987,123989,5,3e-05,0.625,0.5556,10752.014,CABLE THHN 14 AWG BLANCO ROLLO 100MT,CABLE THHN 14 AWG ROJO ROLLO 100MT
MAPOC,153216,153217,5,3e-05,0.8333,0.4167,10752.014,RUEDA GIRATORIA 75MM TPE 50KG,RUEDA GIRATORIA 75MM TPE  CON FRENO 50KG
MAPOC,152729,152730,6,4e-05,0.6667,0.6,10321.933,"FILTRO CARBÓN BLOCK DE 10 X2,75  5 MICRON","FILTRO POLIPROPILENO  DE 10  X 2,75  5 MICRAS"
MAPOC,123846,137224,5,3e-05,0.4545,0.7143,10053.831,TUERCA HEXAGONAL FERRO 5/8 - 25 UNIDADES,ESPARRAGO FIERRO NEGRO 5/8-11 X 1000MM     
MAPOC,151140,151142,5,3e-05,0.5556,0.5556,9557.346,ZAPATILLA DE SEGURIDAD NAZCA ONE PLUS 41,ZAPATILLA DE SEGURIDAD NAZCA ONE PLUS 43
SANRO,140615,140617,5,3e-05,0.4545,0.625,9297.216,COPLA TUBO RIGIDO EMT 25MM,CURVA TUBO RIGIDO EMT 25MM
SANRO,115583,97591,6,4e-05,0.5,0.6667,9090.611,SET CANALETA PISCINA,TAPA SALIDA SET CANALETA PISCINA
SANRO,123987,123989,6,4e-05,0.6,0.5455,8925.327,CABLE THHN 14 AWG BLANCO ROLLO 100MT,CABLE THHN 14 AWG ROJO ROLLO 100MT
SANRO,144453,26082,9,6e-05,0.6,0.8182,8925.327,"MANGUERA GLP PARA SOPLETE FRICAL A GAS F1 1,5MT",SOPLETE FRICAL A GAS F1 SIN MANGUERA 1BOQUILLA
HUECH,11209,130568,5,5e-05,0.5556,0.8333,8821.019,URINARIO NEW CAMPUS BLANCO,KIT INSTALACION URINARIO NEW CAMPUS
SANRO,127906,127910,6,4e-05,0.8571,0.375,8765.946,RUEDA POLIURETANO TRANS. 100MM SIN FRENO 76KG KUTZ,RUEDA POLIURETANO TRANS. 100MM CON FRENO 76KG KUTZ
CONCE,130949,134093,5,5e-05,1.0,0.4545,8292.909,SET TAPAS PARA FREEFOLD IZQ. Y DER. GRIS KBM,BISAGRA INTERMEDIA NIQUEL P/FREEFOLD KBM
HUECH,147677,147690,6,6e-05,0.6,0.8571,8165.743,CABLE EVA LIBRE HALOGENO H07Z1-K 1.5MM ROJO 50MT,CABLE EVA LIBRE HALOGENO H07Z1-K 1.5MM BLANCO 50MT
MAPOC,153723,153725,5,3e-05,0.7143,0.3571,7899.439,PERFIL SIDING METAL H EXTERIOR 3M CASTANO,PERFIL SIDING METAL J EXTERIOR 3M CASTANO
MAPOC,153714,153722,6,4e-05,0.5455,0.5455,7677.471,"SIDING METAL 1,6X38X380CM CASTANO",PERFIL SIDING METAL ESQUINERO EXTERIOR 3M CASTANO
CONCE,127906,127910,5,5e-05,0.8333,0.5,7601.833,RUEDA POLIURETANO TRANS. 100MM SIN FRENO 76KG KUTZ,RUEDA POLIURETANO TRANS. 100MM CON FRENO 76KG KUTZ
MAPOC,152005,3264,8,5e-05,0.7273,0.5333,7506.861,VALVULA BOLA PVC HI 11/2  VINI,TERMINAL HE PRESION 50X11/2 UNID
CONCE,100202,104736,9,0.0001,0.8182,0.9,7463.618,CABLE EVA LIBRE HALOGENO H07Z1-K 1.5MM ROJO 100MT,CABLE EVA LIBRE HALOGENO H07Z1-K 1.5MM BLANCO 100M
SANRO,123846,137228,6,4e-05,0.5,0.5455,7437.773,TUERCA HEXAGONAL FERRO 5/8 - 25 UNIDADES,ESPARRAGO FIERRO ZINCADO 5/8-11 X 1000MM     
SANRO,130752,130753,5,3e-05,0.625,0.3571,7304.955,CABLE THHN 12 AWG VERDE ROLLO 25MT,CABLE THHN 12 AWG ROJO ROLLO 25MT
SANRO,127359,127362,12,7e-05,0.7059,0.75,7219.015,"ALAMBRE GENLIS NYA 1,5 MM ROJO H07V-U ROLLO 50MT","ALAMBRE GENLIS NYA 1,5 MM BLANCO H07V-U ROLLO 50MT"
CONCE,6335,87731,5,5e-05,0.625,0.625,7126.719,CORREDERA DUCASSE COLGANTE D-150    150KG (SET),RIEL COLGANTE U-150  N 600  (D150)
SANRO,11569,4699,5,3e-05,0.5556,0.3846,6992.778,TUERCA COCINA  5/32 HEXAGONAL 100 UNIDADES,PERNO COCINA CABEZA REDONDA 5/32 X 1.1/2 - 100UNDS
RENAC,149584,153021,5,7e-05,1.0,0.4545,6928.909,"TAPACANTO PVC TUAREG 22X0,45MM RO 100MT","TAPACANTO PVC TUAREG 22X1,5MM RO50MT"
MAPOC,127905,127909,5,3e-05,0.625,0.3571,6912.009,RUEDA POLIURETANO TRANS. 75MM SIN FRENO 64KG,RUEDA POLIURETANO TRANS. 75MM CON FRENO 64KG
MAPOC,153228,153287,5,3e-05,0.3571,0.625,6912.009,RUEDA GIRATORIA CON FRENO 50MM PLASTICO 35KG,RUEDA GIRATORIA 50MM PLASTICO 35KG
PMONT,148663,148666,6,9e-05,0.75,0.8571,6864.107,TERMINAL DER. RAUWALON TREND-LINE INOX 2UND REHAU,ANGULO INTERNO RAUWALON TREND-LINE INOX 2UND REHAU
SANRO,116554,116863,5,3e-05,0.5,0.4167,6817.958,"ALAMBRE GENLIS NYA 1,5 MM ROJO H07V-U ROLLO 100MT","ALAMBRE GENLIS NYA 1,5 MM BLANCO H07V-U ROLLO 100M"
MAPOC,23120,888,7,5e-05,0.7778,0.3889,6690.142,SELLADOR SIPA RADIATA TI,SELLADOR SIPA MADERA TI
PMONT,124586,4971,5,8e-05,0.625,0.8333,6673.438,"GORRO VENTILACION 0,35MM X 4,5""","TUBO GALVANIZADO 0,8MM X 4.1/2 1MT"
RENAC,153722,153723,7,9e-05,0.7,0.875,6669.075,PERFIL SIDING METAL ESQUINERO EXTERIOR 3M CASTANO,PERFIL SIDING METAL H EXTERIOR 3M CASTANO
TALCA,148809,148812,5,0.00013,0.8333,1.0,6623.667,PLACA 3 MODULO CON SOPORTE BLANCO KARSON,MODULO HEMBRA EMBUTIDA SIMPLE 10A BLANCO KARSON
TALCA,1570,1574,5,0.00013,0.8333,1.0,6623.667,TUBOS 3/4X1MM TIRA 6MT,TUBOS 7/8X1.5MM TIRA 6MT
TALCA,148809,148810,5,0.00013,0.8333,1.0,6623.667,PLACA 3 MODULO CON SOPORTE BLANCO KARSON,MODULO INTERRUPTOR EMB SIMPLE 9/12 10A BLAN KARSON
TALCA,147678,147680,6,0.00015,1.0,1.0,6623.667,CABLE EVA LIBRE HALOGENO H07Z1-K 2.5MM BLANCO 25MT,CABLE EVA LIBRE HALOGENO H07Z1-K 2.5MM VERDE 25MT
MAPOC,129820,129821,5,3e-05,0.5,0.4167,6451.208,"LIJA BANDA 3 X 18""  G 80 MAD/MET PACK3 MAKITA","LIJA BANDA 3 X 18""  G 100 MAD/MET PACK3 MAKITA"
MAPOC,134551,134552,5,3e-05,0.5,0.4167,6451.208,DISCO LIJA P/PIEDRAS 125MM G600 PACK5 BOSCH,DISCO LIJA P/PIEDRAS 125MM G1200 PACK5 BOSCH
SANRO,140615,140619,6,4e-05,0.5455,0.4286,6375.234,COPLA TUBO RIGIDO EMT 25MM,ABRAZADERA TUBO RIGIDO EMT 25MM
SANRO,127371,127374,8,5e-05,0.5333,0.5714,6233.562,"ALAMBRE GENLIS NYA 2,5 MM BLANCO H07V-U ROLLO 50MT","ALAMBRE GENLIS NYA 2,5 MM VERDE H07V-U ROLLO 50MT"
SANRO,125417,125419,5,3e-05,0.7143,0.2632,6151.541,ANGULO EXTERIOR  CANALETA 40 X 16  PACK 2UN,ANGULO PLANO  CANALETA 40 X 16  PACK 2UN
SEREN,147062,147082,5,0.0001,0.7143,0.8333,5972.619,MELAMINA HUMO ULTRA MATTE 15MM 1.83 X 2.50 VESTO,"TAPACANTO PVC HUMO ULTRA MATTE 22X0,45MM RO 25MT"
MAPOC,130540,148038,6,4e-05,0.4615,0.5,5954.962,"CABO DE VIDA 1,8METRO X 12MM 2 MOSQUETONES SIMPLE",ARNES PARACAIDISTA 3 ARGOLLAS T/XL KL-8000
HUECH,125417,125418,9,9e-05,0.75,0.75,5954.187,ANGULO EXTERIOR  CANALETA 40 X 16  PACK 2UN,ANGULO INTERIOR  CANALETA 40 X 16  PACK 2UN
HUECH,139002,152984,5,5e-05,0.5556,0.5556,5880.679,MDF MELASEK SUPER MATTE NEGRO 18X2800X1220MM,TAPACANTO MELASEK NEGRO SUPERMATTE 23X1MM  RO50MT
MAPOC,145289,152985,5,3e-05,0.4167,0.4545,5864.735,"TAPACANTO PVC LINO CHIARO 22X0,4MM RO25MT","TAPACANTO PVC LINO CHIARO 22X1,5MM RO50MT"
SANRO,130751,130753,5,3e-05,0.5,0.3571,5843.964,CABLE THHN 12 AWG BLANCO ROLLO 25MT,CABLE THHN 12 AWG ROJO ROLLO 25MT
RANCA,116563,116564,5,0.0001,0.8333,0.7143,5831.19,"ALAMBRE GENLIS NYA 2,5 MM BLANCO H07V-U ROLLO 100M","ALAMBRE GENLIS NYA 2,5 MM ROJO H07V-U ROLLO 100MT"
SANRO,153207,153208,6,4e-05,0.4615,0.4615,5809.385,RUEDA GIRATORIA 40MM TPE 30KG,RUEDA GIRAT. C/FRENO 40MM TPE 30KG
CONCE,127359,127362,7,8e-05,0.6364,0.7,5805.036,"ALAMBRE GENLIS NYA 1,5 MM ROJO H07V-U ROLLO 50MT","ALAMBRE GENLIS NYA 1,5 MM BLANCO H07V-U ROLLO 50MT"
MAPOC,127912,127914,7,5e-05,0.6364,0.4118,5795.738,RUEDA POLIPROPILENO NEGRA 50MM SIN FRENO 35KG KUTZ,RUEDA POLIPROPILENO NEGRA 50MM CON FRENO 35KG KUTZ
RENAC,6076,6087,5,7e-05,0.8333,0.4545,5774.091,TERMINAL SO HI BRONCE 1,TERMINAL SO HE BRONCE 1
SANRO,140613,140615,5,3e-05,0.3846,0.4545,5721.364,TERMINAL TUBO RIGIDO EMT 25MM,COPLA TUBO RIGIDO EMT 25MM
RENAC,116563,116566,6,8e-05,0.6,0.75,5716.35,"ALAMBRE GENLIS NYA 2,5 MM BLANCO H07V-U ROLLO 100M","ALAMBRE GENLIS NYA 2,5 MM VERDE H07V-U ROLLO 100MT"
RENAC,153722,153724,6,8e-05,0.6,0.75,5716.35,PERFIL SIDING METAL ESQUINERO EXTERIOR 3M CASTANO,PERFIL SIDING METAL ESQUINERO INTERIOR 3M CASTANO
SANRO,127368,127371,11,7e-05,0.5238,0.7333,5714.098,"ALAMBRE GENLIS NYA 2,5 MM ROJO H07V-U ROLLO 50MT","ALAMBRE GENLIS NYA 2,5 MM BLANCO H07V-U ROLLO 50MT"
SANRO,123846,137224,5,3e-05,0.4167,0.4167,5681.632,TUERCA HEXAGONAL FERRO 5/8 - 25 UNIDADES,ESPARRAGO FIERRO NEGRO 5/8-11 X 1000MM     
TALCA,1571,1574,5,0.00013,0.7143,1.0,5677.429,TUBOS 3/4X1.5MM TIRA 6MT,TUBOS 7/8X1.5MM TIRA 6MT
TALCA,147678,147679,6,0.00015,1.0,0.8571,5677.429,CABLE EVA LIBRE HALOGENO H07Z1-K 2.5MM BLANCO 25MT,CABLE EVA LIBRE HALOGENO H07Z1-K 2.5MM ROJO 25MT
TALCA,147679,147680,6,0.00015,0.8571,1.0,5677.429,CABLE EVA LIBRE HALOGENO H07Z1-K 2.5MM ROJO 25MT,CABLE EVA LIBRE HALOGENO H07Z1-K 2.5MM VERDE 25MT
RENAC,2057,81445,8,0.0001,0.6667,0.8889,5645.778,CORREDERA DUCASSE PLEGADUC PRO 2 HOJAS,GUIA CANAL PLEGADUC  DUCASSE   CD-50 X 2.00 MTS
SANRO,127368,127374,10,6e-05,0.4762,0.7143,5565.68,"ALAMBRE GENLIS NYA 2,5 MM ROJO H07V-U ROLLO 50MT","ALAMBRE GENLIS NYA 2,5 MM VERDE H07V-U ROLLO 50MT"
RENAC,116564,116566,7,9e-05,0.5833,0.875,5557.563,"ALAMBRE GENLIS NYA 2,5 MM ROJO H07V-U ROLLO 100MT","ALAMBRE GENLIS NYA 2,5 MM VERDE H07V-U ROLLO 100MT"
MAPOC,153212,153213,10,6e-05,0.5,0.7143,5529.607,RUEDA GIRATORIA 75MM TPE 50KG,RUEDA GIRATORIA CON FRENO 75MM TPE 50KG
CONCE,147688,147689,6,7e-05,0.5455,0.6667,5528.606,CABLE EVA LIBRE HALOGENO H07Z1-K 2.5MM ROJO 50MT,CABLE EVA LIBRE HALOGENO H07Z1-K 2.5MM VERDE 50MT
HUECH,147684,147686,6,6e-05,0.4615,0.75,5496.173,CABLE EVA LIBRE HALOGENO H07Z1-K 1.5MM BLANCO 25MT,CABLE EVA LIBRE HALOGENO H07Z1-K 1.5MM VERDE 25MT
MAPOC,86886,94425,9,6e-05,0.6,0.5294,5464.553,POLICARB ALVEOLAR PERFIL H  8.0MM - 10MM  5.8 MT,POLICARBONATO ALVEOLAR 2.10X5.8X10MM CLEAR
SANRO,153257,153258,6,4e-05,0.3333,0.6,5454.367,RUEDA FIJA 32MM TPE 20KG,RUEDA GIRATORIA 32MM TPE 20KG
MAPOC,153194,153195,9,6e-05,0.5625,0.5625,5443.207,RUEDA GIRATORIA 50MM TPE 40KG,RUEDA GIRATORIA CON FRENO 50MM TPE 40KG
MAPOC,153718,153720,6,4e-05,0.3158,0.6667,5432.596,PERFIL SIDING METAL ESQUINERO EXT 3M GRIS GRAFITO,PERFIL SIDING METAL ESQUINERO INT 3M GRIS GRAFITO
MAPOC,148809,148812,10,6e-05,0.6667,0.5263,5432.596,PLACA 3 MODULO CON SOPORTE BLANCO KARSON,MODULO HEMBRA EMBUTIDA SIMPLE 10A BLANCO KARSON
SANRO,142126,142127,6,4e-05,0.4286,0.4615,5394.429,GANCHO TRUPAN CROMADO 10 CMS. BOLSA 10 UN,GANCHO TRUPAN CROMADO 20 CMS. BOLSA 10 UN
SANRO,127911,127913,5,3e-05,0.2632,0.625,5382.599,RUEDA POLIPROPILENO NEGRA 40MM SIN FRENO 25KG KUTZ,RUEDA POLIPROPILENO NEGRA 40MM C/FRENO 25KG KUTZ
MAPOC,148036,148038,5,3e-05,0.4167,0.4167,5376.007,"CABO DE VIDA 1,8METRO X 12MM CON GANCHO ESCALA",ARNES PARACAIDISTA 3 ARGOLLAS T/XL KL-8000
CONCE,142584,151297,5,5e-05,0.2941,1.0,5366.0,COPLA SIMPLE FUSION PPR 25MM CCS,UNIÓN AMERICANA PPR GRIS 25MM
MAPOC,142582,16314,7,5e-05,0.2414,1.0,5338.931,CODO 90° TRANS HI FUSION PPR 25 X 1/2 CCS,TEE PVC SANITARIO BLANCO 50MM
MAPOC,142582,3357,7,5e-05,0.2414,1.0,5338.931,CODO 90° TRANS HI FUSION PPR 25 X 1/2 CCS,LUBRICANTE PARA PVC SANITARIO POTE 500CC
PMONT,142585,142608,5,8e-05,0.8333,0.5,5338.75,COPLA SIMPLE FUSION PPR 32MM CCS,TUBO FUSION PPR 32MM X 3MT PN-16
RENAC,115861,152962,7,9e-05,0.7,0.7,5335.26,MELAMINA CEDRO 18MM 1.83X2.50 VESTO,"TAPACANTO PVC CEDRO 22X1,5MM RO50MT"
MAPOC,156118,156121,6,4e-05,0.24,0.8571,5308.423,CANALETA GALVANIZADA TOP X REFORZADA A15,SET DE CONEXION TOP X NEGRA TAPA INCIO FINAL+BOQUI
HUECH,149407,149583,5,5e-05,0.3846,0.7143,5234.451,"MELAMINA TUAREG VV 15MM 1,83 X 2,50 VESTO","TAPACANTO PVC TUAREG 22X0,45MM RO 25 MT"
RENAC,148664,148666,8,0.0001,0.6154,0.8889,5211.487,TERMINAL IZQ. RAUWALON TREND-LINE INOX 2UND REHAU,ANGULO INTERNO RAUWALON TREND-LINE INOX 2UND REHAU
HUECH,120139,123846,6,6e-05,0.5455,0.6,5196.382,GOLILLA CORRIENTE 5/8 - 25 UNDS,TUERCA HEXAGONAL FERRO 5/8 - 25 UNIDADES
MAPOC,153718,153719,7,5e-05,0.3684,0.6364,5185.66,PERFIL SIDING METAL ESQUINERO EXT 3M GRIS GRAFITO,PERFIL SIDING METAL H EXTERIOR 3M GRIS GRAFITO
CONCE,87158,99565,5,5e-05,0.625,0.4545,5183.068,TAB. ESTRUCTURAL C 2X6X12X0.85X 6MT 150X40,TAB. CANAL ESTRUCTURAL U 2X6X0.85X6MT 153X30
SANRO,142807,142818,6,4e-05,0.3158,0.6,5167.295,"PERFIL J BCO 2500X0,5 MM SID.FIBRO","PERFIL ESQUINERO BCO 2500X0,5 MM SID.FIBRO"
MAPOC,24112,24114,5,3e-05,0.5,0.3333,5160.967,PERFIL DVP TERMINAL  BLANCO TIRA 3.8 MTS,PERFIL DVP COMIENZO BLANCO TIRA 3.8 MTS.
MAPOC,86886,97166,9,6e-05,0.6,0.5,5160.967,POLICARB ALVEOLAR PERFIL H  8.0MM - 10MM  5.8 MT,POLICARB ALVEOLAR PERFIL U  8.0MM A 10MM X 2.1 MT
RENAC,149406,149582,6,8e-05,0.4,1.0,5081.2,"MELAMINA BOURBON MT 18MM 1,83 X 2,50 VESTO","TAPACANTO PVC BOURBON 22X1,5MM 100MT"
RENAC,116563,116564,8,0.0001,0.8,0.6667,5081.2,"ALAMBRE GENLIS NYA 2,5 MM BLANCO H07V-U ROLLO 100M","ALAMBRE GENLIS NYA 2,5 MM ROJO H07V-U ROLLO 100MT"
RENAC,24117,24118,6,8e-05,1.0,0.4,5081.2,ESQUINERO DVP INTERNO BLANCO TIRA 3.0 MTS.,ESQUINERO DVP EXTERNO BLANCO TIRA 3.0 MTS.
CONCE,147687,147689,5,5e-05,0.5,0.5556,5067.889,CABLE EVA LIBRE HALOGENO H07Z1-K 2.5MM BLANCO 50MT,CABLE EVA LIBRE HALOGENO H07Z1-K 2.5MM VERDE 50MT
CONCE,3729,3734,5,5e-05,0.5556,0.5,5067.889,CERR. SOBREP ELECT ACC/REJ NEGRA 2050-CI SCANAVINI,TRANSFORMADOR SCANAVINI 510 UNID
SANRO,142592,142603,5,3e-05,0.2778,0.5556,5050.34,TEE FUSION PPR 25MM CCS,TERMINAL HI FUSION PPR 25X1/2 CCS
MAPOC,121320,149489,5,3e-05,0.4545,0.3571,5026.916,TIRADOR CONGUILLIO 160MM NIQUEL NEGRO KUTZ,TIRADOR PIEL NEGRA GL21 128MM KUTZ
CONCE,147687,147688,6,7e-05,0.6,0.5455,4975.745,CABLE EVA LIBRE HALOGENO H07Z1-K 2.5MM BLANCO 50MT,CABLE EVA LIBRE HALOGENO H07Z1-K 2.5MM ROJO 50MT
VESPU,127358,127361,6,0.00015,0.8571,0.8571,4965.551,"ALAMBRE GENLIS NYA 1,5 MM ROJO H07V-U ROLLO 25MT","ALAMBRE GENLIS NYA 1,5 MM BLANCO H07V-U ROLLO 25MT"
MAPOC,11570,4708,10,6e-05,0.3846,0.8333,4962.468,TUERCA COCINA  3/16 HEXAGONAL 100 UNIDADES,PERNO COCINA CABEZA REDONDA 3/16 X 1.1/2 - 100UNDS
SANRO,142589,142592,6,4e-05,0.5455,0.3333,4958.515,TAPON FUSION PPR 25MM CCS,TEE FUSION PPR 25MM CCS
RANCA,100202,104736,9,0.00018,0.9,1.0,4898.2,CABLE EVA LIBRE HALOGENO H07Z1-K 1.5MM ROJO 100MT,CABLE EVA LIBRE HALOGENO H07Z1-K 1.5MM BLANCO 100M
RANCA,79058,79061,9,0.00018,0.9,1.0,4898.2,RIEL DUCASSE ALUMINIO D-52 2.00MT,GUIA DUCASSE AL D-52 X2.00
SANRO,120139,123846,5,3e-05,0.3571,0.4167,4869.97,GOLILLA CORRIENTE 5/8 - 25 UNDS,TUERCA HEXAGONAL FERRO 5/8 - 25 UNIDADES
MAPOC,3264,3291,7,5e-05,0.4667,0.4667,4816.902,TERMINAL HE PRESION 50X11/2 UNID,UNION AMERICANA PRESION 50 MM UNID
MAPOC,6438,6449,5,3e-05,0.5556,0.2778,4778.673,SIERRA COPA   25MM STARRETT,TOMA COPA STARRETT A-4 DE 14MM A 30MM
MAPOC,125417,125421,6,4e-05,0.4615,0.4,4763.969,ANGULO EXTERIOR  CANALETA 40 X 16  PACK 2UN,DERIVACION T  CANALETA 40 X 16  PACK 2UN
HUECH,123846,137228,8,8e-05,0.8,0.5,4763.35,TUERCA HEXAGONAL FERRO 5/8 - 25 UNIDADES,ESPARRAGO FIERRO ZINCADO 5/8-11 X 1000MM     
CONCE,79058,79061,5,5e-05,0.625,0.4167,4751.146,RIEL DUCASSE ALUMINIO D-52 2.00MT,GUIA DUCASSE AL D-52 X2.00
TALCA,1570,1571,5,0.00013,0.8333,0.7143,4731.19,TUBOS 3/4X1MM TIRA 6MT,TUBOS 3/4X1.5MM TIRA 6MT
HUECH,148904,148908,6,6e-05,0.5455,0.5455,4723.983,BALDE C/ESCURRIDOR 14 LTS ROJO,MOPA REDONDA ALGODÓN EXT GDE - CLÁSICA
SANRO,154542,154545,6,4e-05,0.5455,0.3158,4697.541,PERFIL SIDING METAL ESQUINERO EXT 3M CEDRO,PERFIL SIDING METAL J EXTERIOR 3M CEDRO
RANCA,100201,104736,6,0.00012,0.8571,0.6667,4664.952,CABLE EVA LIBRE HALOGENO H07Z1-K 1.5MM VERDE 100MT,CABLE EVA LIBRE HALOGENO H07Z1-K 1.5MM BLANCO 100M
HUECH,134550,134552,7,7e-05,0.5385,0.6364,4663.42,DISCO LIJA P/PIEDRAS 125MM G400 PACK5 BOSCH,DISCO LIJA P/PIEDRAS 125MM G1200 PACK5 BOSCH
MAPOC,14070,14071,5,3e-05,0.1786,0.8333,4608.006,CAMARA PARA CARRETILLA,NEUMATICO PANTANERO PARA CARRETILLA
HUECH,134551,134552,9,9e-05,0.5294,0.8182,4585.043,DISCO LIJA P/PIEDRAS 125MM G600 PACK5 BOSCH,DISCO LIJA P/PIEDRAS 125MM G1200 PACK5 BOSCH
HUECH,147684,147685,10,0.0001,0.7692,0.625,4580.144,CABLE EVA LIBRE HALOGENO H07Z1-K 1.5MM BLANCO 25MT,CABLE EVA LIBRE HALOGENO H07Z1-K 1.5MM ROJO 25MT
MAPOC,3203,3212,6,4e-05,0.8571,0.2069,4576.227,TEE PRESION 40MM,CODO PRESION 40 MM UNID
PMONT,123845,137227,5,8e-05,0.5,0.7143,4576.071,TUERCA HEXAGONAL FERRO 1/2 13 HILOS 100 UNIDADES,ESPARRAGO FIERRO ZINCADO 1/2-13 X 1000MM     
CONCE,153718,153721,6,7e-05,0.6,0.5,4561.1,PERFIL SIDING METAL ESQUINERO EXT 3M GRIS GRAFITO,PERFIL SIDING METAL J EXTERIOR 3M GRIS GRAFITO
CONCE,120137,123844,6,7e-05,0.4,0.75,4561.1,GOLILLA CORRIENTE 3/8 - 50 UNDS,TUERCA HEXAGONAL FERRO 3/8 100 UNIDADES
SEREN,147684,147685,8,0.00016,0.7273,1.0,4560.909,CABLE EVA LIBRE HALOGENO H07Z1-K 1.5MM BLANCO 25MT,CABLE EVA LIBRE HALOGENO H07Z1-K 1.5MM ROJO 25MT
RENAC,153728,153729,5,7e-05,0.7143,0.4167,4536.786,PERFIL SIDING METAL ESQUINERO INTERIOR 3M NEGRO,PERFIL SIDING METAL J EXTERIOR 3M NEGRO
HUECH,149277,150675,6,6e-05,0.4286,0.6667,4536.524,SPRAY MTN  94 AMARILLO FLUOR 400ML,SPRAY MTN 94 NARANJA FLUOR 400 ML
MAPOC,154031,154037,7,5e-05,0.7,0.2917,4515.846,CARRO ESTRUJADOR 20 LTS,JUEGO DE MOPA QUICK CLIP TIPO GARRA BLANCA
MAPOC,116556,116863,7,5e-05,0.5833,0.35,4515.846,"ALAMBRE GENLIS NYA 1,5 MM VERDE H07V-U ROLLO 100MT","ALAMBRE GENLIS NYA 1,5 MM BLANCO H07V-U ROLLO 100M"
RENAC,148663,148664,10,0.00013,0.7692,0.7692,4509.941,TERMINAL DER. RAUWALON TREND-LINE INOX 2UND REHAU,TERMINAL IZQ. RAUWALON TREND-LINE INOX 2UND REHAU
PMONT,140614,140616,7,0.00011,0.7,0.7,4484.55,COPLA TUBO RIGIDO EMT 20MM,CURVA TUBO RIGIDO EMT 20MM
RENAC,149408,153021,11,0.00014,0.6471,1.0,4483.412,"MELAMINA TUAREG VV 18MM 1,83 X 2,50 VESTO","TAPACANTO PVC TUAREG 22X1,5MM RO50MT"
RENAC,149408,149584,5,7e-05,0.2941,1.0,4483.412,"MELAMINA TUAREG VV 18MM 1,83 X 2,50 VESTO","TAPACANTO PVC TUAREG 22X0,45MM RO 100MT"
SANRO,123837,4502,7,4e-05,0.2188,0.875,4474.285,TUERCA HEXAGONAL FERRO 5/16 100 UNIDADES,PERNO COCHE 5/16 X 1.1/2 - 100UNDS
HUECH,147685,147686,6,6e-05,0.375,0.75,4465.641,CABLE EVA LIBRE HALOGENO H07Z1-K 1.5MM ROJO 25MT,CABLE EVA LIBRE HALOGENO H07Z1-K 1.5MM VERDE 25MT
MAPOC,142807,142829,6,4e-05,0.3158,0.5455,4444.852,"PERFIL J BCO 2500X0,5 MM SID.FIBRO","PERFIL CORTA GOTERA BASE BCO 2500X0,5 MM SID.FIBRO"
RENAC,148662,148664,6,8e-05,0.75,0.4615,4397.192,"RAUWALON TREND-LINE INOX TIRA 4,2 MT REHAU",TERMINAL IZQ. RAUWALON TREND-LINE INOX 2UND REHAU
MAPOC,125417,125418,7,5e-05,0.5385,0.3684,4387.866,ANGULO EXTERIOR  CANALETA 40 X 16  PACK 2UN,ANGULO INTERIOR  CANALETA 40 X 16  PACK 2UN
MAPOC,125418,125422,7,5e-05,0.3684,0.5385,4387.866,ANGULO INTERIOR  CANALETA 40 X 16  PACK 2UN,TAPA FINAL  CANALETA 40 X 16  PACK 2UN
MAIPU,149407,149584,5,0.0001,0.625,0.7143,4385.893,"MELAMINA TUAREG VV 15MM 1,83 X 2,50 VESTO","TAPACANTO PVC TUAREG 22X0,45MM RO 100MT"
CONCE,144345,144350,5,5e-05,0.625,0.3846,4385.673,TAPACANTO CUBIERTA FINTOP 10ML CLARO TRENTO-02E,CUBIERTA FINTOP 366X62X3CM CLARO TRENTO-02E R°3
SANRO,11570,4708,6,4e-05,0.2143,0.75,4382.973,TUERCA COCINA  3/16 HEXAGONAL 100 UNIDADES,PERNO COCINA CABEZA REDONDA 3/16 X 1.1/2 - 100UNDS
SANRO,135395,135401,5,3e-05,0.4545,0.2941,4375.16,BASE RECTO NEGRO PARA PATAS DE MADERA KUTZ,PATA MADERA CONICA 150MM LACA NAT. SIN BASE KUTZ
RANCA,138895,145279,5,0.0001,0.7143,0.625,4373.393,MELAMINA ALASKA 18MM 1.83 X 2.50 VESTO,"TAPACANTO PVC ALASKA 22X0,4MM RO25MT"
MAPOC,125418,125421,8,5e-05,0.4211,0.5333,4346.077,ANGULO INTERIOR  CANALETA 40 X 16  PACK 2UN,DERIVACION T  CANALETA 40 X 16  PACK 2UN
MAPOC,148809,148810,8,5e-05,0.5333,0.4211,4346.077,PLACA 3 MODULO CON SOPORTE BLANCO KARSON,MODULO INTERRUPTOR EMB SIMPLE 9/12 10A BLAN KARSON
RENAC,153714,153723,5,7e-05,0.4545,0.625,4330.568,"SIDING METAL 1,6X38X380CM CASTANO",PERFIL SIDING METAL H EXTERIOR 3M CASTANO
SANRO,125419,125421,6,4e-05,0.3158,0.5,4306.079,ANGULO PLANO  CANALETA 40 X 16  PACK 2UN,DERIVACION T  CANALETA 40 X 16  PACK 2UN
SANRO,146485,146508,5,3e-05,0.5,0.2632,4306.079,TEE PRESION 40MM,TUBO CLASE 10 PRESION 40MM PARA CEMENTAR 3MT
MAPOC,11569,4697,5,3e-05,0.3333,0.4167,4300.806,TUERCA COCINA  5/32 HEXAGONAL 100 UNIDADES,PERNO COCINA CABEZA REDONDA 5/32 X 1 - 100UNDS
MAPOC,153726,153729,5,3e-05,0.5556,0.25,4300.806,PERFIL SIDING METAL ESQUINERO EXTERIOR 3M NEGRO,PERFIL SIDING METAL J EXTERIOR 3M NEGRO
CONCE,100199,100266,15,0.00016,0.75,0.9375,4276.031,CABLE EVA LIBRE HALOGENO H07Z1-K 2.5MM BLANCO 100M,CABLE EVA LIBRE HALOGENO H07Z1-K 2.5MM VERDE 100MT
SANRO,2057,81445,12,7e-05,0.6,0.5217,4268.635,CORREDERA DUCASSE PLEGADUC PRO 2 HOJAS,GUIA CANAL PLEGADUC  DUCASSE   CD-50 X 2.00 MTS
TALCA,116054,6336,6,0.00015,0.75,0.8571,4258.071,RIEL COLGANTE U-30  N 600  (D300),CORREDERA DUCASSE COLGANTE D-300    300KG (SET)
MAIPU,148342,148441,7,0.00014,0.7778,0.7778,4245.111,MELAMINA MDP VERDE GLACIAR B 15MM 1.83X2.50 MASISA,"TAPACANTO PVC VERDE GLACIAR 22X0,45MM RO 25MT"
SANRO,146510,146648,7,4e-05,0.7,0.2593,4242.285,TUBO CLASE 10 PRESION 50MM PARA CEMENTAR 1MT,CODO PRESION 50 MM UNID
RENAC,115863,152961,5,7e-05,0.3333,0.8333,4234.333,MELAMINA COIGUE 18MM 1.83 X 2.50 VESTO,"TAPACANTO PVC COIGUE 22X1,5MM RO50MT"
MAPOC,144333,145037,6,4e-05,0.3,0.5455,4222.609,PERILLA MET/CILIND. 27X18MM NIQUEL CJ 50UN KUTZ,TIRADOR METALICO FORZA ECO 96MM CJ 25 UN. KUTZ
MAIPU,6894,6896,6,0.00012,0.6,0.8571,4210.457,BARRA COPPER  1/2 X 1.1/2 MT  (11MM),CONECTOR COPPER 1/2 BRONCE
MAPOC,148904,148908,16,0.0001,0.5161,0.8421,4205.881,BALDE C/ESCURRIDOR 14 LTS ROJO,MOPA REDONDA ALGODÓN EXT GDE - CLÁSICA
RANCA,100201,100202,6,0.00012,0.8571,0.6,4198.457,CABLE EVA LIBRE HALOGENO H07Z1-K 1.5MM VERDE 100MT,CABLE EVA LIBRE HALOGENO H07Z1-K 1.5MM ROJO 100MT
RENAC,154539,154545,5,7e-05,0.3846,0.7143,4187.802,"SIDING METAL 1,6X38X380CM CEDRO",PERFIL SIDING METAL J EXTERIOR 3M CEDRO
RENAC,153726,153728,5,7e-05,0.3846,0.7143,4187.802,PERFIL SIDING METAL ESQUINERO EXTERIOR 3M NEGRO,PERFIL SIDING METAL ESQUINERO INTERIOR 3M NEGRO
RENAC,11570,4706,7,9e-05,0.4375,0.875,4168.172,TUERCA COCINA  3/16 HEXAGONAL 100 UNIDADES,PERNO COCINA CABEZA REDONDA 3/16 X1 - 100UNDS
PMONT,127367,127370,10,0.00016,0.7143,0.9091,4160.065,"ALAMBRE GENLIS NYA 2,5 MM ROJO H07V-U ROLLO 25MT","ALAMBRE GENLIS NYA 2,5 MM BLANCO H07V-U ROLLO 25MT"
PMONT,127370,127373,5,8e-05,0.4545,0.7143,4160.065,"ALAMBRE GENLIS NYA 2,5 MM BLANCO H07V-U ROLLO 25MT","ALAMBRE GENLIS NYA 2,5 MM VERDE H07V-U ROLLO 25MT"
SANRO,146752,5932,7,4e-05,0.5833,0.3043,4150.062,TERMINAL PVC CONDUIT  32MM  CON TUERCA HOFF,CURVA CONDUIT 90º 32MM
CONCE,98533,98606,5,5e-05,0.4545,0.5,4146.455,ALAMBRE NEGRO N 18 ROLLO 25 KILOS,ALAMBRE NEGRO N 14 ROLLO 25 KILOS
CONCE,81440,81443,5,5e-05,0.5,0.4545,4146.455,CORREDERA DUCASSE AL 1535 MADERA,RIEL DUCASSE EMBUTIDO CX  X 2.00 MTS.
CONCE,140612,140614,5,5e-05,0.5,0.4545,4146.455,TERMINAL TUBO RIGIDO EMT 20MM,COPLA TUBO RIGIDO EMT 20MM
TALCA,3254,3263,5,0.00013,0.8333,0.625,4139.792,TERMINAL HI PRESION 32X1   UNID,TERMINAL HE PRESION 32X1     UNID
HUECH,127368,127371,14,0.00015,0.7368,0.8235,4129.22,"ALAMBRE GENLIS NYA 2,5 MM ROJO H07V-U ROLLO 50MT","ALAMBRE GENLIS NYA 2,5 MM BLANCO H07V-U ROLLO 50MT"
MAPOC,116554,116863,16,0.0001,0.5333,0.8,4128.773,"ALAMBRE GENLIS NYA 1,5 MM ROJO H07V-U ROLLO 100MT","ALAMBRE GENLIS NYA 1,5 MM BLANCO H07V-U ROLLO 100M"
MAIPU,147687,147689,6,0.00012,0.6667,0.75,4093.5,CABLE EVA LIBRE HALOGENO H07Z1-K 2.5MM BLANCO 50MT,CABLE EVA LIBRE HALOGENO H07Z1-K 2.5MM VERDE 50MT
MAPOC,137621,3288,6,4e-05,0.3158,0.5,4074.447,TUBO CLASE 12 PRESION 25MM PARA CEMENTAR 3MT,UNION AMERICANA PRESION 25 MM UNID
MAPOC,85495,85500,8,5e-05,0.4211,0.5,4074.447,PILAR RANURADO DOBLE 64CM NEGRO DUCASSE,SOPORTE GRADUABLE DOBLE 22CM NEGRO DUCASSE
HUECH,127371,127374,13,0.00014,0.7647,0.7222,4047.291,"ALAMBRE GENLIS NYA 2,5 MM BLANCO H07V-U ROLLO 50MT","ALAMBRE GENLIS NYA 2,5 MM VERDE H07V-U ROLLO 50MT"
MAPOC,79058,79061,29,0.00019,0.8056,0.9355,4023.334,RIEL DUCASSE ALUMINIO D-52 2.00MT,GUIA DUCASSE AL D-52 X2.00
MAPOC,130033,130034,8,5e-05,0.5714,0.3636,4021.532,DISCO LIJA MADERA/PINTURA 115MM G80 PACK 10 BOSCH,DISCO LIJA MADERA/PINTURA 115MM G120 PACK 10 BOSCH
SANRO,153194,153195,14,9e-05,0.6364,0.5385,4004.955,RUEDA GIRATORIA 50MM TPE 40KG,RUEDA GIRATORIA CON FRENO 50MM TPE 40KG
PMONT,142581,142608,5,8e-05,0.625,0.5,4004.062,CODO 90° FUSION PPR 32MM CCS,TUBO FUSION PPR 32MM X 3MT PN-16
CONCE,100266,104736,7,8e-05,0.4375,0.7,3990.963,CABLE EVA LIBRE HALOGENO H07Z1-K 2.5MM VERDE 100MT,CABLE EVA LIBRE HALOGENO H07Z1-K 1.5MM BLANCO 100M
SEREN,147678,147680,5,0.0001,0.5556,0.7143,3981.746,CABLE EVA LIBRE HALOGENO H07Z1-K 2.5MM BLANCO 25MT,CABLE EVA LIBRE HALOGENO H07Z1-K 2.5MM VERDE 25MT
MAPOC,11570,4706,8,5e-05,0.3077,0.6667,3969.974,TUERCA COCINA  3/16 HEXAGONAL 100 UNIDADES,PERNO COCINA CABEZA REDONDA 3/16 X1 - 100UNDS
HUECH,140613,140617,6,6e-05,0.375,0.6667,3969.458,TERMINAL TUBO RIGIDO EMT 25MM,CURVA TUBO RIGIDO EMT 25MM
PMONT,152747,152826,5,8e-05,0.5556,0.5556,3954.63,"MELAMINA ENEBRO 15MM 1,83 X 2,50 VESTO","TAPACANTO PVC ENEBRO 22X0,45MM RO25 MT"
PMONT,148036,148038,5,8e-05,0.5556,0.5556,3954.63,"CABO DE VIDA 1,8METRO X 12MM CON GANCHO ESCALA",ARNES PARACAIDISTA 3 ARGOLLAS T/XL KL-8000
MAPOC,151509,151514,5,3e-05,0.1786,0.7143,3949.719,ADAPTADOR SIERRA COPA 14-30MM,SIERRA COPA BIMETAL 27MM BLISTER
MAPOC,153260,153261,11,7e-05,0.6111,0.4583,3942.405,RUEDA GIRATORIA 38MM TPE 30KG,RUEDA GIRATORIA 38MM TPE CON FRENO 30KG
HUECH,137204,85498,5,5e-05,0.4545,0.4545,3936.653,PILAR RANURADO DOBLE 192CM NEGRO DUCASSE,SOPORTE GRADUABLE DOBLE 27CM NEGRO DUCASSE
RENAC,148663,148666,6,8e-05,0.4615,0.6667,3908.615,TERMINAL DER. RAUWALON TREND-LINE INOX 2UND REHAU,ANGULO INTERNO RAUWALON TREND-LINE INOX 2UND REHAU
CONCE,100200,100266,13,0.00014,0.6842,0.8125,3900.941,CABLE EVA LIBRE HALOGENO H07Z1-K 2.5MM ROJO 100MT,CABLE EVA LIBRE HALOGENO H07Z1-K 2.5MM VERDE 100MT
MAPOC,153718,153721,11,7e-05,0.5789,0.4783,3897.297,PERFIL SIDING METAL ESQUINERO EXT 3M GRIS GRAFITO,PERFIL SIDING METAL J EXTERIOR 3M GRIS GRAFITO
MAPOC,2057,81445,7,5e-05,0.35,0.5,3870.725,CORREDERA DUCASSE PLEGADUC PRO 2 HOJAS,GUIA CANAL PLEGADUC  DUCASSE   CD-50 X 2.00 MTS
SANRO,87158,99565,10,6e-05,0.4,0.5882,3850.141,TAB. ESTRUCTURAL C 2X6X12X0.85X 6MT 150X40,TAB. CANAL ESTRUCTURAL U 2X6X0.85X6MT 153X30
VALPA,127370,127373,5,0.00019,0.7143,1.0,3839.286,"ALAMBRE GENLIS NYA 2,5 MM BLANCO H07V-U ROLLO 25MT","ALAMBRE GENLIS NYA 2,5 MM VERDE H07V-U ROLLO 25MT"
VALPA,128661,136422,5,0.00019,1.0,0.7143,3839.286,TAPACANTO MELASEK BLCO ALTO BRILLO 23X1MM  RO25 MT,MDF MELASEK ALTO BRILLO BLANCO 18X2800X1220MM
CONCE,139437,139439,5,5e-05,0.7143,0.2941,3832.857,SOP DOBLE GUIA SUP 60MMX150MM HEAVY DUTY DUCASSE,GUIA 40MM X 60MM HEAVY DUTY DUCASSE
MAPOC,123837,4503,8,5e-05,0.2222,0.8889,3822.938,TUERCA HEXAGONAL FERRO 5/16 100 UNIDADES,PERNO COCHE 5/16 X 2 - 100UNDS
MAPOC,140613,140615,10,6e-05,0.7143,0.3448,3813.522,TERMINAL TUBO RIGIDO EMT 25MM,COPLA TUBO RIGIDO EMT 25MM
HUECH,85496,85500,6,6e-05,0.6,0.4,3810.68,PILAR RANURADO DOBLE  96CM NEGRO DUCASSE,SOPORTE GRADUABLE DOBLE 22CM NEGRO DUCASSE
RANCA,127371,127374,7,0.00014,0.7778,0.7,3809.711,"ALAMBRE GENLIS NYA 2,5 MM BLANCO H07V-U ROLLO 50MT","ALAMBRE GENLIS NYA 2,5 MM VERDE H07V-U ROLLO 50MT"
CONCE,124585,4970,5,5e-05,0.5,0.4167,3800.917,"GORRO VENTILACION 0,35MM X 4""","TUBO GALVANIZADO 0,8MM X 4 1MT"
CONCE,128661,136422,6,7e-05,0.6667,0.375,3800.917,TAPACANTO MELASEK BLCO ALTO BRILLO 23X1MM  RO25 MT,MDF MELASEK ALTO BRILLO BLANCO 18X2800X1220MM
CONCE,147677,147690,6,7e-05,0.3333,0.75,3800.917,CABLE EVA LIBRE HALOGENO H07Z1-K 1.5MM ROJO 50MT,CABLE EVA LIBRE HALOGENO H07Z1-K 1.5MM BLANCO 50MT
MAPOC,137202,85501,5,3e-05,0.4167,0.2941,3794.828,PILAR RANURADO DOBLE 128CM BLANCO DUCASSE,SOPORTE GRADUABLE DOBLE 27CM BLANCO DUCASSE
SANRO,146493,146498,5,3e-05,0.2083,0.5556,3787.755,TERMINAL HE PRESION 32X1     UNID,TERMINAL HI PRESION 32X1   UNID
HUECH,129511,129512,5,5e-05,0.5556,0.3571,3780.437,PANTALON CARGO GRIS L,PANTALON CARGO GRIS M
RENAC,127371,127374,6,8e-05,0.5455,0.5455,3779.405,"ALAMBRE GENLIS NYA 2,5 MM BLANCO H07V-U ROLLO 50MT","ALAMBRE GENLIS NYA 2,5 MM VERDE H07V-U ROLLO 50MT"
VESPU,102170,102171,5,0.00012,0.8333,0.5556,3754.815,BOTA BATA PVC NEGRA 892-6064 Nº 41,BOTA BATA PVC NEGRA 892-6064 Nº 42
MAIPU,147683,147690,5,0.0001,0.8333,0.4545,3721.364,CABLE EVA LIBRE HALOGENO H07Z1-K 1.5MM VERDE 50MT,CABLE EVA LIBRE HALOGENO H07Z1-K 1.5MM BLANCO 50MT
MAIPU,79059,79062,10,0.0002,0.8333,0.9091,3721.364,RIEL DUCASSE ALUMINIO D-52 3.00MT,GUIA DUCASSE AL D-52 X3.00
SANRO,124586,4971,16,0.0001,0.5,0.7273,3718.886,"GORRO VENTILACION 0,35MM X 4,5""","TUBO GALVANIZADO 0,8MM X 4.1/2 1MT"
SANRO,109328,109343,7,4e-05,0.1591,1.0,3718.886,CORCHETE STANLEY TRAB LIV 5/16 TRA205T TR45 1000U,CORCHETERA STANLEY TR45 TRABAJO LIVIANO
SEREN,124587,4972,6,0.00012,0.6667,0.6667,3716.296,"GORRO VENTILACION 0,35MM X 5""","TUBO GALVANIZADO 0,8MM X 5 1MT"
RENAC,154926,155010,12,0.00016,0.6316,0.9231,3702.899,"CUBIERTA FINTOP 280X63X2,4CM MARMOL BLANCO","TAPACANTO CUBIERTA FINTOP 3,6ML MARMOL BLANCO"
MAPOC,152007,3262,6,4e-05,0.5,0.2857,3686.405,VALVULA BOLA PVC HI 3/4  VINI,TERMINAL HE PRESION 25X3/4   UNID
MAPOC,153719,153721,6,4e-05,0.5455,0.2609,3671.834,PERFIL SIDING METAL H EXTERIOR 3M GRIS GRAFITO,PERFIL SIDING METAL J EXTERIOR 3M GRIS GRAFITO
RENAC,148662,148663,5,7e-05,0.625,0.3846,3664.327,"RAUWALON TREND-LINE INOX TIRA 4,2 MT REHAU",TERMINAL DER. RAUWALON TREND-LINE INOX 2UND REHAU
HUECH,33316,33510,6,6e-05,0.4615,0.5,3664.115,CODO SO SO COBRE 3/4,TEE SO (3) COBRE 3/4
PMONT,146534,146545,5,8e-05,0.4545,0.625,3640.057,CODO 90° FUSION PPR 32MM CCS,TEE FUSION PPR 32MM CCS
CONCE,100202,100266,7,8e-05,0.6364,0.4375,3628.148,CABLE EVA LIBRE HALOGENO H07Z1-K 1.5MM ROJO 100MT,CABLE EVA LIBRE HALOGENO H07Z1-K 2.5MM VERDE 100MT
HUECH,127368,127374,13,0.00014,0.6842,0.7222,3621.26,"ALAMBRE GENLIS NYA 2,5 MM ROJO H07V-U ROLLO 50MT","ALAMBRE GENLIS NYA 2,5 MM VERDE H07V-U ROLLO 50MT"
CONCE,100199,100200,15,0.00016,0.75,0.7895,3600.868,CABLE EVA LIBRE HALOGENO H07Z1-K 2.5MM BLANCO 100M,CABLE EVA LIBRE HALOGENO H07Z1-K 2.5MM ROJO 100MT
HUECH,11570,4708,5,5e-05,0.2632,0.7143,3581.466,TUERCA COCINA  3/16 HEXAGONAL 100 UNIDADES,PERNO COCINA CABEZA REDONDA 3/16 X 1.1/2 - 100UNDS
HUECH,125419,125422,5,5e-05,0.2632,0.7143,3581.466,ANGULO PLANO  CANALETA 40 X 16  PACK 2UN,TAPA FINAL  CANALETA 40 X 16  PACK 2UN
SANRO,144348,144353,7,4e-05,0.2188,0.7,3579.428,CUBIERTA FINTOP 366X62X3CM NEGRO TRENTO-97D R°3,TAPACANTO CUBIERTA FINTOP 10ML NEGRO TRENTO-97D
MAPOC,143375,153037,6,4e-05,0.2069,0.6667,3559.287,"MELAMINA MDP GRES BASIC 18MM 1,83X2,50 MASISA","TAPACANTO PVC GRES SOFTWOOD 22X1,5MM RO50MT"
PMONT,123844,137226,5,8e-05,0.5,0.5556,3559.167,TUERCA HEXAGONAL FERRO 3/8 100 UNIDADES,ESPARRAGO FIERRO ZINCADO 3/8-16 X 1000MM     
PMONT,16416,16417,6,9e-05,0.6667,0.5,3559.167,TAB. MONTANTE ECONOMICO 38X38X6X0.5X3.0MT,TABIGAL CANAL ECONOMICA 39X20X0.5X3.0MT
PMONT,153728,153729,5,8e-05,1.0,0.2778,3559.167,PERFIL SIDING METAL ESQUINERO INTERIOR 3M NEGRO,PERFIL SIDING METAL J EXTERIOR 3M NEGRO
SANRO,146485,146647,5,3e-05,0.5,0.2174,3557.196,TEE PRESION 40MM,CODO PRESION 40 MM UNID
SANRO,146484,146651,7,4e-05,0.5,0.3043,3557.196,TEE PRESION 32MM,COPLA PRESION 32 MM UNID
MAPOC,127371,127374,22,0.00014,0.6875,0.7333,3548.165,"ALAMBRE GENLIS NYA 2,5 MM BLANCO H07V-U ROLLO 50MT","ALAMBRE GENLIS NYA 2,5 MM VERDE H07V-U ROLLO 50MT"
HUECH,103248,103254,9,9e-05,0.8182,0.4091,3542.988,CLAVO CORRIENTE INCHALAM 2.1/2 CAJA 25 KILOS,CLAVO CORRIENTE INCHALAM 4 CAJA 25 KILOS
MAPOC,94425,97166,7,5e-05,0.4118,0.3889,3541.84,POLICARBONATO ALVEOLAR 2.10X5.8X10MM CLEAR,POLICARB ALVEOLAR PERFIL U  8.0MM A 10MM X 2.1 MT
MAPOC,79059,79062,32,0.00021,0.8649,0.8421,3523.846,RIEL DUCASSE ALUMINIO D-52 3.00MT,GUIA DUCASSE AL D-52 X3.00
MAPOC,125419,125420,9,6e-05,0.2727,0.75,3518.841,ANGULO PLANO  CANALETA 40 X 16  PACK 2UN,COPLA PLANA  CANALETA 40 X 16  PACK 2UN
SANRO,137206,85495,7,4e-05,0.3182,0.4667,3470.961,SOPORTE GRADUABLE DOBLE 17CM NEGRO DUCASSE,PILAR RANURADO DOBLE 64CM NEGRO DUCASSE
RENAC,153714,153722,5,7e-05,0.4545,0.5,3464.455,"SIDING METAL 1,6X38X380CM CASTANO",PERFIL SIDING METAL ESQUINERO EXTERIOR 3M CASTANO
MAPOC,154338,16314,5,3e-05,0.1562,0.7143,3456.004,RECEPTACULO ACRILICO 100X70X7 BLANCO,TEE PVC SANITARIO BLANCO 50MM
PMONT,79058,79061,7,0.00011,0.5385,0.7,3449.654,RIEL DUCASSE ALUMINIO D-52 2.00MT,GUIA DUCASSE AL D-52 X2.00
SANRO,146501,146640,6,4e-05,0.2727,0.4615,3432.818,TUBO CLASE 10 PRESION 25MM PARA CEMENTAR 1MT,BUJE CORTO PRESION 32X25MM  UN
MAPOC,137628,3220,8,5e-05,0.4211,0.4211,3431.114,TUBO CLASE 10 PRESION 40MM PARA CEMENTAR 1MT,COPLA PRESION 40 MM     UNID
RENAC,123846,137224,7,9e-05,0.5385,0.5833,3420.038,TUERCA HEXAGONAL FERRO 5/8 - 25 UNIDADES,ESPARRAGO FIERRO NEGRO 5/8-11 X 1000MM     
MAPOC,153469,154338,12,8e-05,0.7059,0.375,3415.346,"WC TOILET A MURO 18 4,8LT AURA PMB",RECEPTACULO ACRILICO 100X70X7 BLANCO
MAIPU,147058,147073,5,0.0001,0.8333,0.4167,3411.25,MELAMINA TITANIO METALIZADO 18MM 1.83 X 2.50 VESTO,"TAPACANTO PVC TITANIO METALIZADO 22X0,45MM RO 25MT"
SANRO,24118,80727,5,3e-05,0.4167,0.25,3408.979,ESQUINERO DVP EXTERNO BLANCO TIRA 3.0 MTS.,PERFIL J  RIGIDO DVP BLANCO 3.8 MTS.L
RENAC,127362,127365,5,7e-05,0.3571,0.625,3402.589,"ALAMBRE GENLIS NYA 1,5 MM BLANCO H07V-U ROLLO 50MT","ALAMBRE GENLIS NYA 1,5 MM VERDE H07V-U ROLLO 50MT"
HUECH,137206,85495,6,6e-05,0.5,0.4286,3402.393,SOPORTE GRADUABLE DOBLE 17CM NEGRO DUCASSE,PILAR RANURADO DOBLE 64CM NEGRO DUCASSE
HUECH,124585,4970,6,6e-05,0.4286,0.5,3402.393,"GORRO VENTILACION 0,35MM X 4""","TUBO GALVANIZADO 0,8MM X 4 1MT"
SANRO,112623,97590,10,6e-05,0.7692,0.2703,3401.892,TAPA SALIDA SET CANALETA PEATONAL CON REILLA GALVA,SET CANALETA PEATONAL CON REJILLA GALVANIZADA
SANRO,14070,14071,13,8e-05,0.3514,0.7647,3381.881,CAMARA PARA CARRETILLA,NEUMATICO PANTANERO PARA CARRETILLA
VESPU,142442,142483,5,0.00012,0.4167,1.0,3379.333,CURVA PVC SANITARIO GRIS 40MM,VEE PVC SANITARIO GRIS 40X40MM
MAPOC,3204,3213,6,4e-05,0.5455,0.24,3378.087,TEE PRESION 50MM,CODO PRESION 50 MM UNID
MAPOC,137628,3212,12,8e-05,0.6316,0.4138,3371.956,TUBO CLASE 10 PRESION 40MM PARA CEMENTAR 1MT,CODO PRESION 40 MM UNID
RENAC,79058,79061,6,8e-05,0.75,0.3529,3362.559,RIEL DUCASSE ALUMINIO D-52 2.00MT,GUIA DUCASSE AL D-52 X2.00
CONCE,100200,104736,7,8e-05,0.3684,0.7,3360.811,CABLE EVA LIBRE HALOGENO H07Z1-K 2.5MM ROJO 100MT,CABLE EVA LIBRE HALOGENO H07Z1-K 1.5MM BLANCO 100M
CONCE,6894,6896,14,0.00015,0.7,0.7368,3360.811,BARRA COPPER  1/2 X 1.1/2 MT  (11MM),CONECTOR COPPER 1/2 BRONCE
MAIPU,140895,140902,8,0.00016,0.8889,0.6154,3358.769,UNION AMERICANA SO SO BRONCE 1/2 GAS,TERMINAL SO HI BRONCE 1/2 GAS
MAIPU,147687,147688,8,0.00016,0.8889,0.6154,3358.769,CABLE EVA LIBRE HALOGENO H07Z1-K 2.5MM BLANCO 50MT,CABLE EVA LIBRE HALOGENO H07Z1-K 2.5MM ROJO 50MT
MAPOC,24112,24119,8,5e-05,0.8,0.2162,3347.654,PERFIL DVP TERMINAL  BLANCO TIRA 3.8 MTS,REVESTIMIENTO DVP 3.8 MTS. X 0.20 MTS. BLANCO TIRA
SEREN,103248,103254,6,0.00012,1.0,0.4,3344.667,CLAVO CORRIENTE INCHALAM 2.1/2 CAJA 25 KILOS,CLAVO CORRIENTE INCHALAM 4 CAJA 25 KILOS
HUECH,125418,125419,8,8e-05,0.6667,0.4211,3342.702,ANGULO INTERIOR  CANALETA 40 X 16  PACK 2UN,ANGULO PLANO  CANALETA 40 X 16  PACK 2UN
RENAC,151509,151517,5,7e-05,0.2174,1.0,3313.826,ADAPTADOR SIERRA COPA 14-30MM,SIERRA COPA BIMETAL 35MM BLISTER
MAPOC,3238,3239,5,3e-05,0.3846,0.2778,3308.312,BUJE CORTO PRESION 32X25MM  UN,BUJE CORTO PRESION 40X32MM UN
SANRO,147688,147689,16,0.0001,0.4848,0.6667,3305.677,CABLE EVA LIBRE HALOGENO H07Z1-K 2.5MM ROJO 50MT,CABLE EVA LIBRE HALOGENO H07Z1-K 2.5MM VERDE 50MT
PMONT,81440,81443,6,9e-05,0.4615,0.6667,3285.385,CORREDERA DUCASSE AL 1535 MADERA,RIEL DUCASSE EMBUTIDO CX  X 2.00 MTS.
SANRO,146497,146640,6,4e-05,0.2609,0.4615,3283.565,TERMINAL HI PRESION 25X3/4 UNID,BUJE CORTO PRESION 32X25MM  UN
MAIPU,1849,1850,6,0.00012,0.6,0.6667,3274.8,VIDRIO BLANCO PARA MASCARA SOLDAR,VIDRIO MASCARA SOLDAR NEGRO GRADO 10
MAIPU,142580,142584,6,0.00012,0.6667,0.6,3274.8,CODO 90° FUSION PPR 25MM CCS,COPLA SIMPLE FUSION PPR 25MM CCS
PMONT,127367,127373,5,8e-05,0.3571,0.7143,3268.622,"ALAMBRE GENLIS NYA 2,5 MM ROJO H07V-U ROLLO 25MT","ALAMBRE GENLIS NYA 2,5 MM VERDE H07V-U ROLLO 25MT"
RANCA,127368,127371,6,0.00012,0.6,0.6667,3265.467,"ALAMBRE GENLIS NYA 2,5 MM ROJO H07V-U ROLLO 50MT","ALAMBRE GENLIS NYA 2,5 MM BLANCO H07V-U ROLLO 50MT"
RENAC,127368,127371,8,0.0001,0.4706,0.7273,3260.663,"ALAMBRE GENLIS NYA 2,5 MM ROJO H07V-U ROLLO 50MT","ALAMBRE GENLIS NYA 2,5 MM BLANCO H07V-U ROLLO 50MT"
MAPOC,137621,3210,14,9e-05,0.7368,0.4,3259.558,TUBO CLASE 12 PRESION 25MM PARA CEMENTAR 3MT,CODO PRESION 25 MM     UNID
MAPOC,152743,152823,8,5e-05,0.4211,0.4,3259.558,"MELAMINA MOREL 15MM 1,83 X 2,50 VESTO","TAPACANTO PVC MOREL 22X0,45MM RO25MT"
CONCE,12922,12923,11,0.00012,0.5,0.7857,3257.929,TIJERA HOJALATERA STANLEY IZQUIERDA 14-562,TIJERA HOJALATERA STANLEY DERECHA 14-564
CONCE,124575,124587,5,5e-05,0.5,0.3571,3257.929,"ANILLO GALVANIZADO 0,35MM X 5""","GORRO VENTILACION 0,35MM X 5"""
SEREN,79058,79061,7,0.00014,0.7778,0.5833,3251.759,RIEL DUCASSE ALUMINIO D-52 2.00MT,GUIA DUCASSE AL D-52 X2.00
MAPOC,125419,125422,9,6e-05,0.2727,0.6923,3248.161,ANGULO PLANO  CANALETA 40 X 16  PACK 2UN,TAPA FINAL  CANALETA 40 X 16  PACK 2UN
MAPOC,139437,139439,6,4e-05,0.5455,0.2308,3248.161,SOP DOBLE GUIA SUP 60MMX150MM HEAVY DUTY DUCASSE,GUIA 40MM X 60MM HEAVY DUTY DUCASSE
SANRO,148345,148447,5,3e-05,0.1786,0.5556,3246.647,MELAMINA MDP CUMBRE TS 18MM 1.83X2.50 MASISA,"TAPACANTO PVC CUMBRE 22X0,45MM RO 50MT"
HUECH,147689,147690,5,5e-05,0.2381,0.7143,3240.374,CABLE EVA LIBRE HALOGENO H07Z1-K 2.5MM VERDE 50MT,CABLE EVA LIBRE HALOGENO H07Z1-K 1.5MM BLANCO 50MT
SANRO,137204,85500,6,4e-05,0.375,0.3158,3229.559,PILAR RANURADO DOBLE 192CM NEGRO DUCASSE,SOPORTE GRADUABLE DOBLE 22CM NEGRO DUCASSE
MAPOC,3219,3289,9,6e-05,0.5,0.375,3225.604,COPLA PRESION 32 MM UNID,UNION AMERICANA PRESION 32 MM UNID
MAPOC,124354,5932,9,6e-05,0.3333,0.5625,3225.604,TUBO CONDUIT PVC  32MM  TIRA 3MT,CURVA CONDUIT 90º 32MM
MAPOC,3728,3734,5,3e-05,0.3125,0.3333,3225.604,CERR. SOBREP ELECT ACC/REJ NEGRA 2050-30 SCANAVINI,TRANSFORMADOR SCANAVINI 510 UNID
MAPOC,153212,153217,5,3e-05,0.25,0.4167,3225.604,RUEDA GIRATORIA 75MM TPE 50KG,RUEDA GIRATORIA 75MM TPE  CON FRENO 50KG
SANRO,142580,142603,6,4e-05,0.1765,0.6667,3208.451,CODO 90° FUSION PPR 25MM CCS,TERMINAL HI FUSION PPR 25X1/2 CCS
SANRO,147687,147689,15,9e-05,0.4688,0.625,3195.918,CABLE EVA LIBRE HALOGENO H07Z1-K 2.5MM BLANCO 50MT,CABLE EVA LIBRE HALOGENO H07Z1-K 2.5MM VERDE 50MT
CONCE,100199,104736,7,8e-05,0.35,0.7,3192.77,CABLE EVA LIBRE HALOGENO H07Z1-K 2.5MM BLANCO 100M,CABLE EVA LIBRE HALOGENO H07Z1-K 1.5MM BLANCO 100M
MAIPU,147677,147690,10,0.0002,0.7143,0.9091,3189.74,CABLE EVA LIBRE HALOGENO H07Z1-K 1.5MM ROJO 50MT,CABLE EVA LIBRE HALOGENO H07Z1-K 1.5MM BLANCO 50MT
CONCE,140614,140616,5,5e-05,0.4545,0.3846,3189.58,COPLA TUBO RIGIDO EMT 20MM,CURVA TUBO RIGIDO EMT 20MM
SANRO,124574,4971,6,4e-05,0.4286,0.2727,3187.617,"ANILLO GALVANIZADO 0,35MM X 4,5""","TUBO GALVANIZADO 0,8MM X 4.1/2 1MT"
RANCA,124587,4972,5,0.0001,0.4545,0.7143,3180.649,"GORRO VENTILACION 0,35MM X 5""","TUBO GALVANIZADO 0,8MM X 5 1MT"
CONCE,137621,3210,5,5e-05,0.5556,0.3125,3167.431,TUBO CLASE 12 PRESION 25MM PARA CEMENTAR 3MT,CODO PRESION 25 MM     UNID
CONCE,79059,79062,10,0.00011,0.625,0.5556,3167.431,RIEL DUCASSE ALUMINIO D-52 3.00MT,GUIA DUCASSE AL D-52 X3.00
SANRO,83962,83964,6,4e-05,0.6,0.1935,3167.052,ANGULO PLANO CANALETA 100 X 50,TAPA FINAL CANALETA 100 X 50
MAPOC,140615,140617,13,8e-05,0.4483,0.5909,3154.823,COPLA TUBO RIGIDO EMT 25MM,CURVA TUBO RIGIDO EMT 25MM
RENAC,153714,153725,5,7e-05,0.4545,0.4545,3149.504,"SIDING METAL 1,6X38X380CM CASTANO",PERFIL SIDING METAL J EXTERIOR 3M CASTANO
HUECH,148036,148037,9,9e-05,0.4286,0.6923,3140.67,"CABO DE VIDA 1,8METRO X 12MM CON GANCHO ESCALA",ARNES PARACAIDISTA 4 ARGOLLAS KL-8000-4
SEREN,146483,146645,5,0.0001,0.5,0.625,3135.625,TEE PRESION 25MM,CODO PRESION 25 MM     UNID
SANRO,139437,139439,8,5e-05,0.7273,0.2105,3131.694,SOP DOBLE GUIA SUP 60MMX150MM HEAVY DUTY DUCASSE,GUIA 40MM X 60MM HEAVY DUTY DUCASSE
SANRO,124354,5932,11,7e-05,0.44,0.4783,3130.332,TUBO CONDUIT PVC  32MM  TIRA 3MT,CURVA CONDUIT 90º 32MM
MAPOC,138893,152985,10,6e-05,0.2222,0.9091,3127.859,MELAMINA LINO CHIARO 18MM 1.83 X 2.50 VESTO,"TAPACANTO PVC LINO CHIARO 22X1,5MM RO50MT"
MAIPU,124585,4970,7,0.00014,0.6364,0.7,3125.945,"GORRO VENTILACION 0,35MM X 4""","TUBO GALVANIZADO 0,8MM X 4 1MT"
MAPOC,152226,152234,5,3e-05,0.625,0.1613,3121.552,TIRADOR GRANERO CUADRADO 300MM DUCASSE,KIT PARA PUERTA GRANERO DUCASSE
HUECH,144347,144352,9,9e-05,0.36,0.8182,3117.829,CUBIERTA FINTOP 366X62X3CM CEMENTO-06F R°3,TAPACANTO CUBIERTA FINTOP 10ML CEMENTO-06F
SANRO,143145,143146,6,4e-05,0.2857,0.4,3116.781,INTERRUPTOR EMB ESCALA 9/24 16A DORADO SCHNEIDER,INTERRUPTOR EMB SIMPLE 9/12 16A DORADO SCHNEIDER
MAPOC,3212,3220,11,7e-05,0.3793,0.5789,3090.96,CODO PRESION 40 MM UNID,COPLA PRESION 40 MM     UNID
SANRO,153196,153197,10,6e-05,0.3571,0.5263,3075.771,RUEDA GIRATORIA 50MM GOMA 45KG,RUEDA GIRATORIA CON FRENO 50MM GOMA 45KG
MAPOC,116563,116566,16,0.0001,0.5161,0.6154,3073.529,"ALAMBRE GENLIS NYA 2,5 MM BLANCO H07V-U ROLLO 100M","ALAMBRE GENLIS NYA 2,5 MM VERDE H07V-U ROLLO 100MT"
MAIPU,138895,145279,6,0.00012,0.5,0.75,3070.125,MELAMINA ALASKA 18MM 1.83 X 2.50 VESTO,"TAPACANTO PVC ALASKA 22X0,4MM RO25MT"
SANRO,137206,85496,7,4e-05,0.3182,0.4118,3062.612,SOPORTE GRADUABLE DOBLE 17CM NEGRO DUCASSE,PILAR RANURADO DOBLE  96CM NEGRO DUCASSE
RANCA,6894,6896,6,0.00012,0.75,0.5,3061.375,BARRA COPPER  1/2 X 1.1/2 MT  (11MM),CONECTOR COPPER 1/2 BRONCE
RANCA,79059,79062,13,0.00027,0.8125,1.0,3061.375,RIEL DUCASSE ALUMINIO D-52 3.00MT,GUIA DUCASSE AL D-52 X3.00
MAPOC,150639,150640,5,3e-05,0.4545,0.2174,3059.862,ESPONJA ABRASIVA ULTRAFLEX AO SW510 115X70X25 G320,ESPONJA ABRASIVA ULTRAFLEX AO SW510 115X70X25 G400
MAPOC,3221,3291,8,5e-05,0.2963,0.5333,3058.351,COPLA PRESION 50 MM UNID,UNION AMERICANA PRESION 50 MM UNID
CONCE,100200,100202,7,8e-05,0.3684,0.6364,3055.282,CABLE EVA LIBRE HALOGENO H07Z1-K 2.5MM ROJO 100MT,CABLE EVA LIBRE HALOGENO H07Z1-K 1.5MM ROJO 100MT
HUECH,136536,136539,5,5e-05,0.4167,0.3846,3053.429,LIJA BANDA 4 X 24 G40 MAD-MET PACK3 KLINGSPOR,LIJA BANDA 4 X 24 G100 MAD-MET PACK3 KLINGSPOR
SANRO,85496,85500,6,4e-05,0.3529,0.3158,3039.585,PILAR RANURADO DOBLE  96CM NEGRO DUCASSE,SOPORTE GRADUABLE DOBLE 22CM NEGRO DUCASSE
SANRO,136502,137697,6,4e-05,0.3529,0.3158,3039.585,SOLDADURA PLATA INDEPP 15% 2 BARRAS,FUNDENTE PLATA 50GR. INDEPP
SANRO,15896,1849,5,3e-05,0.5556,0.1667,3030.204,VIDRIO MASCARA SOLDAR NEGRO GRADO 11,VIDRIO BLANCO PARA MASCARA SOLDAR
SANRO,142592,142607,7,4e-05,0.3889,0.3333,3030.204,TEE FUSION PPR 25MM CCS,TUBO FUSION PPR 25MM X 3MT PN-16
HUECH,134550,134551,7,7e-05,0.5385,0.4118,3017.507,DISCO LIJA P/PIEDRAS 125MM G400 PACK5 BOSCH,DISCO LIJA P/PIEDRAS 125MM G600 PACK5 BOSCH
MAPOC,140613,140617,6,4e-05,0.4286,0.2727,3016.149,TERMINAL TUBO RIGIDO EMT 25MM,CURVA TUBO RIGIDO EMT 25MM
MAPOC,116554,116556,7,5e-05,0.2333,0.5833,3010.564,"ALAMBRE GENLIS NYA 1,5 MM ROJO H07V-U ROLLO 100MT","ALAMBRE GENLIS NYA 1,5 MM VERDE H07V-U ROLLO 100MT"
MAPOC,3202,3289,7,5e-05,0.4667,0.2917,3010.564,TEE PRESION 32MM,UNION AMERICANA PRESION 32 MM UNID
HUECH,139722,150715,6,6e-05,0.3158,0.6,3008.432,ABRAZADERA CABLE  1/8 UND,CABLE ACERO GAL 6X7 + FC 3/32 ( 10MT)
MAPOC,148810,148812,7,5e-05,0.3684,0.3684,3002.224,MODULO INTERRUPTOR EMB SIMPLE 9/12 10A BLAN KARSON,MODULO HEMBRA EMBUTIDA SIMPLE 10A BLANCO KARSON
SANRO,146508,146647,8,5e-05,0.4211,0.3478,2995.533,TUBO CLASE 10 PRESION 40MM PARA CEMENTAR 3MT,CODO PRESION 40 MM UNID
SEREN,142429,142437,5,0.0001,0.7143,0.4167,2986.31,COPLA PVC SANITARIO GRIS 75MM,CODO PVC SANITARIO GRIS 75MM
MAPOC,140966,4970,6,4e-05,0.4615,0.25,2977.481,"CODO GALVANIZADO 45° 0,35MM X 4","TUBO GALVANIZADO 0,8MM X 4 1MT"
MAPOC,153259,153261,6,4e-05,0.4615,0.25,2977.481,RUEDA FIJA 38MM TPE 30KG,RUEDA GIRATORIA 38MM TPE CON FRENO 30KG
MAIPU,152747,152826,6,0.00012,0.6667,0.5455,2977.091,"MELAMINA ENEBRO 15MM 1,83 X 2,50 VESTO","TAPACANTO PVC ENEBRO 22X0,45MM RO25 MT"
SANRO,2815,2819,5,3e-05,0.4545,0.2,2975.109,IGOL PRIMER SIKA 16 LTS. TINETA,IGOL DENSO TINETA  16LT   TINETA SIKA
SANRO,150637,150639,6,4e-05,0.2727,0.4,2975.109,ESPONJA ABRASIVA ULTRAFLEX AO SW510 115X70X25 G220,ESPONJA ABRASIVA ULTRAFLEX AO SW510 115X70X25 G320
RENAC,133305,133314,6,8e-05,0.5455,0.4286,2969.532,MDF FOLIA JUNQUILLO 1/4 RODON 18X18 OAK,"MDF FOLIA GUARDAPOLVO ROD 12MMX68MMX2,40MT OAK"
RENAC,144306,153032,7,9e-05,0.35,0.7778,2964.033,MELAMINA JAVA SW 18MM 1.83 X 2.50 VESTO,"TAPACANTO PVC JAVA 22X1,5MM RO50MT"
CONCE,153726,153729,5,5e-05,0.4545,0.3571,2961.753,PERFIL SIDING METAL ESQUINERO EXTERIOR 3M NEGRO,PERFIL SIDING METAL J EXTERIOR 3M NEGRO
CONCE,152443,152445,7,8e-05,0.5833,0.3889,2956.269,DISPENSADOR DE LAVAPLOZAS NEGRO,REJILLA SECAPLATOS EXTENSIBLE NEGRO
MAPOC,137626,3218,8,5e-05,0.5714,0.2667,2949.124,TUBO CLASE 10 PRESION 25MM PARA CEMENTAR 1MT,COPLA PRESION 25 MM     UNID
SANRO,127367,127370,31,0.00019,0.7561,0.7381,2945.738,"ALAMBRE GENLIS NYA 2,5 MM ROJO H07V-U ROLLO 25MT","ALAMBRE GENLIS NYA 2,5 MM BLANCO H07V-U ROLLO 25MT"
SANRO,142580,142592,11,7e-05,0.3235,0.6111,2941.08,CODO 90° FUSION PPR 25MM CCS,TEE FUSION PPR 25MM CCS
RANCA,127368,127374,6,0.00012,0.6,0.6,2938.92,"ALAMBRE GENLIS NYA 2,5 MM ROJO H07V-U ROLLO 50MT","ALAMBRE GENLIS NYA 2,5 MM VERDE H07V-U ROLLO 50MT"
SANRO,146483,146645,7,4e-05,0.4667,0.2692,2936.967,TEE PRESION 25MM,CODO PRESION 25 MM     UNID
RENAC,141478,141479,6,8e-05,0.4615,0.5,2931.462,PUERTA HDF AMPARO PRECOLGADA IZQ 0.70 X 2.00 C/P,PUERTA HDF AMPARO PRECOLGADA DER 0.70 X 2.00 C/P
MAPOC,127368,127371,23,0.00015,0.6053,0.7188,2928.509,"ALAMBRE GENLIS NYA 2,5 MM ROJO H07V-U ROLLO 50MT","ALAMBRE GENLIS NYA 2,5 MM BLANCO H07V-U ROLLO 50MT"
HUECH,125417,125419,7,7e-05,0.5833,0.3684,2924.864,ANGULO EXTERIOR  CANALETA 40 X 16  PACK 2UN,ANGULO PLANO  CANALETA 40 X 16  PACK 2UN
MAIPU,147677,147683,5,0.0001,0.3571,0.8333,2923.929,CABLE EVA LIBRE HALOGENO H07Z1-K 1.5MM ROJO 50MT,CABLE EVA LIBRE HALOGENO H07Z1-K 1.5MM VERDE 50MT
RANCA,152746,152820,5,0.0001,0.8333,0.3571,2915.595,"MELAMINA OBSIDIAN 18MM 1,83 X 2,50 VESTO","TAPACANTO PVC OBSIDIAN 22X0,45MM RO25MT"
PMONT,146483,146645,5,8e-05,0.5,0.4545,2912.045,TEE PRESION 25MM,CODO PRESION 25 MM     UNID
CONCE,100199,100202,7,8e-05,0.35,0.6364,2902.518,CABLE EVA LIBRE HALOGENO H07Z1-K 2.5MM BLANCO 100M,CABLE EVA LIBRE HALOGENO H07Z1-K 1.5MM ROJO 100MT
VESPU,142583,142591,5,0.00012,0.5,0.7143,2896.571,COPLA SIMPLE FUSION PPR 20MM CCS,TEE FUSION PPR 20MM CCS
SANRO,127367,127373,21,0.00013,0.5122,0.7241,2890.034,"ALAMBRE GENLIS NYA 2,5 MM ROJO H07V-U ROLLO 25MT","ALAMBRE GENLIS NYA 2,5 MM VERDE H07V-U ROLLO 25MT"
HUECH,144346,144351,10,0.0001,0.9091,0.3333,2886.879,TAPACANTO CUBIERTA FINTOP 10ML LUNA NUEVA44V,CUBIERTA FINTOP 366X62X3CM LUNA NUEVA44V R3
VALPA,127367,127370,6,0.00022,0.75,0.8571,2879.464,"ALAMBRE GENLIS NYA 2,5 MM ROJO H07V-U ROLLO 25MT","ALAMBRE GENLIS NYA 2,5 MM BLANCO H07V-U ROLLO 25MT"
SANRO,118962,98995,5,3e-05,0.3333,0.2632,2870.719,EMBELLECEDOR INOX DX 19X8MM,EMBELLECEDOR ALUMINIO 19X8MM
SANRO,124585,4970,6,4e-05,0.3333,0.3158,2870.719,"GORRO VENTILACION 0,35MM X 4""","TUBO GALVANIZADO 0,8MM X 4 1MT"
SANRO,9577,9579,6,4e-05,0.6667,0.1579,2870.719,HEMBRA VOLANTE 2P+T 16A 220V,MACHO VOLANTE 2P+T 16A 220V IP44
MAPOC,3219,3254,6,4e-05,0.3333,0.3333,2867.204,COPLA PRESION 32 MM UNID,TERMINAL HI PRESION 32X1   UNID
MAPOC,140611,140613,7,5e-05,0.2593,0.5,2867.204,TUBO METÁLICO RÍGIDO EMT 25MM 3MT,TERMINAL TUBO RIGIDO EMT 25MM
VESPU,1849,1850,11,0.00027,0.8462,0.9167,2859.436,VIDRIO BLANCO PARA MASCARA SOLDAR,VIDRIO MASCARA SOLDAR NEGRO GRADO 10
PMONT,100201,104736,11,0.00017,0.8462,0.5789,2853.097,CABLE EVA LIBRE HALOGENO H07Z1-K 1.5MM VERDE 100MT,CABLE EVA LIBRE HALOGENO H07Z1-K 1.5MM BLANCO 100M
CONCE,141592,141593,9,0.0001,0.5625,0.5,2850.688,PILAR RANURADO DOBLE 64CM BLANCO DUCASSE,SOPORTE GRADUABLE DOBLE 22CM BLANCO DUCASSE
MAPOC,142511,152008,5,3e-05,0.2941,0.3125,2846.121,NIPLE PRESION HE 3/4 VINI,BUJE REDUC PRESIÓN HE - HI 1 X 3/4 VINI
SANRO,146504,146651,6,4e-05,0.4,0.2609,2845.757,TUBO CLASE 10 PRESION 32MM PARA CEMENTAR 3MT,COPLA PRESION 32 MM UNID
SANRO,129819,129821,5,3e-05,0.3125,0.2778,2840.816,"LIJA BANDA 3 X 18""  G 60 MAD/MET PACK3 MAKITA","LIJA BANDA 3 X 18""  G 100 MAD/MET PACK3 MAKITA"
MAPOC,137206,85495,8,5e-05,0.3478,0.4211,2834.398,SOPORTE GRADUABLE DOBLE 17CM NEGRO DUCASSE,PILAR RANURADO DOBLE 64CM NEGRO DUCASSE
HUECH,2057,81445,13,0.00014,0.5652,0.6842,2834.03,CORREDERA DUCASSE PLEGADUC PRO 2 HOJAS,GUIA CANAL PLEGADUC  DUCASSE   CD-50 X 2.00 MTS
MAIPU,147688,147689,6,0.00012,0.4615,0.75,2833.962,CABLE EVA LIBRE HALOGENO H07Z1-K 2.5MM ROJO 50MT,CABLE EVA LIBRE HALOGENO H07Z1-K 2.5MM VERDE 50MT
SANRO,147060,147077,7,4e-05,0.1556,0.7778,2828.19,MELAMINA PLATINO METALIZADO 18MM 1.83 X 2.50 VESTO,"TAPACANTO PVC PLATINO METALIZADO 22X0,45MM RO300MT"
SANRO,127370,127373,21,0.00013,0.5,0.7241,2821.224,"ALAMBRE GENLIS NYA 2,5 MM BLANCO H07V-U ROLLO 25MT","ALAMBRE GENLIS NYA 2,5 MM VERDE H07V-U ROLLO 25MT"
SANRO,120138,137794,6,4e-05,0.2069,0.5,2821.224,GOLILLA CORRIENTE 1/2 - 25 UNDS,TUERCA HEXAGONAL FERRO 1/2 12 HILO CAJA 100UN
SANRO,79059,79062,18,0.00011,0.5143,0.6,2805.103,RIEL DUCASSE ALUMINIO D-52 3.00MT,GUIA DUCASSE AL D-52 X3.00
HUECH,79059,79062,12,0.00013,0.5,0.7059,2801.971,RIEL DUCASSE ALUMINIO D-52 3.00MT,GUIA DUCASSE AL D-52 X3.00
MAPOC,24114,24119,10,6e-05,0.6667,0.2703,2789.712,PERFIL DVP COMIENZO BLANCO TIRA 3.8 MTS.,REVESTIMIENTO DVP 3.8 MTS. X 0.20 MTS. BLANCO TIRA
HUECH,147678,147680,8,8e-05,0.7273,0.32,2771.404,CABLE EVA LIBRE HALOGENO H07Z1-K 2.5MM BLANCO 25MT,CABLE EVA LIBRE HALOGENO H07Z1-K 2.5MM VERDE 25MT
MAPOC,142444,142482,6,4e-05,0.125,0.8571,2764.804,CURVA PVC SANITARIO GRIS 75MM,VEE PVC SANITARIO GRIS 110X75MM
SANRO,146512,146650,6,4e-05,0.3529,0.2857,2750.101,TUBO CLASE 12 PRESION 25MM PARA CEMENTAR 3MT,COPLA PRESION 25 MM     UNID
PMONT,148022,148023,6,9e-05,0.4286,0.6,2745.643,SPRAY MTN HC VERDE LUTEC 400ML,SPRAY MTN HC AZUL OSCURO 400ML
CONCE,147678,147680,12,0.00013,0.5714,0.6316,2743.519,CABLE EVA LIBRE HALOGENO H07Z1-K 2.5MM BLANCO 25MT,CABLE EVA LIBRE HALOGENO H07Z1-K 2.5MM VERDE 25MT
SEREN,135393,135401,6,0.00012,0.5455,0.6,2736.545,BASE INCLINADA NEGRO PATAS DE MADERA KUTZ,PATA MADERA CONICA 150MM LACA NAT. SIN BASE KUTZ
SANRO,146647,146652,5,3e-05,0.2174,0.3846,2736.304,CODO PRESION 40 MM UNID,COPLA PRESION 40 MM     UNID
MAIPU,24112,80727,5,0.0001,1.0,0.2778,2729.0,PERFIL DVP TERMINAL  BLANCO TIRA 3.8 MTS,PERFIL J  RIGIDO DVP BLANCO 3.8 MTS.L
SANRO,146545,146555,5,3e-05,0.25,0.3333,2727.183,TEE FUSION PPR 32MM CCS,BUJE RED FUSION PPR 32X25 CCS
SANRO,153186,153254,5,3e-05,0.3333,0.25,2727.183,RUEDA GIRATORIA 25MM PLASTICO 15KG,RUEDA GIRATORIA 30MM TPE 15KG
MAPOC,127368,127374,20,0.00013,0.5263,0.6667,2716.298,"ALAMBRE GENLIS NYA 2,5 MM ROJO H07V-U ROLLO 50MT","ALAMBRE GENLIS NYA 2,5 MM VERDE H07V-U ROLLO 50MT"
MAPOC,125418,125419,11,7e-05,0.5789,0.3333,2716.298,ANGULO INTERIOR  CANALETA 40 X 16  PACK 2UN,ANGULO PLANO  CANALETA 40 X 16  PACK 2UN
TALCA,10938,10946,6,0.00015,0.75,0.5455,2709.682,BROCA ACERO RAPIDO ALPEN 6.0MM GRANEL,BROCA ACERO RAPIDO ALPEN 10.0MM GRANEL
HUECH,120139,137228,5,5e-05,0.4545,0.3125,2706.449,GOLILLA CORRIENTE 5/8 - 25 UNDS,ESPARRAGO FIERRO ZINCADO 5/8-11 X 1000MM     
RENAC,149402,149598,6,8e-05,0.4615,0.4615,2705.964,"MELAMINA PINOT GRIS SW 18MM 1,83 X 2,50 VESTO","TAPACANTO PVC PINOT GRIS 22X0,45MM RO 25 MT"
VESPU,146543,146570,6,0.00015,0.6,0.6667,2703.467,TEE FUSION PPR 20MM CCS,TERMINAL HI FUSION PPR 20X1/2 CCS
CONCE,137626,3218,5,5e-05,0.3846,0.3846,2698.876,TUBO CLASE 10 PRESION 25MM PARA CEMENTAR 1MT,COPLA PRESION 25 MM     UNID
SANRO,146527,146531,6,4e-05,0.2143,0.4615,2697.214,COPLA SIMPLE FUSION PPR 32MM CCS,CODO 45º FUSION PPR 32MM CCS
SANRO,142584,142592,8,5e-05,0.2963,0.4444,2693.514,COPLA SIMPLE FUSION PPR 25MM CCS,TEE FUSION PPR 25MM CCS
PMONT,87158,99565,6,9e-05,0.5455,0.4615,2688.042,TAB. ESTRUCTURAL C 2X6X12X0.85X 6MT 150X40,TAB. CANAL ESTRUCTURAL U 2X6X0.85X6MT 153X30
MAPOC,138892,145289,5,3e-05,0.2083,0.4167,2688.003,MELAMINA LINO CHIARO 15MM 1.83 X 2.50 VESTO,"TAPACANTO PVC LINO CHIARO 22X0,4MM RO25MT"
PMONT,146578,146582,5,8e-05,0.625,0.3333,2669.375,CODO 90 TRANS HE FUSION PPR 25X1/2 CCS,CODO 90 TRANS HI FUSION PPR 25X1/2 CCS
PMONT,147678,147680,5,8e-05,0.3333,0.625,2669.375,CABLE EVA LIBRE HALOGENO H07Z1-K 2.5MM BLANCO 25MT,CABLE EVA LIBRE HALOGENO H07Z1-K 2.5MM VERDE 25MT
PMONT,152744,152825,6,9e-05,0.3333,0.75,2669.375,"MELAMINA MOREL 18MM 1,83 X 2,50 VESTO","TAPACANTO PVC MOREL 23X1,5MM RO50MT"
CONCE,102171,102172,5,5e-05,0.2632,0.5556,2667.31,BOTA BATA PVC NEGRA 892-6064 Nº 42,BOTA BATA PVC NEGRA 892-6064 Nº 43
CONCE,146533,146544,9,0.0001,0.4091,0.6429,2665.578,CODO 90° FUSION PPR 25MM CCS,TEE FUSION PPR 25MM CCS
RENAC,149072,149081,5,7e-05,0.3846,0.4545,2664.965,INTERRUPTOR EMB SIMPLE 9/12 10A TERRA NOBILE,INTERRUPTOR EMB TRIPLE 9/32 10A TERRA NOBILE
RANCA,124585,4970,13,0.00027,0.8125,0.8667,2653.192,"GORRO VENTILACION 0,35MM X 4""","TUBO GALVANIZADO 0,8MM X 4 1MT"
MAPOC,152456,152457,10,6e-05,0.6667,0.2564,2646.65,TUBO PVC ALCANTARILLADO GRIS  75 MM 6MT,TUBO PVC ALCANTARILLADO GRIS  110 MM 6MT
HUECH,144348,144353,6,6e-05,0.25,0.6667,2646.306,CUBIERTA FINTOP 366X62X3CM NEGRO TRENTO-97D R°3,TAPACANTO CUBIERTA FINTOP 10ML NEGRO TRENTO-97D
SANRO,152638,152642,5,3e-05,0.5,0.1613,2639.21,TUBO PVC GRIS 40 MM X 6MTS,TUBO PVC GRIS 50 MM X 6MTS
MAPOC,146527,146534,6,4e-05,0.1875,0.5455,2639.131,COPLA SIMPLE FUSION PPR 32MM CCS,CODO 90° FUSION PPR 32MM CCS
SANRO,147687,147688,17,0.0001,0.5312,0.5152,2634.211,CABLE EVA LIBRE HALOGENO H07Z1-K 2.5MM BLANCO 50MT,CABLE EVA LIBRE HALOGENO H07Z1-K 2.5MM ROJO 50MT
CONCE,146501,146645,6,7e-05,0.4615,0.375,2631.404,TUBO CLASE 10 PRESION 25MM PARA CEMENTAR 1MT,CODO PRESION 25 MM     UNID
SANRO,150636,150637,6,4e-05,0.3529,0.2727,2625.096,ESPONJA ABRASIVA ULTRAFLEX AO SW510 115X70X25 G180,ESPONJA ABRASIVA ULTRAFLEX AO SW510 115X70X25 G220
SANRO,142580,142598,6,4e-05,0.1765,0.5455,2625.096,CODO 90° FUSION PPR 25MM CCS,TERMINAL HE FUSION PPR 25X1/2 CCS
RANCA,115694,130999,9,0.00018,0.75,0.6429,2624.036,MELAMINA ASERRADO NORDICO 15MM 1.83 X 2.50 VESTO,"TAPACANTO PVC ASERRADO NORDICO 22X0,45MM RO 25MT"
HUECH,83960,83961,5,5e-05,0.3571,0.3846,2617.225,ANGULO EXTERIOR CANALETA 100 X 50,ANGULO INTERIOR CANALETA 100 X 50
HUECH,127359,127362,17,0.00018,0.7391,0.6296,2607.953,"ALAMBRE GENLIS NYA 1,5 MM ROJO H07V-U ROLLO 50MT","ALAMBRE GENLIS NYA 1,5 MM BLANCO H07V-U ROLLO 50MT"
MAPOC,151510,151516,5,3e-05,0.1515,0.5556,2606.549,ADAPT. HEX 11MM 33-152MM,SIERRA COPA BIMETAL 32MM BLISTER
MAPOC,3204,3221,5,3e-05,0.4545,0.1852,2606.549,TEE PRESION 50MM,COPLA PRESION 50 MM UNID
CONCE,124587,4972,6,7e-05,0.4286,0.4,2606.343,"GORRO VENTILACION 0,35MM X 5""","TUBO GALVANIZADO 0,8MM X 5 1MT"
HUECH,124586,4971,14,0.00015,0.5185,0.7368,2599.879,"GORRO VENTILACION 0,35MM X 4,5""","TUBO GALVANIZADO 0,8MM X 4.1/2 1MT"
SANRO,138681,138767,5,3e-05,0.3333,0.2381,2597.317,"TAPAC PVC LINO / LINO CANCUN 22X0,45 RO 300 MT","TAPACANTO PVC ACACIA ARENA 22X0,45MM RO 300MT"
SANRO,129820,129821,6,4e-05,0.2857,0.3333,2597.317,"LIJA BANDA 3 X 18""  G 80 MAD/MET PACK3 MAKITA","LIJA BANDA 3 X 18""  G 100 MAD/MET PACK3 MAKITA"
CONCE,127367,127370,15,0.00016,0.625,0.6818,2591.534,"ALAMBRE GENLIS NYA 2,5 MM ROJO H07V-U ROLLO 25MT","ALAMBRE GENLIS NYA 2,5 MM BLANCO H07V-U ROLLO 25MT"
SANRO,143802,146582,6,4e-05,0.3158,0.3,2583.647,ABRAZADERA AUTOLOCK PP-RCT BETA 25 MM,CODO 90 TRANS HI FUSION PPR 25X1/2 CCS
MAPOC,127918,127920,12,8e-05,0.3333,0.6,2580.483,RUEDA POLIPROPILENO 50MM SIN FRENO - 35KG KUTZ,RUEDA POLIPROPILENO BLANCA 50MM C/FRENO 35KG KUTZ
MAPOC,3210,3288,7,5e-05,0.2,0.5833,2580.483,CODO PRESION 25 MM     UNID,UNION AMERICANA PRESION 25 MM UNID
MAPOC,24114,24118,6,4e-05,0.4,0.25,2580.483,PERFIL DVP COMIENZO BLANCO TIRA 3.8 MTS.,ESQUINERO DVP EXTERNO BLANCO TIRA 3.0 MTS.
MAPOC,152009,152017,7,5e-05,0.1667,0.7,2580.483,BUJE REDUC PRESIÓN HE - HI 3/4 X 1/2 VINI,COPLA PRESIÓN HI - HI 3/4  VINI
MAPOC,116564,116566,16,0.0001,0.4324,0.6154,2575.119,"ALAMBRE GENLIS NYA 2,5 MM ROJO H07V-U ROLLO 100MT","ALAMBRE GENLIS NYA 2,5 MM VERDE H07V-U ROLLO 100MT"
MAPOC,140611,140615,13,8e-05,0.4815,0.4483,2570.596,TUBO METÁLICO RÍGIDO EMT 25MM 3MT,COPLA TUBO RIGIDO EMT 25MM
SANRO,147677,147690,29,0.00018,0.6905,0.6591,2567.802,CABLE EVA LIBRE HALOGENO H07Z1-K 1.5MM ROJO 50MT,CABLE EVA LIBRE HALOGENO H07Z1-K 1.5MM BLANCO 50MT
SANRO,144344,144349,9,6e-05,0.6429,0.2195,2565.643,TAPACANTO CUBIERTA FINTOP 10ML ROBLE HERA-41G,CUBIERTA FINTOP 366X62X3CM ROBLE HERA-41G R°3
MAPOC,116563,116564,19,0.00012,0.6129,0.5135,2564.735,"ALAMBRE GENLIS NYA 2,5 MM BLANCO H07V-U ROLLO 100M","ALAMBRE GENLIS NYA 2,5 MM ROJO H07V-U ROLLO 100MT"
SANRO,153260,153261,9,6e-05,0.3913,0.36,2561.181,RUEDA GIRATORIA 38MM TPE 30KG,RUEDA GIRATORIA 38MM TPE CON FRENO 30KG
TALCA,79059,79062,10,0.00025,0.7692,0.8333,2547.564,RIEL DUCASSE ALUMINIO D-52 3.00MT,GUIA DUCASSE AL D-52 X3.00
SANRO,142572,142576,14,9e-05,0.4667,0.4667,2545.371,CODO 90 TRANS HE FUSION PPR 20X1/2 CCS,CODO 90 TRANS HI FUSION PPR 20X1/2 CCS
SANRO,153259,153260,5,3e-05,0.3571,0.2174,2540.854,RUEDA FIJA 38MM TPE 30KG,RUEDA GIRATORIA 38MM TPE 30KG
RENAC,123845,137223,5,7e-05,0.5,0.3333,2540.6,TUERCA HEXAGONAL FERRO 1/2 13 HILOS 100 UNIDADES,ESPARRAGO FIERRO NEGRO 1/2-13 X 1000MM     
SANRO,127903,127907,20,0.00012,0.4651,0.6667,2536.915,RUEDA POLIURETANO TRANS. 35MM SIN FRENO 30KG KUTZ,RUEDA POLIURETANO TRANS. 35MM CON FRENO 30KG KUTZ
VESPU,125412,125413,5,0.00012,0.625,0.5,2534.5,ANGULO INTERIOR  CANALETA 20 X 10 PACK 2UN,ANGULO PLANO  CANALETA 20 X 10 PACK 2UN
CONCE,142591,142609,5,5e-05,0.25,0.5556,2533.944,TEE FUSION PPR 20MM CCS,VALVULA MANILLA ROJA FUSION PPR 20MM VINI
CONCE,153722,153725,5,5e-05,0.5556,0.25,2533.944,PERFIL SIDING METAL ESQUINERO EXTERIOR 3M CASTANO,PERFIL SIDING METAL J EXTERIOR 3M CASTANO
SANRO,135393,135401,5,3e-05,0.2632,0.2941,2532.988,BASE INCLINADA NEGRO PATAS DE MADERA KUTZ,PATA MADERA CONICA 150MM LACA NAT. SIN BASE KUTZ
CONCE,146646,146651,8,9e-05,0.4706,0.4706,2525.176,CODO PRESION 32 MM UNID,COPLA PRESION 32 MM UNID
CONCE,9577,9579,7,8e-05,0.6364,0.3043,2523.929,HEMBRA VOLANTE 2P+T 16A 220V,MACHO VOLANTE 2P+T 16A 220V IP44
SANRO,146523,146583,5,3e-05,0.0769,1.0,2517.4,TUBO FUSION PPR 25MM X 3MT PN-16,CODO 90 TRANS HI FUSION PPR 25X3/4 CCS
SANRO,124587,4972,10,6e-05,0.3226,0.4762,2513.533,"GORRO VENTILACION 0,35MM X 5""","TUBO GALVANIZADO 0,8MM X 5 1MT"
RANCA,100266,104736,6,0.00012,0.4615,0.6667,2511.897,CABLE EVA LIBRE HALOGENO H07Z1-K 2.5MM VERDE 100MT,CABLE EVA LIBRE HALOGENO H07Z1-K 1.5MM BLANCO 100M
RENAC,130540,148037,5,7e-05,0.625,0.2632,2507.171,"CABO DE VIDA 1,8METRO X 12MM 2 MOSQUETONES SIMPLE",ARNES PARACAIDISTA 4 ARGOLLAS KL-8000-4
MAPOC,3210,3218,17,0.00011,0.4857,0.5667,2506.755,CODO PRESION 25 MM     UNID,COPLA PRESION 25 MM     UNID
CONCE,136533,136535,7,8e-05,0.4667,0.4118,2504.133,LIJA BANDA 3 X 21 G80 MAD-MET PACK3 KLINGSPOR,LIJA BANDA 3 X 21 G120 MAD-MET PACK3 KLINGSPOR
MAPOC,132619,138780,6,4e-05,0.1132,0.8571,2503.973,"MELAMINA ESPRESSO 18MM 1,83 X 2,50 VESTO","TAPACANTO PVC ESPRESSO 22X0,45MM RO 300MT"
MAPOC,125419,125421,8,5e-05,0.2424,0.5333,2502.287,ANGULO PLANO  CANALETA 40 X 16  PACK 2UN,DERIVACION T  CANALETA 40 X 16  PACK 2UN
MAPOC,148904,148907,8,5e-05,0.2581,0.5,2497.242,BALDE C/ESCURRIDOR 14 LTS ROJO,MOPA REDONDA ALGODÓN EXT GDE RPTO - CLÁSICA
SANRO,147678,147680,34,0.00021,0.6538,0.7907,2488.128,CABLE EVA LIBRE HALOGENO H07Z1-K 2.5MM BLANCO 25MT,CABLE EVA LIBRE HALOGENO H07Z1-K 2.5MM VERDE 25MT
CONCE,127903,127907,9,0.0001,0.4091,0.6,2487.873,RUEDA POLIURETANO TRANS. 35MM SIN FRENO 30KG KUTZ,RUEDA POLIURETANO TRANS. 35MM CON FRENO 30KG KUTZ
SEREN,127358,127361,6,0.00012,0.5455,0.5455,2487.769,"ALAMBRE GENLIS NYA 1,5 MM ROJO H07V-U ROLLO 25MT","ALAMBRE GENLIS NYA 1,5 MM BLANCO H07V-U ROLLO 25MT"
HUECH,127359,127365,6,6e-05,0.2609,0.6,2485.226,"ALAMBRE GENLIS NYA 1,5 MM ROJO H07V-U ROLLO 50MT","ALAMBRE GENLIS NYA 1,5 MM VERDE H07V-U ROLLO 50MT"
TALCA,3211,3263,6,0.00015,0.5,0.75,2483.875,CODO PRESION 32 MM UNID,TERMINAL HE PRESION 32X1     UNID
TALCA,142580,142592,7,0.00018,0.5,0.875,2483.875,CODO 90° FUSION PPR 25MM CCS,TEE FUSION PPR 25MM CCS
SANRO,153212,153213,17,0.0001,0.4857,0.5312,2483.685,RUEDA GIRATORIA 75MM TPE 50KG,RUEDA GIRATORIA CON FRENO 75MM TPE 50KG
MAPOC,146520,146707,5,3e-05,0.3846,0.2083,2481.234,UNION AMERICANA PRESION 40 MM UNID,UNION AMERICANA PRESION 32 MM UNID
SANRO,81500,97156,5,3e-05,0.1667,0.4545,2479.258,POLICARB ALVEOLAR PERFIL H  4.0MM -6.0MM X 2.9 MT,POLICARBONATO ALVEOLAR 2.10X2.9X 4.0MM BRONCE
SANRO,147683,147690,14,9e-05,0.6667,0.3182,2479.258,CABLE EVA LIBRE HALOGENO H07Z1-K 1.5MM VERDE 50MT,CABLE EVA LIBRE HALOGENO H07Z1-K 1.5MM BLANCO 50MT
HUECH,127362,127365,7,7e-05,0.2593,0.7,2469.885,"ALAMBRE GENLIS NYA 1,5 MM BLANCO H07V-U ROLLO 50MT","ALAMBRE GENLIS NYA 1,5 MM VERDE H07V-U ROLLO 50MT"
MAPOC,124587,4972,10,6e-05,0.303,0.5263,2469.362,"GORRO VENTILACION 0,35MM X 5""","TUBO GALVANIZADO 0,8MM X 5 1MT"
MAPOC,148115,148135,6,4e-05,0.4615,0.2069,2464.122,MELAMINA MARMARA ULTRA MAT 18MM 1.83 X 2.50 VESTO,"TAPACANTO PVC MARMARA ULTRA MATTE 22X0,45MM RO25M"
PMONT,146483,146650,5,8e-05,0.5,0.3846,2464.038,TEE PRESION 25MM,COPLA PRESION 25 MM     UNID
PMONT,100201,100202,11,0.00017,0.8462,0.5,2464.038,CABLE EVA LIBRE HALOGENO H07Z1-K 1.5MM VERDE 100MT,CABLE EVA LIBRE HALOGENO H07Z1-K 1.5MM ROJO 100MT
PMONT,83298,94472,8,0.00012,0.5,0.6154,2464.038,TAB. ESTRUCTURAL C 2X2X8X0.85X6MT 40X38,TAB. CANAL ESTRUCTURAL U 2X2X0.85X6MT 42X25
SANRO,124575,4972,6,4e-05,0.3158,0.2857,2460.617,"ANILLO GALVANIZADO 0,35MM X 5""","TUBO GALVANIZADO 0,8MM X 5 1MT"
MAPOC,3211,3219,12,8e-05,0.2857,0.6667,2457.603,CODO PRESION 32 MM UNID,COPLA PRESION 32 MM UNID
MAPOC,3202,3211,10,6e-05,0.6667,0.2381,2457.603,TEE PRESION 32MM,CODO PRESION 32 MM UNID
MAPOC,137622,3211,14,9e-05,0.6667,0.3333,2457.603,TUBO CLASE 10 PRESION 32MM PARA CEMENTAR 3MT,CODO PRESION 32 MM UNID
MAIPU,147068,147073,6,0.00012,0.6,0.5,2456.1,MELAMINA TITANIO METALIZADO 15MM 1.83 X 2.50 VESTO,"TAPACANTO PVC TITANIO METALIZADO 22X0,45MM RO 25MT"
SANRO,120138,123845,10,6e-05,0.3448,0.4348,2453.238,GOLILLA CORRIENTE 1/2 - 25 UNDS,TUERCA HEXAGONAL FERRO 1/2 13 HILOS 100 UNIDADES
PMONT,127358,127361,13,0.0002,0.65,0.7647,2449.544,"ALAMBRE GENLIS NYA 1,5 MM ROJO H07V-U ROLLO 25MT","ALAMBRE GENLIS NYA 1,5 MM BLANCO H07V-U ROLLO 25MT"
RENAC,127368,127374,6,8e-05,0.3529,0.5455,2445.497,"ALAMBRE GENLIS NYA 2,5 MM ROJO H07V-U ROLLO 50MT","ALAMBRE GENLIS NYA 2,5 MM VERDE H07V-U ROLLO 50MT"
MAPOC,137621,3218,9,6e-05,0.4737,0.3,2444.668,TUBO CLASE 12 PRESION 25MM PARA CEMENTAR 3MT,COPLA PRESION 25 MM     UNID
CONCE,79056,79063,6,7e-05,0.2143,0.75,2443.446,CORREDERA DUCASSE DN-80   SR,RIEL DUCASSE U-21  X 2.0 P/DN-80  C/F
CONCE,147678,147679,9,0.0001,0.4286,0.5625,2443.446,CABLE EVA LIBRE HALOGENO H07Z1-K 2.5MM BLANCO 25MT,CABLE EVA LIBRE HALOGENO H07Z1-K 2.5MM ROJO 25MT
RENAC,153726,153729,5,7e-05,0.3846,0.4167,2442.885,PERFIL SIDING METAL ESQUINERO EXTERIOR 3M NEGRO,PERFIL SIDING METAL J EXTERIOR 3M NEGRO
SANRO,134559,134560,5,3e-05,0.3125,0.2381,2434.985,DISCO LIJA P/MADERAS 125MM G40 PACK5 BOSCH,DISCO LIJA P/MADERAS 125MM G60 PACK5 BOSCH
TALCA,79058,79061,12,0.0003,0.8571,0.8571,2433.184,RIEL DUCASSE ALUMINIO D-52 2.00MT,GUIA DUCASSE AL D-52 X2.00
HUECH,149277,150674,5,5e-05,0.3571,0.3571,2430.281,SPRAY MTN  94 AMARILLO FLUOR 400ML,SPRAY MTN 94 VERDE FLUOR 400ML
PMONT,6894,6896,5,8e-05,0.4545,0.4167,2426.705,BARRA COPPER  1/2 X 1.1/2 MT  (11MM),CONECTOR COPPER 1/2 BRONCE
SANRO,151510,151522,11,7e-05,0.3548,0.4583,2419.276,ADAPT. HEX 11MM 33-152MM,SIERRA COPA BIMETAL 60MM BLISTER
MAPOC,151108,151109,5,3e-05,0.25,0.3125,2419.203,PUNTO SDS-PLUS 250MM ECO BOSCH,CINCEL SDS-PLUS 250X20MM ECO BOSCH
MAPOC,146962,146964,7,5e-05,0.2188,0.5,2419.203,BROCA PARA MARTILLO SDS+ 4-CUTTER 6X160MM HEMIC,BROCA PARA MARTILLO SDS+ 4-CUTTER 8X160MM HEMIC
CONCE,146503,146646,9,0.0001,0.45,0.5294,2414.7,TUBO CLASE 10 PRESION 32MM PARA CEMENTAR 1MT,CODO PRESION 32 MM UNID
SEREN,81440,81444,5,0.0001,0.3846,0.625,2412.019,CORREDERA DUCASSE AL 1535 MADERA,RIEL DUCASSE EMBUTIDO CX  X 3.00 MTS
RENAC,79059,79062,15,0.0002,0.5357,0.8824,2401.828,RIEL DUCASSE ALUMINIO D-52 3.00MT,GUIA DUCASSE AL D-52 X3.00
CONCE,147679,147680,8,9e-05,0.5,0.4211,2400.579,CABLE EVA LIBRE HALOGENO H07Z1-K 2.5MM ROJO 25MT,CABLE EVA LIBRE HALOGENO H07Z1-K 2.5MM VERDE 25MT
SANRO,146645,146650,8,5e-05,0.3077,0.381,2397.524,CODO PRESION 25 MM     UNID,COPLA PRESION 25 MM     UNID
MAPOC,146046,146055,5,3e-05,0.2941,0.2632,2396.734,REPISA MELAMINA BLANCA 20X60CM,REPISA MELAMINA BLANCA 20X90CM
RENAC,149408,149583,8,0.0001,0.4706,0.5333,2391.153,"MELAMINA TUAREG VV 18MM 1,83 X 2,50 VESTO","TAPACANTO PVC TUAREG 22X0,45MM RO 25 MT"
MAPOC,137627,3219,5,3e-05,0.2778,0.2778,2389.336,TUBO CLASE 10 PRESION 32MM PARA CEMENTAR 1MT,COPLA PRESION 32 MM UNID
MAPOC,152015,3221,5,3e-05,0.4167,0.1852,2389.336,CODO PRESIÓN 50 X 45 CEM VINI,COPLA PRESION 50 MM UNID
SANRO,85493,85501,7,4e-05,0.35,0.2917,2386.285,PILAR RANURADO DOBLE  96CM BLANCO DUCASSE,SOPORTE GRADUABLE DOBLE 27CM BLANCO DUCASSE
CONCE,127917,127919,8,9e-05,0.4444,0.4706,2384.889,RUEDA POLIPROPILENO 40MM SIN FRENO - 25KG KUTZ,RUEDA POLIPROPILENO BLANCA 40MM C/FRENO 25KG KUTZ
MAPOC,123845,137223,5,3e-05,0.3846,0.2,2381.985,TUERCA HEXAGONAL FERRO 1/2 13 HILOS 100 UNIDADES,ESPARRAGO FIERRO NEGRO 1/2-13 X 1000MM     
CONCE,146512,146645,5,5e-05,0.4167,0.3125,2375.573,TUBO CLASE 12 PRESION 25MM PARA CEMENTAR 3MT,CODO PRESION 25 MM     UNID
MAPOC,137629,3221,12,8e-05,0.4138,0.4444,2372.858,TUBO CLASE 10 PRESION 50MM PARA CEMENTAR 1MT,COPLA PRESION 50 MM UNID
PMONT,79059,79062,17,0.00027,1.0,0.6296,2372.778,RIEL DUCASSE ALUMINIO D-52 3.00MT,GUIA DUCASSE AL D-52 X3.00
MAPOC,9577,9579,18,0.00012,0.6429,0.4286,2369.832,HEMBRA VOLANTE 2P+T 16A 220V,MACHO VOLANTE 2P+T 16A 220V IP44
RENAC,83298,94472,10,0.00013,0.5882,0.5263,2359.69,TAB. ESTRUCTURAL C 2X2X8X0.85X6MT 40X38,TAB. CANAL ESTRUCTURAL U 2X2X0.85X6MT 42X25
MAPOC,127362,127365,14,9e-05,0.35,0.6087,2356.093,"ALAMBRE GENLIS NYA 1,5 MM BLANCO H07V-U ROLLO 50MT","ALAMBRE GENLIS NYA 1,5 MM VERDE H07V-U ROLLO 50MT"
SANRO,137223,137794,5,3e-05,0.1724,0.4167,2351.02,ESPARRAGO FIERRO NEGRO 1/2-13 X 1000MM     ,TUERCA HEXAGONAL FERRO 1/2 12 HILO CAJA 100UN
CONCE,146645,146650,7,8e-05,0.4375,0.4118,2347.625,CODO PRESION 25 MM     UNID,COPLA PRESION 25 MM     UNID
MAPOC,140611,140617,9,6e-05,0.3333,0.4091,2345.894,TUBO METÁLICO RÍGIDO EMT 25MM 3MT,CURVA TUBO RIGIDO EMT 25MM
SANRO,147678,147679,41,0.00025,0.7885,0.7455,2345.759,CABLE EVA LIBRE HALOGENO H07Z1-K 2.5MM BLANCO 25MT,CABLE EVA LIBRE HALOGENO H07Z1-K 2.5MM ROJO 25MT
SANRO,146544,146566,9,6e-05,0.2432,0.5294,2341.302,TEE FUSION PPR 25MM CCS,TERMINAL HE FUSION PPR 25X1/2 CCS
SANRO,24119,80727,6,4e-05,0.2857,0.3,2337.586,REVESTIMIENTO DVP 3.8 MTS. X 0.20 MTS. BLANCO TIRA,PERFIL J  RIGIDO DVP BLANCO 3.8 MTS.L
SANRO,1849,1851,6,4e-05,0.2,0.4286,2337.586,VIDRIO BLANCO PARA MASCARA SOLDAR,VIDRIO MASCARA SOLDAR NEGRO GRADO 12
SANRO,146527,146555,6,4e-05,0.2143,0.4,2337.586,COPLA SIMPLE FUSION PPR 32MM CCS,BUJE RED FUSION PPR 32X25 CCS
HUECH,139106,153024,5,5e-05,0.2941,0.4167,2334.975,MELAMINA GRIS HILADO V. 18MM 1.83 X 2.50,"TAPACANTO PVC GRIS HILADO 22X1,5MM RO50MT"
RANCA,9577,9579,5,0.0001,0.7143,0.3333,2332.476,HEMBRA VOLANTE 2P+T 16A 220V,MACHO VOLANTE 2P+T 16A 220V IP44
RANCA,124586,4971,10,0.0002,0.7143,0.6667,2332.476,"GORRO VENTILACION 0,35MM X 4,5""","TUBO GALVANIZADO 0,8MM X 4.1/2 1MT"
RANCA,100199,100200,10,0.0002,0.6667,0.7143,2332.476,CABLE EVA LIBRE HALOGENO H07Z1-K 2.5MM BLANCO 100M,CABLE EVA LIBRE HALOGENO H07Z1-K 2.5MM ROJO 100MT
SANRO,142584,151292,5,3e-05,0.1852,0.3846,2330.926,COPLA SIMPLE FUSION PPR 25MM CCS,ABRAZADERA PPR GRIS 25 MM
SANRO,146648,146653,5,3e-05,0.1852,0.3846,2330.926,CODO PRESION 50 MM UNID,COPLA PRESION 50 MM UNID
MAPOC,124586,155763,9,6e-05,0.1957,0.6923,2330.202,"GORRO VENTILACION 0,35MM X 4,5""","TUBO GALVANIZADO 0,35MM X 4.1/2 1MT"
HUECH,147687,147688,22,0.00023,0.7333,0.7333,2328.749,CABLE EVA LIBRE HALOGENO H07Z1-K 2.5MM BLANCO 50MT,CABLE EVA LIBRE HALOGENO H07Z1-K 2.5MM ROJO 50MT
MAPOC,3201,3210,10,6e-05,0.5263,0.2857,2328.256,TEE PRESION 25MM,CODO PRESION 25 MM     UNID
MAIPU,127361,127364,9,0.00018,0.4737,0.9,2326.832,"ALAMBRE GENLIS NYA 1,5 MM BLANCO H07V-U ROLLO 25MT","ALAMBRE GENLIS NYA 1,5 MM VERDE H07V-U ROLLO 25MT"
SANRO,149580,149582,5,3e-05,0.1562,0.4545,2324.304,"TAPACANTO PVC BOURBON 22X0,45MM RO 100MT","TAPACANTO PVC BOURBON 22X1,5MM 100MT"
SANRO,129824,129826,7,4e-05,0.2414,0.4118,2323.361,"LIJA BANDA 3 X 21""  G 80 MAD-MET PACK3 MAKITA","LIJA BANDA 3 X 21""  G 120 MAD-MET PACK3 MAKITA"
MAPOC,6894,6896,30,0.00019,0.6,0.75,2322.435,BARRA COPPER  1/2 X 1.1/2 MT  (11MM),CONECTOR COPPER 1/2 BRONCE
MAPOC,154913,154915,6,4e-05,0.375,0.24,2322.435,DISCO MALLA VELCRO GRANO 60 / 10 UNIDADES HEMIC,DISCO MALLA VELCRO GRANO 80 / 10 UNIDADES HEMIC
SEREN,123837,137221,6,0.00012,0.6,0.4615,2315.538,TUERCA HEXAGONAL FERRO 5/16 100 UNIDADES,ESPARRAGO FIERRO NEGRO 5/16-18 X 1000MM    
SANRO,146504,146646,7,4e-05,0.4667,0.2121,2313.974,TUBO CLASE 10 PRESION 32MM PARA CEMENTAR 3MT,CODO PRESION 32 MM UNID
RENAC,149583,153021,5,7e-05,0.3333,0.4545,2309.636,"TAPACANTO PVC TUAREG 22X0,45MM RO 25 MT","TAPACANTO PVC TUAREG 22X1,5MM RO50MT"
MAPOC,147687,147688,25,0.00016,0.625,0.5952,2304.003,CABLE EVA LIBRE HALOGENO H07Z1-K 2.5MM BLANCO 50MT,CABLE EVA LIBRE HALOGENO H07Z1-K 2.5MM ROJO 50MT
TALCA,124585,4970,7,0.00018,0.6364,0.6364,2299.124,"GORRO VENTILACION 0,35MM X 4""","TUBO GALVANIZADO 0,8MM X 4 1MT"
PMONT,100202,104736,15,0.00023,0.6818,0.7895,2298.983,CABLE EVA LIBRE HALOGENO H07Z1-K 1.5MM ROJO 100MT,CABLE EVA LIBRE HALOGENO H07Z1-K 1.5MM BLANCO 100M
MAPOC,3213,3221,10,6e-05,0.4,0.3704,2293.763,CODO PRESION 50 MM UNID,COPLA PRESION 50 MM UNID
SANRO,136527,136532,7,4e-05,0.28,0.35,2290.834,LIJA BANDA 3 X 21 G40 MAD-MET PACK3 KLINGSPOR,LIJA BANDA 3 X 21 G60 MAD-MET PACK3 KLINGSPOR
SANRO,147679,147680,33,0.0002,0.6,0.7674,2283.223,CABLE EVA LIBRE HALOGENO H07Z1-K 2.5MM ROJO 25MT,CABLE EVA LIBRE HALOGENO H07Z1-K 2.5MM VERDE 25MT
MAIPU,24114,80727,5,0.0001,0.8333,0.2778,2274.167,PERFIL DVP COMIENZO BLANCO TIRA 3.8 MTS.,PERFIL J  RIGIDO DVP BLANCO 3.8 MTS.L
MAIPU,136503,140895,5,0.0001,0.4167,0.5556,2274.167,SOLDADURA PLATA INDEPP 5% 2 BARRAS,UNION AMERICANA SO SO BRONCE 1/2 GAS
SANRO,146493,146503,6,4e-05,0.25,0.3333,2272.653,TERMINAL HE PRESION 32X1     UNID,TUBO CLASE 10 PRESION 32MM PARA CEMENTAR 1MT
SANRO,1849,1850,10,6e-05,0.3333,0.4167,2272.653,VIDRIO BLANCO PARA MASCARA SOLDAR,VIDRIO MASCARA SOLDAR NEGRO GRADO 10
SANRO,142566,142592,5,3e-05,0.25,0.2778,2272.653,BUJE RED FUSION PPR 25X20 CCS,TEE FUSION PPR 25MM CCS
SANRO,125414,125415,6,4e-05,0.375,0.2222,2272.653,COPLA PLANA  CANALETA 20 X 10 PACK 2UN,DERIVACION T  CANALETA 20 X 10 PACK 2UN
MAPOC,146648,146653,10,6e-05,0.3226,0.4545,2270.22,CODO PRESION 50 MM UNID,COPLA PRESION 50 MM UNID
RENAC,128458,128459,5,7e-05,0.3571,0.4167,2268.393,"DISCO DIAMANTADO TURBO 4"" CONCRETO/GRANITO MAKITA","DISCO DIAMANTADO TURBO 4"" MARMOL/GRANITO MAKITA"
RANCA,737,739,5,0.0001,0.2778,0.8333,2267.685,MASILLA MAGICA MARSON LIVIANA S/CATAL 350M,ENDURECEDOR MARSO CREMA 14GR
MAIPU,143830,143832,6,0.00012,0.4615,0.6,2267.169,MACHO VOLANTE 10A 2P+T RECTO BLANCO FANTON,HEMBRA VOLANTE 10A 2P+T BLANCA FANTON
SANRO,137639,142708,5,3e-05,0.2632,0.2632,2266.357,MEL MDP CAVA NAT 18 X 1830 X 2500 MASISA,"TAPACANTO PVC CAVA 22X0,45MM RO 25MT"
SANRO,146497,146501,7,4e-05,0.3043,0.3182,2263.67,TERMINAL HI PRESION 25X3/4 UNID,TUBO CLASE 10 PRESION 25MM PARA CEMENTAR 1MT
RANCA,100202,100266,6,0.00012,0.6,0.4615,2260.708,CABLE EVA LIBRE HALOGENO H07Z1-K 1.5MM ROJO 100MT,CABLE EVA LIBRE HALOGENO H07Z1-K 2.5MM VERDE 100MT
MAPOC,147687,147689,21,0.00014,0.525,0.5833,2257.923,CABLE EVA LIBRE HALOGENO H07Z1-K 2.5MM BLANCO 50MT,CABLE EVA LIBRE HALOGENO H07Z1-K 2.5MM VERDE 50MT
SANRO,6039,9279,6,4e-05,0.4,0.2069,2256.979,COPLA SO SO BRONCE 3/4,CODO SO SO BRONCE 3/4
VESPU,146525,146543,5,0.00012,0.5556,0.5,2252.889,COPLA SIMPLE FUSION PPR 20MM CCS,TEE FUSION PPR 20MM CCS
VESPU,142579,142583,5,0.00012,0.5556,0.5,2252.889,CODO 90° FUSION PPR 20MM CCS,COPLA SIMPLE FUSION PPR 20MM CCS
MAIPU,79058,79061,14,0.00029,0.7778,0.8235,2247.412,RIEL DUCASSE ALUMINIO D-52 2.00MT,GUIA DUCASSE AL D-52 X2.00
MAPOC,147060,147076,5,3e-05,0.3333,0.2174,2243.899,MELAMINA PLATINO METALIZADO 18MM 1.83 X 2.50 VESTO,"TAPACANTO PVC PLATINO METALIZADO 22X0,45MM RO 25MT"
MAPOC,142012,142042,7,5e-05,0.3043,0.3333,2243.899,ESPONJA ABRASIVA BLOCK SK500 100X70X25 G120 KL,ESPONJA ABRASIVA BLOCK SK500 100X70X25 G100 KL
PMONT,120137,123844,7,0.00011,0.35,0.7,2242.275,GOLILLA CORRIENTE 3/8 - 50 UNDS,TUERCA HEXAGONAL FERRO 3/8 100 UNIDADES
MAIPU,127358,127361,13,0.00026,0.8667,0.6842,2240.653,"ALAMBRE GENLIS NYA 1,5 MM ROJO H07V-U ROLLO 25MT","ALAMBRE GENLIS NYA 1,5 MM BLANCO H07V-U ROLLO 25MT"
PMONT,146645,146650,5,8e-05,0.4545,0.3846,2240.035,CODO PRESION 25 MM     UNID,COPLA PRESION 25 MM     UNID
VALPA,127358,127364,5,0.00019,0.5,0.8333,2239.583,"ALAMBRE GENLIS NYA 1,5 MM ROJO H07V-U ROLLO 25MT","ALAMBRE GENLIS NYA 1,5 MM VERDE H07V-U ROLLO 25MT"
TALCA,127368,127371,11,0.00028,0.7857,0.7857,2230.418,"ALAMBRE GENLIS NYA 2,5 MM ROJO H07V-U ROLLO 50MT","ALAMBRE GENLIS NYA 2,5 MM BLANCO H07V-U ROLLO 50MT"
RENAC,148036,148037,10,0.00013,0.5556,0.5263,2228.596,"CABO DE VIDA 1,8METRO X 12MM CON GANCHO ESCALA",ARNES PARACAIDISTA 4 ARGOLLAS KL-8000-4
PMONT,147678,147679,12,0.00019,0.8,0.5217,2228.348,CABLE EVA LIBRE HALOGENO H07Z1-K 2.5MM BLANCO 25MT,CABLE EVA LIBRE HALOGENO H07Z1-K 2.5MM ROJO 25MT
RANCA,123845,137223,5,0.0001,0.4545,0.5,2226.455,TUERCA HEXAGONAL FERRO 1/2 13 HILOS 100 UNIDADES,ESPARRAGO FIERRO NEGRO 1/2-13 X 1000MM     
SANRO,143145,143148,6,4e-05,0.2857,0.2857,2226.272,INTERRUPTOR EMB ESCALA 9/24 16A DORADO SCHNEIDER,HEMBRA EMBUTIDA DOBLE 10A DORADO SCHNEIDER
SANRO,124575,124587,8,5e-05,0.4211,0.2581,2222.492,"ANILLO GALVANIZADO 0,35MM X 5""","GORRO VENTILACION 0,35MM X 5"""
MAPOC,137626,3210,7,5e-05,0.5,0.2,2211.843,TUBO CLASE 10 PRESION 25MM PARA CEMENTAR 1MT,CODO PRESION 25 MM     UNID
TALCA,142591,142601,5,0.00013,0.3333,0.8333,2207.889,TEE FUSION PPR 20MM CCS,TERMINAL HI FUSION PPR 20X1/2 CCS
SANRO,125411,125412,21,0.00013,0.5385,0.525,2202.725,ANGULO EXTERIOR  CANALETA 20 X 10 PACK 2UN,ANGULO INTERIOR  CANALETA 20 X 10 PACK 2UN
SANRO,146492,146645,7,4e-05,0.35,0.2692,2202.725,TERMINAL HE PRESION 25X3/4   UNID,CODO PRESION 25 MM     UNID
SANRO,149274,149276,10,6e-05,0.3226,0.4167,2199.341,SPRAY MTN 94 NEGRO 400 ML,SPRAY MTN 94 ORO MARCO 400ML
MAPOC,146527,146545,5,3e-05,0.1562,0.4545,2199.276,COPLA SIMPLE FUSION PPR 32MM CCS,TEE FUSION PPR 32MM CCS
SANRO,123837,137221,6,4e-05,0.1875,0.4286,2191.487,TUERCA HEXAGONAL FERRO 5/16 100 UNIDADES,ESPARRAGO FIERRO NEGRO 5/16-18 X 1000MM    
SANRO,142580,142589,5,3e-05,0.1471,0.4545,2187.58,CODO 90° FUSION PPR 25MM CCS,TAPON FUSION PPR 25MM CCS
PMONT,127918,127920,6,9e-05,0.2727,0.75,2184.034,RUEDA POLIPROPILENO 50MM SIN FRENO - 35KG KUTZ,RUEDA POLIPROPILENO BLANCA 50MM C/FRENO 35KG KUTZ
TALCA,3210,3218,6,0.00015,0.5455,0.6,2167.745,CODO PRESION 25 MM     UNID,COPLA PRESION 25 MM     UNID
HUECH,134552,134565,5,5e-05,0.4545,0.25,2165.159,DISCO LIJA P/PIEDRAS 125MM G1200 PACK5 BOSCH,DISCO LIJA P/MADERAS 125MM G320 PACK5 BOSCH
SANRO,110512,110513,5,3e-05,0.2778,0.2381,2164.431,INTERRUPTOR EMB DOBLE 9/15 10A BLANCO BTICINO,INTERRUPTOR EMB TRIPLE 9/32 10A BLANCO BTICINO
SANRO,79058,79061,33,0.0002,0.66,0.66,2159.929,RIEL DUCASSE ALUMINIO D-52 2.00MT,GUIA DUCASSE AL D-52 X2.00
MAPOC,124573,124585,16,0.0001,0.5714,0.3902,2157.895,"ANILLO GALVANIZADO 0,35MM X 4""","GORRO VENTILACION 0,35MM X 4"""
SANRO,146646,146651,10,6e-05,0.303,0.4348,2155.876,CODO PRESION 32 MM UNID,COPLA PRESION 32 MM UNID
RANCA,100200,100266,8,0.00016,0.5714,0.6154,2153.055,CABLE EVA LIBRE HALOGENO H07Z1-K 2.5MM ROJO 100MT,CABLE EVA LIBRE HALOGENO H07Z1-K 2.5MM VERDE 100MT
SANRO,152688,152691,5,3e-05,0.2632,0.25,2153.039,TUBO PVC DRENAJE 75 MM X6000MM NEGRO SC,TUBO PVC DRENAJE 110 MM X6000MM NEGRO SC
MAPOC,138895,145279,5,3e-05,0.125,0.5556,2150.403,MELAMINA ALASKA 18MM 1.83 X 2.50 VESTO,"TAPACANTO PVC ALASKA 22X0,4MM RO25MT"
MAPOC,3254,3289,6,4e-05,0.3333,0.25,2150.403,TERMINAL HI PRESION 32X1   UNID,UNION AMERICANA PRESION 32 MM UNID
CONCE,147057,147079,7,8e-05,0.2593,0.6364,2150.013,MELAMINA CARBON ULTRA MATTE 15MM 1.83 X 2.50 VESTO,"TAPACANTO PVC CARBON ULTRA MATTE 22X0,45MM RO 25MT"
SANRO,120138,137223,11,7e-05,0.3793,0.3793,2140.239,GOLILLA CORRIENTE 1/2 - 25 UNDS,ESPARRAGO FIERRO NEGRO 1/2-13 X 1000MM     
TALCA,87158,99565,7,0.00018,0.5385,0.7,2139.954,TAB. ESTRUCTURAL C 2X6X12X0.85X 6MT 150X40,TAB. CANAL ESTRUCTURAL U 2X6X0.85X6MT 153X30
SANRO,142580,142584,12,7e-05,0.3529,0.4444,2138.967,CODO 90° FUSION PPR 25MM CCS,COPLA SIMPLE FUSION PPR 25MM CCS
HUECH,124354,5932,7,7e-05,0.1795,0.875,2137.401,TUBO CONDUIT PVC  32MM  TIRA 3MT,CURVA CONDUIT 90º 32MM
MAPOC,137629,3291,6,4e-05,0.2069,0.4,2135.572,TUBO CLASE 10 PRESION 50MM PARA CEMENTAR 1MT,UNION AMERICANA PRESION 50 MM UNID
MAPOC,137629,3213,10,6e-05,0.3448,0.4,2135.572,TUBO CLASE 10 PRESION 50MM PARA CEMENTAR 1MT,CODO PRESION 50 MM UNID
PMONT,146651,146707,6,9e-05,0.4,0.5,2135.5,COPLA PRESION 32 MM UNID,UNION AMERICANA PRESION 32 MM UNID
MAPOC,146647,146652,11,7e-05,0.2895,0.5238,2134.234,CODO PRESION 40 MM UNID,COPLA PRESION 40 MM     UNID
VALPA,148118,148124,5,0.00019,0.7143,0.5556,2132.937,MELAMINA NOUGAT PORO SINCRO 15MM 1.83 X 2.50 VESTO,"TAPACANTO PVC NOUGAT PORO SINCRO 22X0,45MM RO 25MT"
TALCA,6894,6896,9,0.00023,0.6429,0.75,2129.036,BARRA COPPER  1/2 X 1.1/2 MT  (11MM),CONECTOR COPPER 1/2 BRONCE
SANRO,146484,146646,6,4e-05,0.4286,0.1818,2125.078,TEE PRESION 32MM,CODO PRESION 32 MM UNID
RENAC,144347,144352,5,7e-05,0.1389,1.0,2117.167,CUBIERTA FINTOP 366X62X3CM CEMENTO-06F R°3,TAPACANTO CUBIERTA FINTOP 10ML CEMENTO-06F
HUECH,146500,146521,5,5e-05,0.5556,0.2,2117.044,TERMINAL HI PRESION 50X1.1/2 UNID,UNION AMERICANA PRESION 50 MM UNID
VESPU,109323,109343,5,0.00012,0.4167,0.625,2112.083,CORCHETE STANLEY TRAB LIV 1/4 TRA204T 1000U TR45,CORCHETERA STANLEY TR45 TRABAJO LIVIANO
CONCE,143801,143802,5,5e-05,0.2083,0.5556,2111.62,ABRAZADERA AUTOLOCK PP-RCT BETA 20 MM,ABRAZADERA AUTOLOCK PP-RCT BETA 25 MM
CONCE,152441,152445,10,0.00011,0.4167,0.5556,2111.62,LAVAPLATOS CUBETA EMPOTRAR BAJO CUB 75X45 GRAFITO,REJILLA SECAPLATOS EXTENSIBLE NEGRO
CONCE,15896,1849,11,0.00012,0.6471,0.3929,2108.071,VIDRIO MASCARA SOLDAR NEGRO GRADO 11,VIDRIO BLANCO PARA MASCARA SOLDAR
SEREN,118962,98995,6,0.00012,0.5455,0.4615,2105.035,EMBELLECEDOR INOX DX 19X8MM,EMBELLECEDOR ALUMINIO 19X8MM
SANRO,139899,152957,5,3e-05,0.1667,0.3846,2097.833,"MELAMINA MDP TECA LIMO SW  18MM 1,83X2,50 MASISA","TAPACANTO PVC TECA LIMO 22X1,5MM RO50MT"
VALPA,116563,116566,6,0.00022,0.5455,0.8571,2094.156,"ALAMBRE GENLIS NYA 2,5 MM BLANCO H07V-U ROLLO 100M","ALAMBRE GENLIS NYA 2,5 MM VERDE H07V-U ROLLO 100MT"
MAPOC,137202,137205,6,4e-05,0.5,0.1622,2092.284,PILAR RANURADO DOBLE 128CM BLANCO DUCASSE,SOPORTE GRADUABLE DOBLE 17CM BLANCO DUCASSE
PMONT,147679,147680,6,9e-05,0.2609,0.75,2089.076,CABLE EVA LIBRE HALOGENO H07Z1-K 2.5MM ROJO 25MT,CABLE EVA LIBRE HALOGENO H07Z1-K 2.5MM VERDE 25MT
MAPOC,146486,146653,5,3e-05,0.2941,0.2273,2069.906,TEE PRESION 50MM,COPLA PRESION 50 MM UNID
TALCA,81440,81444,5,0.00013,0.4167,0.625,2069.896,CORREDERA DUCASSE AL 1535 MADERA,RIEL DUCASSE EMBUTIDO CX  X 3.00 MTS
SANRO,140614,140616,24,0.00015,0.48,0.6316,2066.918,COPLA TUBO RIGIDO EMT 20MM,CURVA TUBO RIGIDO EMT 20MM
HUECH,129829,129830,7,7e-05,0.3684,0.4118,2064.61,"LIJA BANDA 4 X  24""  G 80 MAD-MET PACK3 MAKITA","LIJA BANDA 4 X  24""  G 100 MAD-MET PACK3 MAKITA"
MAPOC,3213,3291,5,3e-05,0.2,0.3333,2064.387,CODO PRESION 50 MM UNID,UNION AMERICANA PRESION 50 MM UNID
MAPOC,126299,126301,7,5e-05,0.28,0.3333,2064.387,GRAPA CALIBRE 18-20MM CAJA 5.000 UNIDADES,GRAPA CALIBRE 18-30MM CAJA 5.000 UNIDADES
MAPOC,146485,146641,8,5e-05,0.32,0.3333,2064.387,TEE PRESION 40MM,BUJE CORTO PRESION 40X32MM UN
MAPOC,3213,3264,5,3e-05,0.2,0.3333,2064.387,CODO PRESION 50 MM UNID,TERMINAL HE PRESION 50X11/2 UNID
MAPOC,3202,3263,6,4e-05,0.4,0.2,2064.387,TEE PRESION 32MM,TERMINAL HE PRESION 32X1     UNID
SANRO,142580,142607,9,6e-05,0.2647,0.4286,2062.576,CODO 90° FUSION PPR 25MM CCS,TUBO FUSION PPR 25MM X 3MT PN-16
MAIPU,146483,146645,6,0.00012,0.5455,0.4615,2061.063,TEE PRESION 25MM,CODO PRESION 25 MM     UNID
MAIPU,124587,4972,6,0.00012,0.5455,0.4615,2061.063,"GORRO VENTILACION 0,35MM X 5""","TUBO GALVANIZADO 0,8MM X 5 1MT"
RENAC,128909,128910,7,9e-05,0.35,0.5385,2052.023,CORREDERA CAJON KHOR BLANCA SBP 350MM  25 SETS,CORREDERA CAJON KHOR BLANCA SBP 400MM 25 SETS
SANRO,150155,150158,5,3e-05,0.2381,0.2632,2050.514,TERMINAL CONECTOR RÁPIDO 1/2 -3/4  GARDTECH,CONECTOR RÁPIDO 1/2  CON AUTOSTOP GARDTECH
MAPOC,3211,3254,10,6e-05,0.2381,0.5556,2048.003,CODO PRESION 32 MM UNID,TERMINAL HI PRESION 32X1   UNID
MAPOC,3254,3262,5,3e-05,0.2778,0.2381,2048.003,TERMINAL HI PRESION 32X1   UNID,TERMINAL HE PRESION 25X3/4   UNID
MAIPU,149406,149576,6,0.00012,0.5,0.5,2046.75,"MELAMINA BOURBON MT 18MM 1,83 X 2,50 VESTO","TAPACANTO PVC BOURBON 22X0,45MM RO 25 MT"
SANRO,146603,146604,10,6e-05,0.4,0.3125,2045.388,TAPA GORRO PVC SANITARIO GRIS 40MM,TAPA GORRO PVC SANITARIO GRIS 50MM
SANRO,147677,147683,11,7e-05,0.2619,0.5238,2040.749,CABLE EVA LIBRE HALOGENO H07Z1-K 1.5MM ROJO 50MT,CABLE EVA LIBRE HALOGENO H07Z1-K 1.5MM VERDE 50MT
CONCE,79049,79059,10,0.00011,0.3571,0.625,2036.205,CORREDERA DUCASSE D-5032     (EX D-52),RIEL DUCASSE ALUMINIO D-52 3.00MT
CONCE,79049,79058,5,5e-05,0.1786,0.625,2036.205,CORREDERA DUCASSE D-5032     (EX D-52),RIEL DUCASSE ALUMINIO D-52 2.00MT
VALPA,127361,127364,5,0.00019,0.4545,0.8333,2035.985,"ALAMBRE GENLIS NYA 1,5 MM BLANCO H07V-U ROLLO 25MT","ALAMBRE GENLIS NYA 1,5 MM VERDE H07V-U ROLLO 25MT"
HUECH,144344,144349,5,5e-05,0.5556,0.1923,2035.62,TAPACANTO CUBIERTA FINTOP 10ML ROBLE HERA-41G,CUBIERTA FINTOP 366X62X3CM ROBLE HERA-41G R°3
HUECH,86397,92179,5,5e-05,0.2778,0.3846,2035.62,POLICARB ALVEOLAR PERFIL H  4.0MM -6.0MMX 5.8 MT,POLICARBONATO ALVEOLAR 2.10X5.8X 4.0MM CLEAR
HUECH,1009,105259,5,5e-05,0.3846,0.2778,2035.62,LACA ACRILICA SIPA BLANCO GL,MASILLA PISTOLA PASSOL BLANCA GL
MAPOC,140615,140619,11,7e-05,0.3793,0.3793,2025.112,COPLA TUBO RIGIDO EMT 25MM,ABRAZADERA TUBO RIGIDO EMT 25MM
PMONT,79049,79061,6,9e-05,0.3158,0.6,2023.105,CORREDERA DUCASSE D-5032     (EX D-52),GUIA DUCASSE AL D-52 X2.00
SANRO,1014,954,6,4e-05,0.3333,0.2222,2020.136,LACA ACRILICA SIPA BLANCO  1/4 GL,DUCO SIPA NEGRO SUPER 1/4 GL
HUECH,146508,146647,13,0.00014,0.9286,0.2955,2010.505,TUBO CLASE 10 PRESION 40MM PARA CEMENTAR 3MT,CODO PRESION 40 MM UNID
RANCA,100199,100266,8,0.00016,0.5333,0.6154,2009.518,CABLE EVA LIBRE HALOGENO H07Z1-K 2.5MM BLANCO 100M,CABLE EVA LIBRE HALOGENO H07Z1-K 2.5MM VERDE 100MT
MAPOC,3254,3263,7,5e-05,0.3889,0.2333,2007.043,TERMINAL HI PRESION 32X1   UNID,TERMINAL HE PRESION 32X1     UNID
SANRO,148044,148045,5,3e-05,0.1471,0.4167,2005.282,"MDF FOLIO GUARD ROD 12MMX68MMX2,40MT  NATURE WHITE","MDF FOLIO JUNQ 1/4 ROD 18X18MMX2,4MT  NATURE WHITE"
RANCA,136422,86343,14,0.00029,0.7368,0.7778,2005.111,MDF MELASEK ALTO BRILLO BLANCO 18X2800X1220MM,SERVICIO DE CORTE DIM HORIZONTAL
VESPU,146525,146532,8,0.0002,0.8889,0.4444,2002.568,COPLA SIMPLE FUSION PPR 20MM CCS,CODO 90° FUSION PPR 20MM CCS
PMONT,145784,145786,5,8e-05,0.1562,1.0,2002.031,MOLDURA PVC 20X10MM COLOR MARRÓN  TIRA 2MTS.,ANGULO EXTERIOR  CANALETA 20 X 10 MARRON
SANRO,144306,153032,5,3e-05,0.122,0.5,1995.5,MELAMINA JAVA SW 18MM 1.83 X 2.50 VESTO,"TAPACANTO PVC JAVA 22X1,5MM RO50MT"
SEREN,152233,152234,7,0.00014,0.875,0.3182,1995.398,ACTIVADOR CIERRE SUAVE PARA PUERTA GRANERO DUCASSE,KIT PARA PUERTA GRANERO DUCASSE
CONCE,79049,79062,11,0.00012,0.3929,0.6111,1990.956,CORREDERA DUCASSE D-5032     (EX D-52),GUIA DUCASSE AL D-52 X3.00
CONCE,127367,127373,11,0.00012,0.4583,0.5238,1990.956,"ALAMBRE GENLIS NYA 2,5 MM ROJO H07V-U ROLLO 25MT","ALAMBRE GENLIS NYA 2,5 MM VERDE H07V-U ROLLO 25MT"
SEREN,79049,79059,5,0.0001,0.2778,0.7143,1990.873,CORREDERA DUCASSE D-5032     (EX D-52),RIEL DUCASSE ALUMINIO D-52 3.00MT
SEREN,79049,79062,5,0.0001,0.2778,0.7143,1990.873,CORREDERA DUCASSE D-5032     (EX D-52),GUIA DUCASSE AL D-52 X3.00
HUECH,123954,81429,12,0.00013,0.48,0.5217,1988.181,PILAR RANURADO DOBLE 192CM BLANCO DUCASSE,SOPORTE GRADUABLE DOBLE 37CM BLANCO DUCASSE
TALCA,127371,127374,7,0.00018,0.5,0.7,1987.1,"ALAMBRE GENLIS NYA 2,5 MM BLANCO H07V-U ROLLO 50MT","ALAMBRE GENLIS NYA 2,5 MM VERDE H07V-U ROLLO 50MT"
TALCA,127368,127374,7,0.00018,0.5,0.7,1987.1,"ALAMBRE GENLIS NYA 2,5 MM ROJO H07V-U ROLLO 50MT","ALAMBRE GENLIS NYA 2,5 MM VERDE H07V-U ROLLO 50MT"
MAPOC,128661,136422,7,5e-05,0.2692,0.3333,1984.987,TAPACANTO MELASEK BLCO ALTO BRILLO 23X1MM  RO25 MT,MDF MELASEK ALTO BRILLO BLANCO 18X2800X1220MM
RENAC,81498,81500,5,7e-05,0.3125,0.4167,1984.844,POLICARB ALVEOLAR PERFIL U  4.0MM A 6MM X 2.1 MT,POLICARB ALVEOLAR PERFIL H  4.0MM -6.0MM X 2.9 MT
PMONT,79049,79059,10,0.00016,0.5263,0.5882,1983.437,CORREDERA DUCASSE D-5032     (EX D-52),RIEL DUCASSE ALUMINIO D-52 3.00MT
MAPOC,124573,155762,10,6e-05,0.3571,0.3571,1974.86,"ANILLO GALVANIZADO 0,35MM X 4""","TUBO GALVANIZADO 0,35MM X 4 1MT"
CONCE,127370,127373,10,0.00011,0.4545,0.4762,1974.502,"ALAMBRE GENLIS NYA 2,5 MM BLANCO H07V-U ROLLO 25MT","ALAMBRE GENLIS NYA 2,5 MM VERDE H07V-U ROLLO 25MT"
MAPOC,137205,146046,8,5e-05,0.2162,0.4706,1969.208,SOPORTE GRADUABLE DOBLE 17CM BLANCO DUCASSE,REPISA MELAMINA BLANCA 20X60CM
SANRO,127361,127364,15,9e-05,0.2885,0.625,1966.719,"ALAMBRE GENLIS NYA 1,5 MM BLANCO H07V-U ROLLO 25MT","ALAMBRE GENLIS NYA 1,5 MM VERDE H07V-U ROLLO 25MT"
SANRO,146645,3377,5,3e-05,0.1923,0.3125,1966.719,CODO PRESION 25 MM     UNID,LLAVE PASO PRESI 25MM 3/4 UN
PMONT,100200,100266,12,0.00019,0.5217,0.7059,1966.189,CABLE EVA LIBRE HALOGENO H07Z1-K 2.5MM ROJO 100MT,CABLE EVA LIBRE HALOGENO H07Z1-K 2.5MM VERDE 100MT
HUECH,147688,147689,13,0.00014,0.4333,0.619,1965.827,CABLE EVA LIBRE HALOGENO H07Z1-K 2.5MM ROJO 50MT,CABLE EVA LIBRE HALOGENO H07Z1-K 2.5MM VERDE 50MT
MAIPU,127358,127364,6,0.00012,0.4,0.6,1964.88,"ALAMBRE GENLIS NYA 1,5 MM ROJO H07V-U ROLLO 25MT","ALAMBRE GENLIS NYA 1,5 MM VERDE H07V-U ROLLO 25MT"
SANRO,127905,127909,9,6e-05,0.36,0.3,1963.572,RUEDA POLIURETANO TRANS. 75MM SIN FRENO 64KG,RUEDA POLIURETANO TRANS. 75MM CON FRENO 64KG
MAPOC,146640,146641,7,5e-05,0.3043,0.2917,1963.411,BUJE CORTO PRESION 32X25MM  UN,BUJE CORTO PRESION 40X32MM UN
SANRO,123845,137223,8,5e-05,0.3478,0.2759,1962.591,TUERCA HEXAGONAL FERRO 1/2 13 HILOS 100 UNIDADES,ESPARRAGO FIERRO NEGRO 1/2-13 X 1000MM     
SANRO,129823,129824,8,5e-05,0.3478,0.2759,1962.591,"LIJA BANDA 3 X 21""  G 60 MAD-MET PACK3 MAKITA","LIJA BANDA 3 X 21""  G 80 MAD-MET PACK3 MAKITA"
SEREN,3200,3209,5,0.0001,0.625,0.3125,1959.766,TEE PRESION 20MM,CODO PRESION 20 MM     UNID
SEREN,3209,3217,5,0.0001,0.3125,0.625,1959.766,CODO PRESION 20 MM     UNID,COPLA PRESION 20 MM     UNID
VALPA,127358,127361,8,0.0003,0.8,0.7273,1954.545,"ALAMBRE GENLIS NYA 1,5 MM ROJO H07V-U ROLLO 25MT","ALAMBRE GENLIS NYA 1,5 MM BLANCO H07V-U ROLLO 25MT"
RENAC,149409,149598,7,9e-05,0.3333,0.5385,1954.308,"MELAMINA PINOT GRIS SW 15MM 1,83 X 2,50 VESTO","TAPACANTO PVC PINOT GRIS 22X0,45MM RO 25 MT"
MAPOC,147677,147690,34,0.00022,0.6182,0.6939,1953.316,CABLE EVA LIBRE HALOGENO H07Z1-K 1.5MM ROJO 50MT,CABLE EVA LIBRE HALOGENO H07Z1-K 1.5MM BLANCO 50MT
RENAC,120870,123573,10,0.00013,0.7143,0.3571,1944.337,TAZA WC A PISO 30 CM CORONA LAGUNA,ESTANQUE WC 6LT CORONA LAGUNA
RANCA,100200,104736,5,0.0001,0.3571,0.5556,1943.73,CABLE EVA LIBRE HALOGENO H07Z1-K 2.5MM ROJO 100MT,CABLE EVA LIBRE HALOGENO H07Z1-K 1.5MM BLANCO 100M
PMONT,129824,129825,5,8e-05,0.4545,0.3333,1941.364,"LIJA BANDA 3 X 21""  G 80 MAD-MET PACK3 MAKITA","LIJA BANDA 3 X 21""  G 100 MAD-MET PACK3 MAKITA"
PMONT,133071,152977,6,9e-05,0.1818,1.0,1941.364,"MELAMINA VENEZIA 18MM 1,83 X 2,50 VESTO","TAPACANTO PVC VENEZIA 22X1,5MM RO50MT"
MAPOC,127359,127362,22,0.00014,0.5,0.55,1935.362,"ALAMBRE GENLIS NYA 1,5 MM ROJO H07V-U ROLLO 50MT","ALAMBRE GENLIS NYA 1,5 MM BLANCO H07V-U ROLLO 50MT"
VESPU,146532,146564,6,0.00015,0.3333,0.8571,1931.048,CODO 90° FUSION PPR 20MM CCS,TERMINAL HE FUSION PPR  20X1/2 CCS
HUECH,139719,139722,5,5e-05,0.3846,0.2632,1928.482,TENSOR OJO GANCHO  3/16 1UND,ABRAZADERA CABLE  1/8 UND
SANRO,142580,142587,6,4e-05,0.1765,0.4,1925.071,CODO 90° FUSION PPR 25MM CCS,LLAVE DE PASO FUSION PPR 25 CCS
RENAC,154730,154740,5,7e-05,0.2778,0.4545,1924.697,"FUENTE SUPER SLIM  150W-12V/180-264VAC/150W-12,5AM",CINTA LED 12V 12W/M BLANCO FRIO 120 LEDS/M-5M-SEC
RENAC,98581,98585,5,7e-05,0.2778,0.4545,1924.697,"MDF FOLIO GUARDAPOLVO ROD 12MMX68MMX2,40MT  ROBLE","MDF FOLIO JUNQUILLO 1/4 ROD 18MMX18MMX2,4MT  ROBLE"
HUECH,6894,6896,23,0.00024,0.6053,0.7667,1922.054,BARRA COPPER  1/2 X 1.1/2 MT  (11MM),CONECTOR COPPER 1/2 BRONCE
RENAC,127359,127362,6,8e-05,0.3529,0.4286,1921.462,"ALAMBRE GENLIS NYA 1,5 MM ROJO H07V-U ROLLO 50MT","ALAMBRE GENLIS NYA 1,5 MM BLANCO H07V-U ROLLO 50MT"
RENAC,79049,79062,12,0.00016,0.4286,0.7059,1921.462,CORREDERA DUCASSE D-5032     (EX D-52),GUIA DUCASSE AL D-52 X3.00
MAPOC,120138,123845,5,3e-05,0.1613,0.3846,1920.955,GOLILLA CORRIENTE 1/2 - 25 UNDS,TUERCA HEXAGONAL FERRO 1/2 13 HILOS 100 UNIDADES
CONCE,142807,142829,6,7e-05,0.3158,0.4,1920.463,"PERFIL J BCO 2500X0,5 MM SID.FIBRO","PERFIL CORTA GOTERA BASE BCO 2500X0,5 MM SID.FIBRO"
CONCE,142807,142818,6,7e-05,0.3158,0.4,1920.463,"PERFIL J BCO 2500X0,5 MM SID.FIBRO","PERFIL ESQUINERO BCO 2500X0,5 MM SID.FIBRO"
VALPA,116564,116566,6,0.00022,0.5,0.8571,1919.643,"ALAMBRE GENLIS NYA 2,5 MM ROJO H07V-U ROLLO 100MT","ALAMBRE GENLIS NYA 2,5 MM VERDE H07V-U ROLLO 100MT"
MAIPU,146523,146526,5,0.0001,0.3125,0.625,1918.828,TUBO FUSION PPR 25MM X 3MT PN-16,COPLA SIMPLE FUSION PPR 25MM CCS
RANCA,142440,142443,5,0.0001,0.625,0.3125,1913.359,COPLA PVC SANITARIO GRIS 50MM,CURVA PVC SANITARIO GRIS 50MM
MAPOC,140613,140619,5,3e-05,0.3571,0.1724,1906.761,TERMINAL TUBO RIGIDO EMT 25MM,ABRAZADERA TUBO RIGIDO EMT 25MM
RENAC,147687,147688,15,0.0002,0.6,0.625,1905.45,CABLE EVA LIBRE HALOGENO H07Z1-K 2.5MM BLANCO 50MT,CABLE EVA LIBRE HALOGENO H07Z1-K 2.5MM ROJO 50MT
RENAC,152744,152825,7,9e-05,0.2,0.875,1905.45,"MELAMINA MOREL 18MM 1,83 X 2,50 VESTO","TAPACANTO PVC MOREL 23X1,5MM RO50MT"
VESPU,138891,152988,6,0.00015,0.375,0.75,1900.875,MELAMINA SEDA NOTTE 18MM 1.83 X 2.50 VESTO,"TAPACANTO PVC SEDA NOTTE 22X1,5MM RO50MT"
CONCE,152441,152443,6,7e-05,0.25,0.5,1900.458,LAVAPLATOS CUBETA EMPOTRAR BAJO CUB 75X45 GRAFITO,DISPENSADOR DE LAVAPLOZAS NEGRO
CONCE,79049,79061,7,8e-05,0.25,0.5833,1900.458,CORREDERA DUCASSE D-5032     (EX D-52),GUIA DUCASSE AL D-52 X2.00
SEREN,140614,140616,5,0.0001,0.4167,0.4545,1900.379,COPLA TUBO RIGIDO EMT 20MM,CURVA TUBO RIGIDO EMT 20MM
SANRO,142583,151299,6,4e-05,0.1277,0.5455,1899.006,COPLA SIMPLE FUSION PPR 20MM CCS,CURVA SOBRE PASO PPR GRIS 20MM
SANRO,129823,129825,8,5e-05,0.3478,0.2667,1897.171,"LIJA BANDA 3 X 21""  G 60 MAD-MET PACK3 MAKITA","LIJA BANDA 3 X 21""  G 100 MAD-MET PACK3 MAKITA"
PMONT,146501,146643,5,8e-05,0.3846,0.3846,1895.414,TUBO CLASE 10 PRESION 25MM PARA CEMENTAR 1MT,CODO HI PRESION 25X3/4 UNID
SANRO,33222,79366,5,3e-05,0.2083,0.2778,1893.877,ESQUINERO EXT/INT P25 BLANCO,GANCHO INVISIBLE (50) P25 BLANCO
TALCA,1574,1577,5,0.00013,1.0,0.2381,1892.476,TUBOS 7/8X1.5MM TIRA 6MT,TUBOS 1X1.5MM TIRA 6MT
TALCA,1571,1577,7,0.00018,1.0,0.3333,1892.476,TUBOS 3/4X1.5MM TIRA 6MT,TUBOS 1X1.5MM TIRA 6MT
HUECH,133069,153009,5,5e-05,0.1389,0.7143,1890.218,"MELAMINA NODO 18MM 1,83 X 2,50 VESTO","TAPACANTO PVC NODO 22X1,5MM RO50MT"
MAIPU,112623,97590,8,0.00016,0.6154,0.5,1889.308,TAPA SALIDA SET CANALETA PEATONAL CON REILLA GALVA,SET CANALETA PEATONAL CON REJILLA GALVANIZADA
CONCE,100173,111620,7,8e-05,0.2692,0.5385,1889.213,CINTA PELIGRO RFX ROLLO 350MT,MALLA PVC NARANJA P/FAENERA 45MT X 1MT ROLLO
HUECH,111147,80043,17,0.00018,0.6538,0.5152,1887.575,"MÓDULO 600X0,60",CUBIERTA R- 0.60 REDONDO
CONCE,125411,125416,9,0.0001,0.3103,0.6,1887.352,ANGULO EXTERIOR  CANALETA 20 X 10 PACK 2UN,TAPA FINAL  CANALETA 20 X 10 PACK 2UN
PMONT,100199,100266,12,0.00019,0.5,0.7059,1884.265,CABLE EVA LIBRE HALOGENO H07Z1-K 2.5MM BLANCO 100M,CABLE EVA LIBRE HALOGENO H07Z1-K 2.5MM VERDE 100MT
RANCA,128661,86343,9,0.00018,0.6923,0.5,1883.923,TAPACANTO MELASEK BLCO ALTO BRILLO 23X1MM  RO25 MT,SERVICIO DE CORTE DIM HORIZONTAL
RANCA,146483,146645,6,0.00012,0.5,0.4615,1883.923,TEE PRESION 25MM,CODO PRESION 25 MM     UNID
HUECH,113030,152960,15,0.00016,0.6522,0.4545,1882.747,MELAMINA LARICINA SOFTWOOD 18MM 2.50 X 1.83 MASISA,"TAPACANTO PVC LARICINA 22X1,5MM RO50MT"
HUECH,120397,120398,34,0.00036,0.8293,0.8095,1880.998,LAVAMANOS CORONA ACUACER,PEDESTAL LAVAMANOS CORONA ACUACER
SANRO,146556,146557,6,4e-05,0.2069,0.3333,1880.816,TAPON FUSION PPR 20MM CCS,TAPON FUSION PPR 25MM CCS
SANRO,129824,129825,10,6e-05,0.3448,0.3333,1880.816,"LIJA BANDA 3 X 21""  G 80 MAD-MET PACK3 MAKITA","LIJA BANDA 3 X 21""  G 100 MAD-MET PACK3 MAKITA"
HUECH,136502,137697,9,9e-05,0.4737,0.375,1880.27,SOLDADURA PLATA INDEPP 15% 2 BARRAS,FUNDENTE PLATA 50GR. INDEPP
PMONT,9577,9579,11,0.00017,0.7333,0.44,1879.24,HEMBRA VOLANTE 2P+T 16A 220V,MACHO VOLANTE 2P+T 16A 220V IP44
CONCE,146503,146651,7,8e-05,0.35,0.4118,1878.1,TUBO CLASE 10 PRESION 32MM PARA CEMENTAR 1MT,COPLA PRESION 32 MM UNID
SANRO,127358,127361,38,0.00023,0.5938,0.7308,1868.383,"ALAMBRE GENLIS NYA 1,5 MM ROJO H07V-U ROLLO 25MT","ALAMBRE GENLIS NYA 1,5 MM BLANCO H07V-U ROLLO 25MT"
SANRO,146492,146501,5,3e-05,0.25,0.2273,1859.443,TERMINAL HE PRESION 25X3/4   UNID,TUBO CLASE 10 PRESION 25MM PARA CEMENTAR 1MT
SANRO,136532,136533,5,3e-05,0.25,0.2273,1859.443,LIJA BANDA 3 X 21 G60 MAD-MET PACK3 KLINGSPOR,LIJA BANDA 3 X 21 G80 MAD-MET PACK3 KLINGSPOR
SEREN,83275,83964,5,0.0001,0.3333,0.5556,1858.148,MOLDURA PVC 100 X 50 TIRA 2MT,TAPA FINAL CANALETA 100 X 50
PMONT,12922,12923,10,0.00016,0.4348,0.6667,1856.957,TIJERA HOJALATERA STANLEY IZQUIERDA 14-562,TIJERA HOJALATERA STANLEY DERECHA 14-564
PMONT,100199,100200,16,0.00025,0.6667,0.6957,1856.957,CABLE EVA LIBRE HALOGENO H07Z1-K 2.5MM BLANCO 100M,CABLE EVA LIBRE HALOGENO H07Z1-K 2.5MM ROJO 100MT
SANRO,1584,1587,6,4e-05,0.2609,0.2609,1855.928,TUBOS 1.1/2X2MM TIRA 6MT,TUBOS 2X2MM TIRA 6MT
RANCA,4465,4466,5,0.0001,0.4545,0.4167,1855.379,ZINC ALUM ACANALADO 0.4X2000MM RECUB AZ-150,ZINC ALUM ACANALADO 0.4X2500MM RECUB AZ-150
MAPOC,147683,147690,17,0.00011,0.5862,0.3469,1852.282,CABLE EVA LIBRE HALOGENO H07Z1-K 1.5MM VERDE 50MT,CABLE EVA LIBRE HALOGENO H07Z1-K 1.5MM BLANCO 50MT
SANRO,142580,151292,5,3e-05,0.1471,0.3846,1851.029,CODO 90° FUSION PPR 25MM CCS,ABRAZADERA PPR GRIS 25 MM
SANRO,146512,146645,5,3e-05,0.2941,0.1923,1851.029,TUBO CLASE 12 PRESION 25MM PARA CEMENTAR 3MT,CODO PRESION 25 MM     UNID
RENAC,140614,140616,19,0.00025,0.6786,0.6786,1847.12,COPLA TUBO RIGIDO EMT 20MM,CURVA TUBO RIGIDO EMT 20MM
CONCE,102171,102174,5,5e-05,0.2632,0.3846,1846.599,BOTA BATA PVC NEGRA 892-6064 Nº 42,BOTA BATA PVC NEGRA 892-6064 Nº 44
SANRO,144347,144352,9,6e-05,0.2143,0.4737,1845.462,CUBIERTA FINTOP 366X62X3CM CEMENTO-06F R°3,TAPACANTO CUBIERTA FINTOP 10ML CEMENTO-06F
MAPOC,146508,146652,5,3e-05,0.25,0.2381,1843.202,TUBO CLASE 10 PRESION 40MM PARA CEMENTAR 3MT,COPLA PRESION 40 MM     UNID
MAPOC,127904,127908,19,0.00012,0.5,0.4524,1843.202,RUEDA POLIURETANO TRANS. 50MM SIN FRENO 40KG,RUEDA POLIURETANO TRANS. 50MM CON FRENO 40KG KUTZ
MAPOC,152008,152009,8,5e-05,0.5,0.1905,1843.202,BUJE REDUC PRESIÓN HE - HI 1 X 3/4 VINI,BUJE REDUC PRESIÓN HE - HI 3/4 X 1/2 VINI
MAPOC,151509,151512,6,4e-05,0.2143,0.3333,1843.202,ADAPTADOR SIERRA COPA 14-30MM,SIERRA COPA BIMETAL 22MM BLISTER
MAPOC,137622,3289,6,4e-05,0.2857,0.25,1843.202,TUBO CLASE 10 PRESION 32MM PARA CEMENTAR 3MT,UNION AMERICANA PRESION 32 MM UNID
MAPOC,3211,3289,12,8e-05,0.2857,0.5,1843.202,CODO PRESION 32 MM UNID,UNION AMERICANA PRESION 32 MM UNID
RENAC,129959,134761,7,9e-05,0.2414,0.7,1839.745,"TAPACANTO PVC CASTAQO BLANCO 22X0,45MM RO 25 MT",MELAMINA CASTAÑO BLANCO SW 15X1830X2500 MASISA
TALCA,146523,146526,6,0.00015,0.4615,0.6,1834.246,TUBO FUSION PPR 25MM X 3MT PN-16,COPLA SIMPLE FUSION PPR 25MM CCS
VALPA,116563,116564,9,0.00033,0.8182,0.75,1832.386,"ALAMBRE GENLIS NYA 2,5 MM BLANCO H07V-U ROLLO 100M","ALAMBRE GENLIS NYA 2,5 MM ROJO H07V-U ROLLO 100MT"
HUECH,124575,124587,8,8e-05,0.5,0.3077,1832.058,"ANILLO GALVANIZADO 0,35MM X 5""","GORRO VENTILACION 0,35MM X 5"""
SANRO,100201,104736,24,0.00015,0.6154,0.4364,1830.836,CABLE EVA LIBRE HALOGENO H07Z1-K 1.5MM VERDE 100MT,CABLE EVA LIBRE HALOGENO H07Z1-K 1.5MM BLANCO 100M
SEREN,146522,146532,7,0.00014,0.5833,0.4375,1829.115,TUBO FUSION PPR 20MM X 3MT PN-16,CODO 90° FUSION PPR 20MM CCS
SANRO,124574,124586,5,3e-05,0.3571,0.1562,1826.239,"ANILLO GALVANIZADO 0,35MM X 4,5""","GORRO VENTILACION 0,35MM X 4,5"""
SANRO,147684,147685,44,0.00027,0.7586,0.6471,1825.498,CABLE EVA LIBRE HALOGENO H07Z1-K 1.5MM BLANCO 25MT,CABLE EVA LIBRE HALOGENO H07Z1-K 1.5MM ROJO 25MT
TALCA,142580,142584,9,0.00023,0.6429,0.6429,1824.888,CODO 90° FUSION PPR 25MM CCS,COPLA SIMPLE FUSION PPR 25MM CCS
RENAC,120397,120398,18,0.00024,0.6207,0.6923,1819.528,LAVAMANOS CORONA ACUACER,PEDESTAL LAVAMANOS CORONA ACUACER
SANRO,142041,142042,5,3e-05,0.2778,0.2,1818.122,ESPONJA ABRASIVA BLOCK SK500 100X70X25 G80 KL,ESPONJA ABRASIVA BLOCK SK500 100X70X25 G100 KL
SANRO,4891,4893,5,3e-05,0.2778,0.2,1818.122,CLAVO CONCRETO NEGRO 2 X 25MM 100 UNIDADES,CLAVO CONCRETO NEGRO 2 X 30MM 100 UNIDADES
SANRO,142566,142584,6,4e-05,0.3,0.2222,1818.122,BUJE RED FUSION PPR 25X20 CCS,COPLA SIMPLE FUSION PPR 25MM CCS
PMONT,79049,79058,7,0.00011,0.3684,0.5385,1815.607,CORREDERA DUCASSE D-5032     (EX D-52),RIEL DUCASSE ALUMINIO D-52 2.00MT
RENAC,152744,152823,5,7e-05,0.1429,0.8333,1814.714,"MELAMINA MOREL 18MM 1,83 X 2,50 VESTO","TAPACANTO PVC MOREL 22X0,45MM RO25MT"
HUECH,147687,147689,12,0.00013,0.4,0.5714,1814.61,CABLE EVA LIBRE HALOGENO H07Z1-K 2.5MM BLANCO 50MT,CABLE EVA LIBRE HALOGENO H07Z1-K 2.5MM VERDE 50MT
MAPOC,146524,146527,9,6e-05,0.375,0.2812,1814.402,TUBO FUSION PPR 32MM X 3MT PN-16,COPLA SIMPLE FUSION PPR 32MM CCS
RANCA,100199,104736,5,0.0001,0.3333,0.5556,1814.148,CABLE EVA LIBRE HALOGENO H07Z1-K 2.5MM BLANCO 100M,CABLE EVA LIBRE HALOGENO H07Z1-K 1.5MM BLANCO 100M
SANRO,127358,127364,17,0.0001,0.2656,0.7083,1811.02,"ALAMBRE GENLIS NYA 1,5 MM ROJO H07V-U ROLLO 25MT","ALAMBRE GENLIS NYA 1,5 MM VERDE H07V-U ROLLO 25MT"
CONCE,83298,94472,16,0.00018,0.6154,0.5161,1810.859,TAB. ESTRUCTURAL C 2X2X8X0.85X6MT 40X38,TAB. CANAL ESTRUCTURAL U 2X2X0.85X6MT 42X25
TALCA,154542,154545,5,0.00013,0.5,0.4545,1806.455,PERFIL SIDING METAL ESQUINERO EXT 3M CEDRO,PERFIL SIDING METAL J EXTERIOR 3M CEDRO
TALCA,153726,153729,6,0.00015,0.5455,0.5,1806.455,PERFIL SIDING METAL ESQUINERO EXTERIOR 3M NEGRO,PERFIL SIDING METAL J EXTERIOR 3M NEGRO
MAPOC,6039,9279,14,9e-05,0.56,0.2917,1806.338,COPLA SO SO BRONCE 3/4,CODO SO SO BRONCE 3/4
MAPOC,125417,125419,5,3e-05,0.3846,0.1515,1804.534,ANGULO EXTERIOR  CANALETA 40 X 16  PACK 2UN,ANGULO PLANO  CANALETA 40 X 16  PACK 2UN
VESPU,146532,146543,8,0.0002,0.4444,0.8,1802.311,CODO 90° FUSION PPR 20MM CCS,TEE FUSION PPR 20MM CCS
RENAC,147688,147689,13,0.00017,0.5417,0.5652,1794.989,CABLE EVA LIBRE HALOGENO H07Z1-K 2.5MM ROJO 50MT,CABLE EVA LIBRE HALOGENO H07Z1-K 2.5MM VERDE 50MT
RENAC,124585,4970,13,0.00017,0.5652,0.5417,1794.989,"GORRO VENTILACION 0,35MM X 4""","TUBO GALVANIZADO 0,8MM X 4 1MT"
MAPOC,70323,77806,6,4e-05,0.1622,0.4286,1793.386,AGLOM. ENCHA. EUCA/COLOR  15MM 2.40 X 1.50,MDF ENCHA. EUCA COLOR 16MM 2.40X1.50
MAPOC,142585,146524,5,3e-05,0.2778,0.2083,1792.002,COPLA SIMPLE FUSION PPR 32MM CCS,TUBO FUSION PPR 32MM X 3MT PN-16
MAIPU,147678,147680,14,0.00029,0.5833,0.875,1790.906,CABLE EVA LIBRE HALOGENO H07Z1-K 2.5MM BLANCO 25MT,CABLE EVA LIBRE HALOGENO H07Z1-K 2.5MM VERDE 25MT
MAIPU,81440,81443,9,0.00018,0.4737,0.6923,1789.87,CORREDERA DUCASSE AL 1535 MADERA,RIEL DUCASSE EMBUTIDO CX  X 2.00 MTS.
SANRO,137205,141592,9,6e-05,0.2727,0.36,1785.065,SOPORTE GRADUABLE DOBLE 17CM BLANCO DUCASSE,PILAR RANURADO DOBLE 64CM BLANCO DUCASSE
SANRO,120137,123844,9,6e-05,0.2727,0.36,1785.065,GOLILLA CORRIENTE 3/8 - 50 UNDS,TUERCA HEXAGONAL FERRO 3/8 100 UNIDADES
RANCA,128661,136422,9,0.00018,0.6923,0.4737,1784.769,TAPACANTO MELASEK BLCO ALTO BRILLO 23X1MM  RO25 MT,MDF MELASEK ALTO BRILLO BLANCO 18X2800X1220MM
MAPOC,146501,146519,5,3e-05,0.1613,0.3571,1783.744,TUBO CLASE 10 PRESION 25MM PARA CEMENTAR 1MT,UNION AMERICANA PRESION 25 MM UNID
SANRO,146516,146636,5,3e-05,0.098,0.5556,1782.473,TUBO CLASE 16 PRESION 20MM PARA CEMENTAR 3MT,ABRAZADERA PRESION 20MM 1/2 UNID
CONCE,137205,85493,5,5e-05,0.3125,0.3125,1781.68,SOPORTE GRADUABLE DOBLE 17CM BLANCO DUCASSE,PILAR RANURADO DOBLE  96CM BLANCO DUCASSE
MAPOC,137629,3264,5,3e-05,0.1724,0.3333,1779.644,TUBO CLASE 10 PRESION 50MM PARA CEMENTAR 1MT,TERMINAL HE PRESION 50X11/2 UNID
MAPOC,13965,97825,6,4e-05,0.3333,0.2069,1779.644,RUEDA GOMA GIRATORIA ZINC C/PLACA.40MM UNID,RUEDA GOMA GIRATORIA ZINC C/PLACA Y FRENO 40MM
PMONT,19868,19869,8,0.00012,0.5,0.4444,1779.583,TAB. CANAL NORMAL 61X20X0.5X3.0MT,TAB. MONTANTE NORMAL 60X38X6X0.5X3.0MT
PMONT,153726,153729,6,9e-05,0.5,0.3333,1779.583,PERFIL SIDING METAL ESQUINERO EXTERIOR 3M NEGRO,PERFIL SIDING METAL J EXTERIOR 3M NEGRO
SANRO,152685,152691,5,3e-05,0.2174,0.25,1778.598,TUBO PVC DRENAJE 50 MM X6000MM NEGRO SC,TUBO PVC DRENAJE 110 MM X6000MM NEGRO SC
SANRO,136537,136539,6,4e-05,0.25,0.2609,1778.598,LIJA BANDA 4 X 24 G60 MAD-MET PACK3 KLINGSPOR,LIJA BANDA 4 X 24 G100 MAD-MET PACK3 KLINGSPOR
TALCA,142584,142592,5,0.00013,0.3571,0.625,1774.196,COPLA SIMPLE FUSION PPR 25MM CCS,TEE FUSION PPR 25MM CCS
TALCA,142580,148322,5,0.00013,0.3571,0.625,1774.196,CODO 90° FUSION PPR 25MM CCS,TUBO FUSION PPR 25MM X 6MT PN-16
CONCE,146506,146647,7,8e-05,0.3889,0.35,1773.761,TUBO CLASE 10 PRESION 40MM PARA CEMENTAR 1MT,CODO PRESION 40 MM UNID
HUECH,124574,4971,6,6e-05,0.3529,0.3158,1769.666,"ANILLO GALVANIZADO 0,35MM X 4,5""","TUBO GALVANIZADO 0,8MM X 4.1/2 1MT"
MAPOC,127917,127919,6,4e-05,0.24,0.2857,1769.474,RUEDA POLIPROPILENO 40MM SIN FRENO - 25KG KUTZ,RUEDA POLIPROPILENO BLANCA 40MM C/FRENO 25KG KUTZ
MAPOC,146485,146652,6,4e-05,0.24,0.2857,1769.474,TEE PRESION 40MM,COPLA PRESION 40 MM     UNID
MAPOC,79049,79061,23,0.00015,0.3538,0.7419,1767.279,CORREDERA DUCASSE D-5032     (EX D-52),GUIA DUCASSE AL D-52 X2.00
TALCA,81498,86397,6,0.00015,0.6667,0.4,1766.311,POLICARB ALVEOLAR PERFIL U  4.0MM A 6MM X 2.1 MT,POLICARB ALVEOLAR PERFIL H  4.0MM -6.0MMX 5.8 MT
CONCE,127905,127909,15,0.00016,0.4839,0.6,1765.587,RUEDA POLIURETANO TRANS. 75MM SIN FRENO 64KG,RUEDA POLIURETANO TRANS. 75MM CON FRENO 64KG
MAPOC,146486,146648,6,4e-05,0.3529,0.1935,1762.759,TEE PRESION 50MM,CODO PRESION 50 MM UNID
SANRO,100202,104736,45,0.00028,0.5921,0.8182,1761.578,CABLE EVA LIBRE HALOGENO H07Z1-K 1.5MM ROJO 100MT,CABLE EVA LIBRE HALOGENO H07Z1-K 1.5MM BLANCO 100M
SANRO,6158,9278,8,5e-05,0.3333,0.2581,1759.473,TEE SO (3) BRONCE 3/4X3/4X1/2,CODO SO SO BRONCE 3/4X1/2
SANRO,129827,129829,7,4e-05,0.3333,0.2258,1759.473,"LIJA BANDA 4 X  24"" G 40 MAD-MET PACK3 MAKITA","LIJA BANDA 4 X  24""  G 80 MAD-MET PACK3 MAKITA"
MAIPU,142126,142127,5,0.0001,0.3571,0.5,1754.357,GANCHO TRUPAN CROMADO 10 CMS. BOLSA 10 UN,GANCHO TRUPAN CROMADO 20 CMS. BOLSA 10 UN
CONCE,154736,154739,5,5e-05,0.1923,0.5,1754.269,PERFIL ALUM/ESQUI 16X16MM BLCO COVER CURVO OPALX2M,KIT 2 TAPAS +2 CLIPS PARA PERFIL DE ALUM PER-03-2M
SANRO,146527,146545,6,4e-05,0.2143,0.3,1753.189,COPLA SIMPLE FUSION PPR 32MM CCS,TEE FUSION PPR 32MM CCS
VESPU,146532,146570,7,0.00017,0.3889,0.7778,1752.247,CODO 90° FUSION PPR 20MM CCS,TERMINAL HI FUSION PPR 20X1/2 CCS
SANRO,6894,6896,48,0.00029,0.6957,0.7385,1751.235,BARRA COPPER  1/2 X 1.1/2 MT  (11MM),CONECTOR COPPER 1/2 BRONCE
RANCA,100200,100202,5,0.0001,0.3571,0.5,1749.357,CABLE EVA LIBRE HALOGENO H07Z1-K 2.5MM ROJO 100MT,CABLE EVA LIBRE HALOGENO H07Z1-K 1.5MM ROJO 100MT
RANCA,127905,127909,7,0.00014,0.5,0.5,1749.357,RUEDA POLIURETANO TRANS. 75MM SIN FRENO 64KG,RUEDA POLIURETANO TRANS. 75MM CON FRENO 64KG
CONCE,25624,25626,8,9e-05,0.4211,0.3636,1745.876,"AUTOMATICO MONOFASICO 10A LEXO 6KA ""C""","AUTOMATICO MONOFASICO 20A LEXO 6KA ""C"""
CONCE,147684,147685,15,0.00016,0.5357,0.5357,1745.319,CABLE EVA LIBRE HALOGENO H07Z1-K 1.5MM BLANCO 25MT,CABLE EVA LIBRE HALOGENO H07Z1-K 1.5MM ROJO 25MT
HUECH,129828,129829,8,8e-05,0.3478,0.4211,1744.018,"LIJA BANDA 4 X  24""  G 60 MAD-MET PACK3 MAKITA","LIJA BANDA 4 X  24""  G 80 MAD-MET PACK3 MAKITA"
MAIPU,147059,147076,6,0.00012,0.4615,0.4615,1743.976,MELAMINA PLATINO METALIZADO 15MM 1.83 X 2.50 VESTO,"TAPACANTO PVC PLATINO METALIZADO 22X0,45MM RO 25MT"
PMONT,100201,100266,6,9e-05,0.4615,0.3529,1739.321,CABLE EVA LIBRE HALOGENO H07Z1-K 1.5MM VERDE 100MT,CABLE EVA LIBRE HALOGENO H07Z1-K 2.5MM VERDE 100MT
CONCE,1849,1850,8,9e-05,0.2857,0.5333,1737.562,VIDRIO BLANCO PARA MASCARA SOLDAR,VIDRIO MASCARA SOLDAR NEGRO GRADO 10
HUECH,147678,147679,7,7e-05,0.6364,0.2,1732.127,CABLE EVA LIBRE HALOGENO H07Z1-K 2.5MM BLANCO 25MT,CABLE EVA LIBRE HALOGENO H07Z1-K 2.5MM ROJO 25MT
PMONT,83275,83960,5,8e-05,0.1351,1.0,1731.486,MOLDURA PVC 100 X 50 TIRA 2MT,ANGULO EXTERIOR CANALETA 100 X 50
CONCE,146598,152642,5,5e-05,0.2083,0.4545,1727.689,REDUCCION PVC SANITARIO GRIS 110X50MM,TUBO PVC GRIS 50 MM X 6MTS
RENAC,147687,147689,13,0.00017,0.52,0.5652,1723.19,CABLE EVA LIBRE HALOGENO H07Z1-K 2.5MM BLANCO 50MT,CABLE EVA LIBRE HALOGENO H07Z1-K 2.5MM VERDE 50MT
RENAC,100201,104736,14,0.00018,0.7,0.4516,1721.052,CABLE EVA LIBRE HALOGENO H07Z1-K 1.5MM VERDE 100MT,CABLE EVA LIBRE HALOGENO H07Z1-K 1.5MM BLANCO 100M
RENAC,146506,146652,6,8e-05,0.4286,0.3158,1719.203,TUBO CLASE 10 PRESION 40MM PARA CEMENTAR 1MT,COPLA PRESION 40 MM     UNID
CONCE,155579,95076,7,8e-05,0.5833,0.2258,1716.543,KIT PORTON NEW VELOTI SPEED 1200 KG (REEMP 127356),CREMALLERA ACERO 1MT P/MOTOR 1200KG VELOTI
PMONT,100200,100201,8,0.00012,0.3478,0.6154,1714.114,CABLE EVA LIBRE HALOGENO H07Z1-K 2.5MM ROJO 100MT,CABLE EVA LIBRE HALOGENO H07Z1-K 1.5MM VERDE 100MT
MAIPU,140889,140895,5,0.0001,0.3125,0.5556,1705.625,TEE SO (3) BRONCE 1/2 GAS,UNION AMERICANA SO SO BRONCE 1/2 GAS
TALCA,133306,133315,6,0.00015,0.8571,0.3,1703.229,MDF FOLIA JQUIL 1/4 RODON 18X18 GARRISON/BOUGH,MDF FOLIA GPOLVO RODON 12X68 GARRISON/BOUGH
HUECH,146534,146576,5,5e-05,0.25,0.3571,1701.196,CODO 90° FUSION PPR 32MM CCS,TERMINAL HI FUSION PPR 32X1 CCS
CONCE,146526,146544,6,7e-05,0.2609,0.4286,1699.789,COPLA SIMPLE FUSION PPR 25MM CCS,TEE FUSION PPR 25MM CCS
RANCA,127367,127373,8,0.00016,0.381,0.7273,1696.346,"ALAMBRE GENLIS NYA 2,5 MM ROJO H07V-U ROLLO 25MT","ALAMBRE GENLIS NYA 2,5 MM VERDE H07V-U ROLLO 25MT"
HUECH,146495,146521,8,8e-05,0.4444,0.32,1693.636,TERMINAL HE PRESION 50X11/2 UNID,UNION AMERICANA PRESION 50 MM UNID
HUECH,79058,79061,21,0.00022,0.5676,0.6562,1689.702,RIEL DUCASSE ALUMINIO D-52 2.00MT,GUIA DUCASSE AL D-52 X2.00
RENAC,147683,147690,6,8e-05,0.3529,0.375,1681.279,CABLE EVA LIBRE HALOGENO H07Z1-K 1.5MM VERDE 50MT,CABLE EVA LIBRE HALOGENO H07Z1-K 1.5MM BLANCO 50MT
CONCE,138894,145279,7,8e-05,0.35,0.3684,1680.405,MELAMINA ALASKA 15MM 1.83 X 2.50 VESTO,"TAPACANTO PVC ALASKA 22X0,4MM RO25MT"
VALPA,118862,118863,5,0.00019,0.625,0.5,1679.688,FIERRO HORMIGON REDONDO  A630-420H 8MMX6MT,FIERRO HORMIGON REDONDO A630-420H 10MMX6MT
RENAC,133071,152977,10,0.00013,0.2857,0.7692,1675.121,"MELAMINA VENEZIA 18MM 1,83 X 2,50 VESTO","TAPACANTO PVC VENEZIA 22X1,5MM RO50MT"
HUECH,151077,151078,8,8e-05,0.2286,0.6154,1675.024,BROCA EXPERT HEX-9 MULTICONST. 6X100MM BOSCH,BROCA EXPERT HEX-9 MULTICONST. 8X100MM BOSCH
RENAC,84220,84225,5,7e-05,0.4167,0.2632,1671.447,CORREDERA DUCASSE COLGANTE ECO-80 (SET),RIEL COLGANTE U 100 I 200 DUCASSE
RENAC,146647,146652,5,7e-05,0.4167,0.2632,1671.447,CODO PRESION 40 MM UNID,COPLA PRESION 40 MM     UNID
HUECH,116054,6336,6,6e-05,0.3158,0.3333,1671.351,RIEL COLGANTE U-30  N 600  (D300),CORREDERA DUCASSE COLGANTE D-300    300KG (SET)
HUECH,124574,124586,8,8e-05,0.4706,0.2963,1660.427,"ANILLO GALVANIZADO 0,35MM X 4,5""","GORRO VENTILACION 0,35MM X 4,5"""
VESPU,146522,146525,7,0.00017,0.3684,0.7778,1660.023,TUBO FUSION PPR 20MM X 3MT PN-16,COPLA SIMPLE FUSION PPR 20MM CCS
RANCA,79049,79062,11,0.00022,0.44,0.8462,1657.852,CORREDERA DUCASSE D-5032     (EX D-52),GUIA DUCASSE AL D-52 X3.00
RENAC,134560,134561,5,7e-05,0.2174,0.5,1656.913,DISCO LIJA P/MADERAS 125MM G60 PACK5 BOSCH,DISCO LIJA P/MADERAS 125MM G80 PACK5 BOSCH
RENAC,120138,123845,5,7e-05,0.2174,0.5,1656.913,GOLILLA CORRIENTE 1/2 - 25 UNDS,TUERCA HEXAGONAL FERRO 1/2 13 HILOS 100 UNIDADES
TALCA,146526,146533,5,0.00013,0.5,0.4167,1655.917,COPLA SIMPLE FUSION PPR 25MM CCS,CODO 90° FUSION PPR 25MM CCS
TALCA,146533,146544,5,0.00013,0.4167,0.5,1655.917,CODO 90° FUSION PPR 25MM CCS,TEE FUSION PPR 25MM CCS
HUECH,124575,4972,10,0.0001,0.625,0.2778,1653.941,"ANILLO GALVANIZADO 0,35MM X 5""","TUBO GALVANIZADO 0,8MM X 5 1MT"
CONCE,142576,142606,8,9e-05,0.4706,0.3077,1651.077,CODO 90 TRANS HI FUSION PPR 20X1/2 CCS,TUBO FUSION PPR 20MM X 3MT PN-16
RENAC,115836,153041,5,7e-05,0.1515,0.7143,1649.74,MELAMINA TEKA ART. 18MM 1.83X2.50 VESTO,"TAPACANTO PVC TEKA ART 22X1,5MM RO50MT"
HUECH,130914,138890,7,7e-05,0.4667,0.2593,1646.59,"TAPACANTO PVC SEDA NOTTE 22X0,45 RO 100",MELAMINA SEDA NOTTE 15MM 1.83 X 2.50 VESTO
PMONT,129959,134761,6,9e-05,0.3333,0.4615,1642.692,"TAPACANTO PVC CASTAQO BLANCO 22X0,45MM RO 25 MT",MELAMINA CASTAÑO BLANCO SW 15X1830X2500 MASISA
PMONT,100199,100201,8,0.00012,0.3333,0.6154,1642.692,CABLE EVA LIBRE HALOGENO H07Z1-K 2.5MM BLANCO 100M,CABLE EVA LIBRE HALOGENO H07Z1-K 1.5MM VERDE 100MT
RANCA,127370,127373,7,0.00014,0.3684,0.6364,1640.545,"ALAMBRE GENLIS NYA 2,5 MM BLANCO H07V-U ROLLO 25MT","ALAMBRE GENLIS NYA 2,5 MM VERDE H07V-U ROLLO 25MT"
RENAC,124586,4971,9,0.00012,0.4286,0.45,1633.243,"GORRO VENTILACION 0,35MM X 4,5""","TUBO GALVANIZADO 0,8MM X 4.1/2 1MT"
SEREN,120397,120398,22,0.00044,0.8462,0.8462,1632.751,LAVAMANOS CORONA ACUACER,PEDESTAL LAVAMANOS CORONA ACUACER
RANCA,146976,146977,5,0.0001,0.3333,0.5,1632.733,DISCO LIJA VELCRO 125MM G240 PACK 10 HEMIC,DISCO LIJA VELCRO 125MM G320 PACK 10 HEMIC
RANCA,100199,100202,5,0.0001,0.3333,0.5,1632.733,CABLE EVA LIBRE HALOGENO H07Z1-K 2.5MM BLANCO 100M,CABLE EVA LIBRE HALOGENO H07Z1-K 1.5MM ROJO 100MT
CONCE,147685,147686,5,5e-05,0.1786,0.5,1628.964,CABLE EVA LIBRE HALOGENO H07Z1-K 1.5MM ROJO 25MT,CABLE EVA LIBRE HALOGENO H07Z1-K 1.5MM VERDE 25MT
CONCE,147684,147686,5,5e-05,0.1786,0.5,1628.964,CABLE EVA LIBRE HALOGENO H07Z1-K 1.5MM BLANCO 25MT,CABLE EVA LIBRE HALOGENO H07Z1-K 1.5MM VERDE 25MT
CONCE,146526,146533,9,0.0001,0.3913,0.4091,1622.526,COPLA SIMPLE FUSION PPR 25MM CCS,CODO 90° FUSION PPR 25MM CCS
CONCE,150477,150478,6,7e-05,0.4615,0.2308,1619.325,ALICATE PUNTA 6  WOKIN,ALICATE UNIVERSAL 8  WOKIN
CONCE,127358,127361,21,0.00023,0.5676,0.6562,1617.958,"ALAMBRE GENLIS NYA 1,5 MM ROJO H07V-U ROLLO 25MT","ALAMBRE GENLIS NYA 1,5 MM BLANCO H07V-U ROLLO 25MT"
RENAC,100201,100202,14,0.00018,0.7,0.4242,1616.745,CABLE EVA LIBRE HALOGENO H07Z1-K 1.5MM VERDE 100MT,CABLE EVA LIBRE HALOGENO H07Z1-K 1.5MM ROJO 100MT
CONCE,127918,127920,6,7e-05,0.3,0.3529,1609.8,RUEDA POLIPROPILENO 50MM SIN FRENO - 35KG KUTZ,RUEDA POLIPROPILENO BLANCA 50MM C/FRENO 35KG KUTZ
CONCE,142576,142591,6,7e-05,0.3529,0.3,1609.8,CODO 90 TRANS HI FUSION PPR 20X1/2 CCS,TEE FUSION PPR 20MM CCS
VESPU,11571,4491,5,0.00012,0.2778,0.7143,1609.206,TUERCA COCINA  1/4 HEXAGONAL 100 UNIDADES,PERNO COCHE 1/4 X 1.1/2 - 100UNDS
SEREN,8291,8292,5,0.0001,0.3846,0.4167,1608.013,CAPUCHON 40 MM ES  PARA UNIR  CAÑERIA PVC,CAPUCHON 50 MM ES  PARA UNIR  CAÑERIA PVC
TALCA,733,738,8,0.0002,0.8889,0.3636,1605.737,MASILLA MAGICA MARSON TRADICIONAL S/CATAL 350M,ENDURECEDOR MARSO CREMA 28GR
RENAC,79049,79061,10,0.00013,0.3571,0.5882,1601.218,CORREDERA DUCASSE D-5032     (EX D-52),GUIA DUCASSE AL D-52 X2.00
RENAC,128458,128460,5,7e-05,0.3571,0.2941,1601.218,"DISCO DIAMANTADO TURBO 4"" CONCRETO/GRANITO MAKITA","DISCO DIAMANTADO SEGMENTADO 4"" CONCRETO MAKITA"
RENAC,9577,9579,5,7e-05,0.7143,0.1471,1601.218,HEMBRA VOLANTE 2P+T 16A 220V,MACHO VOLANTE 2P+T 16A 220V IP44
RENAC,15570,15571,5,7e-05,0.2941,0.3571,1601.218,TRAJE AGUA AMARILLO TALLA XL 0.33MM,"TRAJE AGUA AMARILLO TALLA L 0,33MM"
RANCA,142591,142596,5,0.0001,0.2941,0.5556,1600.719,TEE FUSION PPR 20MM CCS,TERMINAL HE FUSION PPR  20X1/2 CCS
HUECH,127903,127907,19,0.0002,0.4872,0.6552,1600.418,RUEDA POLIURETANO TRANS. 35MM SIN FRENO 30KG KUTZ,RUEDA POLIURETANO TRANS. 35MM CON FRENO 30KG KUTZ
HUECH,120870,123573,15,0.00016,0.7895,0.3191,1600.23,TAZA WC A PISO 30 CM CORONA LAGUNA,ESTANQUE WC 6LT CORONA LAGUNA
RENAC,147678,147680,11,0.00014,0.44,0.5238,1596.949,CABLE EVA LIBRE HALOGENO H07Z1-K 2.5MM BLANCO 25MT,CABLE EVA LIBRE HALOGENO H07Z1-K 2.5MM VERDE 25MT
MAIPU,150452,150454,7,0.00014,0.5833,0.3889,1591.917,ENGRAPADORA USO LIVIANO PROFESIONAL WOKIN,CORCHETE 1000 PIEZAS 0.7X8X11.3MM WOKIN
HUECH,141246,141247,7,7e-05,0.4667,0.25,1587.783,BROCA CONCRETO 4X40X75 BLISTER UND BOSCH,BROCA CONCRETO 5X50X85 BLISTER UND BOSCH
PMONT,100266,104736,8,0.00012,0.4706,0.4211,1586.749,CABLE EVA LIBRE HALOGENO H07Z1-K 2.5MM VERDE 100MT,CABLE EVA LIBRE HALOGENO H07Z1-K 1.5MM BLANCO 100M
TALCA,140883,140889,7,0.00018,0.3182,0.875,1580.648,CODO SO SO BRONCE 1/2 GAS,TEE SO (3) BRONCE 1/2 GAS
TALCA,1570,1577,5,0.00013,0.8333,0.2381,1577.063,TUBOS 3/4X1MM TIRA 6MT,TUBOS 1X1.5MM TIRA 6MT
MAIPU,136503,140902,5,0.0001,0.4167,0.3846,1574.423,SOLDADURA PLATA INDEPP 5% 2 BARRAS,TERMINAL SO HI BRONCE 1/2 GAS
MAIPU,147678,147679,20,0.00041,0.8333,0.7692,1574.423,CABLE EVA LIBRE HALOGENO H07Z1-K 2.5MM BLANCO 25MT,CABLE EVA LIBRE HALOGENO H07Z1-K 2.5MM ROJO 25MT
RANCA,146483,146513,5,0.0001,0.4167,0.3846,1569.936,TEE PRESION 25MM,"TUBO CLASE 12,5 PRESION 25MM PARA CEMENTAR 6MT"
HUECH,6039,9279,8,8e-05,0.4444,0.2963,1568.181,COPLA SO SO BRONCE 3/4,CODO SO SO BRONCE 3/4
SEREN,146525,146532,5,0.0001,0.5,0.3125,1567.812,COPLA SIMPLE FUSION PPR 20MM CCS,CODO 90° FUSION PPR 20MM CCS
RENAC,127358,127361,8,0.0001,0.4706,0.3478,1559.448,"ALAMBRE GENLIS NYA 1,5 MM ROJO H07V-U ROLLO 25MT","ALAMBRE GENLIS NYA 1,5 MM BLANCO H07V-U ROLLO 25MT"
RENAC,79049,79059,16,0.00021,0.5714,0.5714,1555.469,CORREDERA DUCASSE D-5032     (EX D-52),RIEL DUCASSE ALUMINIO D-52 3.00MT
RANCA,125739,137994,7,0.00014,0.4118,0.5385,1551.466,"CORCHETERA NEUMATICA FREEMAN 5/8"" P238US","GRAPAS CORONA TAPIC. 3/8"" CAL.22-5/8"" 5000UND"
SEREN,79049,79058,5,0.0001,0.2778,0.5556,1548.457,CORREDERA DUCASSE D-5032     (EX D-52),RIEL DUCASSE ALUMINIO D-52 2.00MT
SEREN,120870,123573,8,0.00016,0.8,0.3077,1543.692,TAZA WC A PISO 30 CM CORONA LAGUNA,ESTANQUE WC 6LT CORONA LAGUNA
CONCE,144349,155070,8,9e-05,0.186,0.7273,1542.867,CUBIERTA FINTOP 366X62X3CM ROBLE HERA-41G R°3,TAPACANTO CUBIERTA FINTOP 5ML ROBLE HERA-41G
HUECH,127370,127373,21,0.00022,0.42,0.8077,1538.928,"ALAMBRE GENLIS NYA 2,5 MM BLANCO H07V-U ROLLO 25MT","ALAMBRE GENLIS NYA 2,5 MM VERDE H07V-U ROLLO 25MT"
HUECH,11536,139403,5,5e-05,0.5,0.1613,1536.565,BARRA CLOSET PLASTICA 3MT.CAFE UNID,SOPORTE BARRA REDONDO CAFE BOLSA 10 UN.
MAIPU,147679,147680,13,0.00026,0.5,0.8125,1535.062,CABLE EVA LIBRE HALOGENO H07Z1-K 2.5MM ROJO 25MT,CABLE EVA LIBRE HALOGENO H07Z1-K 2.5MM VERDE 25MT
PMONT,31029,33315,5,8e-05,0.4545,0.2632,1532.656,TEE SO (3) COBRE 1/2,CODO SO SO COBRE 1/2
TALCA,31029,33315,11,0.00028,0.8462,0.5,1528.538,TEE SO (3) COBRE 1/2,CODO SO SO COBRE 1/2
TALCA,146523,146544,5,0.00013,0.3846,0.5,1528.538,TUBO FUSION PPR 25MM X 3MT PN-16,TEE FUSION PPR 25MM CCS
MAIPU,116054,6336,7,0.00014,0.4667,0.4667,1528.24,RIEL COLGANTE U-30  N 600  (D300),CORREDERA DUCASSE COLGANTE D-300    300KG (SET)
MAIPU,140883,140895,7,0.00014,0.28,0.7778,1528.24,CODO SO SO BRONCE 1/2 GAS,UNION AMERICANA SO SO BRONCE 1/2 GAS
MAIPU,100199,100266,13,0.00026,0.5909,0.6842,1527.718,CABLE EVA LIBRE HALOGENO H07Z1-K 2.5MM BLANCO 100M,CABLE EVA LIBRE HALOGENO H07Z1-K 2.5MM VERDE 100MT
HUECH,124587,4972,15,0.00016,0.5769,0.4167,1526.715,"GORRO VENTILACION 0,35MM X 5""","TUBO GALVANIZADO 0,8MM X 5 1MT"
HUECH,115695,130916,5,5e-05,0.1923,0.4167,1526.715,MELAMINA ASERRADO NORDICO 18MM 1.83 X 2.50 VESTO,"TAPACANTO PVC ASERRADO NORDICO 22X0,45MM RO 100MT"
MAIPU,150453,150455,10,0.0002,0.7143,0.4348,1525.528,ENGRAPADORA USO PESADO INDUSTRIAL WOKIN,CORCHETE 1000 PIEZAS 7X100X11.3MM WOKIN
RENAC,127367,127373,12,0.00016,0.48,0.5,1524.36,"ALAMBRE GENLIS NYA 2,5 MM ROJO H07V-U ROLLO 25MT","ALAMBRE GENLIS NYA 2,5 MM VERDE H07V-U ROLLO 25MT"
CONCE,111201,152959,6,7e-05,0.15,0.6667,1520.367,MELAMINA LINO SOFTWOOD 18MM 1.83 X 2.50 MASISA,"TAPACANTO PVC LINO 22X1,5MM RO50MT"
CONCE,144348,144353,6,7e-05,0.1333,0.75,1520.367,CUBIERTA FINTOP 366X62X3CM NEGRO TRENTO-97D R°3,TAPACANTO CUBIERTA FINTOP 10ML NEGRO TRENTO-97D
CONCE,142442,142483,6,7e-05,0.1333,0.75,1520.367,CURVA PVC SANITARIO GRIS 40MM,VEE PVC SANITARIO GRIS 40X40MM
CONCE,127361,127364,8,9e-05,0.25,0.5333,1520.367,"ALAMBRE GENLIS NYA 1,5 MM BLANCO H07V-U ROLLO 25MT","ALAMBRE GENLIS NYA 1,5 MM VERDE H07V-U ROLLO 25MT"
HUECH,152233,152234,7,7e-05,0.6364,0.175,1515.611,ACTIVADOR CIERRE SUAVE PARA PUERTA GRANERO DUCASSE,KIT PARA PUERTA GRANERO DUCASSE
HUECH,146557,146558,6,6e-05,0.1429,0.6667,1512.175,TAPON FUSION PPR 25MM CCS,TAPON FUSION PPR 32MM CCS
PMONT,76729,76762,6,9e-05,0.3529,0.4,1507.412,LAM. RECTA F6 FLORENTINO AZUL 0512 BR 122 X 306,LAM. RECTA F6 ROJO IMPERIO 3054 BR 122 X 306
MAIPU,148898,148905,8,0.00016,0.2759,0.8889,1505.655,ESCOBILLON ECONÓMICO  AZUL CLÁSICA VIRUTEX,PALA FIJA C/MANGO Y BANDA- IMPEKE
RENAC,147677,147690,6,8e-05,0.3158,0.375,1504.303,CABLE EVA LIBRE HALOGENO H07Z1-K 1.5MM ROJO 50MT,CABLE EVA LIBRE HALOGENO H07Z1-K 1.5MM BLANCO 50MT
VESPU,146522,146543,7,0.00017,0.3684,0.7,1494.021,TUBO FUSION PPR 20MM X 3MT PN-16,TEE FUSION PPR 20MM CCS
SEREN,126535,126536,5,0.0001,0.4167,0.3571,1493.155,MANILLA GOLA MEDIA C ALUMINIO  3MTS KUTZ,MANILLA GOLA SUPERIOR L ALUMINIO 3MTS KUTZ
CONCE,146526,146553,6,7e-05,0.2609,0.375,1487.315,COPLA SIMPLE FUSION PPR 25MM CCS,BUJE RED FUSION PPR 25X20 CCS
RANCA,139686,8769,8,0.00016,0.7273,0.3333,1484.303,CURVA CONDUIT 90º 25MM 10UN,TUBO CONDUIT PVC  25MM TIRA 6MT
RANCA,124578,124579,5,0.0001,0.4545,0.3333,1484.303,"CABALLETE GALVANIZADO 0,35X400MMX2MT","CABALLETE GALVANIZADO 0,35X400MMX3MT"
CONCE,3822,3824,12,0.00013,0.2927,0.6667,1483.285,CUBIERTA 60X60 AR,MARCO 60X60 AR
PMONT,142591,142601,10,0.00016,0.2778,0.8333,1482.986,TEE FUSION PPR 20MM CCS,TERMINAL HI FUSION PPR 20X1/2 CCS
CONCE,127358,127364,9,0.0001,0.2432,0.6,1479.276,"ALAMBRE GENLIS NYA 1,5 MM ROJO H07V-U ROLLO 25MT","ALAMBRE GENLIS NYA 1,5 MM VERDE H07V-U ROLLO 25MT"
HUECH,122399,140755,5,5e-05,0.2632,0.2941,1474.721,MELAMINA AWOURA 18MM 2.50 X 1.83 VESTO,"TAPACANTO PVC AWOURA 22X0,45MM RO 25 MT"
HUECH,151956,151957,5,5e-05,0.2632,0.2941,1474.721,TORNILLO TURBO CUTTING T17 14(6.0)X127 20UN KHOR,TORNILLO TURBO CUTTING T17 #14(6.0)X150 20UN KHOR
VESPU,142434,152690,6,0.00015,0.4,0.5455,1474.618,CODO PVC SANITARIO GRIS 110MM,TUBO PVC DRENAJE 110 MM X3000MM NEGRO SC
RANCA,3822,3824,9,0.00018,0.36,0.75,1469.46,CUBIERTA 60X60 AR,MARCO 60X60 AR
HUECH,120397,120870,12,0.00013,0.2927,0.6316,1467.528,LAVAMANOS CORONA ACUACER,TAZA WC A PISO 30 CM CORONA LAGUNA
PMONT,100200,104736,10,0.00016,0.4348,0.5263,1466.018,CABLE EVA LIBRE HALOGENO H07Z1-K 2.5MM ROJO 100MT,CABLE EVA LIBRE HALOGENO H07Z1-K 1.5MM BLANCO 100M
HUECH,134564,134565,8,8e-05,0.3077,0.4,1465.646,DISCO LIJA P/MADERAS 125MM G240 PACK5 BOSCH,DISCO LIJA P/MADERAS 125MM G320 PACK5 BOSCH
MAIPU,149408,149583,5,0.0001,0.4167,0.3571,1461.964,"MELAMINA TUAREG VV 18MM 1,83 X 2,50 VESTO","TAPACANTO PVC TUAREG 22X0,45MM RO 25 MT"
PMONT,140884,140902,8,0.00012,0.2963,0.6154,1460.171,TERMINAL SO HE BRONCE 1/2 GAS,TERMINAL SO HI BRONCE 1/2 GAS
HUECH,146641,146642,13,0.00014,0.3514,0.5652,1455.313,BUJE CORTO PRESION 40X32MM UN,BUJE CORTO PRESION 50X40MM UN
PMONT,133970,133971,5,8e-05,0.3846,0.2941,1449.434,BROCA PARA MADERA CILINDRICA 6X50MM BOSCH,BROCA PARA MADERA CILINDRICA 8X65MM BOSCH
RANCA,146513,146645,5,0.0001,0.3846,0.3846,1449.172,"TUBO CLASE 12,5 PRESION 25MM PARA CEMENTAR 6MT",CODO PRESION 25 MM     UNID
CONCE,117101,22740,10,0.00011,0.6667,0.2381,1447.968,LACA ALTOS SOLIDOS ESPECIAL PASSOL TI,SELLADOR EXITO PASSOL LA
CONCE,144347,144352,8,9e-05,0.1905,0.6667,1447.968,CUBIERTA FINTOP 366X62X3CM CEMENTO-06F R°3,TAPACANTO CUBIERTA FINTOP 10ML CEMENTO-06F
TALCA,100637,79364,12,0.0003,0.8,0.5455,1445.164,ABRAZADERA TUBO 80 (10) P25 BLANCO,TUBO BAJADA D 80X3MT (3) P25 BLANCO
PMONT,85496,85502,6,9e-05,0.3158,0.4286,1445.075,PILAR RANURADO DOBLE  96CM NEGRO DUCASSE,SOPORTE GRADUABLE DOBLE 37CM NEGRO DUCASSE
MAIPU,125411,125412,9,0.00018,0.5294,0.5,1444.765,ANGULO EXTERIOR  CANALETA 20 X 10 PACK 2UN,ANGULO INTERIOR  CANALETA 20 X 10 PACK 2UN
RENAC,143147,143149,5,7e-05,0.4545,0.2083,1443.523,INTERRUPTOR EMB DOBLE 9/15 16A DORADO SCHNEIDER,HEMBRA EMBUTIDA TRIPLE 10A DORADO SCHNEIDER
RENAC,128661,136422,5,7e-05,0.4167,0.2273,1443.523,TAPACANTO MELASEK BLCO ALTO BRILLO 23X1MM  RO25 MT,MDF MELASEK ALTO BRILLO BLANCO 18X2800X1220MM
HUECH,1849,1851,8,8e-05,0.1667,0.7273,1443.439,VIDRIO BLANCO PARA MASCARA SOLDAR,VIDRIO MASCARA SOLDAR NEGRO GRADO 12
RANCA,142591,142601,5,0.0001,0.2941,0.5,1440.647,TEE FUSION PPR 20MM CCS,TERMINAL HI FUSION PPR 20X1/2 CCS
VALPA,149404,153020,6,0.00022,0.375,0.8571,1439.732,"MELAMINA JADE VV 18MM 1,83 X 2,50 VESTO","TAPACANTO PVC JADE 22X1,5MM RO50MT"
PMONT,142596,142601,7,0.00011,0.2692,0.5833,1437.356,TERMINAL HE FUSION PPR  20X1/2 CCS,TERMINAL HI FUSION PPR 20X1/2 CCS
SEREN,125413,125414,6,0.00012,0.2,0.8571,1433.429,ANGULO PLANO  CANALETA 20 X 10 PACK 2UN,COPLA PLANA  CANALETA 20 X 10 PACK 2UN
HUECH,120398,120870,12,0.00013,0.2857,0.6316,1432.586,PEDESTAL LAVAMANOS CORONA ACUACER,TAZA WC A PISO 30 CM CORONA LAGUNA
PMONT,145784,145785,5,8e-05,0.1562,0.7143,1430.022,MOLDURA PVC 20X10MM COLOR MARRÓN  TIRA 2MTS.,ANGULO PLANO  CANALETA 20 X 10 MARRON
CONCE,152741,153610,5,5e-05,0.25,0.3125,1425.344,"MELAMINA ARCILLA 15MM 1,83 X 2,50 VESTO","TAPACANTO PVC ARCILLA 22X0,45MM RO25MT"
MAIPU,140884,140895,6,0.00012,0.2609,0.6667,1423.826,TERMINAL SO HE BRONCE 1/2 GAS,UNION AMERICANA SO SO BRONCE 1/2 GAS
RANCA,120870,123573,16,0.00033,0.8421,0.5517,1422.345,TAZA WC A PISO 30 CM CORONA LAGUNA,ESTANQUE WC 6LT CORONA LAGUNA
TALCA,6198,6204,5,0.00013,0.3571,0.5,1419.357,TAPAGORRO HE BRONCE 1/2,TAPAGORRO HI BRONCE 1/2
TALCA,143830,143832,5,0.00013,0.3571,0.5,1419.357,MACHO VOLANTE 10A 2P+T RECTO BLANCO FANTON,HEMBRA VOLANTE 10A 2P+T BLANCA FANTON
RENAC,100202,104736,19,0.00025,0.5758,0.6129,1415.584,CABLE EVA LIBRE HALOGENO H07Z1-K 1.5MM ROJO 100MT,CABLE EVA LIBRE HALOGENO H07Z1-K 1.5MM BLANCO 100M
CONCE,144344,144349,6,7e-05,0.6667,0.1395,1414.295,TAPACANTO CUBIERTA FINTOP 10ML ROBLE HERA-41G,CUBIERTA FINTOP 366X62X3CM ROBLE HERA-41G R°3
RENAC,133325,143079,5,7e-05,0.3333,0.2778,1411.444,MDF FOLIA GPOLVO RODON 12X68 NOSTALGIE TEAK,"MDF FOLIO GUIA DE COMPENSACION 1,00 MT NOSTALGIE"
HUECH,127649,131001,5,5e-05,0.3846,0.1923,1409.275,MELAM CONCRET METROPOLITAN 18MM X 1.83 X 2.50 MASI,"TAPACANTO PVC CONCRET 22X0,45 RO 25MT"
HUECH,33316,9197,5,5e-05,0.3846,0.1923,1409.275,CODO SO SO COBRE 3/4,COPLA SO SO COBRE 3/4
VESPU,103647,86577,5,0.00012,0.625,0.2778,1408.056,TABLERO SOB. PVC 6 PUESTOS T/TRANS,DIFERENCIAL 2X25A 30MA LEXO
MAIPU,139564,141988,6,0.00012,0.2857,0.6,1403.486,BROCA METAL COBALTO 5MM UND BOSCH,REMACHE POP 4.8 X 25    50 UNIDADES
CONCE,142456,142458,5,5e-05,0.2,0.3846,1403.415,TEE PVC SANITARIO GRIS 110X110MM,TEE PVC SANITARIO GRIS 110X50MM
HUECH,127367,127370,33,0.00035,0.7333,0.66,1397.249,"ALAMBRE GENLIS NYA 2,5 MM ROJO H07V-U ROLLO 25MT","ALAMBRE GENLIS NYA 2,5 MM BLANCO H07V-U ROLLO 25MT"
RENAC,148044,148045,5,7e-05,0.3846,0.2381,1395.934,"MDF FOLIO GUARD ROD 12MMX68MMX2,40MT  NATURE WHITE","MDF FOLIO JUNQ 1/4 ROD 18X18MMX2,4MT  NATURE WHITE"
RENAC,127367,127370,16,0.00021,0.64,0.4571,1393.701,"ALAMBRE GENLIS NYA 2,5 MM ROJO H07V-U ROLLO 25MT","ALAMBRE GENLIS NYA 2,5 MM BLANCO H07V-U ROLLO 25MT"
HUECH,133310,133325,5,5e-05,0.2632,0.2778,1392.792,MDF FOLIA JQUIL 1/4 RODON 18X18 NOSTALGIE TEAK,MDF FOLIA GPOLVO RODON 12X68 NOSTALGIE TEAK
RANCA,120138,123845,5,0.0001,0.3125,0.4545,1391.534,GOLILLA CORRIENTE 1/2 - 25 UNDS,TUERCA HEXAGONAL FERRO 1/2 13 HILOS 100 UNIDADES
MAIPU,79049,79061,13,0.00026,0.4815,0.7647,1391.255,CORREDERA DUCASSE D-5032     (EX D-52),GUIA DUCASSE AL D-52 X2.00
HUECH,128661,136422,7,7e-05,0.4667,0.2188,1389.31,TAPACANTO MELASEK BLCO ALTO BRILLO 23X1MM  RO25 MT,MDF MELASEK ALTO BRILLO BLANCO 18X2800X1220MM
HUECH,140614,140616,31,0.00033,0.5536,0.8158,1387.818,COPLA TUBO RIGIDO EMT 20MM,CURVA TUBO RIGIDO EMT 20MM
HUECH,127367,127373,17,0.00018,0.3778,0.6538,1384.221,"ALAMBRE GENLIS NYA 2,5 MM ROJO H07V-U ROLLO 25MT","ALAMBRE GENLIS NYA 2,5 MM VERDE H07V-U ROLLO 25MT"
TALCA,146564,146570,5,0.00013,0.2778,0.625,1379.931,TERMINAL HE FUSION PPR  20X1/2 CCS,TERMINAL HI FUSION PPR 20X1/2 CCS
SEREN,146646,146651,5,0.0001,0.3571,0.3846,1378.297,CODO PRESION 32 MM UNID,COPLA PRESION 32 MM UNID
PMONT,79049,79062,11,0.00017,0.5789,0.4074,1373.713,CORREDERA DUCASSE D-5032     (EX D-52),GUIA DUCASSE AL D-52 X3.00
PMONT,14070,14071,12,0.00019,0.3,0.8571,1372.821,CAMARA PARA CARRETILLA,NEUMATICO PANTANERO PARA CARRETILLA
SEREN,133305,133314,7,0.00014,0.4375,0.4375,1371.836,MDF FOLIA JUNQUILLO 1/4 RODON 18X18 OAK,"MDF FOLIA GUARDAPOLVO ROD 12MMX68MMX2,40MT OAK"
PMONT,100202,100266,8,0.00012,0.3636,0.4706,1370.374,CABLE EVA LIBRE HALOGENO H07Z1-K 1.5MM ROJO 100MT,CABLE EVA LIBRE HALOGENO H07Z1-K 2.5MM VERDE 100MT
CONCE,146525,146587,6,7e-05,0.12,0.75,1368.33,COPLA SIMPLE FUSION PPR 20MM CCS,UNION AMERICANA FUSION PPR 20MM CCS
RENAC,146959,146960,5,7e-05,0.5556,0.1613,1365.914,DADO MAGNETICO 3/8 (9.53MM) 5 UNIDADES  HEMIC,DADO MAGNETICO 5/16 (7.93MM) 10 UNIDADES HEMIC
RENAC,151509,151513,7,9e-05,0.3043,0.4118,1364.517,ADAPTADOR SIERRA COPA 14-30MM,SIERRA COPA BIMETAL 25MM BLISTER
RENAC,127370,127373,15,0.0002,0.4286,0.625,1361.036,"ALAMBRE GENLIS NYA 2,5 MM BLANCO H07V-U ROLLO 25MT","ALAMBRE GENLIS NYA 2,5 MM VERDE H07V-U ROLLO 25MT"
RENAC,140462,140464,6,8e-05,0.375,0.2857,1361.036,BROCHA CONDOR BLACK  5/8X2,BROCHA CONDOR BLACK  5/8X3
MAIPU,140883,140902,9,0.00018,0.36,0.6923,1360.302,CODO SO SO BRONCE 1/2 GAS,TERMINAL SO HI BRONCE 1/2 GAS
HUECH,120138,123845,5,5e-05,0.1852,0.3846,1357.08,GOLILLA CORRIENTE 1/2 - 25 UNDS,TUERCA HEXAGONAL FERRO 1/2 13 HILOS 100 UNIDADES
VESPU,120397,120398,20,0.00049,0.7692,0.8696,1356.254,LAVAMANOS CORONA ACUACER,PEDESTAL LAVAMANOS CORONA ACUACER
TALCA,133996,133997,5,0.00013,0.2381,0.7143,1351.769,BROCA FLECHA CERAMICA-AZULEJO 6MM BOSCH,BROCA FLECHA CERAMICA-AZULEJO 8MM BOSCH
SEREN,14070,14071,8,0.00016,0.2963,0.7273,1351.38,CAMARA PARA CARRETILLA,NEUMATICO PANTANERO PARA CARRETILLA
MAIPU,140883,140889,11,0.00022,0.44,0.6875,1350.855,CODO SO SO BRONCE 1/2 GAS,TEE SO (3) BRONCE 1/2 GAS
RANCA,127367,127370,11,0.00022,0.5238,0.5789,1350.381,"ALAMBRE GENLIS NYA 2,5 MM ROJO H07V-U ROLLO 25MT","ALAMBRE GENLIS NYA 2,5 MM BLANCO H07V-U ROLLO 25MT"
HUECH,100201,104736,21,0.00022,0.6364,0.4667,1347.21,CABLE EVA LIBRE HALOGENO H07Z1-K 1.5MM VERDE 100MT,CABLE EVA LIBRE HALOGENO H07Z1-K 1.5MM BLANCO 100M
RANCA,79049,79059,11,0.00022,0.44,0.6875,1347.005,CORREDERA DUCASSE D-5032     (EX D-52),RIEL DUCASSE ALUMINIO D-52 3.00MT
RENAC,146527,146534,6,8e-05,0.3529,0.3,1345.024,COPLA SIMPLE FUSION PPR 32MM CCS,CODO 90° FUSION PPR 32MM CCS
MAIPU,147684,147685,17,0.00035,0.7391,0.6296,1344.725,CABLE EVA LIBRE HALOGENO H07Z1-K 1.5MM BLANCO 25MT,CABLE EVA LIBRE HALOGENO H07Z1-K 1.5MM ROJO 25MT
SEREN,127918,127920,6,0.00012,0.375,0.4286,1343.839,RUEDA POLIPROPILENO 50MM SIN FRENO - 35KG KUTZ,RUEDA POLIPROPILENO BLANCA 50MM C/FRENO 35KG KUTZ
SEREN,128908,128909,6,0.00012,0.4286,0.375,1343.839,CORREDERA CAJON KHOR BLANCA SBP 300MM 25 SETS,CORREDERA CAJON KHOR BLANCA SBP 350MM  25 SETS
CONCE,142431,142435,6,7e-05,1.0,0.0882,1341.5,ABRAZADERA PVC SANITARIO GRIS 40MM,CODO PVC SANITARIO GRIS 40MM
RENAC,146566,146572,6,8e-05,0.3158,0.3333,1337.158,TERMINAL HE FUSION PPR 25X1/2 CCS,TERMINAL HI FUSION PPR 25X1/2 CCS
RENAC,147684,147686,8,0.0001,0.3333,0.4211,1337.158,CABLE EVA LIBRE HALOGENO H07Z1-K 1.5MM BLANCO 25MT,CABLE EVA LIBRE HALOGENO H07Z1-K 1.5MM VERDE 25MT
MAIPU,143801,146532,5,0.0001,0.625,0.2174,1334.837,ABRAZADERA AUTOLOCK PP-RCT BETA 20 MM,CODO 90° FUSION PPR 20MM CCS
PMONT,146526,146544,9,0.00014,0.375,0.5,1334.688,COPLA SIMPLE FUSION PPR 25MM CCS,TEE FUSION PPR 25MM CCS
PMONT,136537,136538,8,0.00012,0.6667,0.25,1334.687,LIJA BANDA 4 X 24 G60 MAD-MET PACK3 KLINGSPOR,LIJA BANDA 4 X 24 G80 MAD-MET PACK3 KLINGSPOR
MAIPU,140900,140902,6,0.00012,0.3529,0.4615,1333.629,CODO SO HE BRONCE 1/2 GAS,TERMINAL SO HI BRONCE 1/2 GAS
HUECH,146527,146545,8,8e-05,0.3077,0.3636,1332.406,COPLA SIMPLE FUSION PPR 32MM CCS,TEE FUSION PPR 32MM CCS
RENAC,139436,139439,6,8e-05,0.75,0.1395,1329.384,SOP DOBLE GUIA SUP 190MMX225MM HEAVY DUTY DUCASSE,GUIA 40MM X 60MM HEAVY DUTY DUCASSE
RANCA,127358,127361,21,0.00043,0.6774,0.84,1327.254,"ALAMBRE GENLIS NYA 1,5 MM ROJO H07V-U ROLLO 25MT","ALAMBRE GENLIS NYA 1,5 MM BLANCO H07V-U ROLLO 25MT"
RENAC,140614,140618,16,0.00021,0.5714,0.4848,1319.792,COPLA TUBO RIGIDO EMT 20MM,ABRAZADERA TUBO RIGIDO EMT 20MM
HUECH,125411,125416,7,7e-05,0.3182,0.3043,1317.923,ANGULO EXTERIOR  CANALETA 20 X 10 PACK 2UN,TAPA FINAL  CANALETA 20 X 10 PACK 2UN
RENAC,140612,140614,14,0.00018,0.4828,0.5,1314.103,TERMINAL TUBO RIGIDO EMT 20MM,COPLA TUBO RIGIDO EMT 20MM
MAIPU,79049,79058,13,0.00026,0.4815,0.7222,1313.963,CORREDERA DUCASSE D-5032     (EX D-52),RIEL DUCASSE ALUMINIO D-52 2.00MT
HUECH,144298,144764,6,6e-05,0.3158,0.2609,1308.014,MELAMINA TATAMI HI 18MM 1.83 X 2.50 VESTO,"TAPACANTO PVC TATAMI HI 22X0,4MM RO25MT"
SEREN,125412,125416,5,0.0001,0.2083,0.625,1306.51,ANGULO INTERIOR  CANALETA 20 X 10 PACK 2UN,TAPA FINAL  CANALETA 20 X 10 PACK 2UN
MAIPU,100199,100200,14,0.00029,0.6364,0.5833,1302.477,CABLE EVA LIBRE HALOGENO H07Z1-K 2.5MM BLANCO 100M,CABLE EVA LIBRE HALOGENO H07Z1-K 2.5MM ROJO 100MT
VESPU,134546,134552,5,0.00012,0.3846,0.4167,1299.744,DISCO LIJA P/PIEDRAS 125MM G180 PACK5 BOSCH,DISCO LIJA P/PIEDRAS 125MM G1200 PACK5 BOSCH
RENAC,146641,146642,6,8e-05,0.2727,0.375,1299.17,BUJE CORTO PRESION 40X32MM UN,BUJE CORTO PRESION 50X40MM UN
RANCA,142580,142584,10,0.0002,0.5556,0.4762,1295.82,CODO 90° FUSION PPR 25MM CCS,COPLA SIMPLE FUSION PPR 25MM CCS
HUECH,1849,1850,15,0.00016,0.3125,0.6522,1294.389,VIDRIO BLANCO PARA MASCARA SOLDAR,VIDRIO MASCARA SOLDAR NEGRO GRADO 10
TALCA,79049,79059,11,0.00028,0.4231,0.8462,1293.379,CORREDERA DUCASSE D-5032     (EX D-52),RIEL DUCASSE ALUMINIO D-52 3.00MT
HUECH,139408,16413,6,6e-05,0.3529,0.2308,1293.217,SOPORTE BARRA J CAFE BOLSA 10 UN.,BARRA CLOSET PLASTICA 1.5 MTS .CAFE UNID
MAIPU,100200,100266,12,0.00024,0.5,0.6316,1292.684,CABLE EVA LIBRE HALOGENO H07Z1-K 2.5MM ROJO 100MT,CABLE EVA LIBRE HALOGENO H07Z1-K 2.5MM VERDE 100MT
RANCA,3200,3217,7,0.00014,0.5,0.3684,1289.0,TEE PRESION 20MM,COPLA PRESION 20 MM     UNID
RENAC,147684,147685,17,0.00022,0.7083,0.4048,1285.423,CABLE EVA LIBRE HALOGENO H07Z1-K 1.5MM BLANCO 25MT,CABLE EVA LIBRE HALOGENO H07Z1-K 1.5MM ROJO 25MT
PMONT,85496,85500,8,0.00012,0.4211,0.381,1284.511,PILAR RANURADO DOBLE  96CM NEGRO DUCASSE,SOPORTE GRADUABLE DOBLE 22CM NEGRO DUCASSE
MAIPU,127903,127907,8,0.00016,0.4444,0.4706,1284.235,RUEDA POLIURETANO TRANS. 35MM SIN FRENO 30KG KUTZ,RUEDA POLIURETANO TRANS. 35MM CON FRENO 30KG KUTZ
MAIPU,146564,146570,8,0.00016,0.4444,0.4706,1284.235,TERMINAL HE FUSION PPR  20X1/2 CCS,TERMINAL HI FUSION PPR 20X1/2 CCS
VALPA,127019,127020,7,0.00026,1.0,0.3333,1279.762,ZINC  ACANALADO 0.35X3000MM ECO,ZINC  ACANALADO 0.35X3660MM ECO
CONCE,139747,141011,7,8e-05,0.7,0.14,1277.108,"TAPACANTO PVC AWOURA 19X1,5MM RO 100MT","TAPACANTO PVC ESPRESSO 22X0,45MM RO 50MT"
TALCA,146523,146533,5,0.00013,0.3846,0.4167,1273.782,TUBO FUSION PPR 25MM X 3MT PN-16,CODO 90° FUSION PPR 25MM CCS
TALCA,79049,79062,10,0.00025,0.3846,0.8333,1273.782,CORREDERA DUCASSE D-5032     (EX D-52),GUIA DUCASSE AL D-52 X3.00
RENAC,146510,146521,5,7e-05,0.25,0.3333,1270.3,TUBO CLASE 10 PRESION 50MM PARA CEMENTAR 1MT,UNION AMERICANA PRESION 50 MM UNID
RENAC,1849,1851,6,8e-05,0.1333,0.75,1270.3,VIDRIO BLANCO PARA MASCARA SOLDAR,VIDRIO MASCARA SOLDAR NEGRO GRADO 12
HUECH,123954,85501,5,5e-05,0.2,0.3333,1270.227,PILAR RANURADO DOBLE 192CM BLANCO DUCASSE,SOPORTE GRADUABLE DOBLE 27CM BLANCO DUCASSE
HUECH,100199,100266,20,0.00021,0.4,0.6667,1270.227,CABLE EVA LIBRE HALOGENO H07Z1-K 2.5MM BLANCO 100M,CABLE EVA LIBRE HALOGENO H07Z1-K 2.5MM VERDE 100MT
HUECH,146506,146520,7,7e-05,0.2,0.4667,1270.227,TUBO CLASE 10 PRESION 40MM PARA CEMENTAR 1MT,UNION AMERICANA PRESION 40 MM UNID
PMONT,139437,139439,11,0.00017,0.7333,0.2973,1269.757,SOP DOBLE GUIA SUP 60MMX150MM HEAVY DUTY DUCASSE,GUIA 40MM X 60MM HEAVY DUTY DUCASSE
RENAC,83275,83964,13,0.00017,0.2826,0.7647,1267.051,MOLDURA PVC 100 X 50 TIRA 2MT,TAPA FINAL CANALETA 100 X 50
MAIPU,120870,123573,26,0.00053,0.9286,0.7222,1267.036,TAZA WC A PISO 30 CM CORONA LAGUNA,ESTANQUE WC 6LT CORONA LAGUNA
CONCE,142579,142591,10,0.00011,0.2778,0.5,1266.972,CODO 90° FUSION PPR 20MM CCS,TEE FUSION PPR 20MM CCS
CONCE,144347,155073,7,8e-05,0.1667,0.5833,1266.972,CUBIERTA FINTOP 366X62X3CM CEMENTO-06F R°3,TAPACANTO CUBIERTA FINTOP 5ML CEMENTO-06F
CONCE,146532,155358,5,5e-05,0.0833,0.8333,1266.972,CODO 90° FUSION PPR 20MM CCS,LLAVE DE PASO MANILLA PLASTICA PP-RCT BETA 20 MM
SEREN,124586,4971,5,0.0001,0.2778,0.4545,1266.919,"GORRO VENTILACION 0,35MM X 4,5""","TUBO GALVANIZADO 0,8MM X 4.1/2 1MT"
PMONT,100200,100202,10,0.00016,0.4348,0.4545,1266.107,CABLE EVA LIBRE HALOGENO H07Z1-K 2.5MM ROJO 100MT,CABLE EVA LIBRE HALOGENO H07Z1-K 1.5MM ROJO 100MT
PMONT,100199,104736,9,0.00014,0.375,0.4737,1264.441,CABLE EVA LIBRE HALOGENO H07Z1-K 2.5MM BLANCO 100M,CABLE EVA LIBRE HALOGENO H07Z1-K 1.5MM BLANCO 100M
HUECH,15896,1849,14,0.00015,0.6364,0.2917,1263.009,VIDRIO MASCARA SOLDAR NEGRO GRADO 11,VIDRIO BLANCO PARA MASCARA SOLDAR
RENAC,11536,139403,8,0.0001,0.3478,0.381,1262.41,BARRA CLOSET PLASTICA 3MT.CAFE UNID,SOPORTE BARRA REDONDO CAFE BOLSA 10 UN.
TALCA,124611,8160,7,0.00018,0.4118,0.5385,1258.796,"CANAL CUADRADA GALV 0,35X300MMX2MT",GANCHO CANAL
TALCA,10758,1855,7,0.00018,0.4118,0.5385,1258.796,MANILLA UNIVERSAL PLASTICA BLANCA,FLAPPER CADENA PLASTICA FANALOZA
PMONT,79056,79063,11,0.00017,0.3143,0.6875,1258.42,CORREDERA DUCASSE DN-80   SR,RIEL DUCASSE U-21  X 2.0 P/DN-80  C/F
CONCE,141246,141247,5,5e-05,0.4545,0.1515,1256.501,BROCA CONCRETO 4X40X75 BLISTER UND BOSCH,BROCA CONCRETO 5X50X85 BLISTER UND BOSCH
HUECH,141645,141646,5,5e-05,0.2632,0.25,1253.513,BOTIN DE SEGURIDAD WORKER CAFÉ C/PLANT N°41 BATA,BOTIN DE SEGURIDAD WORKER CAFÉ C/PLANT N°42 BATA
RENAC,134563,134564,14,0.00018,0.3111,0.7368,1248.014,DISCO LIJA P/MADERAS 125MM G180 PACK5 BOSCH,DISCO LIJA P/MADERAS 125MM G240 PACK5 BOSCH
RENAC,115849,153006,5,7e-05,0.2778,0.2941,1245.392,MELAMINA GRIS HUMO 18MM 2.50 X 1.83 VESTO,"TAPACANTO PVC GRIS HUMO 22X1,5MM RO50MT"
RENAC,125713,83275,6,8e-05,0.75,0.1304,1242.685,MARCO PORTABASTIDOR EXTERNO CANALETA 100X50,MOLDURA PVC 100 X 50 TIRA 2MT
RANCA,4466,4468,7,0.00014,0.5833,0.3043,1242.297,ZINC ALUM ACANALADO 0.4X2500MM RECUB AZ-150,ZINC ALUM ACANALADO 0.4X3660MM RECUB AZ-150
TALCA,132693,136570,6,0.00015,1.0,0.1875,1241.938,"MELAMINA SAHARA NAT 15 X 1,83 X 2,50 MASISA","TAPACANTO PVC SAHARA 22X0,45MM RO 25MT"
VESPU,129824,129825,6,0.00015,0.4286,0.4286,1241.388,"LIJA BANDA 3 X 21""  G 80 MAD-MET PACK3 MAKITA","LIJA BANDA 3 X 21""  G 100 MAD-MET PACK3 MAKITA"
VALPA,125411,125412,6,0.00022,0.6,0.4615,1240.385,ANGULO EXTERIOR  CANALETA 20 X 10 PACK 2UN,ANGULO INTERIOR  CANALETA 20 X 10 PACK 2UN
RANCA,83298,94472,11,0.00022,0.3793,0.7333,1238.625,TAB. ESTRUCTURAL C 2X2X8X0.85X6MT 40X38,TAB. CANAL ESTRUCTURAL U 2X2X0.85X6MT 42X25
HUECH,125411,125412,12,0.00013,0.5455,0.2857,1237.234,ANGULO EXTERIOR  CANALETA 20 X 10 PACK 2UN,ANGULO INTERIOR  CANALETA 20 X 10 PACK 2UN
RANCA,146553,146570,6,0.00012,0.3529,0.4286,1234.84,BUJE RED FUSION PPR 25X20 CCS,TERMINAL HI FUSION PPR 20X1/2 CCS
RENAC,125417,83276,6,8e-05,0.8571,0.1132,1232.636,ANGULO EXTERIOR  CANALETA 40 X 16  PACK 2UN,MOLDURA PVC  40 X 16 TIRA 2MT
PMONT,134564,134565,12,0.00019,0.5,0.4615,1232.019,DISCO LIJA P/MADERAS 125MM G240 PACK5 BOSCH,DISCO LIJA P/MADERAS 125MM G320 PACK5 BOSCH
PMONT,125411,125412,12,0.00019,0.5,0.4615,1232.019,ANGULO EXTERIOR  CANALETA 20 X 10 PACK 2UN,ANGULO INTERIOR  CANALETA 20 X 10 PACK 2UN
SEREN,146482,146705,5,0.0001,0.2941,0.4167,1229.657,TEE PRESION 20MM,CODO HI PRESION 20X1/2     UNID
HUECH,125412,125414,13,0.00014,0.3095,0.5417,1228.642,ANGULO INTERIOR  CANALETA 20 X 10 PACK 2UN,COPLA PLANA  CANALETA 20 X 10 PACK 2UN
CONCE,142591,142606,7,8e-05,0.35,0.2692,1227.988,TEE FUSION PPR 20MM CCS,TUBO FUSION PPR 20MM X 3MT PN-16
HUECH,127358,127361,32,0.00034,0.6038,0.6809,1223.823,"ALAMBRE GENLIS NYA 1,5 MM ROJO H07V-U ROLLO 25MT","ALAMBRE GENLIS NYA 1,5 MM BLANCO H07V-U ROLLO 25MT"
RENAC,143183,143185,6,8e-05,0.3529,0.2727,1222.749,INTERRUPTOR EMB SIMPLE 9/12 10A BLANCO LUZICA BTIC,INTERRUPTOR EMB TRIPLE 9/32 10A BLANCO LUZICA BTIC
PMONT,125413,125416,6,9e-05,0.1714,0.6667,1220.286,ANGULO PLANO  CANALETA 20 X 10 PACK 2UN,TAPA FINAL  CANALETA 20 X 10 PACK 2UN
RENAC,140612,140616,13,0.00017,0.4483,0.4643,1220.239,TERMINAL TUBO RIGIDO EMT 20MM,CURVA TUBO RIGIDO EMT 20MM
SEREN,128661,136422,7,0.00014,0.4375,0.3889,1219.41,TAPACANTO MELASEK BLCO ALTO BRILLO 23X1MM  RO25 MT,MDF MELASEK ALTO BRILLO BLANCO 18X2800X1220MM
PMONT,142437,142444,7,0.00011,0.3043,0.4375,1218.628,CODO PVC SANITARIO GRIS 75MM,CURVA PVC SANITARIO GRIS 75MM
HUECH,129828,129830,5,5e-05,0.2174,0.2941,1218.248,"LIJA BANDA 4 X  24""  G 60 MAD-MET PACK3 MAKITA","LIJA BANDA 4 X  24""  G 100 MAD-MET PACK3 MAKITA"
PMONT,146533,146544,13,0.0002,0.3421,0.7222,1217.61,CODO 90° FUSION PPR 25MM CCS,TEE FUSION PPR 25MM CCS
TALCA,100661,92282,6,0.00015,0.8571,0.2143,1216.592,ESQUINERO EXT/INT P25 MARRON,ABRAZADERA TUBO 80 (10) P25 MARRON
CONCE,126539,145302,5,5e-05,0.3333,0.2,1216.293,CONECTOR GOLA SUP ESQUINA INTERNA - KUTZ,CONECTOR GOLA SAMBEAT SET KUTZ
PMONT,100199,100202,10,0.00016,0.4167,0.4545,1213.352,CABLE EVA LIBRE HALOGENO H07Z1-K 2.5MM BLANCO 100M,CABLE EVA LIBRE HALOGENO H07Z1-K 1.5MM ROJO 100MT
PMONT,152638,152644,5,8e-05,0.4545,0.2083,1213.352,TUBO PVC GRIS 40 MM X 6MTS,TUBO PVC GRIS 110 MM X 6MTS
MAIPU,79049,79059,8,0.00016,0.2963,0.6667,1212.889,CORREDERA DUCASSE D-5032     (EX D-52),RIEL DUCASSE ALUMINIO D-52 3.00MT
CONCE,154733,154748,15,0.00016,0.3846,0.5172,1209.841,FUENTE ALIMEN. SWITCHING ULTRA SLIM 24V 72W 3A-INT,CINTA COB 24V 10W/M BCO CAL. 1100LM/M 480LED/M 5M
RENAC,147679,147680,12,0.00016,0.3333,0.5714,1209.81,CABLE EVA LIBRE HALOGENO H07Z1-K 2.5MM ROJO 25MT,CABLE EVA LIBRE HALOGENO H07Z1-K 2.5MM VERDE 25MT
MAIPU,146482,146644,8,0.00016,0.6154,0.32,1209.157,TEE PRESION 20MM,CODO PRESION 20 MM     UNID
MAIPU,127918,127920,7,0.00014,0.3684,0.4667,1206.505,RUEDA POLIPROPILENO 50MM SIN FRENO - 35KG KUTZ,RUEDA POLIPROPILENO BLANCA 50MM C/FRENO 35KG KUTZ
SEREN,146593,152640,5,0.0001,0.1923,0.625,1206.01,COPLA PVC SANITARIO GRIS 75MM,TUBO PVC GRIS 75 MM X 1MT
RENAC,120137,139377,8,0.0001,0.1739,0.7273,1205.028,GOLILLA CORRIENTE 3/8 - 50 UNDS,PERNO HEXAGONAL 3/8 X 1 BOLSA 20 UN.
TALCA,146577,146581,5,0.00013,0.4545,0.3333,1204.303,CODO 90 TRANS HE FUSION PPR 20X1/2 CCS,CODO 90 TRANS HI FUSION PPR 20X1/2 CCS
TALCA,79049,79058,11,0.00028,0.4231,0.7857,1200.995,CORREDERA DUCASSE D-5032     (EX D-52),RIEL DUCASSE ALUMINIO D-52 2.00MT
CONCE,25624,25625,10,0.00011,0.5263,0.25,1200.289,"AUTOMATICO MONOFASICO 10A LEXO 6KA ""C""","AUTOMATICO MONOFASICO 16A LEXO 6KA ""C"""
VESPU,128910,130510,5,0.00012,0.3846,0.3846,1199.763,CORREDERA CAJON KHOR BLANCA SBP 400MM 25 SETS,BISAG. 35  RECTA - 200UNDS  KHOR
HUECH,154727,154729,37,0.00039,0.5781,0.8043,1197.309,MINI SMART SWITCH 90-250VAC 50-60HZ 10A MAX 2.4GHZ,TECLA INALAMBRICA RF/ 2 EFECTOS SMART HOUSE BLANCO
RENAC,140612,140618,15,0.0002,0.5172,0.4545,1194.639,TERMINAL TUBO RIGIDO EMT 20MM,ABRAZADERA TUBO RIGIDO EMT 20MM
SEREN,146644,146717,5,0.0001,0.3571,0.3333,1194.524,CODO PRESION 20 MM     UNID,TERMINAL HI PRESION 20X1/2 UNID
RENAC,127903,127907,9,0.00012,0.3913,0.36,1192.977,RUEDA POLIURETANO TRANS. 35MM SIN FRENO 30KG KUTZ,RUEDA POLIURETANO TRANS. 35MM CON FRENO 30KG KUTZ
TALCA,142579,142591,9,0.00023,0.45,0.6,1192.26,CODO 90° FUSION PPR 20MM CCS,TEE FUSION PPR 20MM CCS
RENAC,6039,9279,5,7e-05,0.3125,0.25,1190.906,COPLA SO SO BRONCE 3/4,CODO SO SO BRONCE 3/4
HUECH,79049,79061,24,0.00025,0.4,0.75,1190.838,CORREDERA DUCASSE D-5032     (EX D-52),GUIA DUCASSE AL D-52 X2.00
RANCA,125412,125413,6,0.00012,0.4615,0.3158,1189.846,ANGULO INTERIOR  CANALETA 20 X 10 PACK 2UN,ANGULO PLANO  CANALETA 20 X 10 PACK 2UN
RENAC,127918,127920,8,0.0001,0.4211,0.2963,1188.585,RUEDA POLIPROPILENO 50MM SIN FRENO - 35KG KUTZ,RUEDA POLIPROPILENO BLANCA 50MM C/FRENO 35KG KUTZ
TALCA,120870,123573,22,0.00055,0.9565,0.6875,1187.94,TAZA WC A PISO 30 CM CORONA LAGUNA,ESTANQUE WC 6LT CORONA LAGUNA
RANCA,736,738,12,0.00024,0.8,0.3636,1187.442,MASILLA MAGICA MARSON LIVIANA S/CATAL 700M,ENDURECEDOR MARSO CREMA 28GR
VESPU,146522,146570,5,0.00012,0.2632,0.5556,1185.731,TUBO FUSION PPR 20MM X 3MT PN-16,TERMINAL HI FUSION PPR 20X1/2 CCS
RENAC,3822,3824,14,0.00018,0.28,0.7778,1185.613,CUBIERTA 60X60 AR,MARCO 60X60 AR
RENAC,147678,147679,14,0.00018,0.56,0.3889,1185.613,CABLE EVA LIBRE HALOGENO H07Z1-K 2.5MM BLANCO 25MT,CABLE EVA LIBRE HALOGENO H07Z1-K 2.5MM ROJO 25MT
HUECH,100200,100266,19,0.0002,0.3725,0.6333,1183.054,CABLE EVA LIBRE HALOGENO H07Z1-K 2.5MM ROJO 100MT,CABLE EVA LIBRE HALOGENO H07Z1-K 2.5MM VERDE 100MT
TALCA,100646,79372,5,0.00013,0.4167,0.3571,1182.798,CODO 87.5º M - H (10) P25 BLANCO,COPLA BAJADA 80MM (10) P25 BLANCO
CONCE,142572,142579,7,8e-05,0.4667,0.1944,1182.507,CODO 90 TRANS HE FUSION PPR 20X1/2 CCS,CODO 90° FUSION PPR 20MM CCS
HUECH,115699,153030,6,6e-05,0.1364,0.5455,1180.996,MELAMINA ROBLE PROVENZAL 18MM 1.83 X 2.50 VESTO,"TAPACANTO PVC ROBLE PROVENZAL 22X1,5MM RO50MT"
MAIPU,140889,140902,5,0.0001,0.3125,0.3846,1180.817,TEE SO (3) BRONCE 1/2 GAS,TERMINAL SO HI BRONCE 1/2 GAS
PMONT,33315,9194,7,0.00011,0.3684,0.35,1180.145,CODO SO SO COBRE 1/2,COPLA SO SOCOBRE 1/2
RENAC,147677,147683,5,7e-05,0.2632,0.2941,1179.845,CABLE EVA LIBRE HALOGENO H07Z1-K 1.5MM ROJO 50MT,CABLE EVA LIBRE HALOGENO H07Z1-K 1.5MM VERDE 50MT
PMONT,147684,147685,17,0.00027,0.68,0.4595,1177.411,CABLE EVA LIBRE HALOGENO H07Z1-K 1.5MM BLANCO 25MT,CABLE EVA LIBRE HALOGENO H07Z1-K 1.5MM ROJO 25MT
RANCA,79049,79058,6,0.00012,0.24,0.6,1175.568,CORREDERA DUCASSE D-5032     (EX D-52),RIEL DUCASSE ALUMINIO D-52 2.00MT
PMONT,127903,127907,10,0.00016,0.3846,0.4762,1173.352,RUEDA POLIURETANO TRANS. 35MM SIN FRENO 30KG KUTZ,RUEDA POLIURETANO TRANS. 35MM CON FRENO 30KG KUTZ
HUECH,9244,9245,8,8e-05,0.16,0.6154,1172.517,TAPAGORRO SO COBRE 1/2,TAPAGORRO SO COBRE 3/4
RENAC,11571,4491,7,9e-05,0.1842,0.5833,1170.013,TUERCA COCINA  1/4 HEXAGONAL 100 UNIDADES,PERNO COCHE 1/4 X 1.1/2 - 100UNDS
MAIPU,142444,152688,5,0.0001,0.2381,0.5,1169.571,CURVA PVC SANITARIO GRIS 75MM,TUBO PVC DRENAJE 75 MM X6000MM NEGRO SC
CONCE,142579,142606,12,0.00013,0.3333,0.4615,1169.513,CODO 90° FUSION PPR 20MM CCS,TUBO FUSION PPR 20MM X 3MT PN-16
CONCE,125415,125416,5,5e-05,0.1923,0.3333,1169.513,DERIVACION T  CANALETA 20 X 10 PACK 2UN,TAPA FINAL  CANALETA 20 X 10 PACK 2UN
CONCE,732,738,11,0.00012,0.8462,0.1667,1169.513,MASILLA MAGICA MARSON TRADICIONAL S/CATAL 700M,ENDURECEDOR MARSO CREMA 28GR
CONCE,154916,154917,6,7e-05,0.3333,0.2308,1169.513,DISCO MALLA VELCRO GRANO 100 / 10 UNIDADES HEMIC,DISCO MALLA VELCRO GRANO 120 / 10 UNIDADES HEMIC
TALCA,138893,145289,8,0.0002,0.4706,0.5,1168.882,MELAMINA LINO CHIARO 18MM 1.83 X 2.50 VESTO,"TAPACANTO PVC LINO CHIARO 22X0,4MM RO25MT"
RENAC,24119,80727,9,0.00012,0.75,0.1837,1166.602,REVESTIMIENTO DVP 3.8 MTS. X 0.20 MTS. BLANCO TIRA,PERFIL J  RIGIDO DVP BLANCO 3.8 MTS.L
CONCE,31029,33315,10,0.00011,0.5882,0.2174,1166.522,TEE SO (3) COBRE 1/2,CODO SO SO COBRE 1/2
RANCA,146564,146570,7,0.00014,0.3333,0.5,1166.238,TERMINAL HE FUSION PPR  20X1/2 CCS,TERMINAL HI FUSION PPR 20X1/2 CCS
RENAC,737,739,13,0.00017,0.3514,0.5652,1164.317,MASILLA MAGICA MARSON LIVIANA S/CATAL 350M,ENDURECEDOR MARSO CREMA 14GR
RENAC,154734,154747,8,0.0001,0.32,0.381,1161.417,"FUENTE  ALIMEN.SWITCHING PEQUEÑA 24V 108W 4,5A INT",CINTA COB 24V 10W/M BCO NEUT.1100LM/M 480LED/M 5M
SEREN,125412,125415,5,0.0001,0.2083,0.5556,1161.343,ANGULO INTERIOR  CANALETA 20 X 10 PACK 2UN,DERIVACION T  CANALETA 20 X 10 PACK 2UN
SEREN,79049,79061,5,0.0001,0.2778,0.4167,1161.343,CORREDERA DUCASSE D-5032     (EX D-52),GUIA DUCASSE AL D-52 X2.00
CONCE,142437,142465,6,7e-05,0.1017,0.75,1159.602,CODO PVC SANITARIO GRIS 75MM,TEE PVC SANITARIO GRIS 75X75MM
CONCE,125411,125414,7,8e-05,0.2414,0.3684,1158.9,ANGULO EXTERIOR  CANALETA 20 X 10 PACK 2UN,COPLA PLANA  CANALETA 20 X 10 PACK 2UN
MAIPU,79049,79062,7,0.00014,0.2593,0.6364,1157.758,CORREDERA DUCASSE D-5032     (EX D-52),GUIA DUCASSE AL D-52 X3.00
CONCE,154723,154725,7,8e-05,0.3043,0.2917,1156.801,BARRA RIGIDA 220V 7W BL/FRIO 630LM / 72 LEDS 80CM,BARRA RIGIDA 220V 14W FRIO 1260LM / 144 LEDS 1.2M
CONCE,139405,16413,7,8e-05,0.3043,0.2917,1156.801,SOPORTE BARRA U CAFÉ BOLSA 10 UN.,BARRA CLOSET PLASTICA 1.5 MTS .CAFE UNID
RENAC,140616,140618,14,0.00018,0.5,0.4242,1154.818,CURVA TUBO RIGIDO EMT 20MM,ABRAZADERA TUBO RIGIDO EMT 20MM
HUECH,151888,151889,6,6e-05,0.1818,0.4,1154.752,"ELECTRODO 7018 3/32"" BOLSA 1KG KRAFTER","ELECTRODO 7018 1/8"" BOLSA 1KG KRAFTER"
HUECH,146520,146652,6,6e-05,0.4,0.1818,1154.752,UNION AMERICANA PRESION 40 MM UNID,COPLA PRESION 40 MM     UNID
RANCA,140883,140889,7,0.00014,0.2593,0.6364,1154.458,CODO SO SO BRONCE 1/2 GAS,TEE SO (3) BRONCE 1/2 GAS
PMONT,1849,1850,12,0.00019,0.4138,0.5217,1152.594,VIDRIO BLANCO PARA MASCARA SOLDAR,VIDRIO MASCARA SOLDAR NEGRO GRADO 10
TALCA,79056,79063,6,0.00015,0.2609,0.6667,1151.942,CORREDERA DUCASSE DN-80   SR,RIEL DUCASSE U-21  X 2.0 P/DN-80  C/F
MAIPU,140884,140902,7,0.00014,0.3043,0.5385,1150.013,TERMINAL SO HE BRONCE 1/2 GAS,TERMINAL SO HI BRONCE 1/2 GAS
CONCE,3514,98675,6,7e-05,0.3529,0.2143,1149.857,HEMBRA VOLANTE 10A 2P+T BLANCA HALUX,MACHO VOLANTE 10A 2P+T RECTO BLANCO HALUX
HUECH,146545,146555,9,9e-05,0.4091,0.2647,1146.261,TEE FUSION PPR 32MM CCS,BUJE RED FUSION PPR 32X25 CCS
CONCE,152742,153610,7,8e-05,0.2,0.4375,1140.275,"MELAMINA ARCILLA 18MM 1,83 X 2,50 VESTO","TAPACANTO PVC ARCILLA 22X0,45MM RO25MT"
CONCE,142462,142481,5,5e-05,0.2,0.3125,1140.275,TEE PVC SANITARIO GRIS 50X50MM,VEE PVC SANITARIO GRIS 110X50MM
CONCE,125411,125412,13,0.00014,0.4483,0.3611,1135.906,ANGULO EXTERIOR  CANALETA 20 X 10 PACK 2UN,ANGULO INTERIOR  CANALETA 20 X 10 PACK 2UN
HUECH,112623,97590,12,0.00013,0.6316,0.2264,1135.257,TAPA SALIDA SET CANALETA PEATONAL CON REILLA GALVA,SET CANALETA PEATONAL CON REJILLA GALVANIZADA
HUECH,126301,126304,5,5e-05,0.1667,0.3571,1134.131,GRAPA CALIBRE 18-30MM CAJA 5.000 UNIDADES,GRAPA CALIBRE 18-40MM CAJA 5.000 UNIDADES
HUECH,140968,4972,6,6e-05,0.4286,0.1667,1134.131,"CODO GALVANIZADO 45° 0,35MM X 5","TUBO GALVANIZADO 0,8MM X 5 1MT"
HUECH,123837,137221,5,5e-05,0.2381,0.25,1134.131,TUERCA HEXAGONAL FERRO 5/16 100 UNIDADES,ESPARRAGO FIERRO NEGRO 5/16-18 X 1000MM    
RANCA,5548,5554,5,0.0001,0.625,0.1852,1133.843,LIJA AGUA GRANO 240 PLIEGO,LIJA AGUA GRANO 600 PLIEGO
CONCE,737,739,8,9e-05,0.2857,0.3478,1133.193,MASILLA MAGICA MARSON LIVIANA S/CATAL 350M,ENDURECEDOR MARSO CREMA 14GR
MAIPU,146532,146570,9,0.00018,0.3913,0.5294,1130.685,CODO 90° FUSION PPR 20MM CCS,TERMINAL HI FUSION PPR 20X1/2 CCS
HUECH,129827,129828,6,6e-05,0.2727,0.2609,1129.648,"LIJA BANDA 4 X  24"" G 40 MAD-MET PACK3 MAKITA","LIJA BANDA 4 X  24""  G 60 MAD-MET PACK3 MAKITA"
RENAC,146510,146653,8,0.0001,0.4,0.2963,1129.156,TUBO CLASE 10 PRESION 50MM PARA CEMENTAR 1MT,COPLA PRESION 50 MM UNID
RENAC,120397,120870,6,8e-05,0.2069,0.4286,1126.374,LAVAMANOS CORONA ACUACER,TAZA WC A PISO 30 CM CORONA LAGUNA
TALCA,130033,130034,7,0.00018,0.5385,0.3684,1126.291,DISCO LIJA MADERA/PINTURA 115MM G80 PACK 10 BOSCH,DISCO LIJA MADERA/PINTURA 115MM G120 PACK 10 BOSCH
RENAC,146524,146527,5,7e-05,0.25,0.2941,1120.853,TUBO FUSION PPR 32MM X 3MT PN-16,COPLA SIMPLE FUSION PPR 32MM CCS
HUECH,100202,104736,27,0.00028,0.5294,0.6,1120.788,CABLE EVA LIBRE HALOGENO H07Z1-K 1.5MM ROJO 100MT,CABLE EVA LIBRE HALOGENO H07Z1-K 1.5MM BLANCO 100M
HUECH,100199,100200,30,0.00031,0.6,0.5882,1120.788,CABLE EVA LIBRE HALOGENO H07Z1-K 2.5MM BLANCO 100M,CABLE EVA LIBRE HALOGENO H07Z1-K 2.5MM ROJO 100MT
PMONT,142584,142592,5,8e-05,0.2273,0.3846,1120.017,COPLA SIMPLE FUSION PPR 25MM CCS,TEE FUSION PPR 25MM CCS
PMONT,142580,142592,5,8e-05,0.2273,0.3846,1120.017,CODO 90° FUSION PPR 25MM CCS,TEE FUSION PPR 25MM CCS
SEREN,144347,144352,5,0.0001,0.1562,0.7143,1119.866,CUBIERTA FINTOP 366X62X3CM CEMENTO-06F R°3,TAPACANTO CUBIERTA FINTOP 10ML CEMENTO-06F
VALPA,152741,153610,6,0.00022,0.5,0.5,1119.792,"MELAMINA ARCILLA 15MM 1,83 X 2,50 VESTO","TAPACANTO PVC ARCILLA 22X0,45MM RO25MT"
HUECH,79049,79058,26,0.00027,0.4333,0.7027,1115.74,CORREDERA DUCASSE D-5032     (EX D-52),RIEL DUCASSE ALUMINIO D-52 2.00MT
SEREN,125413,125415,6,0.00012,0.2,0.6667,1114.889,ANGULO PLANO  CANALETA 20 X 10 PACK 2UN,DERIVACION T  CANALETA 20 X 10 PACK 2UN
HUECH,144306,144763,6,6e-05,0.3158,0.2222,1114.234,MELAMINA JAVA SW 18MM 1.83 X 2.50 VESTO,"TAPACANTO PVC JAVA SW 22X0,4MM RO25MT"
VESPU,129824,129826,5,0.00012,0.3571,0.3846,1114.066,"LIJA BANDA 3 X 21""  G 80 MAD-MET PACK3 MAKITA","LIJA BANDA 3 X 21""  G 120 MAD-MET PACK3 MAKITA"
HUECH,127905,127909,28,0.00029,0.549,0.5957,1112.839,RUEDA POLIURETANO TRANS. 75MM SIN FRENO 64KG,RUEDA POLIURETANO TRANS. 75MM CON FRENO 64KG
PMONT,125418,83276,5,8e-05,0.8333,0.1042,1112.24,ANGULO INTERIOR  CANALETA 40 X 16  PACK 2UN,MOLDURA PVC  40 X 16 TIRA 2MT
PMONT,126535,143099,5,8e-05,0.2941,0.2941,1108.391,MANILLA GOLA MEDIA C ALUMINIO  3MTS KUTZ,CONECTOR GOLA TRASERO C/TORN BOLSA 4 UNDS - KUTZ
RANCA,149407,149583,10,0.0002,0.5882,0.3846,1108.19,"MELAMINA TUAREG VV 15MM 1,83 X 2,50 VESTO","TAPACANTO PVC TUAREG 22X0,45MM RO 25 MT"
MAIPU,138892,145289,6,0.00012,0.4286,0.3158,1108.015,MELAMINA LINO CHIARO 15MM 1.83 X 2.50 VESTO,"TAPACANTO PVC LINO CHIARO 22X0,4MM RO25MT"
CONCE,125414,125415,6,7e-05,0.3158,0.2308,1107.96,COPLA PLANA  CANALETA 20 X 10 PACK 2UN,DERIVACION T  CANALETA 20 X 10 PACK 2UN
RENAC,1849,1850,17,0.00022,0.3778,0.6538,1107.441,VIDRIO BLANCO PARA MASCARA SOLDAR,VIDRIO MASCARA SOLDAR NEGRO GRADO 10
HUECH,83961,83964,8,8e-05,0.6154,0.1509,1106.148,ANGULO INTERIOR CANALETA 100 X 50,TAPA FINAL CANALETA 100 X 50
RENAC,120137,123844,12,0.00016,0.2609,0.6667,1104.609,GOLILLA CORRIENTE 3/8 - 50 UNDS,TUERCA HEXAGONAL FERRO 3/8 100 UNIDADES
TALCA,109328,109343,5,0.00013,0.25,0.5556,1103.944,CORCHETE STANLEY TRAB LIV 5/16 TRA205T TR45 1000U,CORCHETERA STANLEY TR45 TRABAJO LIVIANO
RENAC,140610,140614,15,0.0002,0.4054,0.5357,1103.542,TUBO METÁLICO RÍGIDO EMT 20MM 3MT,COPLA TUBO RIGIDO EMT 20MM
HUECH,102166,102169,5,5e-05,0.2778,0.2083,1102.627,BOTA BATA PVC NEGRA 892-6064 Nº 39,BOTA BATA PVC NEGRA 892-6064 Nº 40
PMONT,146597,146635,7,0.00011,0.1892,0.6364,1101.855,CURVA PVC SANITARIO GRIS 75MM,VEE PVC SANITARIO GRIS 75X75MM
TALCA,142437,152688,7,0.00018,0.3043,0.6364,1099.581,CODO PVC SANITARIO GRIS 75MM,TUBO PVC DRENAJE 75 MM X6000MM NEGRO SC
HUECH,111200,113661,6,6e-05,0.2308,0.3,1099.235,MELAMINA VISON 18MM 1.83 X 2.50 MASISA,MELAMINA VISON 15MM 1.83 X 2.50 MASISA
CONCE,142579,142583,13,0.00014,0.3611,0.4333,1098.043,CODO 90° FUSION PPR 20MM CCS,COPLA SIMPLE FUSION PPR 20MM CCS
SEREN,16417,25632,14,0.00028,0.4375,0.7,1097.469,TABIGAL CANAL ECONOMICA 39X20X0.5X3.0MT,TAB. MONTANTE ECONOMICO 38X38X6X0.5X2.4MT
CONCE,127904,127908,21,0.00023,0.5526,0.4565,1095.916,RUEDA POLIURETANO TRANS. 50MM SIN FRENO 40KG,RUEDA POLIURETANO TRANS. 50MM CON FRENO 40KG KUTZ
RANCA,148338,148342,5,0.0001,0.625,0.1786,1093.348,MELAMINA MDP VALLE NM 15MM 1.83X2.50 MASISA,MELAMINA MDP VERDE GLACIAR B 15MM 1.83X2.50 MASISA
PMONT,11571,120135,6,9e-05,0.2727,0.375,1092.017,TUERCA COCINA  1/4 HEXAGONAL 100 UNIDADES,GOLILLA CORRIENTE 1/4 - 50 UNDS
TALCA,146515,146644,5,0.00013,0.7143,0.1923,1091.813,TUBO CLASE 16 PRESION 20MM PARA CEMENTAR 1MT,CODO PRESION 20 MM     UNID
TALCA,79049,79061,10,0.00025,0.3846,0.7143,1091.813,CORREDERA DUCASSE D-5032     (EX D-52),GUIA DUCASSE AL D-52 X2.00
MAIPU,125412,125415,6,0.00012,0.3333,0.4,1091.6,ANGULO INTERIOR  CANALETA 20 X 10 PACK 2UN,DERIVACION T  CANALETA 20 X 10 PACK 2UN
MAIPU,146976,146977,6,0.00012,0.4,0.3333,1091.6,DISCO LIJA VELCRO 125MM G240 PACK 10 HEMIC,DISCO LIJA VELCRO 125MM G320 PACK 10 HEMIC
CONCE,125411,125415,9,0.0001,0.3103,0.3462,1088.857,ANGULO EXTERIOR  CANALETA 20 X 10 PACK 2UN,DERIVACION T  CANALETA 20 X 10 PACK 2UN
RANCA,79049,79061,5,0.0001,0.2,0.5556,1088.489,CORREDERA DUCASSE D-5032     (EX D-52),GUIA DUCASSE AL D-52 X2.00
CONCE,144351,155072,10,0.00011,0.1667,0.7143,1085.976,CUBIERTA FINTOP 366X62X3CM LUNA NUEVA44V R3,TAPACANTO CUBIERTA FINTOP 5ML LUNA NUEVA44V
HUECH,124354,146745,8,8e-05,0.2051,0.4444,1085.664,TUBO CONDUIT PVC  32MM  TIRA 3MT,CURVA CONDUIT 90º 32MM HOFF
CONCE,3200,3252,19,0.00021,0.4634,0.4872,1083.939,TEE PRESION 20MM,TERMINAL HI PRESION 20X1/2 UNID
TALCA,6329,84227,6,0.00015,0.3,0.5455,1083.873,CORREDERA DUCASSE COLGANTE D-100    100KG (SET),RIEL COLGANTE U 29 N 600 (DN80-D100)
TALCA,140883,140884,9,0.00023,0.4091,0.6,1083.873,CODO SO SO BRONCE 1/2 GAS,TERMINAL SO HE BRONCE 1/2 GAS
HUECH,125411,125414,6,6e-05,0.2727,0.25,1082.58,ANGULO EXTERIOR  CANALETA 20 X 10 PACK 2UN,COPLA PLANA  CANALETA 20 X 10 PACK 2UN
RENAC,15896,1849,7,9e-05,0.6364,0.1556,1077.83,VIDRIO MASCARA SOLDAR NEGRO GRADO 11,VIDRIO BLANCO PARA MASCARA SOLDAR
HUECH,130996,148333,5,5e-05,0.1923,0.2941,1077.681,"TAPACANTO PVC TECA LIMO 22X0,45MM RO 25MT","MELAMINA MDP TECA LIMO SW  15MM 1,83X2,50 MASISA"
MAIPU,136503,9252,5,0.0001,0.4167,0.2632,1077.237,SOLDADURA PLATA INDEPP 5% 2 BARRAS,ABRAZADERA COBRE 1/2
PMONT,146482,146705,12,0.00019,0.3529,0.5714,1076.723,TEE PRESION 20MM,CODO HI PRESION 20X1/2     UNID
RENAC,129828,129830,8,0.0001,0.2963,0.381,1075.386,"LIJA BANDA 4 X  24""  G 60 MAD-MET PACK3 MAKITA","LIJA BANDA 4 X  24""  G 100 MAD-MET PACK3 MAKITA"
PMONT,736,738,11,0.00017,0.6875,0.2683,1074.261,MASILLA MAGICA MARSON LIVIANA S/CATAL 700M,ENDURECEDOR MARSO CREMA 28GR
HUECH,146524,146527,12,0.00013,0.2927,0.4615,1072.424,TUBO FUSION PPR 32MM X 3MT PN-16,COPLA SIMPLE FUSION PPR 32MM CCS
MAIPU,146644,146649,6,0.00012,0.24,0.5455,1071.753,CODO PRESION 20 MM     UNID,COPLA PRESION 20 MM     UNID
SEREN,732,738,11,0.00022,0.9167,0.2558,1069.516,MASILLA MAGICA MARSON TRADICIONAL S/CATAL 700M,ENDURECEDOR MARSO CREMA 28GR
RANCA,127361,127364,6,0.00012,0.24,0.5455,1068.698,"ALAMBRE GENLIS NYA 1,5 MM BLANCO H07V-U ROLLO 25MT","ALAMBRE GENLIS NYA 1,5 MM VERDE H07V-U ROLLO 25MT"
MAIPU,140884,140889,8,0.00016,0.3478,0.5,1067.87,TERMINAL SO HE BRONCE 1/2 GAS,TEE SO (3) BRONCE 1/2 GAS
MAIPU,79056,79063,5,0.0001,0.2174,0.5,1067.87,CORREDERA DUCASSE DN-80   SR,RIEL DUCASSE U-21  X 2.0 P/DN-80  C/F
MAIPU,146522,146532,17,0.00035,0.5,0.7391,1067.87,TUBO FUSION PPR 20MM X 3MT PN-16,CODO 90° FUSION PPR 20MM CCS
MAIPU,147684,147686,6,0.00012,0.2609,0.5,1067.87,CABLE EVA LIBRE HALOGENO H07Z1-K 1.5MM BLANCO 25MT,CABLE EVA LIBRE HALOGENO H07Z1-K 1.5MM VERDE 25MT
PMONT,127911,13965,6,9e-05,0.6,0.1667,1067.75,RUEDA POLIPROPILENO NEGRA 40MM SIN FRENO 25KG KUTZ,RUEDA GOMA GIRATORIA ZINC C/PLACA.40MM UNID
PMONT,154730,154745,9,0.00014,0.45,0.3333,1067.75,"FUENTE SUPER SLIM  150W-12V/180-264VAC/150W-12,5AM",CINTA LED 12V 12W/M BLCO CALIDO 60 LEDS/M-5M-SEC
PMONT,125411,125414,6,9e-05,0.25,0.4,1067.75,ANGULO EXTERIOR  CANALETA 20 X 10 PACK 2UN,COPLA PLANA  CANALETA 20 X 10 PACK 2UN
VESPU,120870,123573,15,0.00037,0.7895,0.5,1067.158,TAZA WC A PISO 30 CM CORONA LAGUNA,ESTANQUE WC 6LT CORONA LAGUNA
VESPU,146522,146532,9,0.00022,0.4737,0.5,1067.158,TUBO FUSION PPR 20MM X 3MT PN-16,CODO 90° FUSION PPR 20MM CCS
CONCE,125412,125414,8,9e-05,0.2222,0.4211,1066.924,ANGULO INTERIOR  CANALETA 20 X 10 PACK 2UN,COPLA PLANA  CANALETA 20 X 10 PACK 2UN
HUECH,127361,127364,10,0.0001,0.2128,0.5263,1066.82,"ALAMBRE GENLIS NYA 1,5 MM BLANCO H07V-U ROLLO 25MT","ALAMBRE GENLIS NYA 1,5 MM VERDE H07V-U ROLLO 25MT"
RENAC,140610,140612,15,0.0002,0.4054,0.5172,1065.489,TUBO METÁLICO RÍGIDO EMT 20MM 3MT,TERMINAL TUBO RIGIDO EMT 20MM
RENAC,154732,154742,6,8e-05,0.1395,0.6,1063.507,FUENTE ALIMENTACION ULTRA SLIM 12V 72W 6A-INTERIOR,CINTA LED 12V 12W/M BLCO NEUTRO 120 LEDS/M-5M-SEC
MAIPU,147685,147686,7,0.00014,0.2593,0.5833,1061.278,CABLE EVA LIBRE HALOGENO H07Z1-K 1.5MM ROJO 25MT,CABLE EVA LIBRE HALOGENO H07Z1-K 1.5MM VERDE 25MT
CONCE,146593,146615,5,5e-05,0.1163,0.5,1060.721,COPLA PVC SANITARIO GRIS 75MM,TEE PVC SANITARIO GRIS 75X75MM
RENAC,102170,102171,5,7e-05,0.25,0.2778,1058.583,BOTA BATA PVC NEGRA 892-6064 Nº 41,BOTA BATA PVC NEGRA 892-6064 Nº 42
HUECH,81498,81500,11,0.00012,0.3333,0.3667,1058.522,POLICARB ALVEOLAR PERFIL U  4.0MM A 6MM X 2.1 MT,POLICARB ALVEOLAR PERFIL H  4.0MM -6.0MM X 2.9 MT
CONCE,154732,154741,8,9e-05,0.3478,0.2667,1057.646,FUENTE ALIMENTACION ULTRA SLIM 12V 72W 6A-INTERIOR,CINTA LED 12V 12W/M BLCO CALIDO 120 LEDS/M-5M-SEC
PMONT,140889,140902,6,9e-05,0.2143,0.4615,1056.016,TEE SO (3) BRONCE 1/2 GAS,TERMINAL SO HI BRONCE 1/2 GAS
RANCA,152742,153610,9,0.00018,0.4091,0.4737,1054.636,"MELAMINA ARCILLA 18MM 1,83 X 2,50 VESTO","TAPACANTO PVC ARCILLA 22X0,45MM RO25MT"
MAIPU,142437,152688,6,0.00012,0.2143,0.6,1052.614,CODO PVC SANITARIO GRIS 75MM,TUBO PVC DRENAJE 75 MM X6000MM NEGRO SC
CONCE,134561,134563,9,0.0001,0.3,0.3462,1052.562,DISCO LIJA P/MADERAS 125MM G80 PACK5 BOSCH,DISCO LIJA P/MADERAS 125MM G180 PACK5 BOSCH
HUECH,146647,146652,16,0.00017,0.3636,0.4848,1049.774,CODO PRESION 40 MM UNID,COPLA PRESION 40 MM     UNID
MAIPU,152684,152690,5,0.0001,0.3846,0.2778,1049.615,TUBO PVC DRENAJE 50 MM X3000MM NEGRO SC,TUBO PVC DRENAJE 110 MM X3000MM NEGRO SC
HUECH,146510,146521,11,0.00012,0.275,0.44,1047.937,TUBO CLASE 10 PRESION 50MM PARA CEMENTAR 1MT,UNION AMERICANA PRESION 50 MM UNID
RENAC,120398,120870,5,7e-05,0.1923,0.3571,1046.951,PEDESTAL LAVAMANOS CORONA ACUACER,TAZA WC A PISO 30 CM CORONA LAGUNA
RENAC,120138,137227,6,8e-05,0.2609,0.3158,1046.471,GOLILLA CORRIENTE 1/2 - 25 UNDS,ESPARRAGO FIERRO ZINCADO 1/2-13 X 1000MM     
PMONT,128848,152974,8,0.00012,0.2286,0.5714,1045.959,MELAMINA TAUPE ULTRA MATTE 18MM 1.83 X 2.50 VESTO,"TAPACANTO PVC TAUPE 22X1,5MM RO50MT"
PMONT,134560,134561,7,0.00011,0.5385,0.2121,1045.35,DISCO LIJA P/MADERAS 125MM G60 PACK5 BOSCH,DISCO LIJA P/MADERAS 125MM G80 PACK5 BOSCH
SEREN,125412,125413,15,0.0003,0.625,0.5,1045.208,ANGULO INTERIOR  CANALETA 20 X 10 PACK 2UN,ANGULO PLANO  CANALETA 20 X 10 PACK 2UN
SEREN,125411,125412,5,0.0001,0.5,0.2083,1045.208,ANGULO EXTERIOR  CANALETA 20 X 10 PACK 2UN,ANGULO INTERIOR  CANALETA 20 X 10 PACK 2UN
SEREN,142028,142029,5,0.0001,0.25,0.4167,1045.208,DISCO LIJA VELCRO 125MM/PS22K GR120 PACK 5UNDS,DISCO LIJA VELCRO 125MM/PS22K GR180 PACK 5UNDS
SEREN,16416,16417,6,0.00012,0.6667,0.1875,1045.208,TAB. MONTANTE ECONOMICO 38X38X6X0.5X3.0MT,TABIGAL CANAL ECONOMICA 39X20X0.5X3.0MT
PMONT,142579,142601,9,0.00014,0.1957,0.75,1044.538,CODO 90° FUSION PPR 20MM CCS,TERMINAL HI FUSION PPR 20X1/2 CCS
CONCE,142576,142579,7,8e-05,0.4118,0.1944,1043.389,CODO 90 TRANS HI FUSION PPR 20X1/2 CCS,CODO 90° FUSION PPR 20MM CCS
PMONT,732,738,6,9e-05,0.6667,0.1463,1041.707,MASILLA MAGICA MARSON TRADICIONAL S/CATAL 700M,ENDURECEDOR MARSO CREMA 28GR
HUECH,127358,127364,11,0.00012,0.2075,0.5789,1040.652,"ALAMBRE GENLIS NYA 1,5 MM ROJO H07V-U ROLLO 25MT","ALAMBRE GENLIS NYA 1,5 MM VERDE H07V-U ROLLO 25MT"
MAIPU,140883,140900,9,0.00018,0.36,0.5294,1040.231,CODO SO SO BRONCE 1/2 GAS,CODO SO HE BRONCE 1/2 GAS
TALCA,100655,100658,8,0.0002,0.4706,0.4444,1039.007,CODO 45º H - H (10) P25 MARRON,CODO 87.5º H - H (10) P25 MARRON
SEREN,127905,127909,12,0.00024,0.4138,0.6,1038.0,RUEDA POLIURETANO TRANS. 75MM SIN FRENO 64KG,RUEDA POLIURETANO TRANS. 75MM CON FRENO 64KG
HUECH,81440,81443,20,0.00021,0.3922,0.5556,1037.767,CORREDERA DUCASSE AL 1535 MADERA,RIEL DUCASSE EMBUTIDO CX  X 2.00 MTS.
CONCE,144297,144764,6,7e-05,0.2727,0.25,1036.614,MELAMINA TATAMI HI 15MM 1.83 X 2.50 VESTO,"TAPACANTO PVC TATAMI HI 22X0,4MM RO25MT"
TALCA,142436,142458,5,0.00013,0.1562,0.8333,1034.948,CODO PVC SANITARIO GRIS 50MM,TEE PVC SANITARIO GRIS 110X50MM
RENAC,123844,137226,10,0.00013,0.5556,0.2439,1032.764,TUERCA HEXAGONAL FERRO 3/8 100 UNIDADES,ESPARRAGO FIERRO ZINCADO 3/8-16 X 1000MM     
RENAC,133073,152975,5,7e-05,0.1351,0.5,1029.973,"MELAMINA TOKAI 18MM 1,83 X 2,50 VESTO","TAPACANTO PVC TOKAI 22X1,5MM RO50MT"
RENAC,140610,140616,14,0.00018,0.3784,0.5,1029.973,TUBO METÁLICO RÍGIDO EMT 20MM 3MT,CURVA TUBO RIGIDO EMT 20MM
HUECH,123699,8082,6,6e-05,0.1622,0.4,1029.914,CEMENTO LLAIMA BOLSA 10KG.,LADRILLO REFRACTARIO FACHADA 23X6.5X2.5CM
HUECH,146510,146653,19,0.0002,0.475,0.4318,1028.451,TUBO CLASE 10 PRESION 50MM PARA CEMENTAR 1MT,COPLA PRESION 50 MM UNID
HUECH,79049,79062,11,0.00012,0.1833,0.6471,1027.389,CORREDERA DUCASSE D-5032     (EX D-52),GUIA DUCASSE AL D-52 X3.00
PMONT,125411,125415,5,8e-05,0.2083,0.3846,1026.683,ANGULO EXTERIOR  CANALETA 20 X 10 PACK 2UN,DERIVACION T  CANALETA 20 X 10 PACK 2UN
HUECH,150452,150454,12,0.00013,0.6667,0.1935,1024.376,ENGRAPADORA USO LIVIANO PROFESIONAL WOKIN,CORCHETE 1000 PIEZAS 0.7X8X11.3MM WOKIN
VESPU,149406,149576,5,0.00012,0.4545,0.2778,1024.04,"MELAMINA BOURBON MT 18MM 1,83 X 2,50 VESTO","TAPACANTO PVC BOURBON 22X0,45MM RO 25 MT"
MAIPU,138889,145280,6,0.00012,0.375,0.3333,1023.375,MELAMINA SEDA GIORNO 18MM 1.83 X 2.50 VESTO,"TAPACANTO PVC SEDA GIORNO 22X0,4MM RO25MT"
MAIPU,137620,3217,6,0.00012,0.5,0.25,1023.375,TUBO CLASE 16 PRESION 20MM PARA CEMENTAR 3MT,COPLA PRESION 20 MM     UNID
MAIPU,83298,94472,13,0.00026,0.52,0.52,1021.738,TAB. ESTRUCTURAL C 2X2X8X0.85X6MT 40X38,TAB. CANAL ESTRUCTURAL U 2X2X0.85X6MT 42X25
RANCA,146482,146514,9,0.00018,0.5,0.375,1020.458,TEE PRESION 20MM,TUBO CLASE 16 PRESION 20MM PARA CEMENTAR 6MT
HUECH,139405,16412,8,8e-05,0.4706,0.1818,1018.898,SOPORTE BARRA U CAFÉ BOLSA 10 UN.,BARRA CLOSET PLASTICA 1MT.CAFE UNID
CONCE,8291,8292,9,0.0001,0.2903,0.3462,1018.608,CAPUCHON 40 MM ES  PARA UNIR  CAÑERIA PVC,CAPUCHON 50 MM ES  PARA UNIR  CAÑERIA PVC
PMONT,149409,149598,6,9e-05,0.4286,0.2222,1016.905,"MELAMINA PINOT GRIS SW 15MM 1,83 X 2,50 VESTO","TAPACANTO PVC PINOT GRIS 22X0,45MM RO 25 MT"
CONCE,125412,125416,6,7e-05,0.1667,0.4,1013.578,ANGULO INTERIOR  CANALETA 20 X 10 PACK 2UN,TAPA FINAL  CANALETA 20 X 10 PACK 2UN
SEREN,142435,142439,8,0.00016,0.3636,0.4444,1013.535,CODO PVC SANITARIO GRIS 40MM,COPLA PVC SANITARIO GRIS 40MM
RENAC,139437,139439,8,0.0001,0.5714,0.186,1012.864,SOP DOBLE GUIA SUP 60MMX150MM HEAVY DUTY DUCASSE,GUIA 40MM X 60MM HEAVY DUTY DUCASSE
PMONT,127917,127919,6,9e-05,0.3,0.3158,1011.553,RUEDA POLIPROPILENO 40MM SIN FRENO - 25KG KUTZ,RUEDA POLIPROPILENO BLANCA 40MM C/FRENO 25KG KUTZ
RENAC,79056,79063,5,7e-05,0.1724,0.3846,1010.849,CORREDERA DUCASSE DN-80   SR,RIEL DUCASSE U-21  X 2.0 P/DN-80  C/F
RENAC,133069,153009,7,9e-05,0.1458,0.6364,1010.466,"MELAMINA NODO 18MM 1,83 X 2,50 VESTO","TAPACANTO PVC NODO 22X1,5MM RO50MT"
HUECH,151255,82771,5,5e-05,0.4545,0.1163,1007.051,CAJA PARA CERRADURAS SOBREPONER NEGRA KHOR,CERR. SOBREP CORR/SEG NEGRA 2090N SCANAVINI
PMONT,134561,134563,14,0.00022,0.4242,0.5185,1006.633,DISCO LIJA P/MADERAS 125MM G80 PACK5 BOSCH,DISCO LIJA P/MADERAS 125MM G180 PACK5 BOSCH
RANCA,127358,127364,7,0.00014,0.2258,0.6364,1005.496,"ALAMBRE GENLIS NYA 1,5 MM ROJO H07V-U ROLLO 25MT","ALAMBRE GENLIS NYA 1,5 MM VERDE H07V-U ROLLO 25MT"
RANCA,146543,146577,8,0.00016,0.3077,0.5333,1004.759,TEE FUSION PPR 20MM CCS,CODO 90 TRANS HE FUSION PPR 20X1/2 CCS
SEREN,146491,146644,7,0.00014,0.28,0.5,1003.4,TERMINAL HE PRESION 20X1/2   UNID,CODO PRESION 20 MM     UNID
SEREN,146584,146594,6,0.00012,0.3,0.4,1003.4,COPLA PVC SANITARIO GRIS 110MM,CURVA PVC SANITARIO GRIS 110MM
RENAC,4466,4467,7,9e-05,0.3684,0.25,1002.868,ZINC ALUM ACANALADO 0.4X2500MM RECUB AZ-150,ZINC ALUM ACANALADO 0.4X3000MM RECUB AZ-150
HUECH,130914,138891,6,6e-05,0.4,0.1579,1002.811,"TAPACANTO PVC SEDA NOTTE 22X0,45 RO 100",MELAMINA SEDA NOTTE 18MM 1.83 X 2.50 VESTO
CONCE,144304,144760,36,0.00039,0.5714,0.6923,1002.44,MELAMINA ZEN SW 18MM 1.83 X 2.50 VESTO,"TAPACANTO PVC ZEN SW 22X0,4MM RO100MT"
VESPU,110910,124200,6,0.00015,0.2222,0.6667,1001.284,REGULADOR GAS 5-11-15KG ALTA SEGURIDAD PLUS CEMCO,FLEXIBLE GAS HI-HI 1/2 X 3/8 100 CM  IZQ CEMCO
HUECH,127917,127919,5,5e-05,0.1786,0.2941,1000.704,RUEDA POLIPROPILENO 40MM SIN FRENO - 25KG KUTZ,RUEDA POLIPROPILENO BLANCA 40MM C/FRENO 25KG KUTZ
CONCE,13965,97825,5,5e-05,0.2083,0.2632,1000.241,RUEDA GOMA GIRATORIA ZINC C/PLACA.40MM UNID,RUEDA GOMA GIRATORIA ZINC C/PLACA Y FRENO 40MM
HUECH,150155,150158,17,0.00018,0.3778,0.4722,999.715,TERMINAL CONECTOR RÁPIDO 1/2 -3/4  GARDTECH,CONECTOR RÁPIDO 1/2  CON AUTOSTOP GARDTECH
HUECH,146524,146576,6,6e-05,0.1463,0.4286,995.822,TUBO FUSION PPR 32MM X 3MT PN-16,TERMINAL HI FUSION PPR 32X1 CCS
SEREN,148114,148135,5,0.0001,0.3571,0.2778,995.437,MELAMINA MARMARA ULTRA MAT 15MM 1.83 X 2.50 VESTO,"TAPACANTO PVC MARMARA ULTRA MATTE 22X0,45MM RO25M"
PMONT,154075,154076,5,8e-05,0.3571,0.2174,994.798,ROLLO LIJA 115X5000 GR.80  MADERA/METAL/UNIVERSAL,ROLLO LIJA 115X5000 GR.120  MADERA/METAL/UNIVERSAL
MAIPU,140902,9252,5,0.0001,0.3846,0.2632,994.372,TERMINAL SO HI BRONCE 1/2 GAS,ABRAZADERA COBRE 1/2
PMONT,25624,25625,9,0.00014,0.45,0.3103,994.112,"AUTOMATICO MONOFASICO 10A LEXO 6KA ""C""","AUTOMATICO MONOFASICO 16A LEXO 6KA ""C"""
HUECH,146801,146802,6,6e-05,0.24,0.2609,994.09,INTERRUPTOR EMB DOBLE 9/15 10A BLANCO KARSON,INTERRUPTOR EMB ESCALA 9/24 10A BLANCO KARSON
TALCA,142579,142583,8,0.0002,0.4,0.5,993.55,CODO 90° FUSION PPR 20MM CCS,COPLA SIMPLE FUSION PPR 20MM CCS
TALCA,142583,142591,6,0.00015,0.375,0.4,993.55,COPLA SIMPLE FUSION PPR 20MM CCS,TEE FUSION PPR 20MM CCS
HUECH,127918,127920,5,5e-05,0.3125,0.1667,992.365,RUEDA POLIPROPILENO 50MM SIN FRENO - 35KG KUTZ,RUEDA POLIPROPILENO BLANCA 50MM C/FRENO 35KG KUTZ
HUECH,136503,137697,7,7e-05,0.25,0.2917,992.365,SOLDADURA PLATA INDEPP 5% 2 BARRAS,FUNDENTE PLATA 50GR. INDEPP
HUECH,134560,134561,5,5e-05,0.3125,0.1667,992.365,DISCO LIJA P/MADERAS 125MM G60 PACK5 BOSCH,DISCO LIJA P/MADERAS 125MM G80 PACK5 BOSCH
HUECH,103285,153011,5,5e-05,0.1667,0.3125,992.365,MELAMINA NOGAL AMAZONICO 18MM 2.50 X 1.83 MASISA,"TAPACANTO PVC NOGAL AMAZONICO 22X1,5MM RO50MT"
CONCE,155291,97785,5,5e-05,0.5,0.1087,991.543,KIT PORTON NEW VELOTI SPEED 600 KG (REEMP 139981),CREMALLERA NYLON 1MT P/MOTOR 500/700KG VELOTI
SEREN,15570,15571,5,0.0001,0.4545,0.2174,991.502,TRAJE AGUA AMARILLO TALLA XL 0.33MM,"TRAJE AGUA AMARILLO TALLA L 0,33MM"
RENAC,25625,25626,8,0.0001,0.1951,0.5333,991.454,"AUTOMATICO MONOFASICO 16A LEXO 6KA ""C""","AUTOMATICO MONOFASICO 20A LEXO 6KA ""C"""
RENAC,24114,80727,7,9e-05,0.6364,0.1429,989.844,PERFIL DVP COMIENZO BLANCO TIRA 3.8 MTS.,PERFIL J  RIGIDO DVP BLANCO 3.8 MTS.L
RANCA,146482,146644,12,0.00024,0.6667,0.3636,989.535,TEE PRESION 20MM,CODO PRESION 20 MM     UNID
HUECH,81440,81444,18,0.00019,0.3529,0.5294,988.931,CORREDERA DUCASSE AL 1535 MADERA,RIEL DUCASSE EMBUTIDO CX  X 3.00 MTS
PMONT,134563,134564,10,0.00016,0.3704,0.4167,988.657,DISCO LIJA P/MADERAS 125MM G180 PACK5 BOSCH,DISCO LIJA P/MADERAS 125MM G240 PACK5 BOSCH
CONCE,142433,142444,5,5e-05,0.3571,0.1515,987.251,ABRAZADERA PVC SANITARIO GRIS 75MM,CURVA PVC SANITARIO GRIS 75MM
RANCA,146543,146564,11,0.00022,0.4231,0.5238,986.817,TEE FUSION PPR 20MM CCS,TERMINAL HE FUSION PPR  20X1/2 CCS
MAIPU,103749,141895,6,0.00012,0.2609,0.4615,985.726,TIRADOR MET. MADRID AC/INOX 320X12MM TUBULAR KUTZ,TIRADOR MET. MADRID AC/INOX 480X12MM TUBULAR KUTZ
RENAC,146510,146648,8,0.0001,0.4,0.2581,983.458,TUBO CLASE 10 PRESION 50MM PARA CEMENTAR 1MT,CODO PRESION 50 MM UNID
RANCA,146601,146615,6,0.00012,0.2609,0.4615,982.916,REDUCCION PVC SANITARIO GRIS 75X50MM,TEE PVC SANITARIO GRIS 75X75MM
RANCA,3217,8398,8,0.00016,0.4211,0.381,982.095,COPLA PRESION 20 MM     UNID,TUBO CLASE 16 PRESION 20MM PARA CEMENTAR 6MT
HUECH,139899,148333,7,7e-05,0.175,0.4118,980.69,"MELAMINA MDP TECA LIMO SW  18MM 1,83X2,50 MASISA","MELAMINA MDP TECA LIMO SW  15MM 1,83X2,50 MASISA"
HUECH,150453,150455,17,0.00018,0.6071,0.2881,980.35,ENGRAPADORA USO PESADO INDUSTRIAL WOKIN,CORCHETE 1000 PIEZAS 7X100X11.3MM WOKIN
RENAC,140616,7471,9,0.00012,0.3214,0.36,979.946,CURVA TUBO RIGIDO EMT 20MM,CAJA SCHUKY METALICA
MAIPU,120397,120398,35,0.00071,0.7778,0.8974,979.641,LAVAMANOS CORONA ACUACER,PEDESTAL LAVAMANOS CORONA ACUACER
RANCA,142436,152683,6,0.00012,0.3,0.4,979.64,CODO PVC SANITARIO GRIS 50MM,TUBO PVC DRENAJE 50 MM X1000MM NEGRO SC
CONCE,13962,97826,11,0.00012,0.2683,0.44,978.968,RUEDA GOMA GIRATORIA ZINC C/PLACA 50MM,RUEDA GOMA GIRATORIA ZINC C/PLACA Y FRENO 50MM
CONCE,137625,3217,9,0.0001,0.4286,0.225,977.379,TUBO CLASE 16 PRESION 20MM PARA CEMENTAR 1MT,COPLA PRESION 20 MM     UNID
PMONT,737,738,10,0.00016,0.625,0.2439,976.601,MASILLA MAGICA MARSON LIVIANA S/CATAL 350M,ENDURECEDOR MARSO CREMA 28GR
RENAC,100199,100266,34,0.00045,0.5763,0.7556,976.05,CABLE EVA LIBRE HALOGENO H07Z1-K 2.5MM BLANCO 100M,CABLE EVA LIBRE HALOGENO H07Z1-K 2.5MM VERDE 100MT
CONCE,733,738,12,0.00013,0.7059,0.1818,975.636,MASILLA MAGICA MARSON TRADICIONAL S/CATAL 350M,ENDURECEDOR MARSO CREMA 28GR
CONCE,134563,134564,5,5e-05,0.1923,0.2778,974.594,DISCO LIJA P/MADERAS 125MM G180 PACK5 BOSCH,DISCO LIJA P/MADERAS 125MM G240 PACK5 BOSCH
CONCE,126536,143099,5,5e-05,0.1923,0.2778,974.594,MANILLA GOLA SUPERIOR L ALUMINIO 3MTS KUTZ,CONECTOR GOLA TRASERO C/TORN BOLSA 4 UNDS - KUTZ
VALPA,11571,4493,5,0.00019,0.2174,0.8333,973.732,TUERCA COCINA  1/4 HEXAGONAL 100 UNIDADES,PERNO COCHE 1/4 X 2.1/2 - 100UNDS
RENAC,31029,33315,20,0.00026,0.6897,0.3704,973.41,TEE SO (3) COBRE 1/2,CODO SO SO COBRE 1/2
CONCE,143834,143835,7,8e-05,0.1707,0.4375,973.405,MACHO VOLANTE 16A 2P+TRECTO NEGRO FANTON,HEMBRA VOLANTE 10/16A 2P+T NEGRA FANTON
SEREN,146562,17810,5,0.0001,0.1163,0.8333,972.287,CODO PVC SANITARIO GRIS 50MM,ABRAZADERA PVC SANITARIO GRIS 50MM
HUECH,125412,125415,6,6e-05,0.1429,0.4286,972.112,ANGULO INTERIOR  CANALETA 20 X 10 PACK 2UN,DERIVACION T  CANALETA 20 X 10 PACK 2UN
RANCA,19631,9279,5,0.0001,0.2778,0.3571,971.865,CAÑERIA COBRE M 3/4 X 6.0 MT AGUA,CODO SO SO BRONCE 3/4
RANCA,3200,3252,5,0.0001,0.3571,0.2778,971.865,TEE PRESION 20MM,TERMINAL HI PRESION 20X1/2 UNID
PMONT,140883,140889,14,0.00022,0.4242,0.5,970.682,CODO SO SO BRONCE 1/2 GAS,TEE SO (3) BRONCE 1/2 GAS
CONCE,6329,84225,8,9e-05,0.5,0.1702,970.447,CORREDERA DUCASSE COLGANTE D-100    100KG (SET),RIEL COLGANTE U 100 I 200 DUCASSE
RENAC,103248,4920,11,0.00014,0.4583,0.3056,970.368,CLAVO CORRIENTE INCHALAM 2.1/2 CAJA 25 KILOS,"CLAVO CORRIENTE 4"" CAJA 25 KILOS"
HUECH,146527,146555,9,9e-05,0.3462,0.2647,969.913,COPLA SIMPLE FUSION PPR 32MM CCS,BUJE RED FUSION PPR 32X25 CCS
HUECH,146651,86417,6,6e-05,0.1017,0.6,968.817,COPLA PRESION 32 MM UNID,VALVULA BOLA PVC CEMENTAR 32MM LLAVE DE PASO
RANCA,142437,142444,5,0.0001,0.2174,0.4545,968.024,CODO PVC SANITARIO GRIS 75MM,CURVA PVC SANITARIO GRIS 75MM
RANCA,4467,4468,5,0.0001,0.4545,0.2174,968.024,ZINC ALUM ACANALADO 0.4X3000MM RECUB AZ-150,ZINC ALUM ACANALADO 0.4X3660MM RECUB AZ-150
VALPA,128843,129958,11,0.00041,0.6111,0.6471,966.095,MELAMINA ROBLE RUSTICO  15MM 1.83 X 2.50 VESTO,"TAPACANTO PVC ROBLE RUSTICO 22X0,45MM RO 25 MT"
VESPU,25625,86577,6,0.00015,0.4286,0.3333,965.524,"AUTOMATICO MONOFASICO 16A LEXO 6KA ""C""",DIFERENCIAL 2X25A 30MA LEXO
TALCA,100639,79813,17,0.00043,0.4857,0.85,965.163,BAJADA CEMENTAR (10) P25 BLANCO,TAPA ACCESORIO UNIV P25 BLANCO
SEREN,120398,120870,5,0.0001,0.1923,0.5,964.808,PEDESTAL LAVAMANOS CORONA ACUACER,TAZA WC A PISO 30 CM CORONA LAGUNA
SEREN,120397,120870,5,0.0001,0.1923,0.5,964.808,LAVAMANOS CORONA ACUACER,TAZA WC A PISO 30 CM CORONA LAGUNA
MAIPU,125411,125415,5,0.0001,0.2941,0.3333,963.176,ANGULO EXTERIOR  CANALETA 20 X 10 PACK 2UN,DERIVACION T  CANALETA 20 X 10 PACK 2UN
CONCE,154733,154746,7,8e-05,0.1795,0.4118,963.128,FUENTE ALIMEN. SWITCHING ULTRA SLIM 24V 72W 3A-INT,CINTA COB 24V 10W/M BCO FRIO 1100LM/M 480LED/M 5M
HUECH,81498,86397,6,6e-05,0.1818,0.3333,962.293,POLICARB ALVEOLAR PERFIL U  4.0MM A 6MM X 2.1 MT,POLICARB ALVEOLAR PERFIL H  4.0MM -6.0MMX 5.8 MT
HUECH,100201,100202,17,0.00018,0.5152,0.3333,962.293,CABLE EVA LIBRE HALOGENO H07Z1-K 1.5MM VERDE 100MT,CABLE EVA LIBRE HALOGENO H07Z1-K 1.5MM ROJO 100MT
CONCE,140886,140889,8,9e-05,0.3478,0.2424,961.497,COPLA SO SO BRONCE 1/2 GAS,TEE SO (3) BRONCE 1/2 GAS
RENAC,79059,79061,6,8e-05,0.2143,0.3529,960.731,RIEL DUCASSE ALUMINIO D-52 3.00MT,GUIA DUCASSE AL D-52 X2.00
CONCE,146532,146570,12,0.00013,0.2,0.6316,960.232,CODO 90° FUSION PPR 20MM CCS,TERMINAL HI FUSION PPR 20X1/2 CCS
CONCE,146564,146570,8,9e-05,0.2,0.4211,960.232,TERMINAL HE FUSION PPR  20X1/2 CCS,TERMINAL HI FUSION PPR 20X1/2 CCS
CONCE,25624,86577,5,5e-05,0.2632,0.2,960.232,"AUTOMATICO MONOFASICO 10A LEXO 6KA ""C""",DIFERENCIAL 2X25A 30MA LEXO
CONCE,142435,142457,5,5e-05,0.0735,0.7143,958.214,CODO PVC SANITARIO GRIS 40MM,TEE PVC SANITARIO GRIS 110X40MM
RENAC,147685,147686,10,0.00013,0.2381,0.5263,955.113,CABLE EVA LIBRE HALOGENO H07Z1-K 1.5MM ROJO 25MT,CABLE EVA LIBRE HALOGENO H07Z1-K 1.5MM VERDE 25MT
RENAC,154918,154922,6,8e-05,0.375,0.2,952.725,DISCO LIJA VELCRO PINTURA G40 / 10 UNIDADES HEMIC,DISCO LIJA VELCRO PINTURA G120 / 10 UNIDADES HEMIC
RENAC,136537,136539,7,9e-05,0.35,0.25,952.725,LIJA BANDA 4 X 24 G60 MAD-MET PACK3 KLINGSPOR,LIJA BANDA 4 X 24 G100 MAD-MET PACK3 KLINGSPOR
RENAC,146524,146534,5,7e-05,0.25,0.25,952.725,TUBO FUSION PPR 32MM X 3MT PN-16,CODO 90° FUSION PPR 32MM CCS
HUECH,146521,146653,11,0.00012,0.44,0.25,952.67,UNION AMERICANA PRESION 50 MM UNID,COPLA PRESION 50 MM UNID
CONCE,146480,146658,7,8e-05,0.6364,0.1148,951.645,TEE HI PRESION 20X1/2,NIPLE PRESION HE 1/2
TALCA,3822,3824,15,0.00038,0.4545,0.7895,950.766,CUBIERTA 60X60 AR,MARCO 60X60 AR
CONCE,146528,146532,5,5e-05,0.625,0.0833,950.229,CODO 45º FUSION PPR 20MM CCS,CODO 90° FUSION PPR 20MM CCS
CONCE,143187,4553,5,5e-05,0.3333,0.1562,950.229,HEMBRA EMBUTIDA DOBLE 10+16A BLANCO LUZICA BTICINO,MACHO VOLANTE 16A 2P+T ARTICULADO GRIS BTICINO
CONCE,142441,142479,9,0.0001,0.1875,0.5,950.229,CURVA PVC SANITARIO GRIS 110MM,VEE PVC SANITARIO GRIS 110X110MM
SEREN,142435,152680,5,0.0001,0.2273,0.4167,950.189,CODO PVC SANITARIO GRIS 40MM,TUBO PVC DRENAJE 40 MM X1000MM NEGRO SC
HUECH,134915,134916,7,7e-05,0.2593,0.2692,949.956,"BROCA MADERA  6,0 X 95 MM D-07054","BROCA MADERA  8,0 X 115 MM D-07076"
MAIPU,146532,146564,8,0.00016,0.3478,0.4444,949.217,CODO 90° FUSION PPR 20MM CCS,TERMINAL HE FUSION PPR  20X1/2 CCS
PMONT,125412,125415,5,8e-05,0.1923,0.3846,947.707,ANGULO INTERIOR  CANALETA 20 X 10 PACK 2UN,DERIVACION T  CANALETA 20 X 10 PACK 2UN
TALCA,100637,79372,5,0.00013,0.3333,0.3571,946.238,ABRAZADERA TUBO 80 (10) P25 BLANCO,COPLA BAJADA 80MM (10) P25 BLANCO
TALCA,92282,93709,8,0.0002,0.2857,0.6667,946.238,ABRAZADERA TUBO 80 (10) P25 MARRON,CODO 45º M - H (10) P25 MARRON
RENAC,72404,85863,5,7e-05,0.1613,0.3846,945.633,MDF MELAMINA BLANCO 1CARA 18MM 1.52 X 2.44,LAM. RECTA F8 VAINILLA 2109 (ANT.) MT 122 X 306
CONCE,736,739,5,5e-05,0.2381,0.2174,944.327,MASILLA MAGICA MARSON LIVIANA S/CATAL 700M,ENDURECEDOR MARSO CREMA 14GR
TALCA,146543,146577,6,0.00015,0.2609,0.5455,942.498,TEE FUSION PPR 20MM CCS,CODO 90 TRANS HE FUSION PPR 20X1/2 CCS
RANCA,146543,146570,7,0.00014,0.2692,0.5,941.962,TEE FUSION PPR 20MM CCS,TERMINAL HI FUSION PPR 20X1/2 CCS
HUECH,146480,146658,15,0.00016,0.6522,0.2273,941.374,TEE HI PRESION 20X1/2,NIPLE PRESION HE 1/2
RENAC,146521,146653,5,7e-05,0.3333,0.1852,940.963,UNION AMERICANA PRESION 50 MM UNID,COPLA PRESION 50 MM UNID
CONCE,146564,150029,7,8e-05,0.175,0.4118,939.05,TERMINAL HE FUSION PPR  20X1/2 CCS,LLAVE DE PASO METALICA MANILLA ROJAPP-RCT BETA 20
SEREN,146491,146717,7,0.00014,0.28,0.4667,936.507,TERMINAL HE PRESION 20X1/2   UNID,TERMINAL HI PRESION 20X1/2 UNID
CONCE,154733,154747,10,0.00011,0.2564,0.4,935.61,FUENTE ALIMEN. SWITCHING ULTRA SLIM 24V 72W 3A-INT,CINTA COB 24V 10W/M BCO NEUT.1100LM/M 480LED/M 5M
RENAC,125411,125414,5,7e-05,0.1471,0.4167,934.044,ANGULO EXTERIOR  CANALETA 20 X 10 PACK 2UN,COPLA PLANA  CANALETA 20 X 10 PACK 2UN
RENAC,24118,80727,9,0.00012,0.6,0.1837,933.282,ESQUINERO DVP EXTERNO BLANCO TIRA 3.0 MTS.,PERFIL J  RIGIDO DVP BLANCO 3.8 MTS.L
CONCE,146543,150029,8,9e-05,0.1739,0.4706,933.217,TEE FUSION PPR 20MM CCS,LLAVE DE PASO METALICA MANILLA ROJAPP-RCT BETA 20
RENAC,154915,154917,7,9e-05,0.3182,0.2692,932.738,DISCO MALLA VELCRO GRANO 80 / 10 UNIDADES HEMIC,DISCO MALLA VELCRO GRANO 120 / 10 UNIDADES HEMIC
TALCA,142436,142462,6,0.00015,0.1875,0.75,931.453,CODO PVC SANITARIO GRIS 50MM,TEE PVC SANITARIO GRIS 50X50MM
VALPA,125412,125413,9,0.00033,0.6923,0.45,930.288,ANGULO INTERIOR  CANALETA 20 X 10 PACK 2UN,ANGULO PLANO  CANALETA 20 X 10 PACK 2UN
HUECH,146506,146647,15,0.00016,0.4286,0.3409,927.925,TUBO CLASE 10 PRESION 40MM PARA CEMENTAR 1MT,CODO PRESION 40 MM UNID
RENAC,733,739,7,9e-05,0.28,0.3043,927.871,MASILLA MAGICA MARSON TRADICIONAL S/CATAL 350M,ENDURECEDOR MARSO CREMA 14GR
PMONT,142580,142584,7,0.00011,0.3182,0.3182,926.56,CODO 90° FUSION PPR 25MM CCS,COPLA SIMPLE FUSION PPR 25MM CCS
HUECH,79049,79059,14,0.00015,0.2333,0.5833,926.207,CORREDERA DUCASSE D-5032     (EX D-52),RIEL DUCASSE ALUMINIO D-52 3.00MT
MAIPU,146491,146644,8,0.00016,0.4706,0.32,924.649,TERMINAL HE PRESION 20X1/2   UNID,CODO PRESION 20 MM     UNID
MAIPU,138893,145289,5,0.0001,0.3571,0.2632,923.346,MELAMINA LINO CHIARO 18MM 1.83 X 2.50 VESTO,"TAPACANTO PVC LINO CHIARO 22X0,4MM RO25MT"
RENAC,139405,16412,9,0.00012,0.2903,0.375,921.992,SOPORTE BARRA U CAFÉ BOLSA 10 UN.,BARRA CLOSET PLASTICA 1MT.CAFE UNID
CONCE,10027,103250,5,5e-05,0.5556,0.0909,921.434,"CLAVO CORRIENTE 1.1/2"" CAJA 25 KILOS",CLAVO CORRIENTE INCHALAM 3 CAJA 25 KILOS
PMONT,1849,1851,5,8e-05,0.1724,0.4167,920.474,VIDRIO BLANCO PARA MASCARA SOLDAR,VIDRIO MASCARA SOLDAR NEGRO GRADO 12
TALCA,84221,84226,5,0.00013,0.5556,0.2083,919.954,CORREDERA DUCASSE COLGANTE ECO-100 (SET),RIEL COLGANTE U 100 I 300 DUCASSE
CONCE,150155,150158,13,0.00014,0.3023,0.4333,919.291,TERMINAL CONECTOR RÁPIDO 1/2 -3/4  GARDTECH,CONECTOR RÁPIDO 1/2  CON AUTOSTOP GARDTECH
TALCA,92282,92283,11,0.00028,0.3929,0.6471,918.408,ABRAZADERA TUBO 80 (10) P25 MARRON,COPLA BAJADA 80 MM (10) P25 MARRON
HUECH,133305,133314,12,0.00013,0.3077,0.375,916.029,MDF FOLIA JUNQUILLO 1/4 RODON 18X18 OAK,"MDF FOLIA GUARDAPOLVO ROD 12MMX68MMX2,40MT OAK"
HUECH,133304,143084,7,7e-05,0.125,0.5385,916.029,MDF FOLIA JUNQUILLO 1/4 RODON 18X18 WINTER,"MDF FOLIO NARIZ GRADA  18X70MMX2,4MT NATURE WINTER"
HUECH,31029,33315,8,8e-05,0.5,0.1538,916.029,TEE SO (3) COBRE 1/2,CODO SO SO COBRE 1/2
TALCA,126301,22740,5,0.00013,0.1613,0.7143,915.714,GRAPA CALIBRE 18-30MM CAJA 5.000 UNIDADES,SELLADOR EXITO PASSOL LA
RENAC,125418,83276,7,9e-05,0.6364,0.1321,915.139,ANGULO INTERIOR  CANALETA 40 X 16  PACK 2UN,MOLDURA PVC  40 X 16 TIRA 2MT
PMONT,1002,890,8,0.00012,0.4706,0.2424,913.583,LACA SIPA MADERA 1/4GL,SELLADOR SIPA MADERA 1/4 GL
RANCA,142586,146570,6,0.00012,0.2609,0.4286,912.708,LLAVE DE PASO FUSION PPR 20 CCS,TERMINAL HI FUSION PPR 20X1/2 CCS
MAIPU,140900,9252,6,0.00012,0.3529,0.3158,912.483,CODO SO HE BRONCE 1/2 GAS,ABRAZADERA COBRE 1/2
PMONT,146480,146658,5,8e-05,0.3125,0.2273,910.014,TEE HI PRESION 20X1/2,NIPLE PRESION HE 1/2
RANCA,142576,142606,6,0.00012,0.3158,0.3529,909.882,CODO 90 TRANS HI FUSION PPR 20X1/2 CCS,TUBO FUSION PPR 20MM X 3MT PN-16
RANCA,142579,142591,6,0.00012,0.3158,0.3529,909.882,CODO 90° FUSION PPR 20MM CCS,TEE FUSION PPR 20MM CCS
HUECH,125417,83276,11,0.00012,0.9167,0.1146,909.668,ANGULO EXTERIOR  CANALETA 40 X 16  PACK 2UN,MOLDURA PVC  40 X 16 TIRA 2MT
HUECH,123699,8080,12,0.00013,0.3243,0.3529,908.747,CEMENTO LLAIMA BOLSA 10KG.,LADRILLO REFRACTARIO BASTON 23X 5X 2.5CM
RENAC,136502,137697,8,0.0001,0.3333,0.2857,907.357,SOLDADURA PLATA INDEPP 15% 2 BARRAS,FUNDENTE PLATA 50GR. INDEPP
HUECH,132694,152973,6,6e-05,0.1333,0.4286,907.305,"MELAMINA SAHARA NAT 18 X 1,83 X 2,50 MASISA","TAPACANTO PVC SAHARA 22X1,5MM RO50MT"
RANCA,146523,146526,9,0.00018,0.3333,0.5,907.074,TUBO FUSION PPR 25MM X 3MT PN-16,COPLA SIMPLE FUSION PPR 25MM CCS
RANCA,140883,140884,8,0.00016,0.2963,0.5,907.074,CODO SO SO BRONCE 1/2 GAS,TERMINAL SO HE BRONCE 1/2 GAS
HUECH,146651,146707,14,0.00015,0.2373,0.56,904.229,COPLA PRESION 32 MM UNID,UNION AMERICANA PRESION 32 MM UNID
PMONT,142583,142596,11,0.00017,0.3667,0.4231,903.481,COPLA SIMPLE FUSION PPR 20MM CCS,TERMINAL HE FUSION PPR  20X1/2 CCS
TALCA,136503,137697,7,0.00018,0.3182,0.5,903.227,SOLDADURA PLATA INDEPP 5% 2 BARRAS,FUNDENTE PLATA 50GR. INDEPP
TALCA,79364,79372,7,0.00018,0.3182,0.5,903.227,TUBO BAJADA D 80X3MT (3) P25 BLANCO,COPLA BAJADA 80MM (10) P25 BLANCO
HUECH,140616,140618,18,0.00019,0.4737,0.36,902.529,CURVA TUBO RIGIDO EMT 20MM,ABRAZADERA TUBO RIGIDO EMT 20MM
HUECH,149656,149657,5,5e-05,0.1136,0.4167,902.15,ASA REDONDA GRANDE MADERA PINO 70MM Ø X 16MM 2UND,ASA REDONDA MEDIANA MADERA PINO 60MM Ø X 16MM 2UND
HUECH,131017,70065,5,5e-05,0.2273,0.2083,902.15,"TAPACANTO PVC GRIS 22X0,45MM RO 25MT",MELAMINA GRIS 18MM 1.83 X 2.50 MASISA
RENAC,6894,6896,37,0.00049,0.6981,0.6271,901.844,BARRA COPPER  1/2 X 1.1/2 MT  (11MM),CONECTOR COPPER 1/2 BRONCE
PMONT,139682,139685,8,0.00012,0.8,0.1404,899.158,COPLA CONDUIT 20MM 10UN,CURVA CONDUIT 90º 20MM 10UN
HUECH,83960,83964,7,7e-05,0.5,0.1321,898.745,ANGULO EXTERIOR CANALETA 100 X 50,TAPA FINAL CANALETA 100 X 50
CONCE,139988,139989,18,0.0002,0.2857,0.6207,898.739,TIRADOR PLAST. PARTENON 96MM BLANCO BOLSA 10 UN.,TIRADOR PLAST. PARTENON 96MM CAFÉ BOLSA 10 UN.
MAIPU,3822,3824,12,0.00024,0.2927,0.75,898.573,CUBIERTA 60X60 AR,MARCO 60X60 AR
SEREN,2816,2820,7,0.00014,0.4118,0.3043,898.184,IGOL PRIMER SIKA 3 KG TARR,IGOL DENSO SIKA  3 KG      TARR
PMONT,89456,89457,5,8e-05,0.2381,0.2941,897.269,POLICARB ACANALADO TRANSP  0.7X2000MM PL,POLICARB ACANALADO TRANSP  0.7X2500MM PL
TALCA,137620,3200,6,0.00015,0.4286,0.3158,896.436,TUBO CLASE 16 PRESION 20MM PARA CEMENTAR 3MT,TEE PRESION 20MM
PMONT,140883,140902,6,9e-05,0.1818,0.4615,896.014,CODO SO SO BRONCE 1/2 GAS,TERMINAL SO HI BRONCE 1/2 GAS
SEREN,142436,142443,6,0.00012,0.2857,0.375,895.893,CODO PVC SANITARIO GRIS 50MM,CURVA PVC SANITARIO GRIS 50MM
MAIPU,146970,146971,9,0.00018,0.4737,0.3462,894.935,DISCO LIJA VELCRO 125MM G60 PACK 10 HEMIC,DISCO LIJA VELCRO 125MM G80 PACK 10 HEMIC
VESPU,115698,135935,6,0.00015,0.1765,0.75,894.529,MELAMINA ROBLE PROVENZAL 15MM 1.83 X 2.50 VESTO,"TAPACANTO PVC ROBLE PROVENZAL 22X0,4 MM RO 50 M"
HUECH,155290,95076,5,5e-05,0.3846,0.122,893.687,KIT PORTON NEW VELOTI SPEED 800 KG (REEMP 95075),CREMALLERA ACERO 1MT P/MOTOR 1200KG VELOTI
CONCE,19868,19869,34,0.00037,0.5484,0.6071,893.303,TAB. CANAL NORMAL 61X20X0.5X3.0MT,TAB. MONTANTE NORMAL 60X38X6X0.5X3.0MT
CONCE,146532,146543,27,0.0003,0.45,0.587,892.389,CODO 90° FUSION PPR 20MM CCS,TEE FUSION PPR 20MM CCS
RENAC,146513,146514,6,8e-05,0.3158,0.2222,891.439,"TUBO CLASE 12,5 PRESION 25MM PARA CEMENTAR 6MT",TUBO CLASE 16 PRESION 20MM PARA CEMENTAR 6MT
RANCA,134533,134534,5,0.0001,0.4545,0.2,890.582,"PUNTA ATORNILLAR HEX 25MM, 8 UNID PH2 BOSCH","PUNTA ATORNILLAR HEX 50MM, 8 UNID  PH2 BOSCH"
TALCA,100666,92283,8,0.0002,0.381,0.4706,890.577,TAPA ACCESORIO UNIV P25 MARRON,COPLA BAJADA 80 MM (10) P25 MARRON
PMONT,139474,139477,5,8e-05,0.2083,0.3333,889.792,CONECTOR CONICO 44 MEDIANO 10UN,CONECTOR CONICO 33 PEQUEÑO 10UN
PMONT,142591,142596,13,0.0002,0.3611,0.5,889.792,TEE FUSION PPR 20MM CCS,TERMINAL HE FUSION PPR  20X1/2 CCS
HUECH,125412,125416,9,9e-05,0.2143,0.3913,887.581,ANGULO INTERIOR  CANALETA 20 X 10 PACK 2UN,TAPA FINAL  CANALETA 20 X 10 PACK 2UN
RANCA,142434,152691,5,0.0001,0.2174,0.4167,887.355,CODO PVC SANITARIO GRIS 110MM,TUBO PVC DRENAJE 110 MM X6000MM NEGRO SC
TALCA,146594,146629,5,0.00013,0.1786,0.625,887.098,CURVA PVC SANITARIO GRIS 110MM,VEE PVC SANITARIO GRIS 110X110MM
CONCE,144346,144351,7,8e-05,0.5833,0.1167,886.881,TAPACANTO CUBIERTA FINTOP 10ML LUNA NUEVA44V,CUBIERTA FINTOP 366X62X3CM LUNA NUEVA44V R3
SEREN,25625,86577,7,0.00014,0.3889,0.3182,886.843,"AUTOMATICO MONOFASICO 16A LEXO 6KA ""C""",DIFERENCIAL 2X25A 30MA LEXO
HUECH,123844,137222,5,5e-05,0.1389,0.3333,882.102,TUERCA HEXAGONAL FERRO 3/8 100 UNIDADES,ESPARRAGO FIERRO NEGRO 3/8-16 X 1000MM     
HUECH,132618,132619,6,6e-05,0.25,0.2222,882.102,"MELAMINA ESPRESSO 15MM 1,83 X 2,50 VESTO","MELAMINA ESPRESSO 18MM 1,83 X 2,50 VESTO"
HUECH,146500,146648,5,5e-05,0.5556,0.0833,882.102,TERMINAL HI PRESION 50X1.1/2 UNID,CODO PRESION 50 MM UNID
CONCE,125412,125415,9,0.0001,0.25,0.3462,877.135,ANGULO INTERIOR  CANALETA 20 X 10 PACK 2UN,DERIVACION T  CANALETA 20 X 10 PACK 2UN
CONCE,100643,100645,5,5e-05,0.1923,0.25,877.135,CODO 67.5º H - H (10) P25 BLANCO,CODO 87.5º H - H (10) P25 BLANCO
HUECH,11571,4491,17,0.00018,0.2024,0.7727,876.374,TUERCA COCINA  1/4 HEXAGONAL 100 UNIDADES,PERNO COCHE 1/4 X 1.1/2 - 100UNDS
RENAC,140612,9276,5,7e-05,0.1724,0.3333,876.069,TERMINAL TUBO RIGIDO EMT 20MM,CAJA METAL 100X65X65
CONCE,126500,126551,23,0.00025,0.4894,0.451,875.305,BARRA CLOSET REDONDA CROMADA 3.0MT - KUTZ,SOPORTE BARRA METALICO REDONDO CROMADO - KUTZ
RANCA,120565,130981,5,0.0001,0.5,0.1786,874.679,MEL MDP ACACIA ARENA SW 18X1830X2500 MASISA,"TAPACANTO PVC ACACIA ARENA 22X0,45MM RO 25MT"
RANCA,150452,150454,12,0.00024,0.5714,0.375,874.679,ENGRAPADORA USO LIVIANO PROFESIONAL WOKIN,CORCHETE 1000 PIEZAS 0.7X8X11.3MM WOKIN
RENAC,140610,140618,14,0.00018,0.3784,0.4242,873.916,TUBO METÁLICO RÍGIDO EMT 20MM 3MT,ABRAZADERA TUBO RIGIDO EMT 20MM
RENAC,134560,134564,5,7e-05,0.2174,0.2632,872.059,DISCO LIJA P/MADERAS 125MM G60 PACK5 BOSCH,DISCO LIJA P/MADERAS 125MM G240 PACK5 BOSCH
RENAC,127905,127909,5,7e-05,0.2632,0.2174,872.059,RUEDA POLIURETANO TRANS. 75MM SIN FRENO 64KG,RUEDA POLIURETANO TRANS. 75MM CON FRENO 64KG
SEREN,79056,84225,13,0.00026,0.3824,0.5909,871.939,CORREDERA DUCASSE DN-80   SR,RIEL COLGANTE U 100 I 200 DUCASSE
TALCA,3200,3217,5,0.00013,0.2632,0.4167,871.535,TEE PRESION 20MM,COPLA PRESION 20 MM     UNID
HUECH,147679,147680,8,8e-05,0.2286,0.32,871.013,CABLE EVA LIBRE HALOGENO H07Z1-K 2.5MM ROJO 25MT,CABLE EVA LIBRE HALOGENO H07Z1-K 2.5MM VERDE 25MT
CONCE,133304,133313,5,5e-05,0.2381,0.2,868.781,MDF FOLIA JUNQUILLO 1/4 RODON 18X18 WINTER,"MDF FOLIA GUARDAPOLVO ROD 12MMX68MMX2,40MT  WINTER"
CONCE,126535,145302,5,5e-05,0.2381,0.2,868.781,MANILLA GOLA MEDIA C ALUMINIO  3MTS KUTZ,CONECTOR GOLA SAMBEAT SET KUTZ
RANCA,127904,127908,11,0.00022,0.4783,0.4074,867.636,RUEDA POLIURETANO TRANS. 50MM SIN FRENO 40KG,RUEDA POLIURETANO TRANS. 50MM CON FRENO 40KG KUTZ
PMONT,8135,8138,7,0.00011,0.1489,0.6364,867.418,SOLDADURA ESTANO INDEPP 50% CARRETE 1/2KG,PASTA SOLDAR  250 GR.
HUECH,120137,123844,17,0.00018,0.3269,0.4722,865.138,GOLILLA CORRIENTE 3/8 - 50 UNDS,TUERCA HEXAGONAL FERRO 3/8 100 UNIDADES
PMONT,15896,1849,9,0.00014,0.3913,0.3103,864.445,VIDRIO MASCARA SOLDAR NEGRO GRADO 11,VIDRIO BLANCO PARA MASCARA SOLDAR
MAIPU,130555,87616,6,0.00012,0.5455,0.1935,864.317,GOMA ESPONJA PARA SELLO ESTANQUE/TAZA FANALOZA,KIT PERNO CAUPOLICAN ESTANQUE-WC
TALCA,130997,138890,5,0.00013,0.2174,0.5,863.957,"TAPACANTO PVC SEDA NOTTE 22X0,45 RO 25MT",MELAMINA SEDA NOTTE 15MM 1.83 X 2.50 VESTO
HUECH,125414,125416,5,5e-05,0.2083,0.2174,862.926,COPLA PLANA  CANALETA 20 X 10 PACK 2UN,TAPA FINAL  CANALETA 20 X 10 PACK 2UN
HUECH,127904,127908,20,0.00021,0.4255,0.4255,862.535,RUEDA POLIURETANO TRANS. 50MM SIN FRENO 40KG,RUEDA POLIURETANO TRANS. 50MM CON FRENO 40KG KUTZ
PMONT,142586,142596,7,0.00011,0.35,0.2692,862.413,LLAVE DE PASO FUSION PPR 20 CCS,TERMINAL HE FUSION PPR  20X1/2 CCS
VALPA,149407,149583,6,0.00022,0.5455,0.3529,862.299,"MELAMINA TUAREG VV 15MM 1,83 X 2,50 VESTO","TAPACANTO PVC TUAREG 22X0,45MM RO 25 MT"
RENAC,125411,125412,10,0.00013,0.2941,0.3846,862.195,ANGULO EXTERIOR  CANALETA 20 X 10 PACK 2UN,ANGULO INTERIOR  CANALETA 20 X 10 PACK 2UN
VALPA,120565,130981,5,0.00019,0.3846,0.4167,861.378,MEL MDP ACACIA ARENA SW 18X1830X2500 MASISA,"TAPACANTO PVC ACACIA ARENA 22X0,45MM RO 25MT"
SEREN,123699,8082,6,0.00012,0.6,0.1714,860.057,CEMENTO LLAIMA BOLSA 10KG.,LADRILLO REFRACTARIO FACHADA 23X6.5X2.5CM
RANCA,139556,139565,5,0.0001,0.3333,0.2632,859.333,BROCA METAL COBALTO 10MM UND BOSCH,BROCA METAL COBALTO 6MM UND BOSCH
CONCE,125413,125416,10,0.00011,0.1408,0.6667,856.545,ANGULO PLANO  CANALETA 20 X 10 PACK 2UN,TAPA FINAL  CANALETA 20 X 10 PACK 2UN
PMONT,139424,139425,5,8e-05,0.2273,0.2941,856.484,TARUGO MADERA 10MM X 0.60 MT. EMPAQUE 10 UN.,TARUGO MADERA 12MM X 0.60 MT. EMPAQUE 10 UN.
MAIPU,120398,120870,19,0.00039,0.4872,0.6786,854.687,PEDESTAL LAVAMANOS CORONA ACUACER,TAZA WC A PISO 30 CM CORONA LAGUNA
MAIPU,140883,140884,10,0.0002,0.4,0.4348,854.296,CODO SO SO BRONCE 1/2 GAS,TERMINAL SO HE BRONCE 1/2 GAS
PMONT,151633,151635,5,8e-05,0.2,0.3333,854.2,CERR. MANILLA TUBULAR DORMITORIO INOX KUTZ,CERR. MANILLA TUBULAR BAÑO INOX KUTZ
CONCE,142434,142448,7,8e-05,0.1029,0.6364,853.682,CODO PVC SANITARIO GRIS 110MM,REDUCCION PVC SANITARIO GRIS 110X50MM
CONCE,146577,146581,7,8e-05,0.2059,0.3182,853.682,CODO 90 TRANS HE FUSION PPR 20X1/2 CCS,CODO 90 TRANS HI FUSION PPR 20X1/2 CCS
TALCA,100639,100641,6,0.00015,0.1714,0.75,851.614,BAJADA CEMENTAR (10) P25 BLANCO,CODO 45º H - H (10) P25 BLANCO
RANCA,3209,8398,12,0.00024,0.3636,0.5714,848.173,CODO PRESION 20 MM     UNID,TUBO CLASE 16 PRESION 20MM PARA CEMENTAR 6MT
RANCA,142591,142606,5,0.0001,0.2941,0.2941,847.439,TEE FUSION PPR 20MM CCS,TUBO FUSION PPR 20MM X 3MT PN-16
RENAC,100200,100266,33,0.00043,0.5,0.7333,846.867,CABLE EVA LIBRE HALOGENO H07Z1-K 2.5MM ROJO 100MT,CABLE EVA LIBRE HALOGENO H07Z1-K 2.5MM VERDE 100MT
RENAC,146483,146643,5,7e-05,0.1667,0.3333,846.867,TEE PRESION 25MM,CODO HI PRESION 25X3/4 UNID
RENAC,154920,154922,8,0.0001,0.3333,0.2667,846.867,DISCO LIJA VELCRO PINTURA G80 / 10 UNIDADES HEMIC,DISCO LIJA VELCRO PINTURA G120 / 10 UNIDADES HEMIC
TALCA,100657,93706,5,0.00013,1.0,0.1064,845.574,CODO 67.5º M - H (10) P25 MARRON,TUBO BAJADA D 80X3MT (3) P25 MARRON
RENAC,123699,8080,11,0.00014,0.3438,0.3548,845.159,CEMENTO LLAIMA BOLSA 10KG.,LADRILLO REFRACTARIO BASTON 23X 5X 2.5CM
VESPU,128661,136422,8,0.0002,0.5,0.3333,844.833,TAPACANTO MELASEK BLCO ALTO BRILLO 23X1MM  RO25 MT,MDF MELASEK ALTO BRILLO BLANCO 18X2800X1220MM
VESPU,6198,6204,5,0.00012,0.3333,0.3125,844.833,TAPAGORRO HE BRONCE 1/2,TAPAGORRO HI BRONCE 1/2
PMONT,125413,125415,6,9e-05,0.1714,0.4615,844.813,ANGULO PLANO  CANALETA 20 X 10 PACK 2UN,DERIVACION T  CANALETA 20 X 10 PACK 2UN
CONCE,134561,134564,5,5e-05,0.1667,0.2778,844.648,DISCO LIJA P/MADERAS 125MM G80 PACK5 BOSCH,DISCO LIJA P/MADERAS 125MM G240 PACK5 BOSCH
RANCA,139106,145032,10,0.0002,0.5,0.3448,844.517,MELAMINA GRIS HILADO V. 18MM 1.83 X 2.50,"TAPACANTO PVC GRIS HILADO 22X0,45MM RO 25MT"
CONCE,148117,148127,6,7e-05,0.5455,0.1017,843.347,MELAMINA COCOA PORO SINCRON 18MM 1.83 X 2.50 VESTO,"TAPACANTO PVC COCOA PORO SINCRON 22X0,45MM RO 25MT"
PMONT,13965,97825,9,0.00014,0.25,0.4737,842.961,RUEDA GOMA GIRATORIA ZINC C/PLACA.40MM UNID,RUEDA GOMA GIRATORIA ZINC C/PLACA Y FRENO 40MM
VALPA,125413,125415,5,0.00019,0.25,0.625,839.844,ANGULO PLANO  CANALETA 20 X 10 PACK 2UN,DERIVACION T  CANALETA 20 X 10 PACK 2UN
MAIPU,3209,3217,16,0.00033,0.4103,0.6667,839.692,CODO PRESION 20 MM     UNID,COPLA PRESION 20 MM     UNID
RENAC,25624,25625,14,0.00018,0.4516,0.3415,839.537,"AUTOMATICO MONOFASICO 10A LEXO 6KA ""C""","AUTOMATICO MONOFASICO 16A LEXO 6KA ""C"""
CONCE,142435,142483,5,5e-05,0.0735,0.625,838.438,CODO PVC SANITARIO GRIS 40MM,VEE PVC SANITARIO GRIS 40X40MM
RANCA,120398,120870,13,0.00027,0.325,0.6842,837.85,PEDESTAL LAVAMANOS CORONA ACUACER,TAZA WC A PISO 30 CM CORONA LAGUNA
CONCE,142429,142444,10,0.00011,0.303,0.303,837.668,COPLA PVC SANITARIO GRIS 75MM,CURVA PVC SANITARIO GRIS 75MM
MAIPU,146525,146543,9,0.00018,0.375,0.4091,837.307,COPLA SIMPLE FUSION PPR 20MM CCS,TEE FUSION PPR 20MM CCS
RANCA,146526,146533,8,0.00016,0.4444,0.3077,837.299,COPLA SIMPLE FUSION PPR 25MM CCS,CODO 90° FUSION PPR 25MM CCS
RANCA,146523,146533,12,0.00024,0.4444,0.4615,837.299,TUBO FUSION PPR 25MM X 3MT PN-16,CODO 90° FUSION PPR 25MM CCS
SEREN,142436,142440,7,0.00014,0.3333,0.35,836.167,CODO PVC SANITARIO GRIS 50MM,COPLA PVC SANITARIO GRIS 50MM
SEREN,134563,134564,7,0.00014,0.3333,0.35,836.167,DISCO LIJA P/MADERAS 125MM G180 PACK5 BOSCH,DISCO LIJA P/MADERAS 125MM G240 PACK5 BOSCH
MAIPU,71871,77007,5,0.0001,0.7143,0.119,835.408,AGLOMERADO ENCHA. ENCI/ENCI 15MM 2.40 X 1.50,AGLOM. ENCHA. ENCI/ENCI 18MM 2.40 X 1.50
CONCE,126535,126536,5,5e-05,0.2381,0.1923,835.366,MANILLA GOLA MEDIA C ALUMINIO  3MTS KUTZ,MANILLA GOLA SUPERIOR L ALUMINIO 3MTS KUTZ
CONCE,3200,3209,15,0.00016,0.3659,0.375,834.348,TEE PRESION 20MM,CODO PRESION 20 MM     UNID
PMONT,81500,97145,5,8e-05,0.4167,0.1562,834.18,POLICARB ALVEOLAR PERFIL H  4.0MM -6.0MM X 2.9 MT,POLICARBONATO ALVEOLAR 1.05X2.9X 4.0MM CLEAR
TALCA,83275,83964,6,0.00015,0.2727,0.4615,833.748,MOLDURA PVC 100 X 50 TIRA 2MT,TAPA FINAL CANALETA 100 X 50
TALCA,33315,9194,6,0.00015,0.2727,0.4615,833.748,CODO SO SO COBRE 1/2,COPLA SO SOCOBRE 1/2
PMONT,154734,154746,6,9e-05,0.1818,0.4286,832.013,"FUENTE  ALIMEN.SWITCHING PEQUEÑA 24V 108W 4,5A INT",CINTA COB 24V 10W/M BCO FRIO 1100LM/M 480LED/M 5M
PMONT,127904,127908,24,0.00037,0.6486,0.48,831.114,RUEDA POLIURETANO TRANS. 50MM SIN FRENO 40KG,RUEDA POLIURETANO TRANS. 50MM CON FRENO 40KG KUTZ
TALCA,100661,100663,6,0.00015,0.8571,0.1463,830.843,ESQUINERO EXT/INT P25 MARRON,GANCHO TRADICIONAL  P25 MARRON
SEREN,123687,140883,11,0.00022,0.5789,0.3143,829.88,CAÑERIA COBRE L 1/2 X 1.0 MT GAS,CODO SO SO BRONCE 1/2 GAS
RANCA,138893,145289,11,0.00022,0.44,0.4231,828.926,MELAMINA LINO CHIARO 18MM 1.83 X 2.50 VESTO,"TAPACANTO PVC LINO CHIARO 22X0,4MM RO25MT"
TALCA,100661,95255,7,0.00018,1.0,0.1458,827.958,ESQUINERO EXT/INT P25 MARRON,CANALETA LARGO 4 MT (10) P25 MARRON
TALCA,142436,152455,10,0.00025,0.3125,0.6667,827.958,CODO PVC SANITARIO GRIS 50MM,TUBO PVC ALCANTARILLADO GRIS  50 MM 6MT
TALCA,100646,79813,5,0.00013,0.4167,0.25,827.958,CODO 87.5º M - H (10) P25 BLANCO,TAPA ACCESORIO UNIV P25 BLANCO
TALCA,133073,136151,5,0.00013,0.25,0.4167,827.958,"MELAMINA TOKAI 18MM 1,83 X 2,50 VESTO","TAPACANTO PVC TOKAI 22X0,4 MM RO 100 M"
TALCA,142436,142440,6,0.00015,0.1875,0.6667,827.958,CODO PVC SANITARIO GRIS 50MM,COPLA PVC SANITARIO GRIS 50MM
MAIPU,140883,9252,8,0.00016,0.32,0.4211,827.318,CODO SO SO BRONCE 1/2 GAS,ABRAZADERA COBRE 1/2
RANCA,3209,3252,10,0.0002,0.303,0.5556,824.613,CODO PRESION 20 MM     UNID,TERMINAL HI PRESION 20X1/2 UNID
RANCA,146516,146644,5,0.0001,0.5556,0.1515,824.613,TUBO CLASE 16 PRESION 20MM PARA CEMENTAR 3MT,CODO PRESION 20 MM     UNID
RANCA,146533,146544,7,0.00014,0.2692,0.4375,824.216,CODO 90° FUSION PPR 25MM CCS,TEE FUSION PPR 25MM CCS
RENAC,140610,9276,6,8e-05,0.1622,0.4,823.978,TUBO METÁLICO RÍGIDO EMT 20MM 3MT,CAJA METAL 100X65X65
RENAC,25624,25626,5,7e-05,0.1613,0.3333,819.548,"AUTOMATICO MONOFASICO 10A LEXO 6KA ""C""","AUTOMATICO MONOFASICO 20A LEXO 6KA ""C"""
RANCA,129828,129829,15,0.00031,0.6522,0.3846,819.097,"LIJA BANDA 4 X  24""  G 60 MAD-MET PACK3 MAKITA","LIJA BANDA 4 X  24""  G 80 MAD-MET PACK3 MAKITA"
RANCA,142434,142456,5,0.0001,0.2174,0.3846,819.097,CODO PVC SANITARIO GRIS 110MM,TEE PVC SANITARIO GRIS 110X110MM
MAIPU,136503,140883,5,0.0001,0.4167,0.2,818.7,SOLDADURA PLATA INDEPP 5% 2 BARRAS,CODO SO SO BRONCE 1/2 GAS
TALCA,118139,132688,5,0.00013,0.1852,0.5556,817.737,"SIFON LAVAPLATOS DOS TAZAS 11/2"" LOA HOFFENS",KIT MUEBLE LAVAPLATOS 120 CM DERECHO CON REBALSE
RANCA,142436,152685,5,0.0001,0.25,0.3333,816.367,CODO PVC SANITARIO GRIS 50MM,TUBO PVC DRENAJE 50 MM X6000MM NEGRO SC
TALCA,3209,8398,8,0.0002,0.3077,0.5333,815.221,CODO PRESION 20 MM     UNID,TUBO CLASE 16 PRESION 20MM PARA CEMENTAR 6MT
VALPA,13965,97825,8,0.0003,0.3636,0.6667,814.394,RUEDA GOMA GIRATORIA ZINC C/PLACA.40MM UNID,RUEDA GOMA GIRATORIA ZINC C/PLACA Y FRENO 40MM
TALCA,79364,79813,9,0.00023,0.4091,0.45,812.905,TUBO BAJADA D 80X3MT (3) P25 BLANCO,TAPA ACCESORIO UNIV P25 BLANCO
PMONT,139988,139989,7,0.00011,0.2917,0.3043,812.418,TIRADOR PLAST. PARTENON 96MM BLANCO BOLSA 10 UN.,TIRADOR PLAST. PARTENON 96MM CAFÉ BOLSA 10 UN.
TALCA,128909,22740,5,0.00013,0.1429,0.7143,811.061,CORREDERA CAJON KHOR BLANCA SBP 350MM  25 SETS,SELLADOR EXITO PASSOL LA
TALCA,100640,33222,5,0.00013,0.102,1.0,811.061,CANALETA LARGO 4 MT (10) P25 BLANCO,ESQUINERO EXT/INT P25 BLANCO
VESPU,149402,153022,5,0.00012,0.2,0.5,811.04,"MELAMINA PINOT GRIS SW 18MM 1,83 X 2,50 VESTO","TAPACANTO PVC PINOT 22X1,5MM RO50MT"
RENAC,736,738,21,0.00028,0.84,0.2658,810.419,MASILLA MAGICA MARSON LIVIANA S/CATAL 700M,ENDURECEDOR MARSO CREMA 28GR
PMONT,142591,142606,5,8e-05,0.1389,0.4545,808.902,TEE FUSION PPR 20MM CCS,TUBO FUSION PPR 20MM X 3MT PN-16
PMONT,3441,3443,5,8e-05,0.1389,0.4545,808.902,INTERRUPTOR EMB SIMPLE 9/12 16A BLANCO SCHNEIDER,INTERRUPTOR EMB ESCALA 9/24 16A BLANCO SCHNEIDER
MAIPU,140889,9252,5,0.0001,0.3125,0.2632,807.928,TEE SO (3) BRONCE 1/2 GAS,ABRAZADERA COBRE 1/2
TALCA,146543,146581,7,0.00018,0.3043,0.4667,806.359,TEE FUSION PPR 20MM CCS,CODO 90 TRANS HI FUSION PPR 20X1/2 CCS
SEREN,146551,146610,9,0.00018,0.225,0.6429,806.304,CODO PVC SANITARIO GRIS 40MM,TEE PVC SANITARIO GRIS 40X40MM
VALPA,125411,125413,6,0.00022,0.6,0.3,806.25,ANGULO EXTERIOR  CANALETA 20 X 10 PACK 2UN,ANGULO PLANO  CANALETA 20 X 10 PACK 2UN
RANCA,144305,144763,5,0.0001,0.3125,0.2632,805.625,MELAMINA JAVA SW 15MM 1.83 X 2.50 VESTO,"TAPACANTO PVC JAVA SW 22X0,4MM RO25MT"
TALCA,3200,3209,10,0.00025,0.5263,0.3846,804.494,TEE PRESION 20MM,CODO PRESION 20 MM     UNID
PMONT,83297,87998,35,0.00055,0.7143,0.614,802.82,TAB. ESTRUCTURAL C 2X3X8X0.85X6MT 60X38,TAB. CANAL ESTRUCTURAL U 2X3X0.85X6MT 62X25
SEREN,134564,134565,8,0.00016,0.4,0.32,802.72,DISCO LIJA P/MADERAS 125MM G240 PACK5 BOSCH,DISCO LIJA P/MADERAS 125MM G320 PACK5 BOSCH
RENAC,9160,9161,6,8e-05,0.4,0.1579,802.295,AUTOMATICO MONOFASICO 10A LEGRAND 6KA 03384,AUTOMATICO MONOFASICO 16A LEGRAND 6KA 03386
PMONT,137467,137468,5,8e-05,0.25,0.25,800.812,TIRAFONDO  1/4 X 1.1/2 BOLSA 10 UN.,TIRAFONDO 1/4 X 2 BOLSA 10 UN.
RENAC,92282,93709,5,7e-05,0.0735,0.7143,800.609,ABRAZADERA TUBO 80 (10) P25 MARRON,CODO 45º M - H (10) P25 MARRON
VESPU,142435,142442,9,0.00022,0.2368,0.75,800.368,CODO PVC SANITARIO GRIS 40MM,CURVA PVC SANITARIO GRIS 40MM
RANCA,120397,120870,13,0.00027,0.3095,0.6842,797.952,LAVAMANOS CORONA ACUACER,TAZA WC A PISO 30 CM CORONA LAGUNA
MAIPU,146543,146581,5,0.0001,0.2273,0.3571,797.435,TEE FUSION PPR 20MM CCS,CODO 90 TRANS HI FUSION PPR 20X1/2 CCS
MAIPU,142429,142437,5,0.0001,0.4545,0.1786,797.435,COPLA PVC SANITARIO GRIS 75MM,CODO PVC SANITARIO GRIS 75MM
TALCA,100637,79813,6,0.00015,0.4,0.3,794.84,ABRAZADERA TUBO 80 (10) P25 BLANCO,TAPA ACCESORIO UNIV P25 BLANCO
RENAC,126535,145302,10,0.00013,0.3125,0.3333,793.938,MANILLA GOLA MEDIA C ALUMINIO  3MTS KUTZ,CONECTOR GOLA SAMBEAT SET KUTZ
RENAC,154731,154743,5,7e-05,0.0833,0.625,793.938,FUENTE ALIMENTACION METALICA 12V 36W 3A-INTERIOR,CINTA LED 12V 12W/M BLCO FRIO 60 LEDS/M-5M-SEC
SEREN,142440,142450,6,0.00012,0.3,0.3158,792.158,COPLA PVC SANITARIO GRIS 50MM,REDUCCION PVC SANITARIO GRIS 50X40MM
PMONT,140883,140884,11,0.00017,0.3333,0.4074,790.926,CODO SO SO BRONCE 1/2 GAS,TERMINAL SO HE BRONCE 1/2 GAS
SEREN,147057,147079,15,0.0003,0.4412,0.5357,790.494,MELAMINA CARBON ULTRA MATTE 15MM 1.83 X 2.50 VESTO,"TAPACANTO PVC CARBON ULTRA MATTE 22X0,45MM RO 25MT"
TALCA,142436,142443,7,0.00018,0.2188,0.6364,790.324,CODO PVC SANITARIO GRIS 50MM,CURVA PVC SANITARIO GRIS 50MM
PMONT,146516,146644,17,0.00027,0.5667,0.3696,789.207,TUBO CLASE 16 PRESION 20MM PARA CEMENTAR 3MT,CODO PRESION 20 MM     UNID
TALCA,100666,95255,20,0.0005,0.9524,0.4167,788.532,TAPA ACCESORIO UNIV P25 MARRON,CANALETA LARGO 4 MT (10) P25 MARRON
MAIPU,146522,146543,12,0.00024,0.3529,0.5455,788.053,TUBO FUSION PPR 20MM X 3MT PN-16,TEE FUSION PPR 20MM CCS
MAIPU,146543,146570,6,0.00012,0.2727,0.3529,788.053,TEE FUSION PPR 20MM CCS,TERMINAL HI FUSION PPR 20X1/2 CCS
MAIPU,6329,84227,5,0.0001,0.2083,0.3846,787.212,CORREDERA DUCASSE COLGANTE D-100    100KG (SET),RIEL COLGANTE U 29 N 600 (DN80-D100)
PMONT,83275,83964,10,0.00016,0.2703,0.4545,787.039,MOLDURA PVC 100 X 50 TIRA 2MT,TAPA FINAL CANALETA 100 X 50
MAIPU,140884,9252,7,0.00014,0.3043,0.3684,786.851,TERMINAL SO HE BRONCE 1/2 GAS,ABRAZADERA COBRE 1/2
PMONT,137895,137899,27,0.00042,0.7105,0.4655,784.825,CUÑA NIVELADORA INSTALACION PORCELANATOS 100 UN,NIVELADOR PARA SISTEMA NIVELACION 100 UND
SEREN,152741,153610,9,0.00018,0.25,0.5625,783.906,"MELAMINA ARCILLA 15MM 1,83 X 2,50 VESTO","TAPACANTO PVC ARCILLA 22X0,45MM RO25MT"
SEREN,142440,142443,5,0.0001,0.25,0.3125,783.906,COPLA PVC SANITARIO GRIS 50MM,CURVA PVC SANITARIO GRIS 50MM
VESPU,144302,144767,5,0.00012,0.3846,0.25,779.846,MELAMINA TORI SW 18MM 1.83 X 2.50 VESTO,"TAPACANTO PVC TORI SW 22X0,4MM RO25MT"
MAIPU,125412,125413,10,0.0002,0.5556,0.2857,779.714,ANGULO INTERIOR  CANALETA 20 X 10 PACK 2UN,ANGULO PLANO  CANALETA 20 X 10 PACK 2UN
MAIPU,3200,8398,5,0.0001,0.2381,0.3333,779.714,TEE PRESION 20MM,TUBO CLASE 16 PRESION 20MM PARA CEMENTAR 6MT
TALCA,100648,100651,26,0.00065,0.6667,0.7647,779.255,GANCHO TRADICIONAL P25 BLANCO,TAPA CANALETA UNIV (10) P25 BLANCO
PMONT,25626,86577,8,0.00012,0.5714,0.1702,778.906,"AUTOMATICO MONOFASICO 20A LEXO 6KA ""C""",DIFERENCIAL 2X25A 30MA LEXO
PMONT,146482,146644,19,0.0003,0.5588,0.413,778.283,TEE PRESION 20MM,CODO PRESION 20 MM     UNID
SEREN,737,738,8,0.00016,0.6667,0.186,777.829,MASILLA MAGICA MARSON LIVIANA S/CATAL 350M,ENDURECEDOR MARSO CREMA 28GR
MAIPU,146532,146543,8,0.00016,0.3478,0.3636,776.632,CODO 90° FUSION PPR 20MM CCS,TEE FUSION PPR 20MM CCS
VALPA,4835,82695,6,0.00022,0.375,0.4615,775.24,MALLA CUADRADA TIPO 5014 ROLLO 1.80X25MT (6015),GRAPA CORRIENTE  1 BOLSA 1 KILO
RENAC,100199,100201,12,0.00016,0.2034,0.6,775.098,CABLE EVA LIBRE HALOGENO H07Z1-K 2.5MM BLANCO 100M,CABLE EVA LIBRE HALOGENO H07Z1-K 1.5MM VERDE 100MT
PMONT,142576,142591,10,0.00016,0.4348,0.2778,773.732,CODO 90 TRANS HI FUSION PPR 20X1/2 CCS,TEE FUSION PPR 20MM CCS
PMONT,146526,146533,11,0.00017,0.4583,0.2895,772.714,COPLA SIMPLE FUSION PPR 25MM CCS,CODO 90° FUSION PPR 25MM CCS
RENAC,154722,154724,5,7e-05,0.1923,0.2632,771.437,BARRA RIGIDA 220V 6W BL/NEUTRO 540LM 72 LEDS 40CM,BARRA RIGIDA 220V 7W BL/NEUTRO 630LM/ 72 LEDS 80CM
PMONT,142583,142591,13,0.0002,0.4333,0.3611,771.153,COPLA SIMPLE FUSION PPR 20MM CCS,TEE FUSION PPR 20MM CCS
TALCA,146543,146564,8,0.0002,0.3478,0.4444,767.961,TEE FUSION PPR 20MM CCS,TERMINAL HE FUSION PPR  20X1/2 CCS
RANCA,75344,76724,5,0.0001,0.625,0.125,765.344,LAM. PF8 ALUMINA 2103 BR 122 X 306,LAM. RECTA F6 BLANCO 2112 BR 122 X 306
RANCA,79056,84225,5,0.0001,0.3125,0.25,765.344,CORREDERA DUCASSE DN-80   SR,RIEL COLGANTE U 100 I 200 DUCASSE
MAIPU,146522,146570,9,0.00018,0.2647,0.5294,764.875,TUBO FUSION PPR 20MM X 3MT PN-16,TERMINAL HI FUSION PPR 20X1/2 CCS
MAIPU,5547,5552,5,0.0001,0.3571,0.2174,762.764,LIJA AGUA GRANO 220 PLIEGO,LIJA AGUA GRANO 400 PLIEGO
RENAC,100201,100266,9,0.00012,0.45,0.2,762.18,CABLE EVA LIBRE HALOGENO H07Z1-K 1.5MM VERDE 100MT,CABLE EVA LIBRE HALOGENO H07Z1-K 2.5MM VERDE 100MT
RENAC,119039,147149,8,0.0001,0.32,0.25,762.18,"TAB. ESTRUCTURAL C 2X4X12X0.85X2,5MT 90X38",TAB. CANAL ESTRUCTURAL U 2X4X0.85X3MT 92X30
RENAC,140614,7471,7,9e-05,0.25,0.28,762.18,COPLA TUBO RIGIDO EMT 20MM,CAJA SCHUKY METALICA
RANCA,139403,16413,10,0.0002,0.3571,0.4348,760.59,SOPORTE BARRA REDONDO CAFE BOLSA 10 UN.,BARRA CLOSET PLASTICA 1.5 MTS .CAFE UNID
SEREN,127904,127908,8,0.00016,0.3333,0.3636,760.152,RUEDA POLIURETANO TRANS. 50MM SIN FRENO 40KG,RUEDA POLIURETANO TRANS. 50MM CON FRENO 40KG KUTZ
TALCA,100651,79813,13,0.00033,0.3824,0.65,759.774,TAPA CANALETA UNIV (10) P25 BLANCO,TAPA ACCESORIO UNIV P25 BLANCO
RANCA,142579,142606,5,0.0001,0.2632,0.2941,758.235,CODO 90° FUSION PPR 20MM CCS,TUBO FUSION PPR 20MM X 3MT PN-16
MAIPU,140895,6766,5,0.0001,0.5556,0.1389,758.056,UNION AMERICANA SO SO BRONCE 1/2 GAS,CAÑERIA COBRE L 1/2 X 6.0 MT GAS
TALCA,100662,100667,6,0.00015,0.6667,0.1714,756.99,GANCHO INVISIBLE (50)  P25 MARRON,TAPA CANALETA UNIV (10) P25 MARRON
TALCA,100654,100666,18,0.00045,0.4,0.8571,756.99,BAJADA CEMENTAR (10) P25 MARRON,TAPA ACCESORIO UNIV P25 MARRON
TALCA,24118,80727,10,0.00025,0.6667,0.2857,756.99,ESQUINERO DVP EXTERNO BLANCO TIRA 3.0 MTS.,PERFIL J  RIGIDO DVP BLANCO 3.8 MTS.L
TALCA,100666,100667,14,0.00035,0.6667,0.4,756.99,TAPA ACCESORIO UNIV P25 MARRON,TAPA CANALETA UNIV (10) P25 MARRON
TALCA,100653,79813,8,0.0002,0.381,0.4,756.99,UNION CANALETA (10) P25 BLANCO,TAPA ACCESORIO UNIV P25 BLANCO
TALCA,100637,100653,6,0.00015,0.4,0.2857,756.99,ABRAZADERA TUBO 80 (10) P25 BLANCO,UNION CANALETA (10) P25 BLANCO
TALCA,100637,100639,10,0.00025,0.6667,0.2857,756.99,ABRAZADERA TUBO 80 (10) P25 BLANCO,BAJADA CEMENTAR (10) P25 BLANCO
RENAC,12418,146501,5,7e-05,0.3571,0.1389,756.131,SALIDA ESTANQUE PRESION 25MM      UNID,TUBO CLASE 10 PRESION 25MM PARA CEMENTAR 1MT
PMONT,129828,129829,13,0.0002,0.4483,0.3421,755.758,"LIJA BANDA 4 X  24""  G 60 MAD-MET PACK3 MAKITA","LIJA BANDA 4 X  24""  G 80 MAD-MET PACK3 MAKITA"
SEREN,733,738,11,0.00022,0.6471,0.2558,754.952,MASILLA MAGICA MARSON TRADICIONAL S/CATAL 350M,ENDURECEDOR MARSO CREMA 28GR
PMONT,149494,149495,5,8e-05,0.2,0.2941,753.706,TIRADOR INOX NEGRO MATE UU86 192MM KUTZ,TIRADOR INOX NEGRO MATE UU86 320MM KUTZ
RANCA,11571,26496,21,0.00043,0.3231,1.0,753.569,TUERCA COCINA  1/4 HEXAGONAL 100 UNIDADES,PERNO COCHE 1/4 X 1.1/4 - 100UNDS
RANCA,112746,130986,8,0.00016,0.4,0.3077,753.569,MELAMINA LINO SOFTWOOD 15MM 1.83 X 2.50 MASISA,"TAPACANTO PVC LINO / LINO CANCUN 22X0,45 RO 25MT"
RANCA,11571,4491,14,0.00029,0.2154,1.0,753.569,TUERCA COCINA  1/4 HEXAGONAL 100 UNIDADES,PERNO COCHE 1/4 X 1.1/2 - 100UNDS
RANCA,100642,79364,10,0.0002,0.7692,0.2,753.569,CODO 45º M - H (10)P25 BLANCO,TUBO BAJADA D 80X3MT (3) P25 BLANCO
VESPU,113030,128689,6,0.00015,0.3158,0.3529,753.288,MELAMINA LARICINA SOFTWOOD 18MM 2.50 X 1.83 MASISA,"TAPACANTO PVC LAVARE - LARICINA 22X0,45MM RO 25MT"
RENAC,6329,84225,6,8e-05,0.1875,0.3158,752.151,CORREDERA DUCASSE COLGANTE D-100    100KG (SET),RIEL COLGANTE U 100 I 200 DUCASSE
MAIPU,139681,139684,6,0.00012,0.8571,0.1071,751.867,COPLA CONDUIT 16MM 10UN,CURVA CONDUIT 90º 16MM 10UN
TALCA,100655,92282,9,0.00023,0.5294,0.3214,751.424,CODO 45º H - H (10) P25 MARRON,ABRAZADERA TUBO 80 (10) P25 MARRON
RENAC,149403,149587,8,0.0001,0.2759,0.2857,750.916,"MELAMINA JADE VV 15MM 1,83 X 2,50 VESTO","TAPACANTO PVC JADE 22X0,45MM RO 25 MT"
PMONT,144347,155073,10,0.00016,0.1639,0.7143,750.176,CUBIERTA FINTOP 366X62X3CM CEMENTO-06F R°3,TAPACANTO CUBIERTA FINTOP 5ML CEMENTO-06F
PMONT,142576,142596,7,0.00011,0.3043,0.2692,749.925,CODO 90 TRANS HI FUSION PPR 20X1/2 CCS,TERMINAL HE FUSION PPR  20X1/2 CCS
PMONT,146515,146717,7,0.00011,0.2917,0.28,747.425,TUBO CLASE 16 PRESION 20MM PARA CEMENTAR 1MT,TERMINAL HI PRESION 20X1/2 UNID
RENAC,125411,125415,6,8e-05,0.1765,0.3333,747.235,ANGULO EXTERIOR  CANALETA 20 X 10 PACK 2UN,DERIVACION T  CANALETA 20 X 10 PACK 2UN
SEREN,123689,6133,5,0.0001,0.2083,0.3571,746.577,CAÑERIA COBRE M 1/2 X 1.0 MT AGUA,CODO SO HI BRONCE 1/2
TALCA,92283,93706,15,0.00038,0.8824,0.3191,746.095,COPLA BAJADA 80 MM (10) P25 MARRON,TUBO BAJADA D 80X3MT (3) P25 MARRON
MAIPU,83275,83964,7,0.00014,0.2121,0.5,744.273,MOLDURA PVC 100 X 50 TIRA 2MT,TAPA FINAL CANALETA 100 X 50
MAIPU,112374,130990,6,0.00012,0.5,0.1818,744.273,MELAMI NOGAL CENIZA SOFTWOOD 15MM 1.83 X 2.50 MASI,"TAPACANTO PVC NOGAL CENIZA 22X0,45MM RO 25MT"
MAIPU,146543,146564,6,0.00012,0.2727,0.3333,744.273,TEE FUSION PPR 20MM CCS,TERMINAL HE FUSION PPR  20X1/2 CCS
TALCA,149405,149576,7,0.00018,0.3182,0.4118,743.834,"MELAMINA BOURBON MT 15MM 1,83 X 2,50 VESTO","TAPACANTO PVC BOURBON 22X0,45MM RO 25 MT"
RENAC,146566,146578,5,7e-05,0.2632,0.1852,742.865,TERMINAL HE FUSION PPR 25X1/2 CCS,CODO 90 TRANS HE FUSION PPR 25X1/2 CCS
VESPU,120398,120870,8,0.0002,0.3478,0.4211,742.371,PEDESTAL LAVAMANOS CORONA ACUACER,TAZA WC A PISO 30 CM CORONA LAGUNA
RANCA,737,738,9,0.00018,0.5,0.2727,742.152,MASILLA MAGICA MARSON LIVIANA S/CATAL 350M,ENDURECEDOR MARSO CREMA 28GR
PMONT,125419,83276,5,8e-05,0.5556,0.1042,741.493,ANGULO PLANO  CANALETA 40 X 16  PACK 2UN,MOLDURA PVC  40 X 16 TIRA 2MT
SEREN,139680,139685,6,0.00012,0.4286,0.2069,741.429,ABRAZADERA CONDUIT PVC 20MM 15UN,CURVA CONDUIT 90º 20MM 10UN
MAIPU,120397,120870,19,0.00039,0.4222,0.6786,740.729,LAVAMANOS CORONA ACUACER,TAZA WC A PISO 30 CM CORONA LAGUNA
PMONT,149408,153021,8,0.00012,0.2424,0.381,739.567,"MELAMINA TUAREG VV 18MM 1,83 X 2,50 VESTO","TAPACANTO PVC TUAREG 22X1,5MM RO50MT"
RENAC,4466,4468,7,9e-05,0.3684,0.1842,738.956,ZINC ALUM ACANALADO 0.4X2500MM RECUB AZ-150,ZINC ALUM ACANALADO 0.4X3660MM RECUB AZ-150
RANCA,25626,86577,7,0.00014,0.4667,0.2258,737.363,"AUTOMATICO MONOFASICO 20A LEXO 6KA ""C""",DIFERENCIAL 2X25A 30MA LEXO
MAIPU,142439,152680,6,0.00012,0.375,0.24,736.83,COPLA PVC SANITARIO GRIS 40MM,TUBO PVC DRENAJE 40 MM X1000MM NEGRO SC
RANCA,120135,4492,6,0.00012,0.2857,0.3158,736.571,GOLILLA CORRIENTE 1/4 - 50 UNDS,PERNO COCHE 1/4 X 2 - 100UNDS
PMONT,139988,139991,8,0.00012,0.3333,0.2759,736.379,TIRADOR PLAST. PARTENON 96MM BLANCO BOLSA 10 UN.,TIRADOR PLAST. PARTENON 96MM NEGRO BOLSA 10 UN.
PMONT,148913,152756,6,9e-05,0.2069,0.3333,736.379,PAÑO MULTIUSO X10 - CLÁSICA,LIMPIAVIDRIOS MULTIUSO  GATILLO 500 CC
PMONT,142579,142591,19,0.0003,0.413,0.5278,735.045,CODO 90° FUSION PPR 20MM CCS,TEE FUSION PPR 20MM CCS
MAIPU,137620,3209,7,0.00014,0.5833,0.1795,734.731,TUBO CLASE 16 PRESION 20MM PARA CEMENTAR 3MT,CODO PRESION 20 MM     UNID
MAIPU,139403,16414,14,0.00029,0.359,0.5833,734.731,SOPORTE BARRA REDONDO CAFE BOLSA 10 UN.,BARRA CLOSET PLASTICA 2MT.CAFE UNID
TALCA,100639,100651,22,0.00055,0.6286,0.6471,734.726,BAJADA CEMENTAR (10) P25 BLANCO,TAPA CANALETA UNIV (10) P25 BLANCO
VESPU,144304,153035,5,0.00012,0.2174,0.4167,734.638,MELAMINA ZEN SW 18MM 1.83 X 2.50 VESTO,"TAPACANTO PVC ZEN 22X1,5MM RO50MT"
VESPU,138888,152987,5,0.00012,0.2174,0.4167,734.638,MELAMINA SEDA GIORNO 15MM 1.83 X 2.50 VESTO,"TAPACANTO PVC SEDA GIORNO 22X1,5MM RO50MT"
PMONT,146644,146649,20,0.00031,0.4348,0.5263,733.009,CODO PRESION 20 MM     UNID,COPLA PRESION 20 MM     UNID
PMONT,134915,134916,5,8e-05,0.2632,0.2174,733.009,"BROCA MADERA  6,0 X 95 MM D-07054","BROCA MADERA  8,0 X 115 MM D-07076"
RANCA,146525,146543,7,0.00014,0.3889,0.2692,732.637,COPLA SIMPLE FUSION PPR 20MM CCS,TEE FUSION PPR 20MM CCS
TALCA,103248,103254,12,0.0003,0.5714,0.3871,732.571,CLAVO CORRIENTE INCHALAM 2.1/2 CAJA 25 KILOS,CLAVO CORRIENTE INCHALAM 4 CAJA 25 KILOS
PMONT,125413,125414,6,9e-05,0.1714,0.4,732.171,ANGULO PLANO  CANALETA 20 X 10 PACK 2UN,COPLA PLANA  CANALETA 20 X 10 PACK 2UN
RANCA,119039,147149,13,0.00027,0.4333,0.4483,731.915,"TAB. ESTRUCTURAL C 2X4X12X0.85X2,5MT 90X38",TAB. CANAL ESTRUCTURAL U 2X4X0.85X3MT 92X30
TALCA,100641,100651,5,0.00013,0.625,0.1471,730.551,CODO 45º H - H (10) P25 BLANCO,TAPA CANALETA UNIV (10) P25 BLANCO
VESPU,142435,152680,13,0.00032,0.3421,0.6842,730.161,CODO PVC SANITARIO GRIS 40MM,TUBO PVC DRENAJE 40 MM X1000MM NEGRO SC
RANCA,137895,137899,19,0.00039,0.6552,0.4318,729.356,CUÑA NIVELADORA INSTALACION PORCELANATOS 100 UN,NIVELADOR PARA SISTEMA NIVELACION 100 UND
PMONT,136241,2858,5,8e-05,0.2273,0.25,728.011,SIKA LATEX BOT 1 LT,SIKADUR 32 SIKA 1 KG      JUEG
PMONT,134561,134564,9,0.00014,0.2727,0.375,728.011,DISCO LIJA P/MADERAS 125MM G80 PACK5 BOSCH,DISCO LIJA P/MADERAS 125MM G240 PACK5 BOSCH
MAIPU,143831,143833,14,0.00029,0.3256,0.6364,726.964,MACHO VOLANTE 10A 2P+T RECTO NEGRO FANTON,HEMBRA VOLANTE 10A 2P+T NEGRA FANTON
TALCA,100661,93706,6,0.00015,0.8571,0.1277,724.778,ESQUINERO EXT/INT P25 MARRON,TUBO BAJADA D 80X3MT (3) P25 MARRON
TALCA,92282,93706,24,0.0006,0.8571,0.5106,724.778,ABRAZADERA TUBO 80 (10) P25 MARRON,TUBO BAJADA D 80X3MT (3) P25 MARRON
PMONT,127912,13962,5,8e-05,0.3846,0.1471,724.717,RUEDA POLIPROPILENO NEGRA 50MM SIN FRENO 35KG KUTZ,RUEDA GOMA GIRATORIA ZINC C/PLACA 50MM
RANCA,149408,149583,5,0.0001,0.3846,0.1923,724.586,"MELAMINA TUAREG VV 18MM 1,83 X 2,50 VESTO","TAPACANTO PVC TUAREG 22X0,45MM RO 25 MT"
VESPU,74678,74679,5,0.00012,0.25,0.3571,724.143,TABLERO PINO FINGER 18MM 1.02 X 2.44,TABLERO PINO FINGER 30MM 1.02 X 2.44
TALCA,146562,146596,8,0.0002,0.1818,0.8,722.582,CODO PVC SANITARIO GRIS 50MM,CURVA PVC SANITARIO GRIS 50MM
PMONT,146649,146705,9,0.00014,0.2368,0.4286,722.538,COPLA PRESION 20 MM     UNID,CODO HI PRESION 20X1/2     UNID
MAIPU,142434,142456,8,0.00016,0.25,0.4706,722.382,CODO PVC SANITARIO GRIS 110MM,TEE PVC SANITARIO GRIS 110X110MM
MAIPU,146522,146525,12,0.00024,0.3529,0.5,722.382,TUBO FUSION PPR 20MM X 3MT PN-16,COPLA SIMPLE FUSION PPR 20MM CCS
MAIPU,146491,146516,6,0.00012,0.3529,0.25,722.382,TERMINAL HE PRESION 20X1/2   UNID,TUBO CLASE 16 PRESION 20MM PARA CEMENTAR 3MT
RANCA,129954,74704,5,0.0001,0.25,0.2941,720.324,"TAPACANTO PVC AZUL ACERO 22X0,45MM RO 25 MT",MELAMINA AZUL ACERO 15MM 1.83 X 2.50 MASISA
TALCA,146532,146543,15,0.00038,0.4167,0.6522,719.964,CODO 90° FUSION PPR 20MM CCS,TEE FUSION PPR 20MM CCS
VALPA,139403,16414,6,0.00022,0.24,0.6667,716.667,SOPORTE BARRA REDONDO CAFE BOLSA 10 UN.,BARRA CLOSET PLASTICA 2MT.CAFE UNID
VESPU,137469,6738,6,0.00015,0.3,0.3529,715.624,TIRAFONDO  1/4 X 2.1/2 BOLSA 10 UN.,TARUGO PLASTICO 10MM 100 UNIDADES
SEREN,138895,145279,5,0.0001,0.3846,0.1852,714.672,MELAMINA ALASKA 18MM 1.83 X 2.50 VESTO,"TAPACANTO PVC ALASKA 22X0,4MM RO25MT"
MAIPU,146594,146629,8,0.00016,0.2759,0.4211,713.205,CURVA PVC SANITARIO GRIS 110MM,VEE PVC SANITARIO GRIS 110X110MM
RANCA,129459,140900,5,0.0001,0.1163,0.625,711.948,LLAVE GAS 1/2 ISO 228 - ISO 7,CODO SO HE BRONCE 1/2 GAS
MAIPU,146525,146532,8,0.00016,0.3333,0.3478,711.913,COPLA SIMPLE FUSION PPR 20MM CCS,CODO 90° FUSION PPR 20MM CCS
RANCA,142586,146564,7,0.00014,0.3043,0.3333,709.884,LLAVE DE PASO FUSION PPR 20 CCS,TERMINAL HE FUSION PPR  20X1/2 CCS
PMONT,100656,100658,8,0.00012,0.4211,0.2105,709.861,CODO 67.5º H - H (10) P25 MARRON,CODO 87.5º H - H (10) P25 MARRON
TALCA,79372,79813,5,0.00013,0.3571,0.25,709.679,COPLA BAJADA 80MM (10) P25 BLANCO,TAPA ACCESORIO UNIV P25 BLANCO
TALCA,146482,146491,5,0.00013,0.3571,0.25,709.679,TEE PRESION 20MM,TERMINAL HE PRESION 20X1/2   UNID
TALCA,132694,136570,8,0.0002,0.5714,0.25,709.679,"MELAMINA SAHARA NAT 18 X 1,83 X 2,50 MASISA","TAPACANTO PVC SAHARA 22X0,45MM RO 25MT"
SEREN,146482,146491,6,0.00012,0.3529,0.24,708.282,TEE PRESION 20MM,TERMINAL HE PRESION 20X1/2   UNID
SEREN,136538,138292,6,0.00012,0.24,0.3529,708.282,LIJA BANDA 4 X 24 G80 MAD-MET PACK3 KLINGSPOR,PERNO MARQUEZA 3/8 X 5 BOLSA 8 UN.
RANCA,146543,146544,6,0.00012,0.2308,0.375,706.471,TEE FUSION PPR 20MM CCS,TEE FUSION PPR 25MM CCS
VESPU,133071,152977,5,0.00012,0.1389,0.625,704.028,"MELAMINA VENEZIA 18MM 1,83 X 2,50 VESTO","TAPACANTO PVC VENEZIA 22X1,5MM RO50MT"
PMONT,125412,125413,10,0.00016,0.3846,0.2857,704.011,ANGULO INTERIOR  CANALETA 20 X 10 PACK 2UN,ANGULO PLANO  CANALETA 20 X 10 PACK 2UN
PMONT,152232,152234,6,9e-05,0.4286,0.1538,704.011,TIRADOR GRANERO REDONDO 300MM DUCASSE,KIT PARA PUERTA GRANERO DUCASSE
RANCA,3209,3217,9,0.00018,0.2727,0.4737,703.091,CODO PRESION 20 MM     UNID,COPLA PRESION 20 MM     UNID
TALCA,146562,146608,7,0.00018,0.1591,0.7778,702.51,CODO PVC SANITARIO GRIS 50MM,TEE PVC SANITARIO GRIS 110X50MM
TALCA,146532,146577,7,0.00018,0.1944,0.6364,702.51,CODO 90° FUSION PPR 20MM CCS,CODO 90 TRANS HE FUSION PPR 20X1/2 CCS
PMONT,146584,152469,7,0.00011,0.0986,0.7778,701.808,COPLA PVC SANITARIO GRIS 110MM,TUBO PVC ALCANTARILLADO GRIS 110 MM 3MT
MAIPU,146975,146977,9,0.00018,0.2571,0.5,701.743,DISCO LIJA VELCRO 125MM G180 PACK 10 HEMIC,DISCO LIJA VELCRO 125MM G320 PACK 10 HEMIC
TALCA,100637,100651,9,0.00023,0.6,0.2647,701.329,ABRAZADERA TUBO 80 (10) P25 BLANCO,TAPA CANALETA UNIV (10) P25 BLANCO
RANCA,142438,142441,6,0.00012,0.2857,0.3,699.743,COPLA PVC SANITARIO GRIS 110MM,CURVA PVC SANITARIO GRIS 110MM
RANCA,9544,98672,10,0.0002,0.5,0.2857,699.743,HEMBRA VOLANTE 10A 2P+T NEGRA HALUX,MACHO VOLANTE 10A 2P+T RECTO NEGRO HALUX
RANCA,146597,152647,6,0.00012,0.4,0.2143,699.743,CURVA PVC SANITARIO GRIS 75MM,TUBO PVC GRIS 75 MM X 3MTS
TALCA,142434,142456,6,0.00015,0.1935,0.5455,699.273,CODO PVC SANITARIO GRIS 110MM,TEE PVC SANITARIO GRIS 110X110MM
SEREN,100643,100644,6,0.00012,0.25,0.3333,696.806,CODO 67.5º H - H (10) P25 BLANCO,CODO 67.5º M - H (10) P25 BLANCO
SEREN,126526,79049,6,0.00012,0.25,0.3333,696.806,ASA CORRIDA MOD GATO ALUM 3MTS - TORNS - KUTZ,CORREDERA DUCASSE D-5032     (EX D-52)
SEREN,150155,150159,5,0.0001,0.1667,0.4167,696.806,TERMINAL CONECTOR RÁPIDO 1/2 -3/4  GARDTECH,CONECTOR RÁPIDO 3/4  CON AUTOSTOP GARDTECH
PMONT,142579,142596,13,0.0002,0.2826,0.5,696.359,CODO 90° FUSION PPR 20MM CCS,TERMINAL HE FUSION PPR  20X1/2 CCS
PMONT,142572,142576,7,0.00011,0.25,0.3043,696.359,CODO 90 TRANS HE FUSION PPR 20X1/2 CCS,CODO 90 TRANS HI FUSION PPR 20X1/2 CCS
TALCA,100663,100666,15,0.00038,0.3659,0.7143,692.369,GANCHO TRADICIONAL  P25 MARRON,TAPA ACCESORIO UNIV P25 MARRON
MAIPU,146584,146629,8,0.00016,0.2667,0.4211,689.432,COPLA PVC SANITARIO GRIS 110MM,VEE PVC SANITARIO GRIS 110X110MM
RANCA,146532,146543,19,0.00039,0.3654,0.7308,688.357,CODO 90° FUSION PPR 20MM CCS,TEE FUSION PPR 20MM CCS
TALCA,100653,79364,8,0.0002,0.381,0.3636,688.173,UNION CANALETA (10) P25 BLANCO,TUBO BAJADA D 80X3MT (3) P25 BLANCO
TALCA,146491,146644,9,0.00023,0.45,0.3462,687.842,TERMINAL HE PRESION 20X1/2   UNID,CODO PRESION 20 MM     UNID
TALCA,100654,100662,7,0.00018,0.1556,0.7778,686.899,BAJADA CEMENTAR (10) P25 MARRON,GANCHO INVISIBLE (50)  P25 MARRON
PMONT,142572,142586,6,9e-05,0.2143,0.3,686.411,CODO 90 TRANS HE FUSION PPR 20X1/2 CCS,LLAVE DE PASO FUSION PPR 20 CCS
PMONT,125411,125413,9,0.00014,0.375,0.2571,686.411,ANGULO EXTERIOR  CANALETA 20 X 10 PACK 2UN,ANGULO PLANO  CANALETA 20 X 10 PACK 2UN
RANCA,150452,150455,5,0.0001,0.2381,0.2941,686.022,ENGRAPADORA USO LIVIANO PROFESIONAL WOKIN,CORCHETE 1000 PIEZAS 7X100X11.3MM WOKIN
MAIPU,97973,97975,6,0.00012,0.3333,0.25,682.25,OVEROL DESECHABLE BLANCO T/L,OVEROL DESECHABLE BLANCO T/XL
MAIPU,140889,6766,8,0.00016,0.5,0.2222,682.25,TEE SO (3) BRONCE 1/2 GAS,CAÑERIA COBRE L 1/2 X 6.0 MT GAS
TALCA,92283,95255,14,0.00035,0.8235,0.2917,681.848,COPLA BAJADA 80 MM (10) P25 MARRON,CANALETA LARGO 4 MT (10) P25 MARRON
SEREN,127029,127030,5,0.0001,0.3125,0.2174,681.658,ZINC  EN V 0.35X2500MM ECO,ZINC  EN V 0.35X3000MM ECO
SEREN,140884,140886,5,0.0001,0.2174,0.3125,681.658,TERMINAL SO HE BRONCE 1/2 GAS,COPLA SO SO BRONCE 1/2 GAS
RANCA,146523,146544,6,0.00012,0.2222,0.375,680.306,TUBO FUSION PPR 25MM X 3MT PN-16,TEE FUSION PPR 25MM CCS
RANCA,146525,146532,13,0.00027,0.7222,0.25,680.306,COPLA SIMPLE FUSION PPR 20MM CCS,CODO 90° FUSION PPR 20MM CCS
TALCA,8135,8137,6,0.00015,0.2222,0.4615,679.35,SOLDADURA ESTANO INDEPP 50% CARRETE 1/2KG,PASTA SOLDAR  100 GR.
VESPU,142435,142439,7,0.00017,0.1842,0.6364,679.1,CODO PVC SANITARIO GRIS 40MM,COPLA PVC SANITARIO GRIS 40MM
VALPA,126500,126551,10,0.00037,0.5556,0.4545,678.662,BARRA CLOSET REDONDA CROMADA 3.0MT - KUTZ,SOPORTE BARRA METALICO REDONDO CROMADO - KUTZ
PMONT,126500,126551,19,0.0003,0.4872,0.413,678.503,BARRA CLOSET REDONDA CROMADA 3.0MT - KUTZ,SOPORTE BARRA METALICO REDONDO CROMADO - KUTZ
RANCA,142576,142579,5,0.0001,0.2632,0.2632,678.421,CODO 90 TRANS HI FUSION PPR 20X1/2 CCS,CODO 90° FUSION PPR 20MM CCS
PMONT,142027,142028,9,0.00014,0.36,0.2647,678.335,DISCO LIJA VELCRO 125MM/PS22K GR80 PACK 5UNDS,DISCO LIJA VELCRO 125MM/PS22K GR120 PACK 5UNDS
PMONT,140884,140889,8,0.00012,0.2963,0.2857,677.937,TERMINAL SO HE BRONCE 1/2 GAS,TEE SO (3) BRONCE 1/2 GAS
SEREN,146573,146597,11,0.00022,0.3235,0.4583,676.311,CODO PVC SANITARIO GRIS 75MM,CURVA PVC SANITARIO GRIS 75MM
RANCA,3209,3223,5,0.0001,0.1515,0.4545,674.683,CODO PRESION 20 MM     UNID,TAPA GORRO PRESION 20MM UNID
TALCA,146532,146564,11,0.00028,0.3056,0.6111,674.633,CODO 90° FUSION PPR 20MM CCS,TERMINAL HE FUSION PPR  20X1/2 CCS
PMONT,146533,146582,6,9e-05,0.1579,0.4,674.368,CODO 90° FUSION PPR 25MM CCS,CODO 90 TRANS HI FUSION PPR 25X1/2 CCS
RANCA,146543,146581,5,0.0001,0.1923,0.3571,672.83,TEE FUSION PPR 20MM CCS,CODO 90 TRANS HI FUSION PPR 20X1/2 CCS
RANCA,146532,146570,10,0.0002,0.1923,0.7143,672.83,CODO 90° FUSION PPR 20MM CCS,TERMINAL HI FUSION PPR 20X1/2 CCS
RANCA,142579,142583,7,0.00014,0.3684,0.2593,668.37,CODO 90° FUSION PPR 20MM CCS,COPLA SIMPLE FUSION PPR 20MM CCS
TALCA,100667,92283,10,0.00025,0.2857,0.5882,667.933,TAPA CANALETA UNIV (10) P25 MARRON,COPLA BAJADA 80 MM (10) P25 MARRON
SEREN,150453,150455,12,0.00024,0.5455,0.2927,667.45,ENGRAPADORA USO PESADO INDUSTRIAL WOKIN,CORCHETE 1000 PIEZAS 7X100X11.3MM WOKIN
PMONT,4473,82906,5,8e-05,0.2083,0.25,667.344,ZINC ALUM EN V 0.35X2500MM RECUB AZ-150,ZINC ALUM ACANALADO 0.35X3000MM RECUB AZ-150
PMONT,81417,86077,9,0.00014,0.3333,0.2812,667.344,TABIGAL CIELO PERIMETRAL AT 20X25X4X0.5X3MT,TABIGAL CIELO PORTANTE 40X18X10X05X3MT
PMONT,147685,147686,5,8e-05,0.1351,0.3846,665.956,CABLE EVA LIBRE HALOGENO H07Z1-K 1.5MM ROJO 25MT,CABLE EVA LIBRE HALOGENO H07Z1-K 1.5MM VERDE 25MT
MAIPU,120398,123573,19,0.00039,0.4872,0.5278,664.756,PEDESTAL LAVAMANOS CORONA ACUACER,ESTANQUE WC 6LT CORONA LAGUNA
TALCA,130997,138891,5,0.00013,0.2174,0.3846,664.582,"TAPACANTO PVC SEDA NOTTE 22X0,45 RO 25MT",MELAMINA SEDA NOTTE 18MM 1.83 X 2.50 VESTO
PMONT,133629,133630,10,0.00016,0.4545,0.2273,661.829,ARENA GRUESA SACO 25 K,GRAVILLA SACO 25 K
VALPA,146593,152643,5,0.00019,0.4167,0.2941,658.701,COPLA PVC SANITARIO GRIS 75MM,TUBO PVC GRIS 75 MM X 6MTS
VESPU,146540,146594,5,0.00012,0.2273,0.3571,658.312,CODO PVC SANITARIO GRIS 110MM,CURVA PVC SANITARIO GRIS 110MM
VESPU,120397,120870,8,0.0002,0.3077,0.4211,656.713,LAVAMANOS CORONA ACUACER,TAZA WC A PISO 30 CM CORONA LAGUNA
TALCA,146482,146644,6,0.00015,0.4286,0.2308,655.088,TEE PRESION 20MM,CODO PRESION 20 MM     UNID
MAIPU,100655,100658,7,0.00014,0.28,0.3333,654.96,CODO 45º H - H (10) P25 MARRON,CODO 87.5º H - H (10) P25 MARRON
MAIPU,125413,125415,7,0.00014,0.2,0.4667,654.96,ANGULO PLANO  CANALETA 20 X 10 PACK 2UN,DERIVACION T  CANALETA 20 X 10 PACK 2UN
MAIPU,146516,146644,8,0.00016,0.3333,0.32,654.96,TUBO CLASE 16 PRESION 20MM PARA CEMENTAR 3MT,CODO PRESION 20 MM     UNID
SEREN,149493,149495,6,0.00012,0.2609,0.3,654.391,TIRADOR INOX NEGRO MATE UU86 160MM KUTZ,TIRADOR INOX NEGRO MATE UU86 320MM KUTZ
TALCA,146525,146532,13,0.00033,0.5909,0.3611,652.331,COPLA SIMPLE FUSION PPR 20MM CCS,CODO 90° FUSION PPR 20MM CCS
PMONT,142576,142583,7,0.00011,0.3043,0.2333,649.935,CODO 90 TRANS HI FUSION PPR 20X1/2 CCS,COPLA SIMPLE FUSION PPR 20MM CCS
TALCA,100658,92283,5,0.00013,0.2778,0.2941,649.379,CODO 87.5º H - H (10) P25 MARRON,COPLA BAJADA 80 MM (10) P25 MARRON
TALCA,100639,100653,12,0.0003,0.3429,0.5714,648.849,BAJADA CEMENTAR (10) P25 BLANCO,UNION CANALETA (10) P25 BLANCO
PMONT,115849,130931,5,8e-05,0.1923,0.2632,648.431,MELAMINA GRIS HUMO 18MM 2.50 X 1.83 VESTO,"TAPACANTO PVC GRIS HUMO 22X0,45MM RO 100MT"
PMONT,3514,98675,5,8e-05,0.2632,0.1923,648.431,HEMBRA VOLANTE 10A 2P+T BLANCA HALUX,MACHO VOLANTE 10A 2P+T RECTO BLANCO HALUX
TALCA,120398,120870,15,0.00038,0.375,0.6522,647.967,PEDESTAL LAVAMANOS CORONA ACUACER,TAZA WC A PISO 30 CM CORONA LAGUNA
RANCA,146482,146491,5,0.0001,0.2778,0.2381,647.91,TEE PRESION 20MM,TERMINAL HE PRESION 20X1/2   UNID
TALCA,100640,100651,27,0.00068,0.551,0.7941,644.078,CANALETA LARGO 4 MT (10) P25 BLANCO,TAPA CANALETA UNIV (10) P25 BLANCO
TALCA,144305,144763,7,0.00018,0.2917,0.3889,643.968,MELAMINA JAVA SW 15MM 1.83 X 2.50 VESTO,"TAPACANTO PVC JAVA SW 22X0,4MM RO25MT"
SEREN,146593,146597,8,0.00016,0.3077,0.3333,643.205,COPLA PVC SANITARIO GRIS 75MM,CURVA PVC SANITARIO GRIS 75MM
MAIPU,146522,146564,8,0.00016,0.2353,0.4444,642.118,TUBO FUSION PPR 20MM X 3MT PN-16,TERMINAL HE FUSION PPR  20X1/2 CCS
PMONT,154727,154729,24,0.00037,0.32,0.75,640.65,MINI SMART SWITCH 90-250VAC 50-60HZ 10A MAX 2.4GHZ,TECLA INALAMBRICA RF/ 2 EFECTOS SMART HOUSE BLANCO
PMONT,142583,142586,6,9e-05,0.2,0.3,640.65,COPLA SIMPLE FUSION PPR 20MM CCS,LLAVE DE PASO FUSION PPR 20 CCS
MAIPU,84220,84225,5,0.0001,0.4167,0.1562,639.609,CORREDERA DUCASSE COLGANTE ECO-80 (SET),RIEL COLGANTE U 100 I 200 DUCASSE
TALCA,146562,152642,12,0.0003,0.2727,0.7059,637.572,CODO PVC SANITARIO GRIS 50MM,TUBO PVC GRIS 50 MM X 6MTS
SEREN,150452,150454,13,0.00026,0.8125,0.2031,636.924,ENGRAPADORA USO LIVIANO PROFESIONAL WOKIN,CORCHETE 1000 PIEZAS 0.7X8X11.3MM WOKIN
TALCA,3209,3217,5,0.00013,0.1923,0.4167,636.891,CODO PRESION 20 MM     UNID,COPLA PRESION 20 MM     UNID
TALCA,3209,9961,5,0.00013,0.1923,0.4167,636.891,CODO PRESION 20 MM     UNID,CODO HI PRESION 20X1/2     UNID
RANCA,3200,3209,6,0.00012,0.4286,0.1818,636.13,TEE PRESION 20MM,CODO PRESION 20 MM     UNID
RANCA,11571,4492,16,0.00033,0.2462,0.8421,634.585,TUERCA COCINA  1/4 HEXAGONAL 100 UNIDADES,PERNO COCHE 1/4 X 2 - 100UNDS
SEREN,139450,143749,6,0.00012,0.8571,0.0882,632.395,SOPLETE PLASTICO PG800 PROVIDUS SIN ENCENDIDO,CARTUCHO GAS 190 GRS TOP SAFE PROVIDUS
MAIPU,124611,8160,9,0.00018,0.36,0.3214,631.569,"CANAL CUADRADA GALV 0,35X300MMX2MT",GANCHO CANAL
TALCA,100658,92282,8,0.0002,0.4444,0.2857,630.825,CODO 87.5º H - H (10) P25 MARRON,ABRAZADERA TUBO 80 (10) P25 MARRON
TALCA,100654,100661,5,0.00013,0.1111,0.7143,630.825,BAJADA CEMENTAR (10) P25 MARRON,ESQUINERO EXT/INT P25 MARRON
TALCA,122400,130924,6,0.00015,0.1429,0.6667,630.825,MELAMINA TOSCANA 15MM 2.50 X 1.83 VESTO,"TAPACANTO PVC TOSCANA 22X0,45MM RO 100MT"
MAIPU,149409,149598,11,0.00022,0.2821,0.5,629.769,"MELAMINA PINOT GRIS SW 15MM 1,83 X 2,50 VESTO","TAPACANTO PVC PINOT GRIS 22X0,45MM RO 25 MT"
VESPU,139370,139374,7,0.00017,0.1707,0.6364,629.41,PERILLA PLASTICA 38MM BLANCA BOLSA 10 UN.,PERILLA PLASTICA 38MM ROSADA BOLSA 10 UN.
SEREN,141190,141191,5,0.0001,0.2632,0.2381,628.697,LIJA FIERRO KL GRANO 40 PLIEGO,LIJA FIERRO KL GRANO 50 PLIEGO
MAIPU,146573,152468,6,0.00012,0.0896,0.8571,628.426,CODO PVC SANITARIO GRIS 75MM,TUBO PVC ALCANTARILLADO GRIS 75 MM 3MT
MAIPU,140884,140900,5,0.0001,0.2174,0.2941,628.159,TERMINAL SO HE BRONCE 1/2 GAS,CODO SO HE BRONCE 1/2 GAS
PMONT,146476,146478,6,9e-05,0.3529,0.1667,628.088,TAPA GORRO PRESION HI 1/2   UNID,TAPA TORNILLO PRESION HE 1/2 UNID
TALCA,100663,92283,11,0.00028,0.2683,0.6471,627.205,GANCHO TRADICIONAL  P25 MARRON,COPLA BAJADA 80 MM (10) P25 MARRON
SEREN,142027,142028,7,0.00014,0.25,0.35,627.125,DISCO LIJA VELCRO 125MM/PS22K GR80 PACK 5UNDS,DISCO LIJA VELCRO 125MM/PS22K GR120 PACK 5UNDS
PMONT,4554,88623,5,8e-05,0.7143,0.0685,626.859,HEMBRA VOLANTE 10A 2P+T NEGRA BTICINO,MACHO VOLANTE 10A 2P+T ARTICULADO GRIS BTICINO
RANCA,142586,142591,5,0.0001,0.2174,0.2941,626.368,LLAVE DE PASO FUSION PPR 20 CCS,TEE FUSION PPR 20MM CCS
TALCA,100639,100640,27,0.00068,0.7714,0.551,625.676,BAJADA CEMENTAR (10) P25 BLANCO,CANALETA LARGO 4 MT (10) P25 BLANCO
PMONT,150476,150477,5,8e-05,0.1852,0.2632,624.415,ALICATE CORTANTE 7  WOKIN,ALICATE PUNTA 6  WOKIN
TALCA,100654,92283,12,0.0003,0.2667,0.7059,623.404,BAJADA CEMENTAR (10) P25 MARRON,COPLA BAJADA 80 MM (10) P25 MARRON
VALPA,9544,98672,5,0.00019,0.2778,0.4167,622.106,HEMBRA VOLANTE 10A 2P+T NEGRA HALUX,MACHO VOLANTE 10A 2P+T RECTO NEGRO HALUX
TALCA,100639,79364,12,0.0003,0.3429,0.5455,619.356,BAJADA CEMENTAR (10) P25 BLANCO,TUBO BAJADA D 80X3MT (3) P25 BLANCO
MAIPU,142437,152687,6,0.00012,0.2143,0.3529,619.185,CODO PVC SANITARIO GRIS 75MM,TUBO PVC DRENAJE 75 MM X3000MM NEGRO SC
PMONT,134916,134917,6,9e-05,0.2609,0.2222,618.986,"BROCA MADERA  8,0 X 115 MM D-07076","BROCA MADERA  10,0 X 135 MM D-07098"
RANCA,100646,79372,5,0.0001,0.2778,0.2273,618.46,CODO 87.5º M - H (10) P25 BLANCO,COPLA BAJADA 80MM (10) P25 BLANCO
PMONT,129829,129830,11,0.00017,0.2895,0.3667,618.171,"LIJA BANDA 4 X  24""  G 80 MAD-MET PACK3 MAKITA","LIJA BANDA 4 X  24""  G 100 MAD-MET PACK3 MAKITA"
TALCA,100640,100653,16,0.0004,0.3265,0.7619,617.951,CANALETA LARGO 4 MT (10) P25 BLANCO,UNION CANALETA (10) P25 BLANCO
PMONT,97973,97976,7,0.00011,0.2121,0.3182,617.707,OVEROL DESECHABLE BLANCO T/L,OVEROL DESECHABLE BLANCO T/M
RANCA,100654,100666,18,0.00037,0.2647,0.8571,617.42,BAJADA CEMENTAR (10) P25 MARRON,TAPA ACCESORIO UNIV P25 MARRON
RANCA,139403,16414,6,0.00012,0.2143,0.3529,617.42,SOPORTE BARRA REDONDO CAFE BOLSA 10 UN.,BARRA CLOSET PLASTICA 2MT.CAFE UNID
RANCA,146593,152647,6,0.00012,0.3529,0.2143,617.42,COPLA PVC SANITARIO GRIS 75MM,TUBO PVC GRIS 75 MM X 3MTS
PMONT,113210,130984,6,9e-05,0.5,0.1154,616.01,MELAMINA CARVALO SW 15MM 1.83 X 2.50 MASISA,"TAPACANTO PVC CARVALO 22X0,45 MM RO 25 M"
PMONT,110515,143179,5,8e-05,0.5,0.0962,616.01,INTERRUPTOR EMB ESCALA 9/24 10A BLANCO BTICINO,HEMBRA EMBUTIDA DOBLE 10A BLANCO LUZICA BTICINO
PMONT,155579,95076,12,0.00019,0.5,0.2308,616.01,KIT PORTON NEW VELOTI SPEED 1200 KG (REEMP 127356),CREMALLERA ACERO 1MT P/MOTOR 1200KG VELOTI
MAIPU,139398,139399,5,0.0001,0.25,0.25,614.025,RUEDA YO-YO BASE 50MM C/FRENO BOLSA 4 UN KUTZ,RUEDA YO-YO BASE 50MM BOLSA 4 UN KUTZ
RANCA,139405,16412,5,0.0001,0.2381,0.2632,613.81,SOPORTE BARRA U CAFÉ BOLSA 10 UN.,BARRA CLOSET PLASTICA 1MT.CAFE UNID
PMONT,149493,149495,7,0.00011,0.1628,0.4118,613.482,TIRADOR INOX NEGRO MATE UU86 160MM KUTZ,TIRADOR INOX NEGRO MATE UU86 320MM KUTZ
TALCA,4466,4467,5,0.00013,0.2778,0.2778,613.302,ZINC ALUM ACANALADO 0.4X2500MM RECUB AZ-150,ZINC ALUM ACANALADO 0.4X3000MM RECUB AZ-150
RANCA,140816,140825,6,0.00012,0.4,0.1875,612.275,PORTALAMPARA BASE RECTA CERAMICO BLANCO E-27,AMPOLLETA LED CLASICA E27 10W LUZ DIA BOLT
TALCA,100651,100653,11,0.00028,0.3235,0.5238,612.272,TAPA CANALETA UNIV (10) P25 BLANCO,UNION CANALETA (10) P25 BLANCO
PMONT,92282,93709,16,0.00025,0.2388,0.64,611.964,ABRAZADERA TUBO 80 (10) P25 MARRON,CODO 45º M - H (10) P25 MARRON
TALCA,144301,144761,6,0.00015,0.1538,0.6,611.415,MELAMINA TORI SW 15MM 1.83 X 2.50 VESTO,"TAPACANTO PVC TORI SW 22X0,4MM RO100MT"
VALPA,123802,123804,5,0.00019,0.4545,0.25,610.795,"DISCO TRASLAPADO KLINGSPOR SMT 624  4 1/2""G40","DISCO TRASLAPADO KLINGSPOR SMT 624  4 1/2""G80"
TALCA,128848,130959,6,0.00015,0.2609,0.3529,609.852,MELAMINA TAUPE ULTRA MATTE 18MM 1.83 X 2.50 VESTO,"TAPACANTO PVC TAUPE 22X0,45MM RO 100MT"
SEREN,154075,154076,6,0.00012,0.3158,0.2308,609.352,ROLLO LIJA 115X5000 GR.80  MADERA/METAL/UNIVERSAL,ROLLO LIJA 115X5000 GR.120  MADERA/METAL/UNIVERSAL
TALCA,100663,100667,22,0.00055,0.5366,0.6286,609.285,GANCHO TRADICIONAL  P25 MARRON,TAPA CANALETA UNIV (10) P25 MARRON
TALCA,126535,126536,12,0.0003,0.4444,0.4138,609.073,MANILLA GOLA MEDIA C ALUMINIO  3MTS KUTZ,MANILLA GOLA SUPERIOR L ALUMINIO 3MTS KUTZ
MAIPU,100641,100645,8,0.00016,0.4211,0.2353,608.322,CODO 45º H - H (10) P25 BLANCO,CODO 87.5º H - H (10) P25 BLANCO
TALCA,100640,79813,15,0.00038,0.3061,0.75,608.296,CANALETA LARGO 4 MT (10) P25 BLANCO,TAPA ACCESORIO UNIV P25 BLANCO
VESPU,138892,145289,6,0.00015,0.24,0.375,608.28,MELAMINA LINO CHIARO 15MM 1.83 X 2.50 VESTO,"TAPACANTO PVC LINO CHIARO 22X0,4MM RO25MT"
RANCA,140883,140886,6,0.00012,0.2222,0.3333,604.716,CODO SO SO BRONCE 1/2 GAS,COPLA SO SO BRONCE 1/2 GAS
RANCA,152646,152648,6,0.00012,0.2222,0.3333,604.716,TUBO PVC GRIS 50 MM X 3MTS,TUBO PVC GRIS 110 MM X 3MTS
TALCA,100666,93706,15,0.00038,0.7143,0.3191,603.982,TAPA ACCESORIO UNIV P25 MARRON,TUBO BAJADA D 80X3MT (3) P25 MARRON
VESPU,122393,131004,5,0.00012,0.3571,0.2083,603.452,MELAMINA ROBLE CAVA 18MM 2.50 X 1.83 VESTO,"TAPACANTO PVC ROBLE CAVA 22X0,45MM RO 25MT"
TALCA,100662,100669,6,0.00015,0.6667,0.1364,602.152,GANCHO INVISIBLE (50)  P25 MARRON,UNION CANALETA (10) P25 MARRON
MAIPU,146525,146570,5,0.0001,0.2083,0.2941,601.985,COPLA SIMPLE FUSION PPR 20MM CCS,TERMINAL HI FUSION PPR 20X1/2 CCS
RANCA,123688,140889,5,0.0001,0.1351,0.4545,601.744,CAÑERIA COBRE L 1/2 X 3.0 MT GAS,TEE SO (3) BRONCE 1/2 GAS
RANCA,84221,87730,7,0.00014,0.1842,0.4667,601.533,CORREDERA DUCASSE COLGANTE ECO-100 (SET),RIEL COLGANTE U 100 I 2.50 MTS DUCASE
VALPA,737,738,17,0.00063,0.8947,0.425,601.151,MASILLA MAGICA MARSON LIVIANA S/CATAL 350M,ENDURECEDOR MARSO CREMA 28GR
MAIPU,3200,3209,10,0.0002,0.4762,0.2564,599.78,TEE PRESION 20MM,CODO PRESION 20 MM     UNID
VESPU,146476,146478,6,0.00015,0.2069,0.4286,599.291,TAPA GORRO PRESION HI 1/2   UNID,TAPA TORNILLO PRESION HE 1/2 UNID
VESPU,151955,151956,6,0.00015,0.1622,0.5455,597.818,TORNILLO TURBO CUTTING T17 #10(5.0)X100 20UN KHOR,TORNILLO TURBO CUTTING T17 14(6.0)X127 20UN KHOR
SEREN,133306,143073,5,0.0001,0.1667,0.3571,597.262,MDF FOLIA JQUIL 1/4 RODON 18X18 GARRISON/BOUGH,"MDF FOLIO GUIA DE TRANSICIO 1,00 MT GARRISON/BOUGH"
MAIPU,142434,152690,7,0.00014,0.2188,0.3889,596.969,CODO PVC SANITARIO GRIS 110MM,TUBO PVC DRENAJE 110 MM X3000MM NEGRO SC
SEREN,131027,76913,6,0.00012,0.2609,0.2727,594.901,"TAPACANTO PVC ALUMINIO 22X0,45MM RO 25MT",MELAMINA ALUMINIO 15MM 1.83 X 2.50 MASISA
SEREN,120397,123573,8,0.00016,0.3077,0.3077,593.728,LAVAMANOS CORONA ACUACER,ESTANQUE WC 6LT CORONA LAGUNA
MAIPU,146800,146801,5,0.0001,0.2174,0.2778,593.261,INTERRUPTOR EMB SIMPLE 9/12 10A BLANCO KARSON,INTERRUPTOR EMB DOBLE 9/15 10A BLANCO KARSON
MAIPU,24419,76139,7,0.00014,0.1207,0.7,592.852,CERRADURA KARDEX FRONTAL  288 1.2MT,KIT KARDEX 50CMS
MAIPU,146971,146973,10,0.0002,0.3846,0.3125,590.409,DISCO LIJA VELCRO 125MM G80 PACK 10 HEMIC,DISCO LIJA VELCRO 125MM G120 PACK 10 HEMIC
RANCA,100645,79364,12,0.00024,0.6,0.24,587.784,CODO 87.5º H - H (10) P25 BLANCO,TUBO BAJADA D 80X3MT (3) P25 BLANCO
TALCA,126536,126539,6,0.00015,0.2069,0.4286,587.32,MANILLA GOLA SUPERIOR L ALUMINIO 3MTS KUTZ,CONECTOR GOLA SUP ESQUINA INTERNA - KUTZ
RANCA,11571,120147,7,0.00014,0.1077,0.7778,586.109,TUERCA COCINA  1/4 HEXAGONAL 100 UNIDADES,GOLILLA ZINCADA 1/4 - 50 UNDS
TALCA,100646,100651,6,0.00015,0.5,0.1765,584.441,CODO 87.5º M - H (10) P25 BLANCO,TAPA CANALETA UNIV (10) P25 BLANCO
TALCA,100651,79364,11,0.00028,0.3235,0.5,584.441,TAPA CANALETA UNIV (10) P25 BLANCO,TUBO BAJADA D 80X3MT (3) P25 BLANCO
TALCA,127904,127908,16,0.0004,0.4848,0.4848,583.904,RUEDA POLIURETANO TRANS. 50MM SIN FRENO 40KG,RUEDA POLIURETANO TRANS. 50MM CON FRENO 40KG KUTZ
RANCA,146532,146564,13,0.00027,0.25,0.619,583.119,CODO 90° FUSION PPR 20MM CCS,TERMINAL HE FUSION PPR  20X1/2 CCS
RANCA,146491,146514,6,0.00012,0.2857,0.25,583.119,TERMINAL HE PRESION 20X1/2   UNID,TUBO CLASE 16 PRESION 20MM PARA CEMENTAR 6MT
RANCA,132693,148342,5,0.0001,0.3333,0.1786,583.119,"MELAMINA SAHARA NAT 15 X 1,83 X 2,50 MASISA",MELAMINA MDP VERDE GLACIAR B 15MM 1.83X2.50 MASISA
VALPA,84220,84225,17,0.00063,0.6071,0.6071,582.749,CORREDERA DUCASSE COLGANTE ECO-80 (SET),RIEL COLGANTE U 100 I 200 DUCASSE
TALCA,100639,100648,20,0.0005,0.5714,0.5128,582.3,BAJADA CEMENTAR (10) P25 BLANCO,GANCHO TRADICIONAL P25 BLANCO
TALCA,100648,100653,12,0.0003,0.3077,0.5714,582.3,GANCHO TRADICIONAL P25 BLANCO,UNION CANALETA (10) P25 BLANCO
TALCA,123699,8081,5,0.00013,0.2778,0.2632,581.023,CEMENTO LLAIMA BOLSA 10KG.,LADRILLO REFRACTARIO TABLILLA 23X 11.5X3.2CM
RANCA,84221,84225,9,0.00018,0.2368,0.45,580.05,CORREDERA DUCASSE COLGANTE ECO-100 (SET),RIEL COLGANTE U 100 I 200 DUCASSE
TALCA,6329,84226,7,0.00018,0.35,0.2917,579.571,CORREDERA DUCASSE COLGANTE D-100    100KG (SET),RIEL COLGANTE U 100 I 300 DUCASSE
VESPU,126500,126551,18,0.00044,0.6,0.4286,579.314,BARRA CLOSET REDONDA CROMADA 3.0MT - KUTZ,SOPORTE BARRA METALICO REDONDO CROMADO - KUTZ
MAIPU,11571,4491,27,0.00055,0.3418,0.931,578.915,TUERCA COCINA  1/4 HEXAGONAL 100 UNIDADES,PERNO COCHE 1/4 X 1.1/2 - 100UNDS
MAIPU,125411,125413,7,0.00014,0.4118,0.2,577.906,ANGULO EXTERIOR  CANALETA 20 X 10 PACK 2UN,ANGULO PLANO  CANALETA 20 X 10 PACK 2UN
SEREN,146591,146595,6,0.00012,0.2069,0.3333,576.667,COPLA PVC SANITARIO GRIS 40MM,CURVA PVC SANITARIO GRIS 40MM
SEREN,114160,72068,5,0.0001,0.3333,0.1724,576.667,PUERTA PINO 1/2 PTO PORTAL OFERTA 43MM X 80 X 200,"JGO MARCO PUERTA PINO 40 X 90 MM X 5,4 MT"
MAIPU,120397,123573,19,0.00039,0.4222,0.5278,576.122,LAVAMANOS CORONA ACUACER,ESTANQUE WC 6LT CORONA LAGUNA
VESPU,146540,152648,5,0.00012,0.2273,0.3125,576.023,CODO PVC SANITARIO GRIS 110MM,TUBO PVC GRIS 110 MM X 3MTS
VALPA,736,738,12,0.00045,0.8571,0.3,575.893,MASILLA MAGICA MARSON LIVIANA S/CATAL 700M,ENDURECEDOR MARSO CREMA 28GR
MAIPU,103646,25625,7,0.00014,0.5385,0.1522,575.007,TABLERO SOB. PVC 4 PUESTOS T/TRANS,"AUTOMATICO MONOFASICO 16A LEXO 6KA ""C"""
SEREN,146551,152649,11,0.00022,0.275,0.4583,574.865,CODO PVC SANITARIO GRIS 40MM,TUBO PVC GRIS 40 MM X 1MT
VESPU,152742,153611,7,0.00017,0.1842,0.5385,574.623,"MELAMINA ARCILLA 18MM 1,83 X 2,50 VESTO","TAPACANTO PVC ARCILLA 22X1,5MM RO50MT"
SEREN,139684,18418,5,0.0001,0.2174,0.2632,574.027,CURVA CONDUIT 90º 16MM 10UN,SALIDA CAJA CONDUIT 16MM
SEREN,140883,140900,6,0.00012,0.1714,0.4,573.371,CODO SO SO BRONCE 1/2 GAS,CODO SO HE BRONCE 1/2 GAS
TALCA,146573,146615,9,0.00023,0.1731,0.75,573.202,CODO PVC SANITARIO GRIS 75MM,TEE PVC SANITARIO GRIS 75X75MM
RANCA,142576,142583,6,0.00012,0.3158,0.2222,572.889,CODO 90 TRANS HI FUSION PPR 20X1/2 CCS,COPLA SIMPLE FUSION PPR 20MM CCS
MAIPU,139403,16412,10,0.0002,0.2564,0.4545,572.517,SOPORTE BARRA REDONDO CAFE BOLSA 10 UN.,BARRA CLOSET PLASTICA 1MT.CAFE UNID
RANCA,146591,152645,7,0.00014,0.28,0.2917,571.457,COPLA PVC SANITARIO GRIS 40MM,TUBO PVC GRIS 40 MM X 3MTS
SEREN,100642,79364,8,0.00016,0.4211,0.2162,570.925,CODO 45º M - H (10)P25 BLANCO,TUBO BAJADA D 80X3MT (3) P25 BLANCO
TALCA,146522,146577,6,0.00015,0.1579,0.5455,570.459,TUBO FUSION PPR 20MM X 3MT PN-16,CODO 90 TRANS HE FUSION PPR 20X1/2 CCS
SEREN,13965,97825,5,0.0001,0.25,0.2273,570.114,RUEDA GOMA GIRATORIA ZINC C/PLACA.40MM UNID,RUEDA GOMA GIRATORIA ZINC C/PLACA Y FRENO 40MM
RANCA,129459,140884,8,0.00016,0.186,0.5,569.558,LLAVE GAS 1/2 ISO 228 - ISO 7,TERMINAL SO HE BRONCE 1/2 GAS
RANCA,1369,81913,5,0.0001,0.1163,0.5,569.558,ANGULO LAMINADO 30X3 MM TIRA,RUEDA DUCASSE C/PLACA 64MM (100KG)
MAIPU,152743,152823,5,0.0001,0.1389,0.4167,568.542,"MELAMINA MOREL 15MM 1,83 X 2,50 VESTO","TAPACANTO PVC MOREL 22X0,45MM RO25MT"
VESPU,129828,129830,5,0.00012,0.2381,0.2941,567.955,"LIJA BANDA 4 X  24""  G 60 MAD-MET PACK3 MAKITA","LIJA BANDA 4 X  24""  G 100 MAD-MET PACK3 MAKITA"
TALCA,100654,92282,18,0.00045,0.4,0.6429,567.743,BAJADA CEMENTAR (10) P25 MARRON,ABRAZADERA TUBO 80 (10) P25 MARRON
TALCA,100639,79372,7,0.00018,0.2,0.5,567.743,BAJADA CEMENTAR (10) P25 BLANCO,COPLA BAJADA 80MM (10) P25 BLANCO
TALCA,100639,100646,6,0.00015,0.1714,0.5,567.743,BAJADA CEMENTAR (10) P25 BLANCO,CODO 87.5º M - H (10) P25 BLANCO
SEREN,146573,146593,10,0.0002,0.2941,0.3846,567.534,CODO PVC SANITARIO GRIS 75MM,COPLA PVC SANITARIO GRIS 75MM
RANCA,146573,146615,9,0.00018,0.15,0.6923,565.177,CODO PVC SANITARIO GRIS 75MM,TEE PVC SANITARIO GRIS 75X75MM
RANCA,124576,124577,9,0.00018,0.45,0.2308,565.177,"CABALLETE GALVANIZADO 0,35X300MMX2MT","CABALLETE GALVANIZADO 0,35X300MMX3MT"
RANCA,146532,146577,9,0.00018,0.1731,0.6,565.177,CODO 90° FUSION PPR 20MM CCS,CODO 90 TRANS HE FUSION PPR 20X1/2 CCS
MAIPU,147061,147079,8,0.00016,0.3333,0.2759,564.621,MELAMINA CARBON ULTRA MATTE 18MM 1.83 X 2.50 VESTO,"TAPACANTO PVC CARBON ULTRA MATTE 22X0,45MM RO 25MT"
MAIPU,146584,146594,10,0.0002,0.3333,0.3448,564.621,COPLA PVC SANITARIO GRIS 110MM,CURVA PVC SANITARIO GRIS 110MM
TALCA,146562,146629,5,0.00013,0.1136,0.625,564.517,CODO PVC SANITARIO GRIS 50MM,VEE PVC SANITARIO GRIS 110X110MM
TALCA,148117,148127,8,0.0002,0.6667,0.1702,563.716,MELAMINA COCOA PORO SINCRON 18MM 1.83 X 2.50 VESTO,"TAPACANTO PVC COCOA PORO SINCRON 22X0,45MM RO 25MT"
TALCA,93706,93709,8,0.0002,0.1702,0.6667,563.716,TUBO BAJADA D 80X3MT (3) P25 MARRON,CODO 45º M - H (10) P25 MARRON
TALCA,3209,3252,7,0.00018,0.2692,0.3684,563.146,CODO PRESION 20 MM     UNID,TERMINAL HI PRESION 20X1/2 UNID
MAIPU,123688,9252,5,0.0001,0.2174,0.2632,562.037,CAÑERIA COBRE L 1/2 X 3.0 MT GAS,ABRAZADERA COBRE 1/2
TALCA,92282,95255,19,0.00048,0.6786,0.3958,561.829,ABRAZADERA TUBO 80 (10) P25 MARRON,CANALETA LARGO 4 MT (10) P25 MARRON
MAIPU,146975,146976,6,0.00012,0.1714,0.4,561.394,DISCO LIJA VELCRO 125MM G180 PACK 10 HEMIC,DISCO LIJA VELCRO 125MM G240 PACK 10 HEMIC
MAIPU,146593,152647,6,0.00012,0.2857,0.24,561.394,COPLA PVC SANITARIO GRIS 75MM,TUBO PVC GRIS 75 MM X 3MTS
TALCA,100648,79813,11,0.00028,0.2821,0.55,560.464,GANCHO TRADICIONAL P25 BLANCO,TAPA ACCESORIO UNIV P25 BLANCO
MAIPU,11571,26496,26,0.00053,0.3291,0.8966,557.474,TUERCA COCINA  1/4 HEXAGONAL 100 UNIDADES,PERNO COCHE 1/4 X 1.1/4 - 100UNDS
VESPU,151624,151626,5,0.00012,0.3571,0.1923,557.033,CERR. POMO AC. INOX BAÑO KUTZ,CERR. POMO AC. INOX DORM KUTZ
VESPU,126535,126536,6,0.00015,0.3158,0.2609,556.778,MANILLA GOLA MEDIA C ALUMINIO  3MTS KUTZ,MANILLA GOLA SUPERIOR L ALUMINIO 3MTS KUTZ
TALCA,126318,126319,5,0.00013,0.2381,0.2941,556.611,PUNTAS CALIBRE 18-15MM CAJA 5.000 UNIDADES,PUNTAS CALIBRE 18-20MM CAJA 5.000 UNIDADES
TALCA,146562,146612,8,0.0002,0.1818,0.6154,555.832,CODO PVC SANITARIO GRIS 50MM,TEE PVC SANITARIO GRIS 50X50MM
MAIPU,16416,16417,22,0.00045,0.6667,0.3729,555.051,TAB. MONTANTE ECONOMICO 38X38X6X0.5X3.0MT,TABIGAL CANAL ECONOMICA 39X20X0.5X3.0MT
RANCA,148898,148905,15,0.00031,0.2941,0.5769,554.095,ESCOBILLON ECONÓMICO  AZUL CLÁSICA VIRUTEX,PALA FIJA C/MANGO Y BANDA- IMPEKE
RANCA,146533,146553,5,0.0001,0.1923,0.2941,554.095,CODO 90° FUSION PPR 25MM CCS,BUJE RED FUSION PPR 25X20 CCS
RANCA,146543,146553,5,0.0001,0.1923,0.2941,554.095,TEE FUSION PPR 20MM CCS,BUJE RED FUSION PPR 25X20 CCS
VALPA,144303,144766,9,0.00033,0.3913,0.4737,553.49,MELAMINA ZEN SW 15MM 1.83 X 2.50 VESTO,"TAPACANTO PVC ZEN SW 22X0,4MM RO25MT"
MAIPU,100640,79813,27,0.00055,0.45,0.675,552.623,CANALETA LARGO 4 MT (10) P25 BLANCO,TAPA ACCESORIO UNIV P25 BLANCO
RANCA,139403,16412,6,0.00012,0.2143,0.3158,552.429,SOPORTE BARRA REDONDO CAFE BOLSA 10 UN.,BARRA CLOSET PLASTICA 1MT.CAFE UNID
TALCA,100662,95255,6,0.00015,0.6667,0.125,551.972,GANCHO INVISIBLE (50)  P25 MARRON,CANALETA LARGO 4 MT (10) P25 MARRON
TALCA,139403,16414,5,0.00013,0.1667,0.4167,551.972,SOPORTE BARRA REDONDO CAFE BOLSA 10 UN.,BARRA CLOSET PLASTICA 2MT.CAFE UNID
SEREN,134559,134563,6,0.00012,0.2308,0.2857,551.319,DISCO LIJA P/MADERAS 125MM G40 PACK5 BOSCH,DISCO LIJA P/MADERAS 125MM G180 PACK5 BOSCH
SEREN,100640,33222,16,0.00032,0.2857,0.6154,551.319,CANALETA LARGO 4 MT (10) P25 BLANCO,ESQUINERO EXT/INT P25 BLANCO
SEREN,139437,139439,5,0.0001,0.3846,0.1429,551.319,SOP DOBLE GUIA SUP 60MMX150MM HEAVY DUTY DUCASSE,GUIA 40MM X 60MM HEAVY DUTY DUCASSE
RANCA,120398,123573,13,0.00027,0.325,0.4483,548.936,PEDESTAL LAVAMANOS CORONA ACUACER,ESTANQUE WC 6LT CORONA LAGUNA
RANCA,92282,93709,11,0.00022,0.2683,0.4583,547.563,ABRAZADERA TUBO 80 (10) P25 MARRON,CODO 45º M - H (10) P25 MARRON
SEREN,146591,152645,6,0.00012,0.2069,0.3158,546.316,COPLA PVC SANITARIO GRIS 40MM,TUBO PVC GRIS 40 MM X 3MTS
SEREN,146597,152647,6,0.00012,0.25,0.2609,545.326,CURVA PVC SANITARIO GRIS 75MM,TUBO PVC GRIS 75 MM X 3MTS
SEREN,143830,143832,7,0.00014,0.1628,0.4667,544.481,MACHO VOLANTE 10A 2P+T RECTO BLANCO FANTON,HEMBRA VOLANTE 10A 2P+T BLANCA FANTON
SEREN,146562,152646,7,0.00014,0.1628,0.4667,544.481,CODO PVC SANITARIO GRIS 50MM,TUBO PVC GRIS 50 MM X 3MTS
SEREN,129954,74704,9,0.00018,0.2812,0.3462,542.704,"TAPACANTO PVC AZUL ACERO 22X0,45MM RO 25 MT",MELAMINA AZUL ACERO 15MM 1.83 X 2.50 MASISA
SEREN,146592,152646,6,0.00012,0.1622,0.4,542.378,COPLA PVC SANITARIO GRIS 50MM,TUBO PVC GRIS 50 MM X 3MTS
SEREN,146592,146596,8,0.00016,0.2162,0.4,542.378,COPLA PVC SANITARIO GRIS 50MM,CURVA PVC SANITARIO GRIS 50MM
SEREN,143831,143833,11,0.00022,0.1833,0.6471,541.049,MACHO VOLANTE 10A 2P+T RECTO NEGRO FANTON,HEMBRA VOLANTE 10A 2P+T NEGRA FANTON
SEREN,140883,140886,6,0.00012,0.1714,0.375,537.536,CODO SO SO BRONCE 1/2 GAS,COPLA SO SO BRONCE 1/2 GAS
VALPA,128909,128910,10,0.00037,0.4,0.5,537.5,CORREDERA CAJON KHOR BLANCA SBP 350MM  25 SETS,CORREDERA CAJON KHOR BLANCA SBP 400MM 25 SETS
RANCA,84221,84227,5,0.0001,0.1316,0.4167,537.083,CORREDERA DUCASSE COLGANTE ECO-100 (SET),RIEL COLGANTE U 29 N 600 (DN80-D100)
SEREN,139564,139565,6,0.00012,0.1818,0.3529,536.578,BROCA METAL COBALTO 5MM UND BOSCH,BROCA METAL COBALTO 6MM UND BOSCH
MAIPU,139988,139991,5,0.0001,0.1852,0.2941,535.098,TIRADOR PLAST. PARTENON 96MM BLANCO BOLSA 10 UN.,TIRADOR PLAST. PARTENON 96MM NEGRO BOLSA 10 UN.
RANCA,142583,142591,5,0.0001,0.1852,0.2941,533.573,COPLA SIMPLE FUSION PPR 20MM CCS,TEE FUSION PPR 20MM CCS
RANCA,142583,142606,5,0.0001,0.1852,0.2941,533.573,COPLA SIMPLE FUSION PPR 20MM CCS,TUBO FUSION PPR 20MM X 3MT PN-16
RANCA,148342,148441,7,0.00014,0.25,0.3043,532.413,MELAMINA MDP VERDE GLACIAR B 15MM 1.83X2.50 MASISA,"TAPACANTO PVC VERDE GLACIAR 22X0,45MM RO 25MT"
MAIPU,100642,79364,5,0.0001,0.625,0.0862,529.332,CODO 45º M - H (10)P25 BLANCO,TUBO BAJADA D 80X3MT (3) P25 BLANCO
MAIPU,737,738,16,0.00033,0.6667,0.2581,528.194,MASILLA MAGICA MARSON LIVIANA S/CATAL 350M,ENDURECEDOR MARSO CREMA 28GR
RANCA,100662,100669,5,0.0001,0.625,0.0862,527.823,GANCHO INVISIBLE (50)  P25 MARRON,UNION CANALETA (10) P25 MARRON
RANCA,142435,142439,7,0.00014,0.14,0.5385,527.498,CODO PVC SANITARIO GRIS 40MM,COPLA PVC SANITARIO GRIS 40MM
MAIPU,140902,6766,5,0.0001,0.3846,0.1389,524.808,TERMINAL SO HI BRONCE 1/2 GAS,CAÑERIA COBRE L 1/2 X 6.0 MT GAS
MAIPU,142435,142439,7,0.00014,0.1707,0.4375,524.168,CODO PVC SANITARIO GRIS 40MM,COPLA PVC SANITARIO GRIS 40MM
RANCA,120397,123573,13,0.00027,0.3095,0.4483,522.796,LAVAMANOS CORONA ACUACER,ESTANQUE WC 6LT CORONA LAGUNA
SEREN,146540,146584,5,0.0001,0.2083,0.25,522.604,CODO PVC SANITARIO GRIS 110MM,COPLA PVC SANITARIO GRIS 110MM
SEREN,6107,6152,11,0.00022,0.25,0.4583,522.604,CODO SO SO BRONCE 1/2,TEE SO (3) BRONCE 1/2
SEREN,147061,153014,5,0.0001,0.1351,0.3846,521.518,MELAMINA CARBON ULTRA MATTE 18MM 1.83 X 2.50 VESTO,"TAPACANTO PVC CARBON 22X1,5MM RO50MT"
SEREN,154727,154728,12,0.00024,0.1558,0.8,521.247,MINI SMART SWITCH 90-250VAC 50-60HZ 10A MAX 2.4GHZ,TECLA INALAMBRICA RF/ 1 EFECTO SMART HOUSE BLANCO
SEREN,120398,123573,7,0.00014,0.2692,0.2692,519.512,PEDESTAL LAVAMANOS CORONA ACUACER,ESTANQUE WC 6LT CORONA LAGUNA
SEREN,129459,140884,5,0.0001,0.2381,0.2174,519.358,LLAVE GAS 1/2 ISO 228 - ISO 7,TERMINAL SO HE BRONCE 1/2 GAS
MAIPU,11571,4493,5,0.0001,0.0633,0.8333,518.165,TUERCA COCINA  1/4 HEXAGONAL 100 UNIDADES,PERNO COCHE 1/4 X 2.1/2 - 100UNDS
RANCA,129459,140889,5,0.0001,0.1163,0.4545,517.78,LLAVE GAS 1/2 ISO 228 - ISO 7,TEE SO (3) BRONCE 1/2 GAS
VESPU,128204,128209,9,0.00022,0.6,0.1915,517.685,LLANA HELA LU-300 ULTRAFLEX 300X180MM,ESPATULA YORK 120MM
MAIPU,100655,92283,5,0.0001,0.2,0.2632,517.074,CODO 45º H - H (10) P25 MARRON,COPLA BAJADA 80 MM (10) P25 MARRON
RANCA,25625,25626,6,0.00012,0.1579,0.4,515.6,"AUTOMATICO MONOFASICO 16A LEXO 6KA ""C""","AUTOMATICO MONOFASICO 20A LEXO 6KA ""C"""
MAIPU,142579,146543,6,0.00012,0.2308,0.2727,515.266,CODO 90° FUSION PPR 20MM CCS,TEE FUSION PPR 20MM CCS
MAIPU,150108,152717,5,0.0001,0.5556,0.0943,514.906,"PISO FLOTANTE GONDOLA OAK 8MM CJ 2,26 M2",ESPUMA PARA PISOS FLOTANTE HOLZTEK 20 M2 X 2MM
MAIPU,142435,142460,6,0.00012,0.1463,0.4286,513.47,CODO PVC SANITARIO GRIS 40MM,TEE PVC SANITARIO GRIS 40X40MM
MAIPU,142435,152681,6,0.00012,0.1463,0.4286,513.47,CODO PVC SANITARIO GRIS 40MM,TUBO PVC DRENAJE 40 MM X3000MM NEGRO SC
SEREN,146573,152647,8,0.00016,0.2353,0.3478,513.248,CODO PVC SANITARIO GRIS 75MM,TUBO PVC GRIS 75 MM X 3MTS
MAIPU,5552,5554,6,0.00012,0.2609,0.24,512.577,LIJA AGUA GRANO 400 PLIEGO,LIJA AGUA GRANO 600 PLIEGO
MAIPU,142434,142438,5,0.0001,0.1562,0.3333,511.688,CODO PVC SANITARIO GRIS 110MM,COPLA PVC SANITARIO GRIS 110MM
MAIPU,139575,139576,5,0.0001,0.25,0.2083,511.688,"BROCA PARA METAL HSS 5,0 MM 1 UND BOSCH","BROCA PARA METAL HSS 6,0 MM 1 UND BOSCH"
MAIPU,100639,79813,30,0.00061,0.4167,0.75,511.688,BAJADA CEMENTAR (10) P25 BLANCO,TAPA ACCESORIO UNIV P25 BLANCO
RANCA,6766,6767,7,0.00014,0.125,0.5833,510.229,CAÑERIA COBRE L 1/2 X 6.0 MT GAS,CAÑERIA COBRE L 3/4 X 6.0 MT GAS
MAIPU,734,738,9,0.00018,0.6429,0.1452,509.329,MASILLA MAGICA MARSON LIVIANA S/CATAL GL,ENDURECEDOR MARSO CREMA 28GR
MAIPU,5550,5552,5,0.0001,0.2381,0.2174,508.509,LIJA AGUA GRANO 320 PLIEGO,LIJA AGUA GRANO 400 PLIEGO
SEREN,100637,79364,15,0.0003,0.375,0.4054,508.48,ABRAZADERA TUBO 80 (10) P25 BLANCO,TUBO BAJADA D 80X3MT (3) P25 BLANCO
RANCA,126500,126551,7,0.00014,0.2593,0.28,507.961,BARRA CLOSET REDONDA CROMADA 3.0MT - KUTZ,SOPORTE BARRA METALICO REDONDO CROMADO - KUTZ
SEREN,143834,143835,5,0.0001,0.1316,0.3846,507.794,MACHO VOLANTE 16A 2P+TRECTO NEGRO FANTON,HEMBRA VOLANTE 10/16A 2P+T NEGRA FANTON
SEREN,155516,155519,5,0.0001,0.1316,0.3846,507.794,ALICATE PUNTA 6  BD,ALICATE CORTE DIAGONAL 6  BD
SEREN,146562,146592,16,0.00032,0.3721,0.4324,504.538,CODO PVC SANITARIO GRIS 50MM,COPLA PVC SANITARIO GRIS 50MM
MAIPU,149404,149587,8,0.00016,0.2667,0.3077,503.815,"MELAMINA JADE VV 18MM 1,83 X 2,50 VESTO","TAPACANTO PVC JADE 22X0,45MM RO 25 MT"
MAIPU,3209,8398,6,0.00012,0.1538,0.4,503.815,CODO PRESION 20 MM     UNID,TUBO CLASE 16 PRESION 20MM PARA CEMENTAR 6MT
RANCA,148118,148124,14,0.00029,0.4516,0.3182,502.748,MELAMINA NOUGAT PORO SINCRO 15MM 1.83 X 2.50 VESTO,"TAPACANTO PVC NOUGAT PORO SINCRO 22X0,45MM RO 25MT"
RANCA,129827,129829,6,0.00012,0.4,0.1538,502.379,"LIJA BANDA 4 X  24"" G 40 MAD-MET PACK3 MAKITA","LIJA BANDA 4 X  24""  G 80 MAD-MET PACK3 MAKITA"
RANCA,100656,93706,8,0.00016,0.6667,0.1231,502.379,CODO 67.5º H - H (10) P25 MARRON,TUBO BAJADA D 80X3MT (3) P25 MARRON
SEREN,132693,136570,5,0.0001,0.5,0.1,501.7,"MELAMINA SAHARA NAT 15 X 1,83 X 2,50 MASISA","TAPACANTO PVC SAHARA 22X0,45MM RO 25MT"
MAIPU,100654,100666,36,0.00073,0.5,0.7347,501.245,BAJADA CEMENTAR (10) P25 MARRON,TAPA ACCESORIO UNIV P25 MARRON
MAIPU,142437,142444,6,0.00012,0.2143,0.2857,501.245,CODO PVC SANITARIO GRIS 75MM,CURVA PVC SANITARIO GRIS 75MM
SEREN,141190,141192,7,0.00014,0.3684,0.1892,499.559,LIJA FIERRO KL GRANO 40 PLIEGO,LIJA FIERRO KL GRANO 60 PLIEGO
RANCA,100661,92282,5,0.0001,0.4167,0.122,497.785,ESQUINERO EXT/INT P25 MARRON,ABRAZADERA TUBO 80 (10) P25 MARRON
SEREN,123690,6152,5,0.0001,0.2381,0.2083,497.718,CAÑERIA COBRE M 1/2 X 3.0 MT AGUA,TEE SO (3) BRONCE 1/2
MAIPU,732,738,5,0.0001,0.625,0.0806,495.181,MASILLA MAGICA MARSON TRADICIONAL S/CATAL 700M,ENDURECEDOR MARSO CREMA 28GR
MAIPU,6329,84226,7,0.00014,0.2917,0.2414,494.043,CORREDERA DUCASSE COLGANTE D-100    100KG (SET),RIEL COLGANTE U 100 I 300 DUCASSE
MAIPU,100658,92282,8,0.00016,0.381,0.2105,492.451,CODO 87.5º H - H (10) P25 MARRON,ABRAZADERA TUBO 80 (10) P25 MARRON
MAIPU,736,738,18,0.00037,0.6207,0.2903,491.766,MASILLA MAGICA MARSON LIVIANA S/CATAL 700M,ENDURECEDOR MARSO CREMA 28GR
RANCA,142586,146543,6,0.00012,0.2609,0.2308,491.458,LLAVE DE PASO FUSION PPR 20 CCS,TEE FUSION PPR 20MM CCS
SEREN,100642,100651,8,0.00016,0.4211,0.186,491.261,CODO 45º M - H (10)P25 BLANCO,TAPA CANALETA UNIV (10) P25 BLANCO
MAIPU,140883,6766,9,0.00018,0.36,0.25,491.22,CODO SO SO BRONCE 1/2 GAS,CAÑERIA COBRE L 1/2 X 6.0 MT GAS
VESPU,148110,153015,7,0.00017,0.2059,0.4118,491.114,MELAMINA NOUGAT PORO SINCRO 18MM 1.83 X 2.50 VESTO,"TAPACANTO PVC NOUGAT 22X1,5MM RO50MT"
RANCA,152901,152902,8,0.00016,0.2105,0.381,491.048,VASO TERMICO 800 MLS (30 OZ). TAMNO 10X20.5CM,VASO TERMICO 1 LTS (40 OZ). TAMANO 9.5X26.5CM
MAIPU,25624,25625,17,0.00035,0.4595,0.3696,490.643,"AUTOMATICO MONOFASICO 10A LEXO 6KA ""C""","AUTOMATICO MONOFASICO 16A LEXO 6KA ""C"""
RANCA,123688,140883,10,0.0002,0.2703,0.3704,490.31,CAÑERIA COBRE L 1/2 X 3.0 MT GAS,CODO SO SO BRONCE 1/2 GAS
VALPA,139679,139684,7,0.00026,0.5833,0.2188,489.909,ABRAZADERA CONDUIT PVC 16MM 15UN,CURVA CONDUIT 90º 16MM 10UN
RANCA,100646,79364,9,0.00018,0.5,0.18,489.82,CODO 87.5º M - H (10) P25 BLANCO,TUBO BAJADA D 80X3MT (3) P25 BLANCO
RANCA,100641,79364,6,0.00012,0.5,0.12,489.82,CODO 45º H - H (10) P25 BLANCO,TUBO BAJADA D 80X3MT (3) P25 BLANCO
RANCA,142435,152680,10,0.0002,0.2,0.5,489.82,CODO PVC SANITARIO GRIS 40MM,TUBO PVC DRENAJE 40 MM X1000MM NEGRO SC
RANCA,142435,152681,7,0.00014,0.14,0.5,489.82,CODO PVC SANITARIO GRIS 40MM,TUBO PVC DRENAJE 40 MM X3000MM NEGRO SC
RANCA,142435,142442,5,0.0001,0.1,0.5,489.82,CODO PVC SANITARIO GRIS 40MM,CURVA PVC SANITARIO GRIS 40MM
VESPU,139685,32392,5,0.00012,0.2778,0.2174,489.758,CURVA CONDUIT 90º 20MM 10UN,SALIDA CAJA CONDUIT 20MM
MAIPU,100648,79813,27,0.00055,0.3971,0.675,487.608,GANCHO TRADICIONAL P25 BLANCO,TAPA ACCESORIO UNIV P25 BLANCO
MAIPU,3200,3217,5,0.0001,0.2381,0.2083,487.321,TEE PRESION 20MM,COPLA PRESION 20 MM     UNID
MAIPU,146551,152638,9,0.00018,0.0989,0.9,485.822,CODO PVC SANITARIO GRIS 40MM,TUBO PVC GRIS 40 MM X 6MTS
SEREN,6072,6152,6,0.00012,0.2308,0.25,482.404,TERMINAL SO HI BRONCE 1/2,TEE SO (3) BRONCE 1/2
SEREN,100653,33222,14,0.00028,0.25,0.5385,482.404,UNION CANALETA (10) P25 BLANCO,ESQUINERO EXT/INT P25 BLANCO
SEREN,139403,16413,7,0.00014,0.2593,0.2593,481.742,SOPORTE BARRA REDONDO CAFE BOLSA 10 UN.,BARRA CLOSET PLASTICA 1.5 MTS .CAFE UNID
SEREN,142177,142184,5,0.0001,0.1724,0.2778,480.556,BASE P/POSTE (AJUSTABLE) 4 X4  ZMAX SIMPSON,SOPORTE VIGA MADERA CEPILLADA 2  X 6  ZMAX SIMPSON
SEREN,148342,148441,10,0.0002,0.2778,0.3448,480.556,MELAMINA MDP VERDE GLACIAR B 15MM 1.83X2.50 MASISA,"TAPACANTO PVC VERDE GLACIAR 22X0,45MM RO 25MT"
SEREN,115860,145285,5,0.0001,0.2778,0.1724,480.556,MELAMINA CEDRO 15MM 1.83X2.50 VESTO,"TAPACANTO PVC CEDRO 22X0,4MM RO25MT"
RANCA,100659,100663,7,0.00014,0.5,0.1373,480.216,CODO 87.5º M - H (10) P25 MARRON,GANCHO TRADICIONAL  P25 MARRON
RANCA,128847,131008,5,0.0001,0.2941,0.1667,480.216,MELAMINA TAUPE ULTRA MATTE 15MM 1.83 X 2.50 VESTO,"TAPACANTO PVC TAUPE 22X0,45MM RO 25MT"
SEREN,115836,153041,5,0.0001,0.2,0.2381,477.81,MELAMINA TEKA ART. 18MM 1.83X2.50 VESTO,"TAPACANTO PVC TEKA ART 22X1,5MM RO50MT"
SEREN,134563,134565,5,0.0001,0.2381,0.2,477.81,DISCO LIJA P/MADERAS 125MM G180 PACK5 BOSCH,DISCO LIJA P/MADERAS 125MM G320 PACK5 BOSCH
VALPA,132931,72550,8,0.0003,0.1778,0.8,477.778,"TAPACANTO PVC BLANCO 22X1,5MM RO 25MT",MELAMINA BLANCA SOFT 18MM 1.83X2.50 MASISA
SEREN,100651,79366,11,0.00022,0.2558,0.4074,475.34,TAPA CANALETA UNIV (10) P25 BLANCO,GANCHO INVISIBLE (50) P25 BLANCO
VESPU,152680,3356,6,0.00015,0.3158,0.2222,474.292,TUBO PVC DRENAJE 40 MM X1000MM NEGRO SC,ADHESIVO VINILIT PVC POMO 60CC UN (50)
SEREN,144297,144764,14,0.00028,0.359,0.3684,473.941,MELAMINA TATAMI HI 15MM 1.83 X 2.50 VESTO,"TAPACANTO PVC TATAMI HI 22X0,4MM RO25MT"
VESPU,139403,16412,16,0.00039,0.3721,0.5,471.535,SOPORTE BARRA REDONDO CAFE BOLSA 10 UN.,BARRA CLOSET PLASTICA 1MT.CAFE UNID
VALPA,110910,134019,5,0.00019,0.0877,1.0,471.491,REGULADOR GAS 5-11-15KG ALTA SEGURIDAD PLUS CEMCO,FLEXIBLE GAS HI-HI 1/2 X 3/8 60 CM  IZQ STRETTO
SEREN,6083,6152,9,0.00018,0.225,0.375,470.344,TERMINAL SO HE BRONCE 1/2,TEE SO (3) BRONCE 1/2
VALPA,136538,136539,7,0.00026,0.35,0.35,470.312,LIJA BANDA 4 X 24 G80 MAD-MET PACK3 KLINGSPOR,LIJA BANDA 4 X 24 G100 MAD-MET PACK3 KLINGSPOR
VESPU,120398,123573,8,0.0002,0.3478,0.2667,470.168,PEDESTAL LAVAMANOS CORONA ACUACER,ESTANQUE WC 6LT CORONA LAGUNA
SEREN,115129,129956,11,0.00022,0.3548,0.2895,468.48,MELAMINA NOGAL AMAZONICO 15MM 2.50 X 1.83 MASISA,"TAPACANTO PVC NOGAL AMAZONICO 22X0,45 RO 25 MT"
SEREN,154118,154119,6,0.00012,0.2143,0.2609,467.422,DISCO TRASLAPADO METAL/MADERA 4 1/2 GR.80 HEMIC,DISCO TRASLAPADO METAL/MADERA 4 1/2 GR.100 HEMIC
SEREN,19868,33903,15,0.0003,0.2885,0.4839,466.842,TAB. CANAL NORMAL 61X20X0.5X3.0MT,TAB. MONTANTE NORMAL 60X38X6X0.5X2.4MT
SEREN,134559,134565,6,0.00012,0.2308,0.24,463.108,DISCO LIJA P/MADERAS 125MM G40 PACK5 BOSCH,DISCO LIJA P/MADERAS 125MM G320 PACK5 BOSCH
SEREN,146551,152645,7,0.00014,0.175,0.3684,462.092,CODO PVC SANITARIO GRIS 40MM,TUBO PVC GRIS 40 MM X 3MTS
SEREN,139576,139577,5,0.0001,0.1923,0.2381,459.432,"BROCA PARA METAL HSS 6,0 MM 1 UND BOSCH","BROCA PARA METAL HSS 8,0 MM 1 UND BOSCH"
SEREN,19868,19869,19,0.00038,0.3654,0.475,458.284,TAB. CANAL NORMAL 61X20X0.5X3.0MT,TAB. MONTANTE NORMAL 60X38X6X0.5X3.0MT
SEREN,139098,145032,16,0.00032,0.3902,0.3721,455.315,MELAMINA GRIS HILADO V. 15MM 1.83 X 2.50,"TAPACANTO PVC GRIS HILADO 22X0,45MM RO 25MT"
VALPA,139991,139992,7,0.00026,0.4375,0.2692,452.224,TIRADOR PLAST. PARTENON 96MM NEGRO BOLSA 10 UN.,TIRADOR PLAST. PARTENON 128MM METAL BOLSA 10 UN.
SEREN,141191,141192,7,0.00014,0.3333,0.1892,451.982,LIJA FIERRO KL GRANO 50 PLIEGO,LIJA FIERRO KL GRANO 60 PLIEGO
VALPA,115852,115853,5,0.00019,0.3333,0.25,447.917,MELAMINA GRAFITO 15MM 2.50 X 1.83 VESTO,MELAMINA GRAFITO 18MM 2.50 X 1.83 VESTO
SEREN,127127,89232,5,0.0001,0.098,0.4545,447.148,COMBINACION LAVAPLATOS CROMO ARIZONA PLUMBER,LAVAPLATOS SOBREPONER 80X50 DERECHO COMBI SPLENDID
VALPA,104547,89232,8,0.0003,0.2162,0.6154,446.985,MUEBLE BASE LAVAPLATOS 80 CM ECO,LAVAPLATOS SOBREPONER 80X50 DERECHO COMBI SPLENDID
SEREN,139685,98920,10,0.0002,0.3448,0.2564,443.59,CURVA CONDUIT 90º 20MM 10UN,TUBO CONDUIT PVC  20MM  TIRA 3MT
VESPU,149404,153020,8,0.0002,0.1739,0.5,440.783,"MELAMINA JADE VV 18MM 1,83 X 2,50 VESTO","TAPACANTO PVC JADE 22X1,5MM RO50MT"
SEREN,140883,140884,7,0.00014,0.2,0.3043,436.261,CODO SO SO BRONCE 1/2 GAS,TERMINAL SO HE BRONCE 1/2 GAS
SEREN,136538,136539,5,0.0001,0.2,0.2174,436.261,LIJA BANDA 4 X 24 G80 MAD-MET PACK3 KLINGSPOR,LIJA BANDA 4 X 24 G100 MAD-MET PACK3 KLINGSPOR
SEREN,154722,154724,9,0.00018,0.3913,0.2,436.261,BARRA RIGIDA 220V 6W BL/NEUTRO 540LM 72 LEDS 40CM,BARRA RIGIDA 220V 7W BL/NEUTRO 630LM/ 72 LEDS 80CM
SEREN,100639,100642,11,0.00022,0.1642,0.5789,433.519,BAJADA CEMENTAR (10) P25 BLANCO,CODO 45º M - H (10)P25 BLANCO
VALPA,105704,94588,8,0.0003,0.2051,0.6154,424.063,MUEBLE BASE LAVAPLATOS 100 CM ECO,LAVAPLATOS SOBREPONER 100X50 DERECHO COMBI SPLENDI
VALPA,139403,16412,9,0.00033,0.36,0.3913,420.652,SOPORTE BARRA REDONDO CAFE BOLSA 10 UN.,BARRA CLOSET PLASTICA 1MT.CAFE UNID
VALPA,139989,139991,6,0.00022,0.25,0.375,419.922,TIRADOR PLAST. PARTENON 96MM CAFÉ BOLSA 10 UN.,TIRADOR PLAST. PARTENON 96MM NEGRO BOLSA 10 UN.
SEREN,146593,152647,5,0.0001,0.1923,0.2174,419.482,COPLA PVC SANITARIO GRIS 75MM,TUBO PVC GRIS 75 MM X 3MTS
VESPU,6072,6152,11,0.00027,0.3929,0.2895,419.241,TERMINAL SO HI BRONCE 1/2,TEE SO (3) BRONCE 1/2
SEREN,139486,146780,5,0.0001,0.3333,0.125,418.083,ABRAZADERA CORRUGADO 16MM  BL 10U,CAJA ELECTRICA TABIQUE C/OREJA METAL NARANJA 16-20
SEREN,100637,100643,8,0.00016,0.2,0.3333,418.083,ABRAZADERA TUBO 80 (10) P25 BLANCO,CODO 67.5º H - H (10) P25 BLANCO
SEREN,146551,146595,6,0.00012,0.15,0.3333,418.083,CODO PVC SANITARIO GRIS 40MM,CURVA PVC SANITARIO GRIS 40MM
SEREN,146592,152639,8,0.00016,0.2162,0.3077,417.214,COPLA PVC SANITARIO GRIS 50MM,TUBO PVC GRIS 50 MM X 1MT
VESPU,139106,145032,10,0.00025,0.3704,0.2778,417.202,MELAMINA GRIS HILADO V. 18MM 1.83 X 2.50,"TAPACANTO PVC GRIS HILADO 22X0,45MM RO 25MT"
VESPU,120397,123573,8,0.0002,0.3077,0.2667,415.918,LAVAMANOS CORONA ACUACER,ESTANQUE WC 6LT CORONA LAGUNA
SEREN,33334,5621,5,0.0001,0.1316,0.3125,412.582,"YESO-CARTON  12,5 MM RH  2.4MT X 1.2MT",YESO-CARTON 15 MM  2.4MT X 1.2MT
SEREN,154734,154748,7,0.00014,0.1556,0.3684,410.749,"FUENTE  ALIMEN.SWITCHING PEQUEÑA 24V 108W 4,5A INT",CINTA COB 24V 10W/M BCO CAL. 1100LM/M 480LED/M 5M
VALPA,146573,152643,7,0.00026,0.2593,0.4118,409.858,CODO PVC SANITARIO GRIS 75MM,TUBO PVC GRIS 75 MM X 6MTS
SEREN,82029,82905,8,0.00016,0.2857,0.2286,409.551,ZINC ALUM ACANALADO 0.35X2000MM RECUB AZ-150,ZINC ALUM ACANALADO 0.35X2500MM RECUB AZ-150
SEREN,141186,141187,9,0.00018,0.375,0.1957,408.995,LIJA FIERRO KL GRANO 150 PLIEGO,LIJA FIERRO KL GRANO 180 PLIEGO
VESPU,76729,76762,7,0.00017,0.2414,0.2917,407.851,LAM. RECTA F6 FLORENTINO AZUL 0512 BR 122 X 306,LAM. RECTA F6 ROJO IMPERIO 3054 BR 122 X 306
SEREN,130919,133070,5,0.0001,0.4545,0.0893,407.224,"TAPACANTO PVC VENEZIA - LEGNO 22X0,45MM RO 100 MT","MELAMINA VENEZIA 15MM 1,83 X 2,50 VESTO"
SEREN,100651,33222,9,0.00018,0.2093,0.3462,403.873,TAPA CANALETA UNIV (10) P25 BLANCO,ESQUINERO EXT/INT P25 BLANCO
VALPA,104547,89230,5,0.00019,0.1351,0.5556,403.529,MUEBLE BASE LAVAPLATOS 80 CM ECO,LAVAPLATOS SOBREPONER 80X50 IZQUIERDO COMBI SPLEND
VESPU,18418,86792,10,0.00025,0.6667,0.1493,403.502,SALIDA CAJA CONDUIT 16MM,TUBO CONDUIT PVC  16MM  TIRA 3MT
VALPA,124005,8136,6,0.00022,0.24,0.375,403.125,SOLDADURA ESTANO INDEPP 50% 1MT,PASTA SOLDAR    50 GR.
VESPU,129954,74704,5,0.00012,0.0893,0.5556,402.302,"TAPACANTO PVC AZUL ACERO 22X0,45MM RO 25 MT",MELAMINA AZUL ACERO 15MM 1.83 X 2.50 MASISA
VESPU,139574,139575,5,0.00012,0.2083,0.2381,402.302,"BROCA PARA METAL HSS 4,5 MM 1 UND BOSCH","BROCA PARA METAL HSS 5,0 MM 1 UND BOSCH"
SEREN,148336,148434,5,0.0001,0.2,0.2,401.36,MELAMINA MDP COLINA NM 15MM 1.83X2.50 MASISA,"TAPACANTO PVC COLINA 22X0,45MM RO 25MT"
VESPU,147057,153014,9,0.00022,0.2368,0.375,400.184,MELAMINA CARBON ULTRA MATTE 15MM 1.83 X 2.50 VESTO,"TAPACANTO PVC CARBON 22X1,5MM RO50MT"
SEREN,141247,141248,5,0.0001,0.3333,0.119,398.175,BROCA CONCRETO 5X50X85 BLISTER UND BOSCH,BROCA CONCRETO 6X60X100 BLISTER UND BOSCH
SEREN,115419,128689,5,0.0001,0.2381,0.1667,398.175,MELAMINA LARICINA SOFTWOOD 15MM 2.50 X 1.83 MASISA,"TAPACANTO PVC LAVARE - LARICINA 22X0,45MM RO 25MT"
VESPU,139685,98920,9,0.00022,0.5,0.1765,397.569,CURVA CONDUIT 90º 20MM 10UN,TUBO CONDUIT PVC  20MM  TIRA 3MT
SEREN,100640,100651,19,0.00038,0.3393,0.4419,395.86,CANALETA LARGO 4 MT (10) P25 BLANCO,TAPA CANALETA UNIV (10) P25 BLANCO
VALPA,146540,152644,8,0.0003,0.2051,0.5714,393.773,CODO PVC SANITARIO GRIS 110MM,TUBO PVC GRIS 110 MM X 6MTS
SEREN,115853,153005,5,0.0001,0.1562,0.25,391.953,MELAMINA GRAFITO 18MM 2.50 X 1.83 VESTO,"TAPACANTO PVC GRAFITO 22X1,5MM RO50MT"
SEREN,146600,152649,8,0.00016,0.186,0.3333,388.915,REDUCCION PVC SANITARIO GRIS 50X40MM,TUBO PVC GRIS 40 MM X 1MT
SEREN,122394,142708,6,0.00012,0.0698,0.6667,388.915,MELAMINA ROBLE CAVA 15MM 2.50 X 1.83 VESTO,"TAPACANTO PVC CAVA 22X0,45MM RO 25MT"
SEREN,100640,79364,16,0.00032,0.2857,0.4324,387.413,CANALETA LARGO 4 MT (10) P25 BLANCO,TUBO BAJADA D 80X3MT (3) P25 BLANCO
SEREN,100646,79372,8,0.00016,0.2,0.3077,385.923,CODO 87.5º M - H (10) P25 BLANCO,COPLA BAJADA 80MM (10) P25 BLANCO
SEREN,6072,6083,8,0.00016,0.3077,0.2,385.923,TERMINAL SO HI BRONCE 1/2,TERMINAL SO HE BRONCE 1/2
VESPU,123688,95361,5,0.00012,0.2273,0.2083,384.015,CAÑERIA COBRE L 1/2 X 3.0 MT GAS,TAPAGORRO SO BRONCE 1/2
VALPA,128910,139363,8,0.0003,0.4,0.2857,383.929,CORREDERA CAJON KHOR BLANCA SBP 400MM 25 SETS,PATIN PLASTICO RTA U 15MM TRANSP. BOLSA 50 UN.
VESPU,139572,139578,8,0.0002,0.2162,0.3478,381.217,BROCA PARA METAL HSS 2.5 MM 2 UND BOSCH,BROCA PARA METAL HSS 3.0 MM 2 UND BOSCH
VESPU,8135,8137,10,0.00025,0.2439,0.3846,380.413,SOLDADURA ESTANO INDEPP 50% CARRETE 1/2KG,PASTA SOLDAR  100 GR.
SEREN,100642,100653,8,0.00016,0.4211,0.1429,377.218,CODO 45º M - H (10)P25 BLANCO,UNION CANALETA (10) P25 BLANCO
SEREN,136792,152895,5,0.0001,0.2778,0.1351,376.652,CORDON H05VV-F 2X0.75MM NEGRO 10MT,MACHO VOLANTE CONVERTIBLE 2P NEGRO 10A
VALPA,146584,146606,6,0.00022,0.1818,0.4615,375.874,COPLA PVC SANITARIO GRIS 110MM,TEE PVC SANITARIO GRIS 110X110MM
SEREN,100639,33222,13,0.00026,0.194,0.5,374.403,BAJADA CEMENTAR (10) P25 BLANCO,ESQUINERO EXT/INT P25 BLANCO
SEREN,115868,145290,8,0.00016,0.2162,0.2759,374.054,MELAMINA PERAL 15MM 1.83 X 2.50 VESTO,"TAPACANTO PVC PERAL 22X0,4MM RO25MT"
SEREN,126535,127951,5,0.0001,0.4167,0.0893,373.289,MANILLA GOLA MEDIA C ALUMINIO  3MTS KUTZ,ZOCALO PVC ALUMINIO H150 3MTS KUTZ
VALPA,139685,32392,8,0.0003,0.25,0.4444,373.264,CURVA CONDUIT 90º 20MM 10UN,SALIDA CAJA CONDUIT 20MM
VALPA,127904,127908,7,0.00026,0.3043,0.3182,371.789,RUEDA POLIURETANO TRANS. 50MM SIN FRENO 40KG,RUEDA POLIURETANO TRANS. 50MM CON FRENO 40KG KUTZ
VESPU,732,738,8,0.0002,0.8889,0.0825,371.611,MASILLA MAGICA MARSON TRADICIONAL S/CATAL 700M,ENDURECEDOR MARSO CREMA 28GR
VESPU,147061,153014,9,0.00022,0.2195,0.375,370.902,MELAMINA CARBON ULTRA MATTE 18MM 1.83 X 2.50 VESTO,"TAPACANTO PVC CARBON 22X1,5MM RO50MT"
SEREN,6083,6107,13,0.00026,0.325,0.2955,370.574,TERMINAL SO HE BRONCE 1/2,CODO SO SO BRONCE 1/2
VESPU,139684,86792,11,0.00027,0.6111,0.1642,369.877,CURVA CONDUIT 90º 16MM 10UN,TUBO CONDUIT PVC  16MM  TIRA 3MT
VESPU,133070,81188,5,0.00012,0.082,0.5556,369.326,"MELAMINA VENEZIA 15MM 1,83 X 2,50 VESTO",MELAMINA CEREZO 15MM 1.83 X 2.50 MASISA
SEREN,100643,79813,9,0.00018,0.375,0.1765,368.897,CODO 67.5º H - H (10) P25 BLANCO,TAPA ACCESORIO UNIV P25 BLANCO
SEREN,82905,82906,9,0.00018,0.2571,0.2571,368.596,ZINC ALUM ACANALADO 0.35X2500MM RECUB AZ-150,ZINC ALUM ACANALADO 0.35X3000MM RECUB AZ-150
VALPA,149403,149587,14,0.00052,0.5185,0.3684,366.715,"MELAMINA JADE VV 15MM 1,83 X 2,50 VESTO","TAPACANTO PVC JADE 22X0,45MM RO 25 MT"
VESPU,146595,152649,9,0.00022,0.3214,0.25,362.071,CURVA PVC SANITARIO GRIS 40MM,TUBO PVC GRIS 40 MM X 1MT
VESPU,139408,16412,6,0.00015,0.2857,0.1875,362.071,SOPORTE BARRA J CAFE BOLSA 10 UN.,BARRA CLOSET PLASTICA 1MT.CAFE UNID
VESPU,122394,128845,6,0.00015,0.2308,0.2308,359.929,MELAMINA ROBLE CAVA 15MM 2.50 X 1.83 VESTO,MELAMINA LEGNO 15MM 1.83 X 2.50 VESTO
VESPU,8291,8292,8,0.0002,0.2105,0.3333,355.719,CAPUCHON 40 MM ES  PARA UNIR  CAÑERIA PVC,CAPUCHON 50 MM ES  PARA UNIR  CAÑERIA PVC
VESPU,122150,122151,6,0.00015,0.1818,0.2857,351.1,BROCA SDS-PLUS 8 X 160MM LARGO ÚTIL 100 MM D-00131,BROCA SDS-PLUS 10 X 160MM LARGO ÚTIL 100MM D-00175
VESPU,146551,152649,22,0.00054,0.3099,0.6111,349.039,CODO PVC SANITARIO GRIS 40MM,TUBO PVC GRIS 40 MM X 1MT
VALPA,103248,103254,6,0.00022,0.4286,0.1818,349.026,CLAVO CORRIENTE INCHALAM 2.1/2 CAJA 25 KILOS,CLAVO CORRIENTE INCHALAM 4 CAJA 25 KILOS
VALPA,10962,11877,5,0.00019,0.7143,0.0909,349.026,REMACHE POP 4.0 X 8      100 UNIDADES,BISAGRA PIANO 3MTS
VALPA,128909,139363,9,0.00033,0.36,0.3214,345.536,CORREDERA CAJON KHOR BLANCA SBP 350MM  25 SETS,PATIN PLASTICO RTA U 15MM TRANSP. BOLSA 50 UN.
VESPU,146591,152649,7,0.00017,0.3043,0.1944,342.831,COPLA PVC SANITARIO GRIS 40MM,TUBO PVC GRIS 40 MM X 1MT
VESPU,6099,6152,8,0.0002,0.32,0.2105,341.491,CODO SO HE BRONCE 1/2,TEE SO (3) BRONCE 1/2
VESPU,123688,6152,7,0.00017,0.3182,0.1842,339.55,CAÑERIA COBRE L 1/2 X 3.0 MT GAS,TEE SO (3) BRONCE 1/2
VALPA,128909,136530,5,0.00019,0.2,0.3125,335.938,CORREDERA CAJON KHOR BLANCA SBP 350MM  25 SETS,LIJA BANDA 3 X 18 G60 MAD/MET PACK3 KLINGSPOR
VALPA,139988,139991,5,0.00019,0.2,0.3125,335.938,TIRADOR PLAST. PARTENON 96MM BLANCO BOLSA 10 UN.,TIRADOR PLAST. PARTENON 96MM NEGRO BOLSA 10 UN.
VALPA,146562,152642,7,0.00026,0.2,0.4375,335.938,CODO PVC SANITARIO GRIS 50MM,TUBO PVC GRIS 50 MM X 6MTS
VESPU,144304,144766,8,0.0002,0.3478,0.1905,335.834,MELAMINA ZEN SW 18MM 1.83 X 2.50 VESTO,"TAPACANTO PVC ZEN SW 22X0,4MM RO25MT"
VALPA,146562,146592,6,0.00022,0.1714,0.4286,329.082,CODO PVC SANITARIO GRIS 50MM,COPLA PVC SANITARIO GRIS 50MM
VALPA,146562,146596,6,0.00022,0.1714,0.4286,329.082,CODO PVC SANITARIO GRIS 50MM,CURVA PVC SANITARIO GRIS 50MM
VALPA,8135,8137,10,0.00037,0.2564,0.4762,328.144,SOLDADURA ESTANO INDEPP 50% CARRETE 1/2KG,PASTA SOLDAR  100 GR.
VESPU,72387,72496,13,0.00032,0.5417,0.194,327.846,MDF MELAMINA BLANCO 2CARA 15MM 1.52 X 2.44,MDF MELAMINA BLANCO 2CARA 18MM 1.52 X 2.44
VALPA,1002,890,5,0.00019,0.3125,0.1923,323.017,LACA SIPA MADERA 1/4GL,SELLADOR SIPA MADERA 1/4 GL
VESPU,139405,16412,5,0.00012,0.25,0.1562,316.812,SOPORTE BARRA U CAFÉ BOLSA 10 UN.,BARRA CLOSET PLASTICA 1MT.CAFE UNID
VESPU,149402,149598,7,0.00017,0.28,0.1944,315.404,"MELAMINA PINOT GRIS SW 18MM 1,83 X 2,50 VESTO","TAPACANTO PVC PINOT GRIS 22X0,45MM RO 25 MT"
VESPU,123688,6037,7,0.00017,0.3182,0.1707,314.705,CAÑERIA COBRE L 1/2 X 3.0 MT GAS,COPLA SO SO BRONCE 1/2
VALPA,110910,124200,6,0.00022,0.1053,0.6667,314.327,REGULADOR GAS 5-11-15KG ALTA SEGURIDAD PLUS CEMCO,FLEXIBLE GAS HI-HI 1/2 X 3/8 100 CM  IZQ CEMCO
VESPU,6133,6152,10,0.00025,0.2941,0.2632,313.87,CODO SO HI BRONCE 1/2,TEE SO (3) BRONCE 1/2
VESPU,146551,146610,6,0.00015,0.0845,0.5455,311.539,CODO PVC SANITARIO GRIS 40MM,TEE PVC SANITARIO GRIS 40X40MM
VESPU,32392,98920,9,0.00022,0.3913,0.1765,311.141,SALIDA CAJA CONDUIT 20MM,TUBO CONDUIT PVC  20MM  TIRA 3MT
VESPU,115836,153041,8,0.0002,0.0842,0.7273,310.446,MELAMINA TEKA ART. 18MM 1.83X2.50 VESTO,"TAPACANTO PVC TEKA ART 22X1,5MM RO50MT"
VALPA,70276,75997,6,0.00022,0.4,0.1714,307.143,TARUGO MADERA 6MM X 45MM BOLSA 100UN,TARUGO MADERA 8MM X 45MM BOLSA 100UN.
VESPU,128847,138892,7,0.00017,0.1892,0.28,306.88,MELAMINA TAUPE ULTRA MATTE 15MM 1.83 X 2.50 VESTO,MELAMINA LINO CHIARO 15MM 1.83 X 2.50 VESTO
VALPA,3354,8392,20,0.00074,0.4444,0.5128,306.268,SIFON LAVATORIO SANIT 11/4 C/CODO,"DESAGUE LAVATORIOS 11/4"" C/REBALSE"
VALPA,114160,95250,6,0.00022,0.1818,0.375,305.398,PUERTA PINO 1/2 PTO PORTAL OFERTA 43MM X 80 X 200,BISAG 3 1/2X3 1/2 AC. BRONCEADO 3UN (REEM 154001)
VESPU,1167,78992,10,0.00025,0.2632,0.2857,304.902,ANTIOXIDO SIPA MAESTRANZA NEGRO GL,AGUARRAS MINERAL 5 LTS.
VESPU,144303,144766,6,0.00015,0.3158,0.1429,304.902,MELAMINA ZEN SW 15MM 1.83 X 2.50 VESTO,"TAPACANTO PVC ZEN SW 22X0,4MM RO25MT"
VALPA,81115,81947,18,0.00067,0.439,0.4615,302.533,TAB. CANAL ESTRUCTURAL U 2X4X0.85X6MT 92X30,TAB. ESTRUCTURAL C 2X4X12X0.85X6MT 90X38
VESPU,130033,130034,8,0.0002,0.2759,0.2162,302.345,DISCO LIJA MADERA/PINTURA 115MM G80 PACK 10 BOSCH,DISCO LIJA MADERA/PINTURA 115MM G120 PACK 10 BOSCH
VESPU,139571,139572,6,0.00015,0.2727,0.1622,298.909,BROCA PARA METAL HSS 2.0 MM 2 UND BOSCH,BROCA PARA METAL HSS 2.5 MM 2 UND BOSCH
VESPU,146551,146591,12,0.0003,0.169,0.5217,297.994,CODO PVC SANITARIO GRIS 40MM,COPLA PVC SANITARIO GRIS 40MM
VESPU,6072,6083,10,0.00025,0.3571,0.2041,295.569,TERMINAL SO HI BRONCE 1/2,TERMINAL SO HE BRONCE 1/2
VESPU,122394,132618,7,0.00017,0.2692,0.1892,295.077,MELAMINA ROBLE CAVA 15MM 2.50 X 1.83 VESTO,"MELAMINA ESPRESSO 15MM 1,83 X 2,50 VESTO"
VESPU,101839,132993,6,0.00015,0.1818,0.24,294.924,TORNILLO VOLCANITA PTA AGUJA 1 1/4X6 NEGRO RGR 100,INTERRUPTOR VOLANTE 2A NEGRO HALUX
VALPA,139111,145031,7,0.00026,0.3182,0.2414,294.867,MELAMINA GRAFITO HILADO V. 15MM 1.83 X 2.50,"TAPACANTO PVC GRAFITO HILADO 22X0,45MM RO 25MT"
VESPU,6037,6107,25,0.00062,0.6098,0.2941,290.904,COPLA SO SO BRONCE 1/2,CODO SO SO BRONCE 1/2
VESPU,733,738,16,0.00039,0.6957,0.1649,290.826,MASILLA MAGICA MARSON TRADICIONAL S/CATAL 350M,ENDURECEDOR MARSO CREMA 28GR
VESPU,141186,141192,5,0.00012,0.1852,0.1923,288.832,LIJA FIERRO KL GRANO 150 PLIEGO,LIJA FIERRO KL GRANO 60 PLIEGO
VALPA,84221,84225,6,0.00022,0.3,0.2143,287.946,CORREDERA DUCASSE COLGANTE ECO-100 (SET),RIEL COLGANTE U 100 I 200 DUCASSE
VESPU,146551,146595,14,0.00035,0.1972,0.5,285.577,CODO PVC SANITARIO GRIS 40MM,CURVA PVC SANITARIO GRIS 40MM
VESPU,143831,143832,5,0.00012,0.1042,0.3333,281.611,MACHO VOLANTE 10A 2P+T RECTO NEGRO FANTON,HEMBRA VOLANTE 10A 2P+T BLANCA FANTON
VESPU,32392,99307,11,0.00027,0.4783,0.1594,281.079,SALIDA CAJA CONDUIT 20MM,CAJA EMBUTIDA TABIQUERIA NARANJA
VALPA,126172,126646,5,0.00019,0.1042,0.5,279.948,CORREDERA OCULTA 2D CIERRE SUAVE 450MM KUTZ,ESPECIERO EXTRAIBLE CIERRE SUAVE 15CMS - KUTZ
VALPA,70276,75998,5,0.00019,0.3333,0.1562,279.948,TARUGO MADERA 6MM X 45MM BOLSA 100UN,TARUGO MADERA 10MM X 45MM BOLSA 100UN
VESPU,139403,16413,8,0.0002,0.186,0.2963,279.428,SOPORTE BARRA REDONDO CAFE BOLSA 10 UN.,BARRA CLOSET PLASTICA 1.5 MTS .CAFE UNID
VALPA,131002,133070,6,0.00022,0.1765,0.3529,278.979,"TAPACANTO PVC VENEZIA - LEGNO 22X0,45MM RO 25 M","MELAMINA VENEZIA 15MM 1,83 X 2,50 VESTO"
VALPA,32392,98920,11,0.00041,0.6111,0.1864,278.366,SALIDA CAJA CONDUIT 20MM,TUBO CONDUIT PVC  20MM  TIRA 3MT
VESPU,82677,82679,18,0.00044,0.4865,0.2535,277.859,CLAVO CORRIENTE 3 BOLSA 1 KILO,CLAVO CORRIENTE 4 BOLSA 1 KILO
VALPA,12287,6099,5,0.00019,0.2941,0.1724,272.566,FLEXIBLE AGUA METALICO HI-HI 1/2 35CM,CODO SO HE BRONCE 1/2
VESPU,141245,141248,5,0.00012,0.4545,0.0735,271.07,BROCA CONCRETO 3X30X60 BLISTER UND BOSCH,BROCA CONCRETO 6X60X100 BLISTER UND BOSCH
VESPU,123690,24280,9,0.00022,0.2727,0.2195,269.747,CAÑERIA COBRE M 1/2 X 3.0 MT AGUA,LLAVE PASO SO SO 1/2 STRETTO
VALPA,146562,146600,7,0.00026,0.2,0.35,268.75,CODO PVC SANITARIO GRIS 50MM,REDUCCION PVC SANITARIO GRIS 50X40MM
VESPU,123689,6152,6,0.00015,0.25,0.1579,266.789,CAÑERIA COBRE M 1/2 X 1.0 MT AGUA,TEE SO (3) BRONCE 1/2
VESPU,6152,95361,6,0.00015,0.1579,0.25,266.789,TEE SO (3) BRONCE 1/2,TAPAGORRO SO BRONCE 1/2
VESPU,20240,77172,9,0.00022,0.1765,0.3333,265.046,"JGO MARCO PUERTA PINO 30 X 90 MM X 5,4MT",PUERTA TERCIADO INTERIOR 0.70 X 2.00
VESPU,19704,93328,6,0.00015,0.1176,0.3333,265.046,SELLO BANO ANTIFUGAS HOFFENS,KIT PERNO DE ANCLAJE PARA WC PISO
VALPA,146540,146606,5,0.00019,0.1282,0.3846,265.039,CODO PVC SANITARIO GRIS 110MM,TEE PVC SANITARIO GRIS 110X110MM
VESPU,6107,6152,21,0.00052,0.2471,0.5526,263.651,CODO SO SO BRONCE 1/2,TEE SO (3) BRONCE 1/2
VESPU,76762,89759,14,0.00035,0.5833,0.1556,262.837,LAM. RECTA F6 ROJO IMPERIO 3054 BR 122 X 306,LAM. RECTA F6 ONIX BROWN 2721 BR 122 X 306
VALPA,115864,6502,5,0.00019,0.1852,0.2632,261.94,MELAMINA CEREZO 15MM 1.83X2.50 VESTO,"DUROLAC MAD. CEREZO 2,8MM 1.52 X 2.44"
VESPU,101838,101839,10,0.00025,0.2128,0.303,261.457,TORNILLO VOLCANITA PTA AGUJA 1X6 NEGRO R.GR  100UN,TORNILLO VOLCANITA PTA AGUJA 1 1/4X6 NEGRO RGR 100
VESPU,123688,6107,12,0.0003,0.5455,0.1412,260.227,CAÑERIA COBRE L 1/2 X 3.0 MT GAS,CODO SO SO BRONCE 1/2
VALPA,100642,100645,5,0.00019,0.3571,0.1351,259.411,CODO 45º M - H (10)P25 BLANCO,CODO 87.5º H - H (10) P25 BLANCO
VALPA,139989,139992,6,0.00022,0.25,0.2308,258.413,TIRADOR PLAST. PARTENON 96MM CAFÉ BOLSA 10 UN.,TIRADOR PLAST. PARTENON 128MM METAL BOLSA 10 UN.
VALPA,139685,98920,18,0.00067,0.5625,0.3051,256.224,CURVA CONDUIT 90º 20MM 10UN,TUBO CONDUIT PVC  20MM  TIRA 3MT
VESPU,122398,133070,5,0.00012,0.3846,0.082,255.687,MELAMINA AWOURA 15MM 2.50 X 1.83 VESTO,"MELAMINA VENEZIA 15MM 1,83 X 2,50 VESTO"
VESPU,128845,132618,6,0.00015,0.2308,0.1622,252.923,MELAMINA LEGNO 15MM 1.83 X 2.50 VESTO,"MELAMINA ESPRESSO 15MM 1,83 X 2,50 VESTO"
VALPA,146540,146594,8,0.0003,0.2051,0.3636,250.583,CODO PVC SANITARIO GRIS 110MM,CURVA PVC SANITARIO GRIS 110MM
VALPA,146540,146584,12,0.00045,0.3077,0.3636,250.583,CODO PVC SANITARIO GRIS 110MM,COPLA PVC SANITARIO GRIS 110MM
VESPU,123689,6133,5,0.00012,0.2083,0.1471,248.48,CAÑERIA COBRE M 1/2 X 1.0 MT AGUA,CODO SO HI BRONCE 1/2
VESPU,122394,138894,7,0.00017,0.2692,0.1591,248.133,MELAMINA ROBLE CAVA 15MM 2.50 X 1.83 VESTO,MELAMINA ALASKA 15MM 1.83 X 2.50 VESTO
VESPU,6037,95361,6,0.00015,0.1463,0.25,247.268,COPLA SO SO BRONCE 1/2,TAPAGORRO SO BRONCE 1/2
VESPU,6037,6072,7,0.00017,0.1707,0.25,247.268,COPLA SO SO BRONCE 1/2,TERMINAL SO HI BRONCE 1/2
VESPU,146799,146800,7,0.00017,0.2121,0.2,245.77,HEMBRA EMBUTIDA DOBLE 10A BLANCO KARSON,INTERRUPTOR EMB SIMPLE 9/12 10A BLANCO KARSON
VESPU,123690,6099,5,0.00012,0.1515,0.2,245.77,CAÑERIA COBRE M 1/2 X 3.0 MT AGUA,CODO SO HE BRONCE 1/2
VESPU,147079,153014,13,0.00032,0.1444,0.5417,244.063,"TAPACANTO PVC CARBON ULTRA MATTE 22X0,45MM RO 25MT","TAPACANTO PVC CARBON 22X1,5MM RO50MT"
VESPU,3353,79160,15,0.00037,0.2459,0.3659,243.215,SIFON LAVATORIO REGIO 11 4 RECTA TUBO STANDARD UN,DESAGUE LAVATORIO 1.1/4 CON REJILLA CROMAD
VESPU,122400,128845,8,0.0002,0.1538,0.3077,239.953,MELAMINA TOSCANA 15MM 2.50 X 1.83 VESTO,MELAMINA LEGNO 15MM 1.83 X 2.50 VESTO
VESPU,128845,149409,6,0.00015,0.2308,0.1538,239.953,MELAMINA LEGNO 15MM 1.83 X 2.50 VESTO,"MELAMINA PINOT GRIS SW 15MM 1,83 X 2,50 VESTO"
VESPU,123690,6037,8,0.0002,0.2424,0.1951,239.775,CAÑERIA COBRE M 1/2 X 3.0 MT AGUA,COPLA SO SO BRONCE 1/2
VESPU,82676,82677,7,0.00017,0.2188,0.1892,239.75,"CLAVO CORRIENTE 2.1/2"" BOLSA 1 KILO",CLAVO CORRIENTE 3 BOLSA 1 KILO
VESPU,6083,6152,11,0.00027,0.2245,0.2895,239.566,TERMINAL SO HE BRONCE 1/2,TEE SO (3) BRONCE 1/2
VESPU,133070,149409,14,0.00035,0.2295,0.359,238.641,"MELAMINA VENEZIA 15MM 1,83 X 2,50 VESTO","MELAMINA PINOT GRIS SW 15MM 1,83 X 2,50 VESTO"
VESPU,6099,6133,5,0.00012,0.2,0.1471,238.541,CODO SO HE BRONCE 1/2,CODO SO HI BRONCE 1/2
VESPU,123689,6107,12,0.0003,0.5,0.1412,238.541,CAÑERIA COBRE M 1/2 X 1.0 MT AGUA,CODO SO SO BRONCE 1/2
VALPA,144295,144765,20,0.00074,0.4878,0.3636,238.359,MELAMINA OKUZAI MN 15MM 1.83 X 2.50 VESTO,"TAPACANTO PVC OKUZAI MN 22X0,4MM RO25MT"
VESPU,142435,3356,6,0.00015,0.1579,0.2222,237.146,CODO PVC SANITARIO GRIS 40MM,ADHESIVO VINILIT PVC POMO 60CC UN (50)
VALPA,146551,146595,6,0.00022,0.0968,0.5455,236.437,CODO PVC SANITARIO GRIS 40MM,CURVA PVC SANITARIO GRIS 40MM
VESPU,139403,16414,6,0.00015,0.1395,0.25,235.767,SOPORTE BARRA REDONDO CAFE BOLSA 10 UN.,BARRA CLOSET PLASTICA 2MT.CAFE UNID
VESPU,147057,147061,9,0.00022,0.2368,0.2195,234.254,MELAMINA CARBON ULTRA MATTE 15MM 1.83 X 2.50 VESTO,MELAMINA CARBON ULTRA MATTE 18MM 1.83 X 2.50 VESTO
VESPU,130997,138890,8,0.0002,0.1951,0.2353,232.723,"TAPACANTO PVC SEDA NOTTE 22X0,45 RO 25MT",MELAMINA SEDA NOTTE 15MM 1.83 X 2.50 VESTO
VALPA,146800,146801,5,0.00019,0.1471,0.2941,232.483,INTERRUPTOR EMB SIMPLE 9/12 10A BLANCO KARSON,INTERRUPTOR EMB DOBLE 9/15 10A BLANCO KARSON
VESPU,82676,82679,13,0.00032,0.4062,0.1831,232.032,"CLAVO CORRIENTE 2.1/2"" BOLSA 1 KILO",CLAVO CORRIENTE 4 BOLSA 1 KILO
VESPU,149985,149988,6,0.00015,0.2857,0.12,231.726,TORNILLO AGLOMERADO 3.5 X 30 BALDE 500UN KHOR,TORNILLO AGLOMERADO 3.5 X 50 BALDE 500UN KHOR
VESPU,139563,139565,5,0.00012,0.1136,0.25,230.409,"BROCA METAL COBALTO 4,5MM UND BOSCH",BROCA METAL COBALTO 6MM UND BOSCH
VESPU,148118,148124,10,0.00025,0.4,0.1408,228.462,MELAMINA NOUGAT PORO SINCRO 15MM 1.83 X 2.50 VESTO,"TAPACANTO PVC NOUGAT PORO SINCRO 22X0,45MM RO 25MT"
VALPA,7083,9161,6,0.00022,0.1017,0.5,227.754,TAPA CIEGA PLASTICA CORRIENTE,AUTOMATICO MONOFASICO 16A LEGRAND 6KA 03386
VALPA,128839,131000,14,0.00052,0.4828,0.2456,227.616,MELAMINA CARAMEL 15MM 1.83 X 2.50 VESTO,"TAPACANTO PVC CARAMEL 22X0,45 RO 25MT"
VESPU,123690,6152,7,0.00017,0.2121,0.1842,226.367,CAÑERIA COBRE M 1/2 X 3.0 MT AGUA,TEE SO (3) BRONCE 1/2
VALPA,120398,3354,15,0.00056,0.375,0.3333,223.958,PEDESTAL LAVAMANOS CORONA ACUACER,SIFON LAVATORIO SANIT 11/4 C/CODO
VALPA,136863,136868,6,0.00022,0.1667,0.3,223.958,BISAGRA 2 FIERRO BRONCEADO  4UN TACORA,BISAGRA 2X2 FIERRO BRONCEADO  4UN TACORA
VESPU,72328,72803,6,0.00015,0.0438,0.75,222.0,PLANCHA MDF  9MM 1.52 X 2.44,PLANCHA MDF 4MM 1.52 X 2.44
VESPU,133070,149407,5,0.00012,0.082,0.3333,221.596,"MELAMINA VENEZIA 15MM 1,83 X 2,50 VESTO","MELAMINA TUAREG VV 15MM 1,83 X 2,50 VESTO"
VALPA,149404,149587,5,0.00019,0.3125,0.1316,221.012,"MELAMINA JADE VV 18MM 1,83 X 2,50 VESTO","TAPACANTO PVC JADE 22X0,45MM RO 25 MT"
VESPU,102789,116508,5,0.00012,0.1087,0.25,220.391,KIT INSTALACION W.C 17187/32112/19705 AL PISO,"WC ONE PIECE A PISO 30,5 7LT VINCINY SENSI DACQUA"
VESPU,6083,6133,9,0.00022,0.1837,0.2647,219.068,TERMINAL SO HE BRONCE 1/2,CODO SO HI BRONCE 1/2
VALPA,120397,3354,15,0.00056,0.3659,0.3333,218.496,LAVAMANOS CORONA ACUACER,SIFON LAVATORIO SANIT 11/4 C/CODO
VALPA,15050,15051,8,0.0003,0.1951,0.3333,218.496,CUBREJUNTA TACORA 0.8 MTS,CUBREJUNTA TACORA 1 MTS
VALPA,124327,137587,5,0.00019,0.0568,0.7143,218.141,MOLDURA PVC  20 X 10  TIRA 2 MTS C/AUTOADHESIVO,CAJA SOBREPUESTA CANALETA MINI (CUADRADA)
VESPU,128202,128208,5,0.00012,0.2941,0.0909,216.856,LLANA HELA L-280 MEDIANA 280X130MM,ESPATULA YORK 100MM
VALPA,123804,80488,5,0.00019,0.25,0.1613,216.734,"DISCO TRASLAPADO KLINGSPOR SMT 624  4 1/2""G80",DISCO DESBASTE DWALT  METAL 4.1/2
VALPA,6099,6133,7,0.00026,0.2414,0.2333,216.236,CODO SO HE BRONCE 1/2,CODO SO HI BRONCE 1/2
VALPA,139450,143749,13,0.00048,0.8667,0.1204,215.664,SOPLETE PLASTICO PG800 PROVIDUS SIN ENCENDIDO,CARTUCHO GAS 190 GRS TOP SAFE PROVIDUS
VALPA,139372,139992,5,0.00019,0.2083,0.1923,215.345,PERILLA PLASTICA 38MM CAFE BOLSA 10 UN.,TIRADOR PLAST. PARTENON 128MM METAL BOLSA 10 UN.
VALPA,139990,139991,6,0.00022,0.1277,0.375,214.428,TIRADOR PLAST. PARTENON 96MM METAL BOLSA 10 UN.,TIRADOR PLAST. PARTENON 96MM NEGRO BOLSA 10 UN.
VALPA,12287,6037,5,0.00019,0.2941,0.1351,213.633,FLEXIBLE AGUA METALICO HI-HI 1/2 35CM,COPLA SO SO BRONCE 1/2
VALPA,146799,146801,5,0.00019,0.1351,0.2941,213.633,HEMBRA EMBUTIDA DOBLE 10A BLANCO KARSON,INTERRUPTOR EMB DOBLE 9/15 10A BLANCO KARSON
VALPA,10723,10724,5,0.00019,0.3571,0.1111,213.294,ROSCALATA8 X 1/2      100 UNIDADES,ROSCALATA 8 X 5/8      100 UNIDADES
VALPA,6133,8137,5,0.00019,0.1667,0.2381,213.294,CODO SO HI BRONCE 1/2,PASTA SOLDAR  100 GR.
VALPA,118607,128910,8,0.0003,0.1569,0.4,210.784,SOBERBIO 3 16 X 2 - 100UNDS PATTA,CORREDERA CAJON KHOR BLANCA SBP 400MM 25 SETS
VALPA,144301,144767,10,0.00037,0.2273,0.3448,210.619,MELAMINA TORI SW 15MM 1.83 X 2.50 VESTO,"TAPACANTO PVC TORI SW 22X0,4MM RO25MT"
VESPU,11639,24276,7,0.00017,0.14,0.2593,210.27,CINTA VOLCANITA 2 X 45MT,PASTA ADHESIVA P/CINTA VOLCANITA SOLCROM 500CC
VALPA,146798,146802,5,0.00019,0.0781,0.5,209.961,HEMBRA EMBUTIDA TRIPLE 10A BLANCO KARSON,INTERRUPTOR EMB ESCALA 9/24 10A BLANCO KARSON
VALPA,133068,140721,10,0.00037,0.3571,0.2174,208.657,"MELAMINA NODO 15MM 1,83 X 2,50 VESTO","TAPACANTO PVC NODO  22X0,45MM RO 25 M"
VESPU,24280,6152,8,0.0002,0.1951,0.2105,208.226,LLAVE PASO SO SO 1/2 STRETTO,TEE SO (3) BRONCE 1/2
VESPU,133932,136563,7,0.00017,0.1129,0.3182,208.111,TAPA SOBERBIO ADHES 12MM CHOCOLATE SET 50 UN,"TAPACANTO PVC WENGUE  22X0,45MM RO 50MT"
VALPA,81417,86077,16,0.0006,0.3556,0.3478,207.729,TABIGAL CIELO PERIMETRAL AT 20X25X4X0.5X3MT,TABIGAL CIELO PORTANTE 40X18X10X05X3MT
VESPU,101838,132993,6,0.00015,0.1277,0.24,207.074,TORNILLO VOLCANITA PTA AGUJA 1X6 NEGRO R.GR  100UN,INTERRUPTOR VOLANTE 2A NEGRO HALUX
VESPU,123689,6037,5,0.00012,0.2083,0.122,206.057,CAÑERIA COBRE M 1/2 X 1.0 MT AGUA,COPLA SO SO BRONCE 1/2
VESPU,8135,95361,5,0.00012,0.122,0.2083,206.057,SOLDADURA ESTANO INDEPP 50% CARRETE 1/2KG,TAPAGORRO SO BRONCE 1/2
VESPU,6072,6107,12,0.0003,0.4286,0.1412,204.464,TERMINAL SO HI BRONCE 1/2,CODO SO SO BRONCE 1/2
VALPA,81417,89837,14,0.00052,0.3111,0.3415,203.93,TABIGAL CIELO PERIMETRAL AT 20X25X4X0.5X3MT,TABIGAL CIELO PORTANTE 40X18X10X05X6MT
VESPU,123690,6107,14,0.00035,0.4242,0.1647,202.399,CAÑERIA COBRE M 1/2 X 3.0 MT AGUA,CODO SO SO BRONCE 1/2
VESPU,149409,149598,7,0.00017,0.1795,0.1944,202.182,"MELAMINA PINOT GRIS SW 15MM 1,83 X 2,50 VESTO","TAPACANTO PVC PINOT GRIS 22X0,45MM RO 25 MT"
VESPU,6037,6083,10,0.00025,0.2439,0.2041,201.852,COPLA SO SO BRONCE 1/2,TERMINAL SO HE BRONCE 1/2
VESPU,148124,153015,6,0.00015,0.0845,0.3529,201.584,"TAPACANTO PVC NOUGAT PORO SINCRO 22X0,45MM RO 25MT","TAPACANTO PVC NOUGAT 22X1,5MM RO50MT"
VALPA,139679,86792,8,0.0003,0.6667,0.0899,201.311,ABRAZADERA CONDUIT PVC 16MM 15UN,TUBO CONDUIT PVC  16MM  TIRA 3MT
VESPU,13962,97826,13,0.00032,0.2653,0.2407,199.235,RUEDA GOMA GIRATORIA ZINC C/PLACA 50MM,RUEDA GOMA GIRATORIA ZINC C/PLACA Y FRENO 50MM
VALPA,146551,146610,5,0.00019,0.0806,0.4545,197.031,CODO PVC SANITARIO GRIS 40MM,TEE PVC SANITARIO GRIS 40X40MM
VESPU,18418,99307,5,0.00012,0.3333,0.0725,195.903,SALIDA CAJA CONDUIT 16MM,CAJA EMBUTIDA TABIQUERIA NARANJA
VALPA,146551,146600,9,0.00033,0.1452,0.45,195.06,CODO PVC SANITARIO GRIS 40MM,REDUCCION PVC SANITARIO GRIS 50X40MM
VESPU,124451,131005,10,0.00025,0.2632,0.1818,194.029,MEL MDP ROBLE SANTANA NAT 18X1830X2500 MASISA,"TAPACANTO PVC ROBLE SANTANA 22X0,45 RO 25MT"
VESPU,103704,103707,8,0.0002,0.1096,0.3478,193.22,TIRADOR  FORZA SATINADO 128MM KUTZ,TIRADOR  FORZA SATINADO 192MM KUTZ
VALPA,6152,8137,8,0.0003,0.1509,0.381,193.172,TEE SO (3) BRONCE 1/2,PASTA SOLDAR  100 GR.
VESPU,24280,8135,8,0.0002,0.1951,0.1951,192.99,LLAVE PASO SO SO 1/2 STRETTO,SOLDADURA ESTANO INDEPP 50% CARRETE 1/2KG
VALPA,149565,152717,17,0.00063,0.7391,0.165,192.856,"PISO FLOTANTE BELLA AKASYA 8MM CJ 2,29M2",ESPUMA PARA PISOS FLOTANTE HOLZTEK 20 M2 X 2MM
VALPA,146551,146591,8,0.0003,0.129,0.4444,192.652,CODO PVC SANITARIO GRIS 40MM,COPLA PVC SANITARIO GRIS 40MM
VALPA,136868,136869,5,0.00019,0.25,0.1429,191.964,BISAGRA 2X2 FIERRO BRONCEADO  4UN TACORA,BISAGRA 2 1/2X2 1/2 FIERRO BRONCEADO  4UN TACORA
VALPA,124327,125415,5,0.00019,0.0568,0.625,190.874,MOLDURA PVC  20 X 10  TIRA 2 MTS C/AUTOADHESIVO,DERIVACION T  CANALETA 20 X 10 PACK 2UN
VESPU,122557,148245,6,0.00015,0.3333,0.0845,190.385,"30X30 CER. PIEDRA GRIS ( VULCANO) CELIMA CJ 2,34 M",FRAGUE SIKACERAM-610 GRIS 1KG
VESPU,24280,8137,5,0.00012,0.122,0.1923,190.206,LLAVE PASO SO SO 1/2 STRETTO,PASTA SOLDAR  100 GR.
VALPA,152717,155898,8,0.0003,0.0777,0.7273,189.762,ESPUMA PARA PISOS FLOTANTE HOLZTEK 20 M2 X 2MM,PISO FLOTANTE ESSEN CAFÉ CLARO CJ 6MM 2.96 M2
VALPA,19704,93328,8,0.0003,0.127,0.4444,189.594,SELLO BANO ANTIFUGAS HOFFENS,KIT PERNO DE ANCLAJE PARA WC PISO
VALPA,120398,8392,11,0.00041,0.275,0.2821,189.503,PEDESTAL LAVAMANOS CORONA ACUACER,"DESAGUE LAVATORIOS 11/4"" C/REBALSE"
VALPA,139684,86792,20,0.00074,0.625,0.2247,188.729,CURVA CONDUIT 90º 16MM 10UN,TUBO CONDUIT PVC  16MM  TIRA 3MT
VESPU,148110,152742,6,0.00015,0.1765,0.1579,188.322,MELAMINA NOUGAT PORO SINCRO 18MM 1.83 X 2.50 VESTO,"MELAMINA ARCILLA 18MM 1,83 X 2,50 VESTO"
VALPA,100645,79372,7,0.00026,0.1892,0.2593,188.313,CODO 87.5º H - H (10) P25 BLANCO,COPLA BAJADA 80MM (10) P25 BLANCO
VESPU,139406,16410,6,0.00015,0.2222,0.125,187.741,SOPORTE BARRA J BLANCO BOLSA 10 UN.,BARRA CLOSET PLASTICA 2MT.BLANCA UNID
VALPA,144296,144765,8,0.0003,0.381,0.1455,186.147,MELAMINA OKUZAI MN 18MM 1.83 X 2.50 VESTO,"TAPACANTO PVC OKUZAI MN 22X0,4MM RO25MT"
VESPU,115835,149409,18,0.00044,0.1782,0.4615,185.31,MELAMINA TEKA ART. 15MM 2.50X1.83 VESTO,"MELAMINA PINOT GRIS SW 15MM 1,83 X 2,50 VESTO"
VALPA,6107,8137,12,0.00045,0.1446,0.5714,185.026,CODO SO SO BRONCE 1/2,PASTA SOLDAR  100 GR.
VALPA,120397,8392,11,0.00041,0.2683,0.2821,184.881,LAVAMANOS CORONA ACUACER,"DESAGUE LAVATORIOS 11/4"" C/REBALSE"
VALPA,72272,74789,12,0.00045,0.2264,0.3636,184.391,TORNILLO AGLOMERADO 3.5 X 25 100 UNIDADES,TORNILLO AGLOMERADO 3.5 X 50 100 UNIDADES
VALPA,115862,145287,8,0.0003,0.1905,0.2857,182.823,MELAMINA COIGUE 15MM 1.83 X 2.50 VESTO,"TAPACANTO PVC COIGUE 22X0,4MM RO25MT"
VALPA,115852,131016,6,0.00022,0.4,0.1017,182.203,MELAMINA GRAFITO 15MM 2.50 X 1.83 VESTO,"TAPACANTO PVC GRAFITO 22X0,45MM RO 25MT"
VESPU,6037,6152,7,0.00017,0.1707,0.1842,182.198,COPLA SO SO BRONCE 1/2,TEE SO (3) BRONCE 1/2
VESPU,6152,8135,7,0.00017,0.1842,0.1707,182.198,TEE SO (3) BRONCE 1/2,SOLDADURA ESTANO INDEPP 50% CARRETE 1/2KG
VALPA,100642,79364,7,0.00026,0.5,0.0946,181.588,CODO 45º M - H (10)P25 BLANCO,TUBO BAJADA D 80X3MT (3) P25 BLANCO
VALPA,120398,79160,7,0.00026,0.175,0.2692,180.889,PEDESTAL LAVAMANOS CORONA ACUACER,DESAGUE LAVATORIO 1.1/4 CON REJILLA CROMAD
VESPU,123690,6133,5,0.00012,0.1515,0.1471,180.713,CAÑERIA COBRE M 1/2 X 3.0 MT AGUA,CODO SO HI BRONCE 1/2
VALPA,146551,152638,5,0.00019,0.0806,0.4167,180.612,CODO PVC SANITARIO GRIS 40MM,TUBO PVC GRIS 40 MM X 6MTS
VALPA,128161,128163,5,0.00019,0.2083,0.1613,180.612,BROCHA CONDOR PROF NARANJA 1/2X1 UN (C.C),BROCHA CONDOR PROF NARANJA 1/2X2 UN (C.C)
VESPU,123690,8135,6,0.00015,0.1818,0.1463,179.831,CAÑERIA COBRE M 1/2 X 3.0 MT AGUA,SOLDADURA ESTANO INDEPP 50% CARRETE 1/2KG
VALPA,100643,79813,6,0.00022,0.3529,0.1132,178.968,CODO 67.5º H - H (10) P25 BLANCO,TAPA ACCESORIO UNIV P25 BLANCO
VESPU,134911,141248,9,0.00022,0.3,0.1324,178.906,BROCA CONCRETO 8 X 110 MM D-05290,BROCA CONCRETO 6X60X100 BLISTER UND BOSCH
VESPU,6107,95361,9,0.00022,0.1059,0.375,178.906,CODO SO SO BRONCE 1/2,TAPAGORRO SO BRONCE 1/2
VESPU,139573,139575,6,0.00015,0.0923,0.2857,178.251,BROCA PARA METAL HSS 4.0 MM 2 UND BOSCH,"BROCA PARA METAL HSS 5,0 MM 1 UND BOSCH"
VALPA,21863,21868,5,0.00019,0.1724,0.1923,178.216,TORNILLO AGLOMERADO 4 X 30    100 UNIDADES,TORNILLO AGLOMERADO 4.5 X 50 100 UNIDADES
VALPA,130412,77770,5,0.00019,0.119,0.2778,177.745,"BISAGRA PIANO 32MM 1,0 MTS IDAF",TORNILLO AGLOMERADO 3.0X12 BOLSA 100 UN
VESPU,128845,138894,5,0.00012,0.1923,0.1136,177.238,MELAMINA LEGNO 15MM 1.83 X 2.50 VESTO,MELAMINA ALASKA 15MM 1.83 X 2.50 VESTO
VALPA,24280,6099,8,0.0003,0.1905,0.2759,176.519,LLAVE PASO SO SO 1/2 STRETTO,CODO SO HE BRONCE 1/2
VESPU,101839,101840,5,0.00012,0.1515,0.1429,175.55,TORNILLO VOLCANITA PTA AGUJA 1 1/4X6 NEGRO RGR 100,TORNILLO VOLCANITA PTA AGUJA 1 5/8X6 NEGRO RGR 100
VESPU,24280,6133,6,0.00015,0.1463,0.1765,174.542,LLAVE PASO SO SO 1/2 STRETTO,CODO SO HI BRONCE 1/2
VESPU,24276,33739,6,0.00015,0.2222,0.1154,173.299,PASTA ADHESIVA P/CINTA VOLCANITA SOLCROM 500CC,CINTA VOLCANITA 2 X 20MT
VALPA,120870,3354,13,0.00048,0.2889,0.2889,172.531,TAZA WC A PISO 30 CM CORONA LAGUNA,SIFON LAVATORIO SANIT 11/4 C/CODO
VESPU,140803,140804,5,0.00012,0.0893,0.2381,172.415,BISAG. 35 RECTA MAS P2O C/TORN 2UNDS KUTZ,BISAG. 35 S/CURVA MAS P2O C/TORN 2UNDS KUTZ
VALPA,100637,100641,11,0.00041,0.1667,0.4231,172.276,ABRAZADERA TUBO 80 (10) P25 BLANCO,CODO 45º H - H (10) P25 BLANCO
VALPA,146540,152465,5,0.00019,0.1282,0.25,172.276,CODO PVC SANITARIO GRIS 110MM,TUBO PVC ALCANTARILLADO GRIS 110 MM 6MT
VALPA,123689,6037,9,0.00033,0.2368,0.2432,172.031,CAÑERIA COBRE M 1/2 X 1.0 MT AGUA,COPLA SO SO BRONCE 1/2
VALPA,151163,3354,12,0.00045,0.2857,0.2667,170.635,MONOMANDO LAVAMANOS CROMO EKO DUSCHY,SIFON LAVATORIO SANIT 11/4 C/CODO
VESPU,24280,6037,7,0.00017,0.1707,0.1707,168.866,LLAVE PASO SO SO 1/2 STRETTO,COPLA SO SO BRONCE 1/2
VALPA,123573,3354,13,0.00048,0.2826,0.2889,168.78,ESTANQUE WC 6LT CORONA LAGUNA,SIFON LAVATORIO SANIT 11/4 C/CODO
VALPA,118607,128909,8,0.0003,0.1569,0.32,168.627,SOBERBIO 3 16 X 2 - 100UNDS PATTA,CORREDERA CAJON KHOR BLANCA SBP 350MM  25 SETS
VALPA,120870,8392,11,0.00041,0.2444,0.2821,168.447,TAZA WC A PISO 30 CM CORONA LAGUNA,"DESAGUE LAVATORIOS 11/4"" C/REBALSE"
VALPA,75997,75998,7,0.00026,0.2,0.2188,167.969,TARUGO MADERA 8MM X 45MM BOLSA 100UN.,TARUGO MADERA 10MM X 45MM BOLSA 100UN
VALPA,100645,79364,17,0.00063,0.4595,0.2297,166.864,CODO 87.5º H - H (10) P25 BLANCO,TUBO BAJADA D 80X3MT (3) P25 BLANCO
VESPU,86792,99307,19,0.00047,0.2836,0.2754,166.664,TUBO CONDUIT PVC  16MM  TIRA 3MT,CAJA EMBUTIDA TABIQUERIA NARANJA
VESPU,133070,144301,5,0.00012,0.082,0.25,166.197,"MELAMINA VENEZIA 15MM 1,83 X 2,50 VESTO",MELAMINA TORI SW 15MM 1.83 X 2.50 VESTO
VESPU,5552,5554,10,0.00025,0.1923,0.2128,165.925,LIJA AGUA GRANO 400 PLIEGO,LIJA AGUA GRANO 600 PLIEGO
VALPA,100637,79372,11,0.00041,0.1667,0.4074,165.895,ABRAZADERA TUBO 80 (10) P25 BLANCO,COPLA BAJADA 80MM (10) P25 BLANCO
VALPA,101839,101840,5,0.00019,0.1852,0.1667,165.895,TORNILLO VOLCANITA PTA AGUJA 1 1/4X6 NEGRO RGR 100,TORNILLO VOLCANITA PTA AGUJA 1 5/8X6 NEGRO RGR 100
VALPA,123573,8392,11,0.00041,0.2391,0.2821,164.785,ESTANQUE WC 6LT CORONA LAGUNA,"DESAGUE LAVATORIOS 11/4"" C/REBALSE"
VALPA,118607,136530,5,0.00019,0.098,0.3125,164.675,SOBERBIO 3 16 X 2 - 100UNDS PATTA,LIJA BANDA 3 X 18 G60 MAD/MET PACK3 KLINGSPOR
VALPA,13399,98532,5,0.00019,0.0725,0.4167,162.289,GUIA DUCASSE AL PISO 2040-N,TOPE PTA CLOSET  D7-D14 DUCASSE
VALPA,139573,139578,5,0.00019,0.1923,0.1562,161.508,BROCA PARA METAL HSS 4.0 MM 2 UND BOSCH,BROCA PARA METAL HSS 3.0 MM 2 UND BOSCH
VALPA,3354,79160,7,0.00026,0.1556,0.2692,160.791,SIFON LAVATORIO SANIT 11/4 C/CODO,DESAGUE LAVATORIO 1.1/4 CON REJILLA CROMAD
VALPA,128909,132891,10,0.00037,0.4,0.1493,160.448,CORREDERA CAJON KHOR BLANCA SBP 350MM  25 SETS,"TAPACANTO ENCOLADO BLANCO 22X0,45MM RO 100 MT"
VALPA,18418,86792,11,0.00041,0.5238,0.1236,158.173,SALIDA CAJA CONDUIT 16MM,TUBO CONDUIT PVC  16MM  TIRA 3MT
VALPA,146798,146803,6,0.00022,0.0938,0.375,157.471,HEMBRA EMBUTIDA TRIPLE 10A BLANCO KARSON,INTERRUPTOR EMB 9/12+ENCH 10A BLANCO KARSON
VALPA,120397,151163,10,0.00037,0.2439,0.2381,156.069,LAVAMANOS CORONA ACUACER,MONOMANDO LAVAMANOS CROMO EKO DUSCHY
VALPA,136501,6037,6,0.00022,0.2143,0.1622,155.647,SOLDADURA ESTANO INDEPP 95% 1MT CON PASTA,COPLA SO SO BRONCE 1/2
VALPA,139990,139992,7,0.00026,0.1489,0.2692,153.948,TIRADOR PLAST. PARTENON 96MM METAL BOLSA 10 UN.,TIRADOR PLAST. PARTENON 128MM METAL BOLSA 10 UN.
VALPA,144301,151530,5,0.00019,0.1136,0.25,152.699,MELAMINA TORI SW 15MM 1.83 X 2.50 VESTO,"MELAMINA AUGUSTA 2DA 15MM 1,83 X 2,44"
VALPA,133931,145286,5,0.00019,0.119,0.2381,152.353,TAPA SOBERBIO ADHES 12MM CEREZO SET 50 UN,"TAPACANTO PVC CEREZO 22X0,4MM RO25MT"
VALPA,120397,79160,6,0.00022,0.1463,0.2308,151.266,LAVAMANOS CORONA ACUACER,DESAGUE LAVATORIO 1.1/4 CON REJILLA CROMAD
VALPA,118607,139363,8,0.0003,0.1569,0.2857,150.56,SOBERBIO 3 16 X 2 - 100UNDS PATTA,PATIN PLASTICO RTA U 15MM TRANSP. BOLSA 50 UN.
VALPA,146799,146800,7,0.00026,0.1892,0.2059,149.543,HEMBRA EMBUTIDA DOBLE 10A BLANCO KARSON,INTERRUPTOR EMB SIMPLE 9/12 10A BLANCO KARSON
VALPA,115866,145283,6,0.00022,0.1667,0.2,149.306,MELAMINA WENGUE 15MM 2.50X1.83 VESTO,"TAPACANTO PVC WENGUE 22X0,4MM RO25MT"
VALPA,151163,8392,9,0.00033,0.2143,0.2308,147.665,MONOMANDO LAVAMANOS CROMO EKO DUSCHY,"DESAGUE LAVATORIOS 11/4"" C/REBALSE"
VALPA,10724,21863,7,0.00026,0.1556,0.2414,144.157,ROSCALATA 8 X 5/8      100 UNIDADES,TORNILLO AGLOMERADO 4 X 30    100 UNIDADES
VALPA,120398,151163,9,0.00033,0.225,0.2143,143.973,PEDESTAL LAVAMANOS CORONA ACUACER,MONOMANDO LAVAMANOS CROMO EKO DUSCHY
VALPA,100637,100645,13,0.00048,0.197,0.3514,143.069,ABRAZADERA TUBO 80 (10) P25 BLANCO,CODO 87.5º H - H (10) P25 BLANCO
VALPA,6152,8135,11,0.00041,0.2075,0.2821,143.021,TEE SO (3) BRONCE 1/2,SOLDADURA ESTANO INDEPP 50% CARRETE 1/2KG
VALPA,139989,139990,6,0.00022,0.25,0.1277,142.952,TIRADOR PLAST. PARTENON 96MM CAFÉ BOLSA 10 UN.,TIRADOR PLAST. PARTENON 96MM METAL BOLSA 10 UN.
VALPA,6099,8135,6,0.00022,0.2069,0.1538,142.573,CODO SO HE BRONCE 1/2,SOLDADURA ESTANO INDEPP 50% CARRETE 1/2KG
VALPA,11080,25025,5,0.00019,0.0685,0.3846,141.596,TARUGO PARA VOLCANITA 100 UNIDADES,ROSCALATA  8 X 2         100 UNIDADES
VALPA,123689,124005,5,0.00019,0.1316,0.2,141.447,CAÑERIA COBRE M 1/2 X 1.0 MT AGUA,SOLDADURA ESTANO INDEPP 50% 1MT
VALPA,128910,132891,7,0.00026,0.35,0.1045,140.392,CORREDERA CAJON KHOR BLANCA SBP 400MM 25 SETS,"TAPACANTO ENCOLADO BLANCO 22X0,45MM RO 100 MT"
VALPA,19630,8137,8,0.0003,0.1096,0.381,140.248,CAÑERIA COBRE M 1/2 X 6.0 MT AGUA,PASTA SOLDAR  100 GR.
VALPA,6037,6107,16,0.0006,0.4324,0.1928,140.02,COPLA SO SO BRONCE 1/2,CODO SO SO BRONCE 1/2
VALPA,3353,8392,6,0.00022,0.2,0.1538,137.821,SIFON LAVATORIO REGIO 11 4 RECTA TUBO STANDARD UN,"DESAGUE LAVATORIOS 11/4"" C/REBALSE"
VALPA,6083,6152,16,0.0006,0.2712,0.3019,137.512,TERMINAL SO HE BRONCE 1/2,TEE SO (3) BRONCE 1/2
VALPA,104547,12288,5,0.00019,0.1351,0.1852,134.51,MUEBLE BASE LAVAPLATOS 80 CM ECO,FLEXIBLE AGUA METALICO HI-HI 1/2 40CM
VALPA,79364,79372,10,0.00037,0.1351,0.3704,134.51,TUBO BAJADA D 80X3MT (3) P25 BLANCO,COPLA BAJADA 80MM (10) P25 BLANCO
VALPA,139370,139372,6,0.00022,0.12,0.25,134.375,PERILLA PLASTICA 38MM BLANCA BOLSA 10 UN.,PERILLA PLASTICA 38MM CAFE BOLSA 10 UN.
TEMUC,4467,4468,7,0.00061,0.3182,0.1842,96.836,ZINC ALUM ACANALADO 0.4X3000MM RECUB AZ-150,ZINC ALUM ACANALADO 0.4X3660MM RECUB AZ-150
TEMUC,75170,75171,7,0.00061,0.2414,0.2,79.759,PINO BRUTO SECO 2 X 2 X 3.20,PINO BRUTO SECO 2 X 3 X 3.20
TEMUC,111196,112374,7,0.00061,0.2692,0.1667,74.135,MELAMI NOGAL CENIZA SOFTWOOD 18MM 1.83 X 2.50 MASI,MELAMI NOGAL CENIZA SOFTWOOD 15MM 1.83 X 2.50 MASI
TEMUC,127016,127030,8,0.00069,0.2353,0.1951,66.37,ZINC  ACANALADO 0.35X2000MM ECO,ZINC  EN V 0.35X3000MM ECO
TEMUC,76676,76680,6,0.00052,0.0833,0.3333,53.542,PUERTA SINFONIA 0.70 X 2.00,PUERTA SINFONIA 0.80 X 2.00
TEMUC,127016,127028,7,0.00061,0.2059,0.1373,46.687,ZINC  ACANALADO 0.35X2000MM ECO,ZINC  EN V 0.35X2000MM ECO
TEMUC,77174,77176,7,0.00061,0.2059,0.1228,41.772,PUERTA TERCIADO INTERIOR 0.75 X 2.00,PUERTA TERCIADO INTERIOR 0.80 X 2.00
TEMUC,33334,5621,9,0.00078,0.1452,0.2045,38.154,"YESO-CARTON  12,5 MM RH  2.4MT X 1.2MT",YESO-CARTON 15 MM  2.4MT X 1.2MT
TEMUC,115865,6502,5,0.00043,0.2632,0.0568,34.584,MELAMINA CEREZO 18MM 1.83X2.50 VESTO,"DUROLAC MAD. CEREZO 2,8MM 1.52 X 2.44"
TEMUC,127017,127028,8,0.00069,0.1429,0.1569,32.395,ZINC  ACANALADO 0.35X2500MM ECO,ZINC  EN V 0.35X2000MM ECO
TEMUC,77172,77174,11,0.00095,0.094,0.3235,31.98,PUERTA TERCIADO INTERIOR 0.70 X 2.00,PUERTA TERCIADO INTERIOR 0.75 X 2.00
TEMUC,127017,127030,6,0.00052,0.1071,0.1463,30.222,ZINC  ACANALADO 0.35X2500MM ECO,ZINC  EN V 0.35X3000MM ECO
TEMUC,102723,70816,5,0.00043,0.1515,0.0862,30.212,POLIN IMPREGNADO PINO 4 A 5  PULG 2.40 MT.,POLIN IMPREGNADO PINO 3 A 4 PLG. X 2.40 MT.
TEMUC,115868,82959,7,0.00061,0.1029,0.1591,27.057,MELAMINA PERAL 15MM 1.83 X 2.50 VESTO,"DUROLAC MAD. PERAL  2,8MM 1.52 X 2.44"
TEMUC,77168,77172,5,0.00043,0.25,0.0427,24.712,PUERTA TERCIADO INTERIOR 0.60 X 2.00,PUERTA TERCIADO INTERIOR 0.70 X 2.00
TEMUC,127016,127020,10,0.00086,0.2941,0.0725,24.648,ZINC  ACANALADO 0.35X2000MM ECO,ZINC  ACANALADO 0.35X3660MM ECO
TEMUC,20240,76682,6,0.00052,0.0273,0.4615,24.262,"JGO MARCO PUERTA PINO 30 X 90 MM X 5,4MT",PUERTA SINFONIA 0.90 X 2.00
TEMUC,71695,71700,6,0.00052,0.1132,0.1111,24.245,PINO BRUTO IMPREGNADO 1 X 4 X 3.20,PINO BRUTO IMPREGNADO 2 X 4 X 3.20
TEMUC,114452,135133,7,0.00061,0.053,0.25,21.903,ADHESIVO PORCELANATO DA WEBER  25 KG SC,ADHESIVO PORCELANATO PASTA DA WEBER 25 KG
TEMUC,127016,127029,6,0.00052,0.1765,0.0612,20.825,ZINC  ACANALADO 0.35X2000MM ECO,ZINC  EN V 0.35X2500MM ECO
TEMUC,111196,115847,9,0.00078,0.3462,0.0462,20.53,MELAMI NOGAL CENIZA SOFTWOOD 18MM 1.83 X 2.50 MASI,MELAMINA BLANCA VESTO 18MM 2.50 X 1.83
TEMUC,147250,2928,5,0.00043,0.1786,0.049,20.247,PLANCHA LISA PERMANIT ESTRUCT. 8MM X1.20ML X2.40ML,PLANCHA LISA PERMANIT 1200X2400X6 MM
TEMUC,71698,71700,8,0.00069,0.092,0.1481,19.693,PINO BRUTO IMPREGNADO 2 X 2 X 3.20,PINO BRUTO IMPREGNADO 2 X 4 X 3.20
TEMUC,115835,6502,6,0.00052,0.1429,0.0682,18.774,MELAMINA TEKA ART. 15MM 2.50X1.83 VESTO,"DUROLAC MAD. CEREZO 2,8MM 1.52 X 2.44"
TEMUC,122400,133068,8,0.00069,0.2051,0.063,18.68,MELAMINA TOSCANA 15MM 2.50 X 1.83 VESTO,"MELAMINA NODO 15MM 1,83 X 2,50 VESTO"
TEMUC,115847,115853,7,0.00061,0.0359,0.3043,18.05,MELAMINA BLANCA VESTO 18MM 2.50 X 1.83,MELAMINA GRAFITO 18MM 2.50 X 1.83 VESTO
TEMUC,115868,72712,9,0.00078,0.1324,0.1047,17.798,MELAMINA PERAL 15MM 1.83 X 2.50 VESTO,PLANCHA MDF 500 12MM 1.52 X 2.44
TEMUC,71695,71698,7,0.00061,0.1321,0.0805,17.557,PINO BRUTO IMPREGNADO 1 X 4 X 3.20,PINO BRUTO IMPREGNADO 2 X 2 X 3.20
TEMUC,73465,76850,5,0.00043,0.1786,0.042,17.354,PINO BRUTO 1 X 6 X 3.20 MTS.,PINO BRUTO 1 X 4 X 3.20 MTS.
TEMUC,124032,147068,5,0.00043,0.0069,1.0,16.018,DUROLAC UNICOLOR BLANCO 3MM 1.83 X 2.50,MELAMINA TITANIO METALIZADO 15MM 1.83 X 2.50 VESTO
TEMUC,71695,71699,8,0.00069,0.1509,0.0734,16.015,PINO BRUTO IMPREGNADO 1 X 4 X 3.20,PINO BRUTO IMPREGNADO 2 X 3 X 3.20
TEMUC,135130,138231,7,0.00061,0.1458,0.0654,15.762,ADHESIVO CERAMICO PASTA AC WEBER 15 KG,ADHESIVO CERAMICO PASTA AC WEBER 25 KG
TEMUC,4472,4473,6,0.00052,0.1091,0.0732,15.386,ZINC ALUM EN V 0.35X2000MM RECUB AZ-150,ZINC ALUM EN V 0.35X2500MM RECUB AZ-150
TEMUC,70816,73464,8,0.00069,0.1379,0.0769,15.338,POLIN IMPREGNADO PINO 3 A 4 PLG. X 2.40 MT.,PINO BRUTO 1 X 3 X 3.20 MTS.
TEMUC,115835,133068,7,0.00061,0.1667,0.0551,15.177,MELAMINA TEKA ART. 15MM 2.50X1.83 VESTO,"MELAMINA NODO 15MM 1,83 X 2,50 VESTO"
TEMUC,122826,135130,8,0.00069,0.063,0.1667,15.177,"20X30 MURO BLANCO BRILLANTE CON ENGOBE CJ 1,5 M2",ADHESIVO CERAMICO PASTA AC WEBER 15 KG
TEMUC,4474,82907,10,0.00086,0.1754,0.0735,14.919,ZINC ALUM EN V 0.35X3000MM RECUB AZ-150,ZINC ALUM ACANALADO 0.35X3660MM RECUB AZ-150
TEMUC,72712,76615,6,0.00052,0.0698,0.1091,14.67,PLANCHA MDF 500 12MM 1.52 X 2.44,PLANCHA MDF 5.5MM 1.52 X 2.44
TEMUC,123336,135130,5,0.00043,0.0581,0.1042,14.008,ADHESIVO CERAMICO WEBER NORMAL 25 KG SC,ADHESIVO CERAMICO PASTA AC WEBER 15 KG
TEMUC,70003,72712,7,0.00061,0.1,0.0814,13.448,AGLOMERADO DESNUDO 15MM 1.52 X 2.42,PLANCHA MDF 500 12MM 1.52 X 2.44
TEMUC,20240,77174,8,0.00069,0.0364,0.2353,12.369,"JGO MARCO PUERTA PINO 30 X 90 MM X 5,4MT",PUERTA TERCIADO INTERIOR 0.75 X 2.00
TEMUC,4474,82906,7,0.00061,0.1228,0.0609,12.35,ZINC ALUM EN V 0.35X3000MM RECUB AZ-150,ZINC ALUM ACANALADO 0.35X3000MM RECUB AZ-150
TEMUC,73464,73520,5,0.00043,0.0481,0.1087,12.087,PINO BRUTO 1 X 3 X 3.20 MTS.,PINO BRUTO 2 X 4 X 3.20 MTS.
TEMUC,2928,71698,9,0.00078,0.0882,0.1034,11.729,PLANCHA LISA PERMANIT 1200X2400X6 MM,PINO BRUTO IMPREGNADO 2 X 2 X 3.20
TEMUC,14793,5620,5,0.00043,0.2778,0.0181,11.639,YESO-CARTON 15 MM RH  2.4MT X 1.2MT,YESO-CARTON 10MM 2.4MT X 1.2MT
TEMUC,122557,71698,7,0.00061,0.0875,0.0805,11.631,"30X30 CER. PIEDRA GRIS ( VULCANO) CELIMA CJ 2,34 M",PINO BRUTO IMPREGNADO 2 X 2 X 3.20
TEMUC,110598,71698,7,0.00061,0.0854,0.0805,11.348,LADRILLO ESTRUCTURAL SANTIAGO 7 MEDIDAS 29X14X7.1C,PINO BRUTO IMPREGNADO 2 X 2 X 3.20
TEMUC,23739,90624,5,0.00043,0.0943,0.0515,11.248,PLANCHA LISA BASE CERAMICA PIZARREÑO 6MM 1.2X2.4ML,SIDING FIBROCEMENTO PIZARREÑO NATURAL 190X3660X6MM
TEMUC,82029,82907,10,0.00086,0.1316,0.0735,11.189,ZINC ALUM ACANALADO 0.35X2000MM RECUB AZ-150,ZINC ALUM ACANALADO 0.35X3660MM RECUB AZ-150
TEMUC,4472,82906,6,0.00052,0.1091,0.0522,10.971,ZINC ALUM EN V 0.35X2000MM RECUB AZ-150,ZINC ALUM ACANALADO 0.35X3000MM RECUB AZ-150
TEMUC,72328,76615,9,0.00078,0.0514,0.1636,10.814,PLANCHA MDF  9MM 1.52 X 2.44,PLANCHA MDF 5.5MM 1.52 X 2.44
TEMUC,73520,76850,5,0.00043,0.1087,0.042,10.564,PINO BRUTO 2 X 4 X 3.20 MTS.,PINO BRUTO 1 X 4 X 3.20 MTS.
TEMUC,122826,71698,10,0.00086,0.0787,0.1149,10.467,"20X30 MURO BLANCO BRILLANTE CON ENGOBE CJ 1,5 M2",PINO BRUTO IMPREGNADO 2 X 2 X 3.20
TEMUC,71881,72712,7,0.00061,0.0778,0.0814,10.459,MDF ENCHA. EUCALIP 15MM 2.40 X 1.50,PLANCHA MDF 500 12MM 1.52 X 2.44
TEMUC,70003,77806,8,0.00069,0.1143,0.063,10.407,AGLOMERADO DESNUDO 15MM 1.52 X 2.42,MDF ENCHA. EUCA COLOR 16MM 2.40X1.50
TEMUC,127029,77176,5,0.00043,0.051,0.0877,10.352,ZINC  EN V 0.35X2500MM ECO,PUERTA TERCIADO INTERIOR 0.80 X 2.00
TEMUC,114452,123336,10,0.00086,0.0758,0.1163,10.188,ADHESIVO PORCELANATO DA WEBER  25 KG SC,ADHESIVO CERAMICO WEBER NORMAL 25 KG SC
TEMUC,22961,73467,5,0.00043,0.0141,0.3125,10.18,PINO BRUTO 2 X 3 X 3.20 MTS.,PINO BRUTO 1 X 8 X 3.20 MTS.
TEMUC,74904,74905,10,0.00086,0.0833,0.1053,10.145,PINO SECO CEPILLADO 1 X 8 X 3.20 MTS.,PINO SECO CEPILLADO 1 X 10 X 3.20 MTS.
TEMUC,123336,138231,8,0.00069,0.093,0.0748,10.054,ADHESIVO CERAMICO WEBER NORMAL 25 KG SC,ADHESIVO CERAMICO PASTA AC WEBER 25 KG
TEMUC,70109,77806,6,0.00052,0.1053,0.0472,9.586,PLANCHA MDF MODULO 15MM 1.22 X 2.44,MDF ENCHA. EUCA COLOR 16MM 2.40X1.50
TEMUC,6502,72712,6,0.00052,0.0682,0.0698,9.169,"DUROLAC MAD. CEREZO 2,8MM 1.52 X 2.44",PLANCHA MDF 500 12MM 1.52 X 2.44
TEMUC,127020,4472,6,0.00052,0.0435,0.1091,9.142,ZINC  ACANALADO 0.35X3660MM ECO,ZINC ALUM EN V 0.35X2000MM RECUB AZ-150
TEMUC,4473,82905,6,0.00052,0.0732,0.0625,8.815,ZINC ALUM EN V 0.35X2500MM RECUB AZ-150,ZINC ALUM ACANALADO 0.35X2500MM RECUB AZ-150
TEMUC,23738,2928,8,0.00069,0.0769,0.0784,8.722,PLANCHA LISA PERMANIT 1200X2400X5 MM,PLANCHA LISA PERMANIT 1200X2400X6 MM
TEMUC,115866,72712,10,0.00086,0.0645,0.1163,8.676,MELAMINA WENGUE 15MM 2.50X1.83 VESTO,PLANCHA MDF 500 12MM 1.52 X 2.44
TEMUC,22961,73521,5,0.00043,0.0141,0.2632,8.573,PINO BRUTO 2 X 3 X 3.20 MTS.,PINO BRUTO 2 X 5 X 3.20 MTS.
TEMUC,115852,115862,6,0.00052,0.0741,0.06,8.567,MELAMINA GRAFITO 15MM 2.50 X 1.83 VESTO,MELAMINA COIGUE 15MM 1.83 X 2.50 VESTO
TEMUC,115866,133072,5,0.00043,0.0323,0.1136,8.479,MELAMINA WENGUE 15MM 2.50X1.83 VESTO,"MELAMINA TOKAI 15MM 1,83 X 2,50 VESTO"
TEMUC,22960,73520,11,0.00095,0.0331,0.2391,8.33,PINO BRUTO 2 X 2 X 3.20 MTS.,PINO BRUTO 2 X 4 X 3.20 MTS.
TEMUC,72573,76615,5,0.00043,0.0394,0.0909,8.278,PLANCHA MDF 500 18MM 1.52 X 3.66,PLANCHA MDF 5.5MM 1.52 X 2.44
TEMUC,114452,23739,5,0.00043,0.0379,0.0943,8.265,ADHESIVO PORCELANATO DA WEBER  25 KG SC,PLANCHA LISA BASE CERAMICA PIZARREÑO 6MM 1.2X2.4ML
TEMUC,71698,90624,6,0.00052,0.069,0.0619,8.223,PINO BRUTO IMPREGNADO 2 X 2 X 3.20,SIDING FIBROCEMENTO PIZARREÑO NATURAL 190X3660X6MM
TEMUC,127017,141444,5,0.00043,0.0893,0.0385,7.943,ZINC  ACANALADO 0.35X2500MM ECO,TABLERO  OSB 2DA 9.5MM 1.22 X 2.44
TEMUC,70003,72719,5,0.00043,0.0714,0.0459,7.579,AGLOMERADO DESNUDO 15MM 1.52 X 2.42,PLANCHA MDF 3MM 2.12 X 2.44
TEMUC,74899,74906,6,0.00052,0.1091,0.0347,7.293,PINO SECO CEPILLADO 2 X 6 X 3.20 MTS.,PINO SECO CEPILLADO 2 X 2 X 3.20 MTS.
TEMUC,127019,2927,7,0.00061,0.0921,0.0464,7.054,ZINC  ACANALADO 0.35X3000MM ECO,PLANCHA LISA PERMANIT 1200X2400X4 MM
TEMUC,2928,90624,6,0.00052,0.0588,0.0619,7.013,PLANCHA LISA PERMANIT 1200X2400X6 MM,SIDING FIBROCEMENTO PIZARREÑO NATURAL 190X3660X6MM
TEMUC,76676,77172,5,0.00043,0.0694,0.0427,6.864,PUERTA SINFONIA 0.70 X 2.00,PUERTA TERCIADO INTERIOR 0.70 X 2.00
TEMUC,127017,2927,5,0.00043,0.0893,0.0331,6.838,ZINC  ACANALADO 0.35X2500MM ECO,PLANCHA LISA PERMANIT 1200X2400X4 MM
TEMUC,115866,6502,8,0.00069,0.0516,0.0909,6.783,MELAMINA WENGUE 15MM 2.50X1.83 VESTO,"DUROLAC MAD. CEREZO 2,8MM 1.52 X 2.44"
TEMUC,23738,4473,5,0.00043,0.0481,0.061,6.781,PLANCHA LISA PERMANIT 1200X2400X5 MM,ZINC ALUM EN V 0.35X2500MM RECUB AZ-150
TEMUC,122557,138231,5,0.00043,0.0625,0.0467,6.755,"30X30 CER. PIEDRA GRIS ( VULCANO) CELIMA CJ 2,34 M",ADHESIVO CERAMICO PASTA AC WEBER 25 KG
TEMUC,122394,122563,7,0.00061,0.4118,0.0096,6.532,MELAMINA ROBLE CAVA 15MM 2.50 X 1.83 VESTO,MELAMINA BLANCA CLASICA 15MM 1.83 X 2.50 MASISA
TEMUC,23739,5620,8,0.00069,0.1509,0.029,6.325,PLANCHA LISA BASE CERAMICA PIZARREÑO 6MM 1.2X2.4ML,YESO-CARTON 10MM 2.4MT X 1.2MT
TEMUC,127029,2927,8,0.00069,0.0816,0.053,6.252,ZINC  EN V 0.35X2500MM ECO,PLANCHA LISA PERMANIT 1200X2400X4 MM
TEMUC,74903,74905,8,0.00069,0.0513,0.0842,6.243,PINO SECO CEPILLADO 1 X 6 X 3.20 MTS.,PINO SECO CEPILLADO 1 X 10 X 3.20 MTS.
TEMUC,134039,5621,5,0.00043,0.0237,0.1136,6.228,PASTA MURO F-15 TAJAMAR TI,YESO-CARTON 15 MM  2.4MT X 1.2MT
TEMUC,22960,73469,5,0.00043,0.0151,0.1786,6.22,PINO BRUTO 2 X 2 X 3.20 MTS.,PINO BRUTO 1 X 10 X 3.20 MTS.
TEMUC,133068,6502,6,0.00052,0.0472,0.0682,6.209,"MELAMINA NODO 15MM 1,83 X 2,50 VESTO","DUROLAC MAD. CEREZO 2,8MM 1.52 X 2.44"
TEMUC,2927,33334,5,0.00043,0.0331,0.0806,6.177,PLANCHA LISA PERMANIT 1200X2400X4 MM,"YESO-CARTON  12,5 MM RH  2.4MT X 1.2MT"
TEMUC,72712,72719,5,0.00043,0.0581,0.0459,6.169,PLANCHA MDF 500 12MM 1.52 X 2.44,PLANCHA MDF 3MM 2.12 X 2.44
TEMUC,127020,4473,6,0.00052,0.0435,0.0732,6.132,ZINC  ACANALADO 0.35X3660MM ECO,ZINC ALUM EN V 0.35X2500MM RECUB AZ-150
TEMUC,74903,74907,9,0.00078,0.0577,0.0826,6.121,PINO SECO CEPILLADO 1 X 6 X 3.20 MTS.,PINO SECO CEPILLADO 2 X 3 X 3.20 MTS.
TEMUC,20240,5621,5,0.00043,0.0227,0.1136,5.974,"JGO MARCO PUERTA PINO 30 X 90 MM X 5,4MT",YESO-CARTON 15 MM  2.4MT X 1.2MT
TEMUC,74902,76851,5,0.00043,0.0173,0.1471,5.885,PINO SECO CEPILLADO 1 X 5 X 3.20 MTS,PINO BRUTO 1 X 5 X 3.20 MTS.
TEMUC,118097,141444,5,0.00043,0.0658,0.0385,5.853,"AISLANTE TERMICO  Y ACUSTICO STD FISITERM 2,4X15MT",TABLERO  OSB 2DA 9.5MM 1.22 X 2.44
TEMUC,22960,70969,5,0.00043,0.0151,0.1667,5.806,PINO BRUTO 2 X 2 X 3.20 MTS.,TERC PINO ECONOMICO 12MM 1.20 X 2.40
TEMUC,22961,76851,6,0.00052,0.0169,0.1765,5.749,PINO BRUTO 2 X 3 X 3.20 MTS.,PINO BRUTO 1 X 5 X 3.20 MTS.
TEMUC,72328,86671,6,0.00052,0.0343,0.087,5.747,PLANCHA MDF  9MM 1.52 X 2.44,TABLERO OSB  2DA  11.1MM 1.22 X 2.44
TEMUC,23738,90624,5,0.00043,0.0481,0.0515,5.732,PLANCHA LISA PERMANIT 1200X2400X5 MM,SIDING FIBROCEMENTO PIZARREÑO NATURAL 190X3660X6MM
TEMUC,134039,135130,5,0.00043,0.0237,0.1042,5.709,PASTA MURO F-15 TAJAMAR TI,ADHESIVO CERAMICO PASTA AC WEBER 15 KG
TEMUC,73464,74903,8,0.00069,0.0769,0.0513,5.703,PINO BRUTO 1 X 3 X 3.20 MTS.,PINO SECO CEPILLADO 1 X 6 X 3.20 MTS.
TEMUC,127029,23738,5,0.00043,0.051,0.0481,5.674,ZINC  EN V 0.35X2500MM ECO,PLANCHA LISA PERMANIT 1200X2400X5 MM
